Date,Daily Rainfall (mm),Monthly Rainfall (mm),Station Name,Region Name
1990-01-01,0.0,76.79539871238686,Kununurra,"Kimberley, Western Australia"
1990-01-02,0.0,76.79539871238686,Kununurra,"Kimberley, Western Australia"
1990-01-03,0.0,76.79539871238686,Kununurra,"Kimberley, Western Australia"
1990-01-04,0.0,76.79539871238686,Kununurra,"Kimberley, Western Australia"
1990-01-05,0.0,76.79539871238686,Kununurra,"Kimberley, Western Australia"
1990-01-06,0.0,76.79539871238686,Kununurra,"Kimberley, Western Australia"
1990-01-07,0.0,76.79539871238686,Kununurra,"Kimberley, Western Australia"
1990-01-08,0.0,76.79539871238686,Kununurra,"Kimberley, Western Australia"
1990-01-09,0.0,76.79539871238686,Kununurra,"Kimberley, Western Australia"
1990-01-10,0.0,76.79539871238686,Kununurra,"Kimberley, Western Australia"
1990-01-11,2.626818345918484,76.79539871238686,Kununurra,"Kimberley, Western Australia"
1990-01-12,0.0,76.79539871238686,Kununurra,"Kimberley, Western Australia"
1990-01-13,6.060975111746,76.79539871238686,Kununurra,"Kimberley, Western Australia"
1990-01-14,0.0,76.79539871238686,Kununurra,"Kimberley, Western Australia"
1990-01-15,0.0,76.79539871238686,Kununurra,"Kimberley, Western Australia"
1990-01-16,0.0,76.79539871238686,Kununurra,"Kimberley, Western Australia"
1990-01-17,0.0,76.79539871238686,Kununurra,"Kimberley, Western Australia"
1990-01-18,19.577238150608082,76.79539871238686,Kununurra,"Kimberley, Western Australia"
1990-01-19,0.0,76.79539871238686,Kununurra,"Kimberley, Western Australia"
1990-01-20,12.330764722551727,76.79539871238686,Kununurra,"Kimberley, Western Australia"
1990-01-21,0.0,76.79539871238686,Kununurra,"Kimberley, Western Australia"
1990-01-22,7.40839903537292,76.79539871238686,Kununurra,"Kimberley, Western Australia"
1990-01-23,0.6935958946934186,76.79539871238686,Kununurra,"Kimberley, Western Australia"
1990-01-24,15.148392748832663,76.79539871238686,Kununurra,"Kimberley, Western Australia"
1990-01-25,7.7611147208062,76.79539871238686,Kununurra,"Kimberley, Western Australia"
1990-01-26,5.188099981857367,76.79539871238686,Kununurra,"Kimberley, Western Australia"
1990-01-27,0.0,76.79539871238686,Kununurra,"Kimberley, Western Australia"
1990-01-28,0.0,76.79539871238686,Kununurra,"Kimberley, Western Australia"
1990-01-29,0.0,76.79539871238686,Kununurra,"Kimberley, Western Australia"
1990-01-30,0.0,76.79539871238686,Kununurra,"Kimberley, Western Australia"
1990-01-31,0.0,76.79539871238686,Kununurra,"Kimberley, Western Australia"
1990-02-01,0.7034795406430638,46.52718863642269,Kununurra,"Kimberley, Western Australia"
1990-02-02,0.0,46.52718863642269,Kununurra,"Kimberley, Western Australia"
1990-02-03,0.0,46.52718863642269,Kununurra,"Kimberley, Western Australia"
1990-02-04,0.0,46.52718863642269,Kununurra,"Kimberley, Western Australia"
1990-02-05,1.240368977502629,46.52718863642269,Kununurra,"Kimberley, Western Australia"
1990-02-06,2.87271620309956,46.52718863642269,Kununurra,"Kimberley, Western Australia"
1990-02-07,0.0,46.52718863642269,Kununurra,"Kimberley, Western Australia"
1990-02-08,0.0,46.52718863642269,Kununurra,"Kimberley, Western Australia"
1990-02-09,0.0,46.52718863642269,Kununurra,"Kimberley, Western Australia"
1990-02-10,0.0,46.52718863642269,Kununurra,"Kimberley, Western Australia"
1990-02-11,0.5357280565902258,46.52718863642269,Kununurra,"Kimberley, Western Australia"
1990-02-12,4.301501899860407,46.52718863642269,Kununurra,"Kimberley, Western Australia"
1990-02-13,0.0,46.52718863642269,Kununurra,"Kimberley, Western Australia"
1990-02-14,0.0,46.52718863642269,Kununurra,"Kimberley, Western Australia"
1990-02-15,1.3262566010526138,46.52718863642269,Kununurra,"Kimberley, Western Australia"
1990-02-16,0.0,46.52718863642269,Kununurra,"Kimberley, Western Australia"
1990-02-17,0.0,46.52718863642269,Kununurra,"Kimberley, Western Australia"
1990-02-18,0.0,46.52718863642269,Kununurra,"Kimberley, Western Australia"
1990-02-19,12.666476351501611,46.52718863642269,Kununurra,"Kimberley, Western Australia"
1990-02-20,0.0,46.52718863642269,Kununurra,"Kimberley, Western Australia"
1990-02-21,0.0,46.52718863642269,Kununurra,"Kimberley, Western Australia"
1990-02-22,0.0,46.52718863642269,Kununurra,"Kimberley, Western Australia"
1990-02-23,0.0,46.52718863642269,Kununurra,"Kimberley, Western Australia"
1990-02-24,6.871920991448825,46.52718863642269,Kununurra,"Kimberley, Western Australia"
1990-02-25,16.008740014723756,46.52718863642269,Kununurra,"Kimberley, Western Australia"
1990-02-26,0.0,46.52718863642269,Kununurra,"Kimberley, Western Australia"
1990-02-27,0.0,46.52718863642269,Kununurra,"Kimberley, Western Australia"
1990-02-28,0.0,46.52718863642269,Kununurra,"Kimberley, Western Australia"
1990-03-01,0.0,28.82322103282775,Kununurra,"Kimberley, Western Australia"
1990-03-02,0.0,28.82322103282775,Kununurra,"Kimberley, Western Australia"
1990-03-03,2.7530579733278304,28.82322103282775,Kununurra,"Kimberley, Western Australia"
1990-03-04,2.196276381728821,28.82322103282775,Kununurra,"Kimberley, Western Australia"
1990-03-05,1.9956510017895428,28.82322103282775,Kununurra,"Kimberley, Western Australia"
1990-03-06,0.0,28.82322103282775,Kununurra,"Kimberley, Western Australia"
1990-03-07,8.777830054953876,28.82322103282775,Kununurra,"Kimberley, Western Australia"
1990-03-08,0.0,28.82322103282775,Kununurra,"Kimberley, Western Australia"
1990-03-09,0.0,28.82322103282775,Kununurra,"Kimberley, Western Australia"
1990-03-10,0.0,28.82322103282775,Kununurra,"Kimberley, Western Australia"
1990-03-11,0.0,28.82322103282775,Kununurra,"Kimberley, Western Australia"
1990-03-12,0.0,28.82322103282775,Kununurra,"Kimberley, Western Australia"
1990-03-13,0.0,28.82322103282775,Kununurra,"Kimberley, Western Australia"
1990-03-14,0.0,28.82322103282775,Kununurra,"Kimberley, Western Australia"
1990-03-15,0.0,28.82322103282775,Kununurra,"Kimberley, Western Australia"
1990-03-16,0.0,28.82322103282775,Kununurra,"Kimberley, Western Australia"
1990-03-17,0.0,28.82322103282775,Kununurra,"Kimberley, Western Australia"
1990-03-18,0.0,28.82322103282775,Kununurra,"Kimberley, Western Australia"
1990-03-19,0.0,28.82322103282775,Kununurra,"Kimberley, Western Australia"
1990-03-20,0.0,28.82322103282775,Kununurra,"Kimberley, Western Australia"
1990-03-21,0.0,28.82322103282775,Kununurra,"Kimberley, Western Australia"
1990-03-22,3.5156951136575643,28.82322103282775,Kununurra,"Kimberley, Western Australia"
1990-03-23,0.0,28.82322103282775,Kununurra,"Kimberley, Western Australia"
1990-03-24,0.0,28.82322103282775,Kununurra,"Kimberley, Western Australia"
1990-03-25,0.0,28.82322103282775,Kununurra,"Kimberley, Western Australia"
1990-03-26,0.0,28.82322103282775,Kununurra,"Kimberley, Western Australia"
1990-03-27,0.0,28.82322103282775,Kununurra,"Kimberley, Western Australia"
1990-03-28,0.0,28.82322103282775,Kununurra,"Kimberley, Western Australia"
1990-03-29,0.0,28.82322103282775,Kununurra,"Kimberley, Western Australia"
1990-03-30,9.584710507370115,28.82322103282775,Kununurra,"Kimberley, Western Australia"
1990-03-31,0.0,28.82322103282775,Kununurra,"Kimberley, Western Australia"
1990-04-01,0.0,39.42517310037982,Kununurra,"Kimberley, Western Australia"
1990-04-02,0.0,39.42517310037982,Kununurra,"Kimberley, Western Australia"
1990-04-03,0.0,39.42517310037982,Kununurra,"Kimberley, Western Australia"
1990-04-04,0.0,39.42517310037982,Kununurra,"Kimberley, Western Australia"
1990-04-05,0.0,39.42517310037982,Kununurra,"Kimberley, Western Australia"
1990-04-06,0.0,39.42517310037982,Kununurra,"Kimberley, Western Australia"
1990-04-07,2.316834578468018,39.42517310037982,Kununurra,"Kimberley, Western Australia"
1990-04-08,0.0,39.42517310037982,Kununurra,"Kimberley, Western Australia"
1990-04-09,0.0,39.42517310037982,Kununurra,"Kimberley, Western Australia"
1990-04-10,0.0,39.42517310037982,Kununurra,"Kimberley, Western Australia"
1990-04-11,7.268439287128004,39.42517310037982,Kununurra,"Kimberley, Western Australia"
1990-04-12,1.2191975248143576,39.42517310037982,Kununurra,"Kimberley, Western Australia"
1990-04-13,0.0,39.42517310037982,Kununurra,"Kimberley, Western Australia"
1990-04-14,9.72052658836604,39.42517310037982,Kununurra,"Kimberley, Western Australia"
1990-04-15,0.0,39.42517310037982,Kununurra,"Kimberley, Western Australia"
1990-04-16,0.0,39.42517310037982,Kununurra,"Kimberley, Western Australia"
1990-04-17,15.750536893743794,39.42517310037982,Kununurra,"Kimberley, Western Australia"
1990-04-18,0.0,39.42517310037982,Kununurra,"Kimberley, Western Australia"
1990-04-19,0.0,39.42517310037982,Kununurra,"Kimberley, Western Australia"
1990-04-20,0.0,39.42517310037982,Kununurra,"Kimberley, Western Australia"
1990-04-21,0.0,39.42517310037982,Kununurra,"Kimberley, Western Australia"
1990-04-22,0.0,39.42517310037982,Kununurra,"Kimberley, Western Australia"
1990-04-23,0.0,39.42517310037982,Kununurra,"Kimberley, Western Australia"
1990-04-24,0.0,39.42517310037982,Kununurra,"Kimberley, Western Australia"
1990-04-25,0.0,39.42517310037982,Kununurra,"Kimberley, Western Australia"
1990-04-26,0.0,39.42517310037982,Kununurra,"Kimberley, Western Australia"
1990-04-27,0.0,39.42517310037982,Kununurra,"Kimberley, Western Australia"
1990-04-28,3.1496382278596133,39.42517310037982,Kununurra,"Kimberley, Western Australia"
1990-04-29,0.0,39.42517310037982,Kununurra,"Kimberley, Western Australia"
1990-04-30,0.0,39.42517310037982,Kununurra,"Kimberley, Western Australia"
1990-05-01,18.7549696377431,48.67708183599411,Kununurra,"Kimberley, Western Australia"
1990-05-02,0.0,48.67708183599411,Kununurra,"Kimberley, Western Australia"
1990-05-03,0.0,48.67708183599411,Kununurra,"Kimberley, Western Australia"
1990-05-04,10.494462506977813,48.67708183599411,Kununurra,"Kimberley, Western Australia"
1990-05-05,0.0,48.67708183599411,Kununurra,"Kimberley, Western Australia"
1990-05-06,0.0,48.67708183599411,Kununurra,"Kimberley, Western Australia"
1990-05-07,0.0,48.67708183599411,Kununurra,"Kimberley, Western Australia"
1990-05-08,1.9912447025036792,48.67708183599411,Kununurra,"Kimberley, Western Australia"
1990-05-09,0.0,48.67708183599411,Kununurra,"Kimberley, Western Australia"
1990-05-10,0.0,48.67708183599411,Kununurra,"Kimberley, Western Australia"
1990-05-11,0.0,48.67708183599411,Kununurra,"Kimberley, Western Australia"
1990-05-12,0.0,48.67708183599411,Kununurra,"Kimberley, Western Australia"
1990-05-13,4.688181452427802,48.67708183599411,Kununurra,"Kimberley, Western Australia"
1990-05-14,0.0,48.67708183599411,Kununurra,"Kimberley, Western Australia"
1990-05-15,0.0,48.67708183599411,Kununurra,"Kimberley, Western Australia"
1990-05-16,0.0,48.67708183599411,Kununurra,"Kimberley, Western Australia"
1990-05-17,0.0,48.67708183599411,Kununurra,"Kimberley, Western Australia"
1990-05-18,0.0,48.67708183599411,Kununurra,"Kimberley, Western Australia"
1990-05-19,5.225025783628345,48.67708183599411,Kununurra,"Kimberley, Western Australia"
1990-05-20,0.0,48.67708183599411,Kununurra,"Kimberley, Western Australia"
1990-05-21,0.0,48.67708183599411,Kununurra,"Kimberley, Western Australia"
1990-05-22,0.0,48.67708183599411,Kununurra,"Kimberley, Western Australia"
1990-05-23,5.33795565372709,48.67708183599411,Kununurra,"Kimberley, Western Australia"
1990-05-24,0.0,48.67708183599411,Kununurra,"Kimberley, Western Australia"
1990-05-25,0.0,48.67708183599411,Kununurra,"Kimberley, Western Australia"
1990-05-26,0.0,48.67708183599411,Kununurra,"Kimberley, Western Australia"
1990-05-27,0.0,48.67708183599411,Kununurra,"Kimberley, Western Australia"
1990-05-28,2.1852420989862806,48.67708183599411,Kununurra,"Kimberley, Western Australia"
1990-05-29,0.0,48.67708183599411,Kununurra,"Kimberley, Western Australia"
1990-05-30,0.0,48.67708183599411,Kununurra,"Kimberley, Western Australia"
1990-05-31,0.0,48.67708183599411,Kununurra,"Kimberley, Western Australia"
1990-06-01,0.0,25.356262999121512,Kununurra,"Kimberley, Western Australia"
1990-06-02,0.0,25.356262999121512,Kununurra,"Kimberley, Western Australia"
1990-06-03,0.0,25.356262999121512,Kununurra,"Kimberley, Western Australia"
1990-06-04,0.0,25.356262999121512,Kununurra,"Kimberley, Western Australia"
1990-06-05,0.0,25.356262999121512,Kununurra,"Kimberley, Western Australia"
1990-06-06,4.9914593411508985,25.356262999121512,Kununurra,"Kimberley, Western Australia"
1990-06-07,4.479694485935214,25.356262999121512,Kununurra,"Kimberley, Western Australia"
1990-06-08,5.127189002485788,25.356262999121512,Kununurra,"Kimberley, Western Australia"
1990-06-09,0.9575526255783968,25.356262999121512,Kununurra,"Kimberley, Western Australia"
1990-06-10,0.0,25.356262999121512,Kununurra,"Kimberley, Western Australia"
1990-06-11,0.0,25.356262999121512,Kununurra,"Kimberley, Western Australia"
1990-06-12,0.0,25.356262999121512,Kununurra,"Kimberley, Western Australia"
1990-06-13,0.0,25.356262999121512,Kununurra,"Kimberley, Western Australia"
1990-06-14,0.0,25.356262999121512,Kununurra,"Kimberley, Western Australia"
1990-06-15,3.338331482320081,25.356262999121512,Kununurra,"Kimberley, Western Australia"
1990-06-16,0.0,25.356262999121512,Kununurra,"Kimberley, Western Australia"
1990-06-17,0.0,25.356262999121512,Kununurra,"Kimberley, Western Australia"
1990-06-18,0.0,25.356262999121512,Kununurra,"Kimberley, Western Australia"
1990-06-19,0.0,25.356262999121512,Kununurra,"Kimberley, Western Australia"
1990-06-20,0.0,25.356262999121512,Kununurra,"Kimberley, Western Australia"
1990-06-21,0.0,25.356262999121512,Kununurra,"Kimberley, Western Australia"
1990-06-22,0.0,25.356262999121512,Kununurra,"Kimberley, Western Australia"
1990-06-23,0.0,25.356262999121512,Kununurra,"Kimberley, Western Australia"
1990-06-24,2.414333030037027,25.356262999121512,Kununurra,"Kimberley, Western Australia"
1990-06-25,0.0,25.356262999121512,Kununurra,"Kimberley, Western Australia"
1990-06-26,4.047703031614107,25.356262999121512,Kununurra,"Kimberley, Western Australia"
1990-06-27,0.0,25.356262999121512,Kununurra,"Kimberley, Western Australia"
1990-06-28,0.0,25.356262999121512,Kununurra,"Kimberley, Western Australia"
1990-06-29,0.0,25.356262999121512,Kununurra,"Kimberley, Western Australia"
1990-06-30,0.0,25.356262999121512,Kununurra,"Kimberley, Western Australia"
1990-07-01,0.0,68.7285219251718,Kununurra,"Kimberley, Western Australia"
1990-07-02,0.0,68.7285219251718,Kununurra,"Kimberley, Western Australia"
1990-07-03,0.0,68.7285219251718,Kununurra,"Kimberley, Western Australia"
1990-07-04,0.0,68.7285219251718,Kununurra,"Kimberley, Western Australia"
1990-07-05,0.0,68.7285219251718,Kununurra,"Kimberley, Western Australia"
1990-07-06,0.0,68.7285219251718,Kununurra,"Kimberley, Western Australia"
1990-07-07,5.790343650831903,68.7285219251718,Kununurra,"Kimberley, Western Australia"
1990-07-08,0.0,68.7285219251718,Kununurra,"Kimberley, Western Australia"
1990-07-09,0.0,68.7285219251718,Kununurra,"Kimberley, Western Australia"
1990-07-10,14.226999517103982,68.7285219251718,Kununurra,"Kimberley, Western Australia"
1990-07-11,6.8361416598949525,68.7285219251718,Kununurra,"Kimberley, Western Australia"
1990-07-12,7.886515342830576,68.7285219251718,Kununurra,"Kimberley, Western Australia"
1990-07-13,0.0,68.7285219251718,Kununurra,"Kimberley, Western Australia"
1990-07-14,0.0,68.7285219251718,Kununurra,"Kimberley, Western Australia"
1990-07-15,5.164267998975049,68.7285219251718,Kununurra,"Kimberley, Western Australia"
1990-07-16,0.0,68.7285219251718,Kununurra,"Kimberley, Western Australia"
1990-07-17,0.0,68.7285219251718,Kununurra,"Kimberley, Western Australia"
1990-07-18,0.0,68.7285219251718,Kununurra,"Kimberley, Western Australia"
1990-07-19,0.0,68.7285219251718,Kununurra,"Kimberley, Western Australia"
1990-07-20,4.380101452903635,68.7285219251718,Kununurra,"Kimberley, Western Australia"
1990-07-21,3.0827757188996907,68.7285219251718,Kununurra,"Kimberley, Western Australia"
1990-07-22,9.547248627140126,68.7285219251718,Kununurra,"Kimberley, Western Australia"
1990-07-23,0.0,68.7285219251718,Kununurra,"Kimberley, Western Australia"
1990-07-24,7.511136229330575,68.7285219251718,Kununurra,"Kimberley, Western Australia"
1990-07-25,0.0,68.7285219251718,Kununurra,"Kimberley, Western Australia"
1990-07-26,0.0,68.7285219251718,Kununurra,"Kimberley, Western Australia"
1990-07-27,0.0,68.7285219251718,Kununurra,"Kimberley, Western Australia"
1990-07-28,4.3029917272613165,68.7285219251718,Kununurra,"Kimberley, Western Australia"
1990-07-29,0.0,68.7285219251718,Kununurra,"Kimberley, Western Australia"
1990-07-30,0.0,68.7285219251718,Kununurra,"Kimberley, Western Australia"
1990-07-31,0.0,68.7285219251718,Kununurra,"Kimberley, Western Australia"
1990-08-01,0.0,45.555907539737106,Kununurra,"Kimberley, Western Australia"
1990-08-02,0.0,45.555907539737106,Kununurra,"Kimberley, Western Australia"
1990-08-03,0.0,45.555907539737106,Kununurra,"Kimberley, Western Australia"
1990-08-04,0.0,45.555907539737106,Kununurra,"Kimberley, Western Australia"
1990-08-05,0.0,45.555907539737106,Kununurra,"Kimberley, Western Australia"
1990-08-06,0.0,45.555907539737106,Kununurra,"Kimberley, Western Australia"
1990-08-07,0.0,45.555907539737106,Kununurra,"Kimberley, Western Australia"
1990-08-08,0.0,45.555907539737106,Kununurra,"Kimberley, Western Australia"
1990-08-09,0.0,45.555907539737106,Kununurra,"Kimberley, Western Australia"
1990-08-10,5.5863724722138395,45.555907539737106,Kununurra,"Kimberley, Western Australia"
1990-08-11,0.0,45.555907539737106,Kununurra,"Kimberley, Western Australia"
1990-08-12,0.0,45.555907539737106,Kununurra,"Kimberley, Western Australia"
1990-08-13,0.0,45.555907539737106,Kununurra,"Kimberley, Western Australia"
1990-08-14,0.0,45.555907539737106,Kununurra,"Kimberley, Western Australia"
1990-08-15,0.0,45.555907539737106,Kununurra,"Kimberley, Western Australia"
1990-08-16,0.0,45.555907539737106,Kununurra,"Kimberley, Western Australia"
1990-08-17,4.077574295842759,45.555907539737106,Kununurra,"Kimberley, Western Australia"
1990-08-18,0.0,45.555907539737106,Kununurra,"Kimberley, Western Australia"
1990-08-19,4.157923518705365,45.555907539737106,Kununurra,"Kimberley, Western Australia"
1990-08-20,0.0,45.555907539737106,Kununurra,"Kimberley, Western Australia"
1990-08-21,3.899510676393649,45.555907539737106,Kununurra,"Kimberley, Western Australia"
1990-08-22,0.0,45.555907539737106,Kununurra,"Kimberley, Western Australia"
1990-08-23,0.0,45.555907539737106,Kununurra,"Kimberley, Western Australia"
1990-08-24,11.166862785374047,45.555907539737106,Kununurra,"Kimberley, Western Australia"
1990-08-25,0.0,45.555907539737106,Kununurra,"Kimberley, Western Australia"
1990-08-26,0.0,45.555907539737106,Kununurra,"Kimberley, Western Australia"
1990-08-27,0.0,45.555907539737106,Kununurra,"Kimberley, Western Australia"
1990-08-28,16.66766379120745,45.555907539737106,Kununurra,"Kimberley, Western Australia"
1990-08-29,0.0,45.555907539737106,Kununurra,"Kimberley, Western Australia"
1990-08-30,0.0,45.555907539737106,Kununurra,"Kimberley, Western Australia"
1990-08-31,0.0,45.555907539737106,Kununurra,"Kimberley, Western Australia"
1990-09-01,0.0,34.29514028949478,Kununurra,"Kimberley, Western Australia"
1990-09-02,1.8851902740074375,34.29514028949478,Kununurra,"Kimberley, Western Australia"
1990-09-03,0.0,34.29514028949478,Kununurra,"Kimberley, Western Australia"
1990-09-04,0.0,34.29514028949478,Kununurra,"Kimberley, Western Australia"
1990-09-05,0.0,34.29514028949478,Kununurra,"Kimberley, Western Australia"
1990-09-06,0.0,34.29514028949478,Kununurra,"Kimberley, Western Australia"
1990-09-07,0.0,34.29514028949478,Kununurra,"Kimberley, Western Australia"
1990-09-08,2.1347918857442987,34.29514028949478,Kununurra,"Kimberley, Western Australia"
1990-09-09,2.8606397369638312,34.29514028949478,Kununurra,"Kimberley, Western Australia"
1990-09-10,0.0,34.29514028949478,Kununurra,"Kimberley, Western Australia"
1990-09-11,0.0,34.29514028949478,Kununurra,"Kimberley, Western Australia"
1990-09-12,0.0,34.29514028949478,Kununurra,"Kimberley, Western Australia"
1990-09-13,0.0,34.29514028949478,Kununurra,"Kimberley, Western Australia"
1990-09-14,10.123018258325015,34.29514028949478,Kununurra,"Kimberley, Western Australia"
1990-09-15,0.0,34.29514028949478,Kununurra,"Kimberley, Western Australia"
1990-09-16,4.11858258975978,34.29514028949478,Kununurra,"Kimberley, Western Australia"
1990-09-17,0.0,34.29514028949478,Kununurra,"Kimberley, Western Australia"
1990-09-18,0.0,34.29514028949478,Kununurra,"Kimberley, Western Australia"
1990-09-19,0.0,34.29514028949478,Kununurra,"Kimberley, Western Australia"
1990-09-20,0.0,34.29514028949478,Kununurra,"Kimberley, Western Australia"
1990-09-21,8.148594454320271,34.29514028949478,Kununurra,"Kimberley, Western Australia"
1990-09-22,0.0,34.29514028949478,Kununurra,"Kimberley, Western Australia"
1990-09-23,1.448548159826414,34.29514028949478,Kununurra,"Kimberley, Western Australia"
1990-09-24,0.0,34.29514028949478,Kununurra,"Kimberley, Western Australia"
1990-09-25,1.337095636037345,34.29514028949478,Kununurra,"Kimberley, Western Australia"
1990-09-26,0.0,34.29514028949478,Kununurra,"Kimberley, Western Australia"
1990-09-27,2.2386792945103946,34.29514028949478,Kununurra,"Kimberley, Western Australia"
1990-09-28,0.0,34.29514028949478,Kununurra,"Kimberley, Western Australia"
1990-09-29,0.0,34.29514028949478,Kununurra,"Kimberley, Western Australia"
1990-09-30,0.0,34.29514028949478,Kununurra,"Kimberley, Western Australia"
1990-10-01,0.0,21.70737534673056,Kununurra,"Kimberley, Western Australia"
1990-10-02,0.0,21.70737534673056,Kununurra,"Kimberley, Western Australia"
1990-10-03,0.0,21.70737534673056,Kununurra,"Kimberley, Western Australia"
1990-10-04,0.0,21.70737534673056,Kununurra,"Kimberley, Western Australia"
1990-10-05,0.0,21.70737534673056,Kununurra,"Kimberley, Western Australia"
1990-10-06,0.0,21.70737534673056,Kununurra,"Kimberley, Western Australia"
1990-10-07,0.0,21.70737534673056,Kununurra,"Kimberley, Western Australia"
1990-10-08,0.0,21.70737534673056,Kununurra,"Kimberley, Western Australia"
1990-10-09,0.0,21.70737534673056,Kununurra,"Kimberley, Western Australia"
1990-10-10,0.0,21.70737534673056,Kununurra,"Kimberley, Western Australia"
1990-10-11,0.0,21.70737534673056,Kununurra,"Kimberley, Western Australia"
1990-10-12,0.0,21.70737534673056,Kununurra,"Kimberley, Western Australia"
1990-10-13,0.0,21.70737534673056,Kununurra,"Kimberley, Western Australia"
1990-10-14,0.0,21.70737534673056,Kununurra,"Kimberley, Western Australia"
1990-10-15,0.0,21.70737534673056,Kununurra,"Kimberley, Western Australia"
1990-10-16,0.0,21.70737534673056,Kununurra,"Kimberley, Western Australia"
1990-10-17,0.0,21.70737534673056,Kununurra,"Kimberley, Western Australia"
1990-10-18,8.514048663651408,21.70737534673056,Kununurra,"Kimberley, Western Australia"
1990-10-19,0.0,21.70737534673056,Kununurra,"Kimberley, Western Australia"
1990-10-20,0.0,21.70737534673056,Kununurra,"Kimberley, Western Australia"
1990-10-21,4.718829270697773,21.70737534673056,Kununurra,"Kimberley, Western Australia"
1990-10-22,0.0,21.70737534673056,Kununurra,"Kimberley, Western Australia"
1990-10-23,0.0,21.70737534673056,Kununurra,"Kimberley, Western Australia"
1990-10-24,0.0,21.70737534673056,Kununurra,"Kimberley, Western Australia"
1990-10-25,4.425498369866624,21.70737534673056,Kununurra,"Kimberley, Western Australia"
1990-10-26,0.0,21.70737534673056,Kununurra,"Kimberley, Western Australia"
1990-10-27,1.4164409286080546,21.70737534673056,Kununurra,"Kimberley, Western Australia"
1990-10-28,2.6325581139067005,21.70737534673056,Kununurra,"Kimberley, Western Australia"
1990-10-29,0.0,21.70737534673056,Kununurra,"Kimberley, Western Australia"
1990-10-30,0.0,21.70737534673056,Kununurra,"Kimberley, Western Australia"
1990-10-31,0.0,21.70737534673056,Kununurra,"Kimberley, Western Australia"
1990-11-01,0.0,14.761538737097817,Kununurra,"Kimberley, Western Australia"
1990-11-02,0.0,14.761538737097817,Kununurra,"Kimberley, Western Australia"
1990-11-03,0.0,14.761538737097817,Kununurra,"Kimberley, Western Australia"
1990-11-04,3.0554265020256213,14.761538737097817,Kununurra,"Kimberley, Western Australia"
1990-11-05,0.0,14.761538737097817,Kununurra,"Kimberley, Western Australia"
1990-11-06,6.162203397921458,14.761538737097817,Kununurra,"Kimberley, Western Australia"
1990-11-07,0.0,14.761538737097817,Kununurra,"Kimberley, Western Australia"
1990-11-08,0.0,14.761538737097817,Kununurra,"Kimberley, Western Australia"
1990-11-09,0.0,14.761538737097817,Kununurra,"Kimberley, Western Australia"
1990-11-10,0.0,14.761538737097817,Kununurra,"Kimberley, Western Australia"
1990-11-11,0.0,14.761538737097817,Kununurra,"Kimberley, Western Australia"
1990-11-12,0.0,14.761538737097817,Kununurra,"Kimberley, Western Australia"
1990-11-13,0.0,14.761538737097817,Kununurra,"Kimberley, Western Australia"
1990-11-14,0.0,14.761538737097817,Kununurra,"Kimberley, Western Australia"
1990-11-15,0.0,14.761538737097817,Kununurra,"Kimberley, Western Australia"
1990-11-16,0.0,14.761538737097817,Kununurra,"Kimberley, Western Australia"
1990-11-17,5.543908837150737,14.761538737097817,Kununurra,"Kimberley, Western Australia"
1990-11-18,0.0,14.761538737097817,Kununurra,"Kimberley, Western Australia"
1990-11-19,0.0,14.761538737097817,Kununurra,"Kimberley, Western Australia"
1990-11-20,0.0,14.761538737097817,Kununurra,"Kimberley, Western Australia"
1990-11-21,0.0,14.761538737097817,Kununurra,"Kimberley, Western Australia"
1990-11-22,0.0,14.761538737097817,Kununurra,"Kimberley, Western Australia"
1990-11-23,0.0,14.761538737097817,Kununurra,"Kimberley, Western Australia"
1990-11-24,0.0,14.761538737097817,Kununurra,"Kimberley, Western Australia"
1990-11-25,0.0,14.761538737097817,Kununurra,"Kimberley, Western Australia"
1990-11-26,0.0,14.761538737097817,Kununurra,"Kimberley, Western Australia"
1990-11-27,0.0,14.761538737097817,Kununurra,"Kimberley, Western Australia"
1990-11-28,0.0,14.761538737097817,Kununurra,"Kimberley, Western Australia"
1990-11-29,0.0,14.761538737097817,Kununurra,"Kimberley, Western Australia"
1990-11-30,0.0,14.761538737097817,Kununurra,"Kimberley, Western Australia"
1990-12-01,0.0,62.179311242884054,Kununurra,"Kimberley, Western Australia"
1990-12-02,0.0,62.179311242884054,Kununurra,"Kimberley, Western Australia"
1990-12-03,0.0,62.179311242884054,Kununurra,"Kimberley, Western Australia"
1990-12-04,0.0,62.179311242884054,Kununurra,"Kimberley, Western Australia"
1990-12-05,0.0,62.179311242884054,Kununurra,"Kimberley, Western Australia"
1990-12-06,5.009143230132139,62.179311242884054,Kununurra,"Kimberley, Western Australia"
1990-12-07,8.26170900601867,62.179311242884054,Kununurra,"Kimberley, Western Australia"
1990-12-08,0.0,62.179311242884054,Kununurra,"Kimberley, Western Australia"
1990-12-09,0.0,62.179311242884054,Kununurra,"Kimberley, Western Australia"
1990-12-10,0.0,62.179311242884054,Kununurra,"Kimberley, Western Australia"
1990-12-11,0.0,62.179311242884054,Kununurra,"Kimberley, Western Australia"
1990-12-12,0.0,62.179311242884054,Kununurra,"Kimberley, Western Australia"
1990-12-13,0.0,62.179311242884054,Kununurra,"Kimberley, Western Australia"
1990-12-14,0.0,62.179311242884054,Kununurra,"Kimberley, Western Australia"
1990-12-15,3.7785339981330397,62.179311242884054,Kununurra,"Kimberley, Western Australia"
1990-12-16,0.0,62.179311242884054,Kununurra,"Kimberley, Western Australia"
1990-12-17,6.675568418478758,62.179311242884054,Kununurra,"Kimberley, Western Australia"
1990-12-18,12.549162907482128,62.179311242884054,Kununurra,"Kimberley, Western Australia"
1990-12-19,0.0,62.179311242884054,Kununurra,"Kimberley, Western Australia"
1990-12-20,0.0,62.179311242884054,Kununurra,"Kimberley, Western Australia"
1990-12-21,0.0,62.179311242884054,Kununurra,"Kimberley, Western Australia"
1990-12-22,0.0,62.179311242884054,Kununurra,"Kimberley, Western Australia"
1990-12-23,0.0,62.179311242884054,Kununurra,"Kimberley, Western Australia"
1990-12-24,2.1806989652003557,62.179311242884054,Kununurra,"Kimberley, Western Australia"
1990-12-25,0.0,62.179311242884054,Kununurra,"Kimberley, Western Australia"
1990-12-26,0.0,62.179311242884054,Kununurra,"Kimberley, Western Australia"
1990-12-27,15.316330170538341,62.179311242884054,Kununurra,"Kimberley, Western Australia"
1990-12-28,0.0,62.179311242884054,Kununurra,"Kimberley, Western Australia"
1990-12-29,8.408164546900624,62.179311242884054,Kununurra,"Kimberley, Western Australia"
1990-12-30,0.0,62.179311242884054,Kununurra,"Kimberley, Western Australia"
1990-12-31,0.0,62.179311242884054,Kununurra,"Kimberley, Western Australia"
1991-01-01,0.0,21.281547105947954,Kununurra,"Kimberley, Western Australia"
1991-01-02,0.0,21.281547105947954,Kununurra,"Kimberley, Western Australia"
1991-01-03,0.0,21.281547105947954,Kununurra,"Kimberley, Western Australia"
1991-01-04,9.294589171119693,21.281547105947954,Kununurra,"Kimberley, Western Australia"
1991-01-05,0.0,21.281547105947954,Kununurra,"Kimberley, Western Australia"
1991-01-06,0.0,21.281547105947954,Kununurra,"Kimberley, Western Australia"
1991-01-07,0.0,21.281547105947954,Kununurra,"Kimberley, Western Australia"
1991-01-08,6.546916270797006,21.281547105947954,Kununurra,"Kimberley, Western Australia"
1991-01-09,0.0,21.281547105947954,Kununurra,"Kimberley, Western Australia"
1991-01-10,0.0,21.281547105947954,Kununurra,"Kimberley, Western Australia"
1991-01-11,0.0,21.281547105947954,Kununurra,"Kimberley, Western Australia"
1991-01-12,0.0,21.281547105947954,Kununurra,"Kimberley, Western Australia"
1991-01-13,0.0,21.281547105947954,Kununurra,"Kimberley, Western Australia"
1991-01-14,0.0,21.281547105947954,Kununurra,"Kimberley, Western Australia"
1991-01-15,0.0,21.281547105947954,Kununurra,"Kimberley, Western Australia"
1991-01-16,0.0,21.281547105947954,Kununurra,"Kimberley, Western Australia"
1991-01-17,0.0,21.281547105947954,Kununurra,"Kimberley, Western Australia"
1991-01-18,0.0,21.281547105947954,Kununurra,"Kimberley, Western Australia"
1991-01-19,0.0,21.281547105947954,Kununurra,"Kimberley, Western Australia"
1991-01-20,0.0,21.281547105947954,Kununurra,"Kimberley, Western Australia"
1991-01-21,0.0,21.281547105947954,Kununurra,"Kimberley, Western Australia"
1991-01-22,0.0,21.281547105947954,Kununurra,"Kimberley, Western Australia"
1991-01-23,0.0,21.281547105947954,Kununurra,"Kimberley, Western Australia"
1991-01-24,0.0,21.281547105947954,Kununurra,"Kimberley, Western Australia"
1991-01-25,0.0,21.281547105947954,Kununurra,"Kimberley, Western Australia"
1991-01-26,0.0,21.281547105947954,Kununurra,"Kimberley, Western Australia"
1991-01-27,0.0,21.281547105947954,Kununurra,"Kimberley, Western Australia"
1991-01-28,2.296951150783277,21.281547105947954,Kununurra,"Kimberley, Western Australia"
1991-01-29,2.883557213634352,21.281547105947954,Kununurra,"Kimberley, Western Australia"
1991-01-30,0.25953329961362626,21.281547105947954,Kununurra,"Kimberley, Western Australia"
1991-01-31,0.0,21.281547105947954,Kununurra,"Kimberley, Western Australia"
1991-02-01,0.0,45.20734149801592,Kununurra,"Kimberley, Western Australia"
1991-02-02,0.0,45.20734149801592,Kununurra,"Kimberley, Western Australia"
1991-02-03,2.6918591218553956,45.20734149801592,Kununurra,"Kimberley, Western Australia"
1991-02-04,0.47679269800286905,45.20734149801592,Kununurra,"Kimberley, Western Australia"
1991-02-05,2.6179926411287404,45.20734149801592,Kununurra,"Kimberley, Western Australia"
1991-02-06,0.0,45.20734149801592,Kununurra,"Kimberley, Western Australia"
1991-02-07,0.0,45.20734149801592,Kununurra,"Kimberley, Western Australia"
1991-02-08,3.9664521466702602,45.20734149801592,Kununurra,"Kimberley, Western Australia"
1991-02-09,5.1173280404435815,45.20734149801592,Kununurra,"Kimberley, Western Australia"
1991-02-10,0.0,45.20734149801592,Kununurra,"Kimberley, Western Australia"
1991-02-11,0.0,45.20734149801592,Kununurra,"Kimberley, Western Australia"
1991-02-12,4.0031974133427255,45.20734149801592,Kununurra,"Kimberley, Western Australia"
1991-02-13,5.327678546687204,45.20734149801592,Kununurra,"Kimberley, Western Australia"
1991-02-14,0.0,45.20734149801592,Kununurra,"Kimberley, Western Australia"
1991-02-15,0.0,45.20734149801592,Kununurra,"Kimberley, Western Australia"
1991-02-16,0.0,45.20734149801592,Kununurra,"Kimberley, Western Australia"
1991-02-17,0.0,45.20734149801592,Kununurra,"Kimberley, Western Australia"
1991-02-18,0.0,45.20734149801592,Kununurra,"Kimberley, Western Australia"
1991-02-19,0.0,45.20734149801592,Kununurra,"Kimberley, Western Australia"
1991-02-20,6.306538088203757,45.20734149801592,Kununurra,"Kimberley, Western Australia"
1991-02-21,0.0,45.20734149801592,Kununurra,"Kimberley, Western Australia"
1991-02-22,0.0,45.20734149801592,Kununurra,"Kimberley, Western Australia"
1991-02-23,0.0,45.20734149801592,Kununurra,"Kimberley, Western Australia"
1991-02-24,0.0,45.20734149801592,Kununurra,"Kimberley, Western Australia"
1991-02-25,0.5249669386624489,45.20734149801592,Kununurra,"Kimberley, Western Australia"
1991-02-26,0.0,45.20734149801592,Kununurra,"Kimberley, Western Australia"
1991-02-27,9.216153737654803,45.20734149801592,Kununurra,"Kimberley, Western Australia"
1991-02-28,4.958382125364136,45.20734149801592,Kununurra,"Kimberley, Western Australia"
1991-03-01,9.650351323563402,61.97488186625539,Kununurra,"Kimberley, Western Australia"
1991-03-02,0.0,61.97488186625539,Kununurra,"Kimberley, Western Australia"
1991-03-03,0.0,61.97488186625539,Kununurra,"Kimberley, Western Australia"
1991-03-04,0.0,61.97488186625539,Kununurra,"Kimberley, Western Australia"
1991-03-05,10.258685102217608,61.97488186625539,Kununurra,"Kimberley, Western Australia"
1991-03-06,0.0,61.97488186625539,Kununurra,"Kimberley, Western Australia"
1991-03-07,0.0,61.97488186625539,Kununurra,"Kimberley, Western Australia"
1991-03-08,0.0,61.97488186625539,Kununurra,"Kimberley, Western Australia"
1991-03-09,0.0,61.97488186625539,Kununurra,"Kimberley, Western Australia"
1991-03-10,0.0,61.97488186625539,Kununurra,"Kimberley, Western Australia"
1991-03-11,0.0,61.97488186625539,Kununurra,"Kimberley, Western Australia"
1991-03-12,1.9303271053795998,61.97488186625539,Kununurra,"Kimberley, Western Australia"
1991-03-13,2.263888683976007,61.97488186625539,Kununurra,"Kimberley, Western Australia"
1991-03-14,0.0,61.97488186625539,Kununurra,"Kimberley, Western Australia"
1991-03-15,0.0,61.97488186625539,Kununurra,"Kimberley, Western Australia"
1991-03-16,23.3825053251558,61.97488186625539,Kununurra,"Kimberley, Western Australia"
1991-03-17,0.0,61.97488186625539,Kununurra,"Kimberley, Western Australia"
1991-03-18,0.0,61.97488186625539,Kununurra,"Kimberley, Western Australia"
1991-03-19,0.0,61.97488186625539,Kununurra,"Kimberley, Western Australia"
1991-03-20,0.0,61.97488186625539,Kununurra,"Kimberley, Western Australia"
1991-03-21,0.0,61.97488186625539,Kununurra,"Kimberley, Western Australia"
1991-03-22,0.0,61.97488186625539,Kununurra,"Kimberley, Western Australia"
1991-03-23,0.0,61.97488186625539,Kununurra,"Kimberley, Western Australia"
1991-03-24,9.919284302887515,61.97488186625539,Kununurra,"Kimberley, Western Australia"
1991-03-25,0.9107197528227073,61.97488186625539,Kununurra,"Kimberley, Western Australia"
1991-03-26,0.0,61.97488186625539,Kununurra,"Kimberley, Western Australia"
1991-03-27,0.0,61.97488186625539,Kununurra,"Kimberley, Western Australia"
1991-03-28,0.0,61.97488186625539,Kununurra,"Kimberley, Western Australia"
1991-03-29,3.659120270252746,61.97488186625539,Kununurra,"Kimberley, Western Australia"
1991-03-30,0.0,61.97488186625539,Kununurra,"Kimberley, Western Australia"
1991-03-31,0.0,61.97488186625539,Kununurra,"Kimberley, Western Australia"
1991-04-01,0.0,35.119739420902995,Kununurra,"Kimberley, Western Australia"
1991-04-02,0.0,35.119739420902995,Kununurra,"Kimberley, Western Australia"
1991-04-03,0.0,35.119739420902995,Kununurra,"Kimberley, Western Australia"
1991-04-04,0.0,35.119739420902995,Kununurra,"Kimberley, Western Australia"
1991-04-05,0.0,35.119739420902995,Kununurra,"Kimberley, Western Australia"
1991-04-06,0.0,35.119739420902995,Kununurra,"Kimberley, Western Australia"
1991-04-07,1.1873362531525937,35.119739420902995,Kununurra,"Kimberley, Western Australia"
1991-04-08,10.187118690755508,35.119739420902995,Kununurra,"Kimberley, Western Australia"
1991-04-09,0.0,35.119739420902995,Kununurra,"Kimberley, Western Australia"
1991-04-10,0.0,35.119739420902995,Kununurra,"Kimberley, Western Australia"
1991-04-11,0.0,35.119739420902995,Kununurra,"Kimberley, Western Australia"
1991-04-12,0.0,35.119739420902995,Kununurra,"Kimberley, Western Australia"
1991-04-13,0.0,35.119739420902995,Kununurra,"Kimberley, Western Australia"
1991-04-14,9.274515038255338,35.119739420902995,Kununurra,"Kimberley, Western Australia"
1991-04-15,0.0,35.119739420902995,Kununurra,"Kimberley, Western Australia"
1991-04-16,0.0,35.119739420902995,Kununurra,"Kimberley, Western Australia"
1991-04-17,5.1269103622765835,35.119739420902995,Kununurra,"Kimberley, Western Australia"
1991-04-18,2.5117697581563982,35.119739420902995,Kununurra,"Kimberley, Western Australia"
1991-04-19,0.0,35.119739420902995,Kununurra,"Kimberley, Western Australia"
1991-04-20,5.865919604548907,35.119739420902995,Kununurra,"Kimberley, Western Australia"
1991-04-21,0.0,35.119739420902995,Kununurra,"Kimberley, Western Australia"
1991-04-22,0.0,35.119739420902995,Kununurra,"Kimberley, Western Australia"
1991-04-23,0.9661697137576697,35.119739420902995,Kununurra,"Kimberley, Western Australia"
1991-04-24,0.0,35.119739420902995,Kununurra,"Kimberley, Western Australia"
1991-04-25,0.0,35.119739420902995,Kununurra,"Kimberley, Western Australia"
1991-04-26,0.0,35.119739420902995,Kununurra,"Kimberley, Western Australia"
1991-04-27,0.0,35.119739420902995,Kununurra,"Kimberley, Western Australia"
1991-04-28,0.0,35.119739420902995,Kununurra,"Kimberley, Western Australia"
1991-04-29,0.0,35.119739420902995,Kununurra,"Kimberley, Western Australia"
1991-04-30,0.0,35.119739420902995,Kununurra,"Kimberley, Western Australia"
1991-05-01,0.0,31.530299068858753,Kununurra,"Kimberley, Western Australia"
1991-05-02,0.0,31.530299068858753,Kununurra,"Kimberley, Western Australia"
1991-05-03,0.0,31.530299068858753,Kununurra,"Kimberley, Western Australia"
1991-05-04,4.398442854866939,31.530299068858753,Kununurra,"Kimberley, Western Australia"
1991-05-05,0.0,31.530299068858753,Kununurra,"Kimberley, Western Australia"
1991-05-06,0.0,31.530299068858753,Kununurra,"Kimberley, Western Australia"
1991-05-07,0.0,31.530299068858753,Kununurra,"Kimberley, Western Australia"
1991-05-08,10.346048005484931,31.530299068858753,Kununurra,"Kimberley, Western Australia"
1991-05-09,0.0,31.530299068858753,Kununurra,"Kimberley, Western Australia"
1991-05-10,0.0,31.530299068858753,Kununurra,"Kimberley, Western Australia"
1991-05-11,0.0,31.530299068858753,Kununurra,"Kimberley, Western Australia"
1991-05-12,0.0,31.530299068858753,Kununurra,"Kimberley, Western Australia"
1991-05-13,4.243257977960835,31.530299068858753,Kununurra,"Kimberley, Western Australia"
1991-05-14,0.0,31.530299068858753,Kununurra,"Kimberley, Western Australia"
1991-05-15,0.0,31.530299068858753,Kununurra,"Kimberley, Western Australia"
1991-05-16,0.0,31.530299068858753,Kununurra,"Kimberley, Western Australia"
1991-05-17,3.5738216643119207,31.530299068858753,Kununurra,"Kimberley, Western Australia"
1991-05-18,0.0,31.530299068858753,Kununurra,"Kimberley, Western Australia"
1991-05-19,0.0,31.530299068858753,Kununurra,"Kimberley, Western Australia"
1991-05-20,0.0,31.530299068858753,Kununurra,"Kimberley, Western Australia"
1991-05-21,0.0,31.530299068858753,Kununurra,"Kimberley, Western Australia"
1991-05-22,0.0,31.530299068858753,Kununurra,"Kimberley, Western Australia"
1991-05-23,4.455720222357348,31.530299068858753,Kununurra,"Kimberley, Western Australia"
1991-05-24,0.0,31.530299068858753,Kununurra,"Kimberley, Western Australia"
1991-05-25,4.146893063345492,31.530299068858753,Kununurra,"Kimberley, Western Australia"
1991-05-26,0.36611528053128556,31.530299068858753,Kununurra,"Kimberley, Western Australia"
1991-05-27,0.0,31.530299068858753,Kununurra,"Kimberley, Western Australia"
1991-05-28,0.0,31.530299068858753,Kununurra,"Kimberley, Western Australia"
1991-05-29,0.0,31.530299068858753,Kununurra,"Kimberley, Western Australia"
1991-05-30,0.0,31.530299068858753,Kununurra,"Kimberley, Western Australia"
1991-05-31,0.0,31.530299068858753,Kununurra,"Kimberley, Western Australia"
1991-06-01,0.0,8.847371207778732,Kununurra,"Kimberley, Western Australia"
1991-06-02,0.0,8.847371207778732,Kununurra,"Kimberley, Western Australia"
1991-06-03,0.0,8.847371207778732,Kununurra,"Kimberley, Western Australia"
1991-06-04,0.0,8.847371207778732,Kununurra,"Kimberley, Western Australia"
1991-06-05,0.0,8.847371207778732,Kununurra,"Kimberley, Western Australia"
1991-06-06,5.234923115528437,8.847371207778732,Kununurra,"Kimberley, Western Australia"
1991-06-07,0.0,8.847371207778732,Kununurra,"Kimberley, Western Australia"
1991-06-08,0.0,8.847371207778732,Kununurra,"Kimberley, Western Australia"
1991-06-09,0.0,8.847371207778732,Kununurra,"Kimberley, Western Australia"
1991-06-10,0.0,8.847371207778732,Kununurra,"Kimberley, Western Australia"
1991-06-11,0.0,8.847371207778732,Kununurra,"Kimberley, Western Australia"
1991-06-12,0.0,8.847371207778732,Kununurra,"Kimberley, Western Australia"
1991-06-13,0.0,8.847371207778732,Kununurra,"Kimberley, Western Australia"
1991-06-14,3.612448092250295,8.847371207778732,Kununurra,"Kimberley, Western Australia"
1991-06-15,0.0,8.847371207778732,Kununurra,"Kimberley, Western Australia"
1991-06-16,0.0,8.847371207778732,Kununurra,"Kimberley, Western Australia"
1991-06-17,0.0,8.847371207778732,Kununurra,"Kimberley, Western Australia"
1991-06-18,0.0,8.847371207778732,Kununurra,"Kimberley, Western Australia"
1991-06-19,0.0,8.847371207778732,Kununurra,"Kimberley, Western Australia"
1991-06-20,0.0,8.847371207778732,Kununurra,"Kimberley, Western Australia"
1991-06-21,0.0,8.847371207778732,Kununurra,"Kimberley, Western Australia"
1991-06-22,0.0,8.847371207778732,Kununurra,"Kimberley, Western Australia"
1991-06-23,0.0,8.847371207778732,Kununurra,"Kimberley, Western Australia"
1991-06-24,0.0,8.847371207778732,Kununurra,"Kimberley, Western Australia"
1991-06-25,0.0,8.847371207778732,Kununurra,"Kimberley, Western Australia"
1991-06-26,0.0,8.847371207778732,Kununurra,"Kimberley, Western Australia"
1991-06-27,0.0,8.847371207778732,Kununurra,"Kimberley, Western Australia"
1991-06-28,0.0,8.847371207778732,Kununurra,"Kimberley, Western Australia"
1991-06-29,0.0,8.847371207778732,Kununurra,"Kimberley, Western Australia"
1991-06-30,0.0,8.847371207778732,Kununurra,"Kimberley, Western Australia"
1991-07-01,0.0,42.79127562304195,Kununurra,"Kimberley, Western Australia"
1991-07-02,4.093951310938507,42.79127562304195,Kununurra,"Kimberley, Western Australia"
1991-07-03,3.23664595535618,42.79127562304195,Kununurra,"Kimberley, Western Australia"
1991-07-04,3.515698345062832,42.79127562304195,Kununurra,"Kimberley, Western Australia"
1991-07-05,0.0,42.79127562304195,Kununurra,"Kimberley, Western Australia"
1991-07-06,0.0,42.79127562304195,Kununurra,"Kimberley, Western Australia"
1991-07-07,11.723221799647176,42.79127562304195,Kununurra,"Kimberley, Western Australia"
1991-07-08,0.0,42.79127562304195,Kununurra,"Kimberley, Western Australia"
1991-07-09,0.0,42.79127562304195,Kununurra,"Kimberley, Western Australia"
1991-07-10,0.0,42.79127562304195,Kununurra,"Kimberley, Western Australia"
1991-07-11,0.0,42.79127562304195,Kununurra,"Kimberley, Western Australia"
1991-07-12,5.801526375443668,42.79127562304195,Kununurra,"Kimberley, Western Australia"
1991-07-13,0.0,42.79127562304195,Kununurra,"Kimberley, Western Australia"
1991-07-14,0.0,42.79127562304195,Kununurra,"Kimberley, Western Australia"
1991-07-15,0.0,42.79127562304195,Kununurra,"Kimberley, Western Australia"
1991-07-16,5.927194859989193,42.79127562304195,Kununurra,"Kimberley, Western Australia"
1991-07-17,0.0,42.79127562304195,Kununurra,"Kimberley, Western Australia"
1991-07-18,0.0,42.79127562304195,Kununurra,"Kimberley, Western Australia"
1991-07-19,0.0,42.79127562304195,Kununurra,"Kimberley, Western Australia"
1991-07-20,0.0,42.79127562304195,Kununurra,"Kimberley, Western Australia"
1991-07-21,0.0,42.79127562304195,Kununurra,"Kimberley, Western Australia"
1991-07-22,4.83935596667397,42.79127562304195,Kununurra,"Kimberley, Western Australia"
1991-07-23,0.0,42.79127562304195,Kununurra,"Kimberley, Western Australia"
1991-07-24,0.0,42.79127562304195,Kununurra,"Kimberley, Western Australia"
1991-07-25,0.0,42.79127562304195,Kununurra,"Kimberley, Western Australia"
1991-07-26,0.0,42.79127562304195,Kununurra,"Kimberley, Western Australia"
1991-07-27,0.0,42.79127562304195,Kununurra,"Kimberley, Western Australia"
1991-07-28,0.0,42.79127562304195,Kununurra,"Kimberley, Western Australia"
1991-07-29,0.0,42.79127562304195,Kununurra,"Kimberley, Western Australia"
1991-07-30,3.6536810099304238,42.79127562304195,Kununurra,"Kimberley, Western Australia"
1991-07-31,0.0,42.79127562304195,Kununurra,"Kimberley, Western Australia"
1991-08-01,0.0,19.074999728488265,Kununurra,"Kimberley, Western Australia"
1991-08-02,0.0,19.074999728488265,Kununurra,"Kimberley, Western Australia"
1991-08-03,0.0,19.074999728488265,Kununurra,"Kimberley, Western Australia"
1991-08-04,0.0,19.074999728488265,Kununurra,"Kimberley, Western Australia"
1991-08-05,0.0,19.074999728488265,Kununurra,"Kimberley, Western Australia"
1991-08-06,0.0,19.074999728488265,Kununurra,"Kimberley, Western Australia"
1991-08-07,1.4690473087638898,19.074999728488265,Kununurra,"Kimberley, Western Australia"
1991-08-08,0.0,19.074999728488265,Kununurra,"Kimberley, Western Australia"
1991-08-09,0.0,19.074999728488265,Kununurra,"Kimberley, Western Australia"
1991-08-10,0.0,19.074999728488265,Kununurra,"Kimberley, Western Australia"
1991-08-11,0.0,19.074999728488265,Kununurra,"Kimberley, Western Australia"
1991-08-12,0.0,19.074999728488265,Kununurra,"Kimberley, Western Australia"
1991-08-13,0.0,19.074999728488265,Kununurra,"Kimberley, Western Australia"
1991-08-14,0.0,19.074999728488265,Kununurra,"Kimberley, Western Australia"
1991-08-15,1.0375196088504295,19.074999728488265,Kununurra,"Kimberley, Western Australia"
1991-08-16,0.0,19.074999728488265,Kununurra,"Kimberley, Western Australia"
1991-08-17,0.0,19.074999728488265,Kununurra,"Kimberley, Western Australia"
1991-08-18,7.944312832314433,19.074999728488265,Kununurra,"Kimberley, Western Australia"
1991-08-19,0.0,19.074999728488265,Kununurra,"Kimberley, Western Australia"
1991-08-20,0.0,19.074999728488265,Kununurra,"Kimberley, Western Australia"
1991-08-21,0.0,19.074999728488265,Kununurra,"Kimberley, Western Australia"
1991-08-22,0.0,19.074999728488265,Kununurra,"Kimberley, Western Australia"
1991-08-23,4.33568866306275,19.074999728488265,Kununurra,"Kimberley, Western Australia"
1991-08-24,0.0,19.074999728488265,Kununurra,"Kimberley, Western Australia"
1991-08-25,0.0,19.074999728488265,Kununurra,"Kimberley, Western Australia"
1991-08-26,0.0,19.074999728488265,Kununurra,"Kimberley, Western Australia"
1991-08-27,0.0,19.074999728488265,Kununurra,"Kimberley, Western Australia"
1991-08-28,0.0,19.074999728488265,Kununurra,"Kimberley, Western Australia"
1991-08-29,4.288431315496763,19.074999728488265,Kununurra,"Kimberley, Western Australia"
1991-08-30,0.0,19.074999728488265,Kununurra,"Kimberley, Western Australia"
1991-08-31,0.0,19.074999728488265,Kununurra,"Kimberley, Western Australia"
1991-09-01,0.0,19.590500829575085,Kununurra,"Kimberley, Western Australia"
1991-09-02,2.7541648459654495,19.590500829575085,Kununurra,"Kimberley, Western Australia"
1991-09-03,0.0,19.590500829575085,Kununurra,"Kimberley, Western Australia"
1991-09-04,0.0,19.590500829575085,Kununurra,"Kimberley, Western Australia"
1991-09-05,4.23215297574475,19.590500829575085,Kununurra,"Kimberley, Western Australia"
1991-09-06,0.0,19.590500829575085,Kununurra,"Kimberley, Western Australia"
1991-09-07,0.0,19.590500829575085,Kununurra,"Kimberley, Western Australia"
1991-09-08,0.0,19.590500829575085,Kununurra,"Kimberley, Western Australia"
1991-09-09,0.0,19.590500829575085,Kununurra,"Kimberley, Western Australia"
1991-09-10,0.0,19.590500829575085,Kununurra,"Kimberley, Western Australia"
1991-09-11,0.0,19.590500829575085,Kununurra,"Kimberley, Western Australia"
1991-09-12,0.0,19.590500829575085,Kununurra,"Kimberley, Western Australia"
1991-09-13,0.0,19.590500829575085,Kununurra,"Kimberley, Western Australia"
1991-09-14,0.0,19.590500829575085,Kununurra,"Kimberley, Western Australia"
1991-09-15,0.0,19.590500829575085,Kununurra,"Kimberley, Western Australia"
1991-09-16,0.0,19.590500829575085,Kununurra,"Kimberley, Western Australia"
1991-09-17,0.0,19.590500829575085,Kununurra,"Kimberley, Western Australia"
1991-09-18,0.0,19.590500829575085,Kununurra,"Kimberley, Western Australia"
1991-09-19,0.0,19.590500829575085,Kununurra,"Kimberley, Western Australia"
1991-09-20,0.0,19.590500829575085,Kununurra,"Kimberley, Western Australia"
1991-09-21,0.0,19.590500829575085,Kununurra,"Kimberley, Western Australia"
1991-09-22,0.0,19.590500829575085,Kununurra,"Kimberley, Western Australia"
1991-09-23,0.0,19.590500829575085,Kununurra,"Kimberley, Western Australia"
1991-09-24,2.8093483806519153,19.590500829575085,Kununurra,"Kimberley, Western Australia"
1991-09-25,0.0,19.590500829575085,Kununurra,"Kimberley, Western Australia"
1991-09-26,6.5584401219654165,19.590500829575085,Kununurra,"Kimberley, Western Australia"
1991-09-27,0.0,19.590500829575085,Kununurra,"Kimberley, Western Australia"
1991-09-28,0.0,19.590500829575085,Kununurra,"Kimberley, Western Australia"
1991-09-29,0.0,19.590500829575085,Kununurra,"Kimberley, Western Australia"
1991-09-30,3.236394505247554,19.590500829575085,Kununurra,"Kimberley, Western Australia"
1991-10-01,0.0,26.351195725749545,Kununurra,"Kimberley, Western Australia"
1991-10-02,0.0,26.351195725749545,Kununurra,"Kimberley, Western Australia"
1991-10-03,0.0,26.351195725749545,Kununurra,"Kimberley, Western Australia"
1991-10-04,2.864563909900933,26.351195725749545,Kununurra,"Kimberley, Western Australia"
1991-10-05,0.0,26.351195725749545,Kununurra,"Kimberley, Western Australia"
1991-10-06,0.0,26.351195725749545,Kununurra,"Kimberley, Western Australia"
1991-10-07,0.0,26.351195725749545,Kununurra,"Kimberley, Western Australia"
1991-10-08,0.0,26.351195725749545,Kununurra,"Kimberley, Western Australia"
1991-10-09,0.0,26.351195725749545,Kununurra,"Kimberley, Western Australia"
1991-10-10,0.0,26.351195725749545,Kununurra,"Kimberley, Western Australia"
1991-10-11,0.0,26.351195725749545,Kununurra,"Kimberley, Western Australia"
1991-10-12,0.0,26.351195725749545,Kununurra,"Kimberley, Western Australia"
1991-10-13,2.6599018822163627,26.351195725749545,Kununurra,"Kimberley, Western Australia"
1991-10-14,9.717753309634027,26.351195725749545,Kununurra,"Kimberley, Western Australia"
1991-10-15,0.0,26.351195725749545,Kununurra,"Kimberley, Western Australia"
1991-10-16,0.0,26.351195725749545,Kununurra,"Kimberley, Western Australia"
1991-10-17,0.0,26.351195725749545,Kununurra,"Kimberley, Western Australia"
1991-10-18,0.0,26.351195725749545,Kununurra,"Kimberley, Western Australia"
1991-10-19,5.277780265334988,26.351195725749545,Kununurra,"Kimberley, Western Australia"
1991-10-20,0.0,26.351195725749545,Kununurra,"Kimberley, Western Australia"
1991-10-21,1.8467702210187056,26.351195725749545,Kununurra,"Kimberley, Western Australia"
1991-10-22,0.0,26.351195725749545,Kununurra,"Kimberley, Western Australia"
1991-10-23,0.0,26.351195725749545,Kununurra,"Kimberley, Western Australia"
1991-10-24,0.0,26.351195725749545,Kununurra,"Kimberley, Western Australia"
1991-10-25,0.0,26.351195725749545,Kununurra,"Kimberley, Western Australia"
1991-10-26,0.0,26.351195725749545,Kununurra,"Kimberley, Western Australia"
1991-10-27,0.0,26.351195725749545,Kununurra,"Kimberley, Western Australia"
1991-10-28,0.0,26.351195725749545,Kununurra,"Kimberley, Western Australia"
1991-10-29,0.0,26.351195725749545,Kununurra,"Kimberley, Western Australia"
1991-10-30,0.0,26.351195725749545,Kununurra,"Kimberley, Western Australia"
1991-10-31,3.9844261376445282,26.351195725749545,Kununurra,"Kimberley, Western Australia"
1991-11-01,0.0,29.87664906476856,Kununurra,"Kimberley, Western Australia"
1991-11-02,0.0,29.87664906476856,Kununurra,"Kimberley, Western Australia"
1991-11-03,0.0,29.87664906476856,Kununurra,"Kimberley, Western Australia"
1991-11-04,0.0,29.87664906476856,Kununurra,"Kimberley, Western Australia"
1991-11-05,6.09588448713593,29.87664906476856,Kununurra,"Kimberley, Western Australia"
1991-11-06,1.3462533374577825,29.87664906476856,Kununurra,"Kimberley, Western Australia"
1991-11-07,0.0,29.87664906476856,Kununurra,"Kimberley, Western Australia"
1991-11-08,0.0,29.87664906476856,Kununurra,"Kimberley, Western Australia"
1991-11-09,0.0,29.87664906476856,Kununurra,"Kimberley, Western Australia"
1991-11-10,0.0,29.87664906476856,Kununurra,"Kimberley, Western Australia"
1991-11-11,0.0,29.87664906476856,Kununurra,"Kimberley, Western Australia"
1991-11-12,0.0,29.87664906476856,Kununurra,"Kimberley, Western Australia"
1991-11-13,0.0,29.87664906476856,Kununurra,"Kimberley, Western Australia"
1991-11-14,0.0,29.87664906476856,Kununurra,"Kimberley, Western Australia"
1991-11-15,0.0,29.87664906476856,Kununurra,"Kimberley, Western Australia"
1991-11-16,0.0,29.87664906476856,Kununurra,"Kimberley, Western Australia"
1991-11-17,0.0,29.87664906476856,Kununurra,"Kimberley, Western Australia"
1991-11-18,3.2661853502287426,29.87664906476856,Kununurra,"Kimberley, Western Australia"
1991-11-19,5.211449039366639,29.87664906476856,Kununurra,"Kimberley, Western Australia"
1991-11-20,0.0,29.87664906476856,Kununurra,"Kimberley, Western Australia"
1991-11-21,0.0,29.87664906476856,Kununurra,"Kimberley, Western Australia"
1991-11-22,0.0,29.87664906476856,Kununurra,"Kimberley, Western Australia"
1991-11-23,11.357674952813397,29.87664906476856,Kununurra,"Kimberley, Western Australia"
1991-11-24,0.0,29.87664906476856,Kununurra,"Kimberley, Western Australia"
1991-11-25,0.0,29.87664906476856,Kununurra,"Kimberley, Western Australia"
1991-11-26,0.0,29.87664906476856,Kununurra,"Kimberley, Western Australia"
1991-11-27,1.278772367797509,29.87664906476856,Kununurra,"Kimberley, Western Australia"
1991-11-28,0.0,29.87664906476856,Kununurra,"Kimberley, Western Australia"
1991-11-29,0.0,29.87664906476856,Kununurra,"Kimberley, Western Australia"
1991-11-30,1.3204295299685609,29.87664906476856,Kununurra,"Kimberley, Western Australia"
1991-12-01,0.0,64.90823656714386,Kununurra,"Kimberley, Western Australia"
1991-12-02,0.0,64.90823656714386,Kununurra,"Kimberley, Western Australia"
1991-12-03,5.668541303416429,64.90823656714386,Kununurra,"Kimberley, Western Australia"
1991-12-04,0.0,64.90823656714386,Kununurra,"Kimberley, Western Australia"
1991-12-05,0.0,64.90823656714386,Kununurra,"Kimberley, Western Australia"
1991-12-06,0.0,64.90823656714386,Kununurra,"Kimberley, Western Australia"
1991-12-07,4.536871624161367,64.90823656714386,Kununurra,"Kimberley, Western Australia"
1991-12-08,0.0,64.90823656714386,Kununurra,"Kimberley, Western Australia"
1991-12-09,0.0,64.90823656714386,Kununurra,"Kimberley, Western Australia"
1991-12-10,0.0,64.90823656714386,Kununurra,"Kimberley, Western Australia"
1991-12-11,0.0,64.90823656714386,Kununurra,"Kimberley, Western Australia"
1991-12-12,0.0,64.90823656714386,Kununurra,"Kimberley, Western Australia"
1991-12-13,0.0,64.90823656714386,Kununurra,"Kimberley, Western Australia"
1991-12-14,1.1978324594342353,64.90823656714386,Kununurra,"Kimberley, Western Australia"
1991-12-15,6.351413392586657,64.90823656714386,Kununurra,"Kimberley, Western Australia"
1991-12-16,0.0,64.90823656714386,Kununurra,"Kimberley, Western Australia"
1991-12-17,0.0,64.90823656714386,Kununurra,"Kimberley, Western Australia"
1991-12-18,18.05360809530863,64.90823656714386,Kununurra,"Kimberley, Western Australia"
1991-12-19,9.226771779067175,64.90823656714386,Kununurra,"Kimberley, Western Australia"
1991-12-20,0.0,64.90823656714386,Kununurra,"Kimberley, Western Australia"
1991-12-21,0.0,64.90823656714386,Kununurra,"Kimberley, Western Australia"
1991-12-22,0.0,64.90823656714386,Kununurra,"Kimberley, Western Australia"
1991-12-23,16.931391104394844,64.90823656714386,Kununurra,"Kimberley, Western Australia"
1991-12-24,0.0,64.90823656714386,Kununurra,"Kimberley, Western Australia"
1991-12-25,0.0,64.90823656714386,Kununurra,"Kimberley, Western Australia"
1991-12-26,2.941806808774526,64.90823656714386,Kununurra,"Kimberley, Western Australia"
1991-12-27,0.0,64.90823656714386,Kununurra,"Kimberley, Western Australia"
1991-12-28,0.0,64.90823656714386,Kununurra,"Kimberley, Western Australia"
1991-12-29,0.0,64.90823656714386,Kununurra,"Kimberley, Western Australia"
1991-12-30,0.0,64.90823656714386,Kununurra,"Kimberley, Western Australia"
1991-12-31,0.0,64.90823656714386,Kununurra,"Kimberley, Western Australia"
1992-01-01,0.0,82.08256242683305,Kununurra,"Kimberley, Western Australia"
1992-01-02,31.9059030093643,82.08256242683305,Kununurra,"Kimberley, Western Australia"
1992-01-03,1.2752041032109092,82.08256242683305,Kununurra,"Kimberley, Western Australia"
1992-01-04,0.0,82.08256242683305,Kununurra,"Kimberley, Western Australia"
1992-01-05,2.007688173318936,82.08256242683305,Kununurra,"Kimberley, Western Australia"
1992-01-06,0.0,82.08256242683305,Kununurra,"Kimberley, Western Australia"
1992-01-07,6.925648033892183,82.08256242683305,Kununurra,"Kimberley, Western Australia"
1992-01-08,0.0,82.08256242683305,Kununurra,"Kimberley, Western Australia"
1992-01-09,0.0,82.08256242683305,Kununurra,"Kimberley, Western Australia"
1992-01-10,0.0,82.08256242683305,Kununurra,"Kimberley, Western Australia"
1992-01-11,1.012160629848414,82.08256242683305,Kununurra,"Kimberley, Western Australia"
1992-01-12,0.0,82.08256242683305,Kununurra,"Kimberley, Western Australia"
1992-01-13,0.0,82.08256242683305,Kununurra,"Kimberley, Western Australia"
1992-01-14,0.0,82.08256242683305,Kununurra,"Kimberley, Western Australia"
1992-01-15,12.622093869123342,82.08256242683305,Kununurra,"Kimberley, Western Australia"
1992-01-16,0.0,82.08256242683305,Kununurra,"Kimberley, Western Australia"
1992-01-17,0.0,82.08256242683305,Kununurra,"Kimberley, Western Australia"
1992-01-18,13.6796799274406,82.08256242683305,Kununurra,"Kimberley, Western Australia"
1992-01-19,0.0,82.08256242683305,Kununurra,"Kimberley, Western Australia"
1992-01-20,0.0,82.08256242683305,Kununurra,"Kimberley, Western Australia"
1992-01-21,0.0,82.08256242683305,Kununurra,"Kimberley, Western Australia"
1992-01-22,0.0,82.08256242683305,Kununurra,"Kimberley, Western Australia"
1992-01-23,0.0,82.08256242683305,Kununurra,"Kimberley, Western Australia"
1992-01-24,12.65418468063437,82.08256242683305,Kununurra,"Kimberley, Western Australia"
1992-01-25,0.0,82.08256242683305,Kununurra,"Kimberley, Western Australia"
1992-01-26,0.0,82.08256242683305,Kununurra,"Kimberley, Western Australia"
1992-01-27,0.0,82.08256242683305,Kununurra,"Kimberley, Western Australia"
1992-01-28,0.0,82.08256242683305,Kununurra,"Kimberley, Western Australia"
1992-01-29,0.0,82.08256242683305,Kununurra,"Kimberley, Western Australia"
1992-01-30,0.0,82.08256242683305,Kununurra,"Kimberley, Western Australia"
1992-01-31,0.0,82.08256242683305,Kununurra,"Kimberley, Western Australia"
1992-02-01,0.0,49.65710120625303,Kununurra,"Kimberley, Western Australia"
1992-02-02,0.0,49.65710120625303,Kununurra,"Kimberley, Western Australia"
1992-02-03,9.770220969490554,49.65710120625303,Kununurra,"Kimberley, Western Australia"
1992-02-04,0.0,49.65710120625303,Kununurra,"Kimberley, Western Australia"
1992-02-05,2.699399735808588,49.65710120625303,Kununurra,"Kimberley, Western Australia"
1992-02-06,0.0,49.65710120625303,Kununurra,"Kimberley, Western Australia"
1992-02-07,0.0,49.65710120625303,Kununurra,"Kimberley, Western Australia"
1992-02-08,0.0,49.65710120625303,Kununurra,"Kimberley, Western Australia"
1992-02-09,10.80909722813112,49.65710120625303,Kununurra,"Kimberley, Western Australia"
1992-02-10,0.0,49.65710120625303,Kununurra,"Kimberley, Western Australia"
1992-02-11,0.0,49.65710120625303,Kununurra,"Kimberley, Western Australia"
1992-02-12,0.0,49.65710120625303,Kununurra,"Kimberley, Western Australia"
1992-02-13,0.0,49.65710120625303,Kununurra,"Kimberley, Western Australia"
1992-02-14,0.0,49.65710120625303,Kununurra,"Kimberley, Western Australia"
1992-02-15,0.0,49.65710120625303,Kununurra,"Kimberley, Western Australia"
1992-02-16,0.0,49.65710120625303,Kununurra,"Kimberley, Western Australia"
1992-02-17,0.0,49.65710120625303,Kununurra,"Kimberley, Western Australia"
1992-02-18,0.0,49.65710120625303,Kununurra,"Kimberley, Western Australia"
1992-02-19,0.0,49.65710120625303,Kununurra,"Kimberley, Western Australia"
1992-02-20,0.0,49.65710120625303,Kununurra,"Kimberley, Western Australia"
1992-02-21,0.0,49.65710120625303,Kununurra,"Kimberley, Western Australia"
1992-02-22,1.4812153839962925,49.65710120625303,Kununurra,"Kimberley, Western Australia"
1992-02-23,0.0,49.65710120625303,Kununurra,"Kimberley, Western Australia"
1992-02-24,24.390124517429555,49.65710120625303,Kununurra,"Kimberley, Western Australia"
1992-02-25,0.0,49.65710120625303,Kununurra,"Kimberley, Western Australia"
1992-02-26,0.0,49.65710120625303,Kununurra,"Kimberley, Western Australia"
1992-02-27,0.5070433713969181,49.65710120625303,Kununurra,"Kimberley, Western Australia"
1992-02-28,0.0,49.65710120625303,Kununurra,"Kimberley, Western Australia"
1992-02-29,0.0,49.65710120625303,Kununurra,"Kimberley, Western Australia"
1992-03-01,0.0,55.71632919706785,Kununurra,"Kimberley, Western Australia"
1992-03-02,0.0,55.71632919706785,Kununurra,"Kimberley, Western Australia"
1992-03-03,0.0,55.71632919706785,Kununurra,"Kimberley, Western Australia"
1992-03-04,0.0,55.71632919706785,Kununurra,"Kimberley, Western Australia"
1992-03-05,0.0,55.71632919706785,Kununurra,"Kimberley, Western Australia"
1992-03-06,16.08140601789998,55.71632919706785,Kununurra,"Kimberley, Western Australia"
1992-03-07,9.868388397744438,55.71632919706785,Kununurra,"Kimberley, Western Australia"
1992-03-08,0.0,55.71632919706785,Kununurra,"Kimberley, Western Australia"
1992-03-09,0.0,55.71632919706785,Kununurra,"Kimberley, Western Australia"
1992-03-10,1.6435551674415563,55.71632919706785,Kununurra,"Kimberley, Western Australia"
1992-03-11,0.0,55.71632919706785,Kununurra,"Kimberley, Western Australia"
1992-03-12,0.0,55.71632919706785,Kununurra,"Kimberley, Western Australia"
1992-03-13,0.0,55.71632919706785,Kununurra,"Kimberley, Western Australia"
1992-03-14,0.0,55.71632919706785,Kununurra,"Kimberley, Western Australia"
1992-03-15,0.0,55.71632919706785,Kununurra,"Kimberley, Western Australia"
1992-03-16,9.114698209725207,55.71632919706785,Kununurra,"Kimberley, Western Australia"
1992-03-17,0.0,55.71632919706785,Kununurra,"Kimberley, Western Australia"
1992-03-18,0.0,55.71632919706785,Kununurra,"Kimberley, Western Australia"
1992-03-19,0.0,55.71632919706785,Kununurra,"Kimberley, Western Australia"
1992-03-20,0.0,55.71632919706785,Kununurra,"Kimberley, Western Australia"
1992-03-21,4.527468563102403,55.71632919706785,Kununurra,"Kimberley, Western Australia"
1992-03-22,0.0,55.71632919706785,Kununurra,"Kimberley, Western Australia"
1992-03-23,0.0,55.71632919706785,Kununurra,"Kimberley, Western Australia"
1992-03-24,0.0,55.71632919706785,Kununurra,"Kimberley, Western Australia"
1992-03-25,0.0,55.71632919706785,Kununurra,"Kimberley, Western Australia"
1992-03-26,11.817639444969375,55.71632919706785,Kununurra,"Kimberley, Western Australia"
1992-03-27,0.0,55.71632919706785,Kununurra,"Kimberley, Western Australia"
1992-03-28,0.0,55.71632919706785,Kununurra,"Kimberley, Western Australia"
1992-03-29,0.0,55.71632919706785,Kununurra,"Kimberley, Western Australia"
1992-03-30,2.6631733961848942,55.71632919706785,Kununurra,"Kimberley, Western Australia"
1992-03-31,0.0,55.71632919706785,Kununurra,"Kimberley, Western Australia"
1992-04-01,0.0,16.21983392627254,Kununurra,"Kimberley, Western Australia"
1992-04-02,0.0,16.21983392627254,Kununurra,"Kimberley, Western Australia"
1992-04-03,0.0,16.21983392627254,Kununurra,"Kimberley, Western Australia"
1992-04-04,0.0,16.21983392627254,Kununurra,"Kimberley, Western Australia"
1992-04-05,1.6769307569623828,16.21983392627254,Kununurra,"Kimberley, Western Australia"
1992-04-06,0.0,16.21983392627254,Kununurra,"Kimberley, Western Australia"
1992-04-07,4.611897654520843,16.21983392627254,Kununurra,"Kimberley, Western Australia"
1992-04-08,0.0,16.21983392627254,Kununurra,"Kimberley, Western Australia"
1992-04-09,0.0,16.21983392627254,Kununurra,"Kimberley, Western Australia"
1992-04-10,0.0,16.21983392627254,Kununurra,"Kimberley, Western Australia"
1992-04-11,0.0,16.21983392627254,Kununurra,"Kimberley, Western Australia"
1992-04-12,7.266741559019448,16.21983392627254,Kununurra,"Kimberley, Western Australia"
1992-04-13,0.0,16.21983392627254,Kununurra,"Kimberley, Western Australia"
1992-04-14,0.0,16.21983392627254,Kununurra,"Kimberley, Western Australia"
1992-04-15,0.0,16.21983392627254,Kununurra,"Kimberley, Western Australia"
1992-04-16,0.0,16.21983392627254,Kununurra,"Kimberley, Western Australia"
1992-04-17,0.0,16.21983392627254,Kununurra,"Kimberley, Western Australia"
1992-04-18,0.0,16.21983392627254,Kununurra,"Kimberley, Western Australia"
1992-04-19,0.0,16.21983392627254,Kununurra,"Kimberley, Western Australia"
1992-04-20,0.0,16.21983392627254,Kununurra,"Kimberley, Western Australia"
1992-04-21,1.0622317349999064,16.21983392627254,Kununurra,"Kimberley, Western Australia"
1992-04-22,0.0,16.21983392627254,Kununurra,"Kimberley, Western Australia"
1992-04-23,0.0,16.21983392627254,Kununurra,"Kimberley, Western Australia"
1992-04-24,0.0,16.21983392627254,Kununurra,"Kimberley, Western Australia"
1992-04-25,0.0,16.21983392627254,Kununurra,"Kimberley, Western Australia"
1992-04-26,0.0,16.21983392627254,Kununurra,"Kimberley, Western Australia"
1992-04-27,0.0,16.21983392627254,Kununurra,"Kimberley, Western Australia"
1992-04-28,1.6020322207699575,16.21983392627254,Kununurra,"Kimberley, Western Australia"
1992-04-29,0.0,16.21983392627254,Kununurra,"Kimberley, Western Australia"
1992-04-30,0.0,16.21983392627254,Kununurra,"Kimberley, Western Australia"
1992-05-01,0.0,4.435422543949338,Kununurra,"Kimberley, Western Australia"
1992-05-02,0.0,4.435422543949338,Kununurra,"Kimberley, Western Australia"
1992-05-03,0.0,4.435422543949338,Kununurra,"Kimberley, Western Australia"
1992-05-04,0.0,4.435422543949338,Kununurra,"Kimberley, Western Australia"
1992-05-05,0.0,4.435422543949338,Kununurra,"Kimberley, Western Australia"
1992-05-06,1.7105153611439303,4.435422543949338,Kununurra,"Kimberley, Western Australia"
1992-05-07,0.0,4.435422543949338,Kununurra,"Kimberley, Western Australia"
1992-05-08,0.0,4.435422543949338,Kununurra,"Kimberley, Western Australia"
1992-05-09,0.0,4.435422543949338,Kununurra,"Kimberley, Western Australia"
1992-05-10,0.0,4.435422543949338,Kununurra,"Kimberley, Western Australia"
1992-05-11,0.0,4.435422543949338,Kununurra,"Kimberley, Western Australia"
1992-05-12,0.0,4.435422543949338,Kununurra,"Kimberley, Western Australia"
1992-05-13,0.0,4.435422543949338,Kununurra,"Kimberley, Western Australia"
1992-05-14,0.0,4.435422543949338,Kununurra,"Kimberley, Western Australia"
1992-05-15,0.0,4.435422543949338,Kununurra,"Kimberley, Western Australia"
1992-05-16,0.0,4.435422543949338,Kununurra,"Kimberley, Western Australia"
1992-05-17,0.0,4.435422543949338,Kununurra,"Kimberley, Western Australia"
1992-05-18,1.4294011121889694,4.435422543949338,Kununurra,"Kimberley, Western Australia"
1992-05-19,0.0,4.435422543949338,Kununurra,"Kimberley, Western Australia"
1992-05-20,0.0,4.435422543949338,Kununurra,"Kimberley, Western Australia"
1992-05-21,0.0,4.435422543949338,Kununurra,"Kimberley, Western Australia"
1992-05-22,1.0277413475158346,4.435422543949338,Kununurra,"Kimberley, Western Australia"
1992-05-23,0.0,4.435422543949338,Kununurra,"Kimberley, Western Australia"
1992-05-24,0.0,4.435422543949338,Kununurra,"Kimberley, Western Australia"
1992-05-25,0.0,4.435422543949338,Kununurra,"Kimberley, Western Australia"
1992-05-26,0.0,4.435422543949338,Kununurra,"Kimberley, Western Australia"
1992-05-27,0.0,4.435422543949338,Kununurra,"Kimberley, Western Australia"
1992-05-28,0.0,4.435422543949338,Kununurra,"Kimberley, Western Australia"
1992-05-29,0.2677647231006033,4.435422543949338,Kununurra,"Kimberley, Western Australia"
1992-05-30,0.0,4.435422543949338,Kununurra,"Kimberley, Western Australia"
1992-05-31,0.0,4.435422543949338,Kununurra,"Kimberley, Western Australia"
1992-06-01,8.43759356708667,67.24810191611778,Kununurra,"Kimberley, Western Australia"
1992-06-02,0.0,67.24810191611778,Kununurra,"Kimberley, Western Australia"
1992-06-03,8.608976833133118,67.24810191611778,Kununurra,"Kimberley, Western Australia"
1992-06-04,0.0,67.24810191611778,Kununurra,"Kimberley, Western Australia"
1992-06-05,0.0,67.24810191611778,Kununurra,"Kimberley, Western Australia"
1992-06-06,0.0,67.24810191611778,Kununurra,"Kimberley, Western Australia"
1992-06-07,0.0,67.24810191611778,Kununurra,"Kimberley, Western Australia"
1992-06-08,0.0,67.24810191611778,Kununurra,"Kimberley, Western Australia"
1992-06-09,0.0,67.24810191611778,Kununurra,"Kimberley, Western Australia"
1992-06-10,5.22753725512874,67.24810191611778,Kununurra,"Kimberley, Western Australia"
1992-06-11,3.0543669616656945,67.24810191611778,Kununurra,"Kimberley, Western Australia"
1992-06-12,0.0,67.24810191611778,Kununurra,"Kimberley, Western Australia"
1992-06-13,0.0,67.24810191611778,Kununurra,"Kimberley, Western Australia"
1992-06-14,0.0,67.24810191611778,Kununurra,"Kimberley, Western Australia"
1992-06-15,0.0,67.24810191611778,Kununurra,"Kimberley, Western Australia"
1992-06-16,12.522220915837014,67.24810191611778,Kununurra,"Kimberley, Western Australia"
1992-06-17,6.348095470986159,67.24810191611778,Kununurra,"Kimberley, Western Australia"
1992-06-18,0.0,67.24810191611778,Kununurra,"Kimberley, Western Australia"
1992-06-19,0.0,67.24810191611778,Kununurra,"Kimberley, Western Australia"
1992-06-20,7.737768924157033,67.24810191611778,Kununurra,"Kimberley, Western Australia"
1992-06-21,0.0,67.24810191611778,Kununurra,"Kimberley, Western Australia"
1992-06-22,0.0,67.24810191611778,Kununurra,"Kimberley, Western Australia"
1992-06-23,4.113345844399683,67.24810191611778,Kununurra,"Kimberley, Western Australia"
1992-06-24,0.0,67.24810191611778,Kununurra,"Kimberley, Western Australia"
1992-06-25,6.319386059091352,67.24810191611778,Kununurra,"Kimberley, Western Australia"
1992-06-26,4.878810084632304,67.24810191611778,Kununurra,"Kimberley, Western Australia"
1992-06-27,0.0,67.24810191611778,Kununurra,"Kimberley, Western Australia"
1992-06-28,0.0,67.24810191611778,Kununurra,"Kimberley, Western Australia"
1992-06-29,0.0,67.24810191611778,Kununurra,"Kimberley, Western Australia"
1992-06-30,0.0,67.24810191611778,Kununurra,"Kimberley, Western Australia"
1992-07-01,2.765155635114845,26.868541730610847,Kununurra,"Kimberley, Western Australia"
1992-07-02,0.0,26.868541730610847,Kununurra,"Kimberley, Western Australia"
1992-07-03,0.0,26.868541730610847,Kununurra,"Kimberley, Western Australia"
1992-07-04,0.0,26.868541730610847,Kununurra,"Kimberley, Western Australia"
1992-07-05,0.0,26.868541730610847,Kununurra,"Kimberley, Western Australia"
1992-07-06,0.0,26.868541730610847,Kununurra,"Kimberley, Western Australia"
1992-07-07,0.0,26.868541730610847,Kununurra,"Kimberley, Western Australia"
1992-07-08,0.0,26.868541730610847,Kununurra,"Kimberley, Western Australia"
1992-07-09,0.0,26.868541730610847,Kununurra,"Kimberley, Western Australia"
1992-07-10,0.0,26.868541730610847,Kununurra,"Kimberley, Western Australia"
1992-07-11,0.0,26.868541730610847,Kununurra,"Kimberley, Western Australia"
1992-07-12,0.0,26.868541730610847,Kununurra,"Kimberley, Western Australia"
1992-07-13,0.0,26.868541730610847,Kununurra,"Kimberley, Western Australia"
1992-07-14,0.0,26.868541730610847,Kununurra,"Kimberley, Western Australia"
1992-07-15,0.0,26.868541730610847,Kununurra,"Kimberley, Western Australia"
1992-07-16,7.16021059081401,26.868541730610847,Kununurra,"Kimberley, Western Australia"
1992-07-17,0.0,26.868541730610847,Kununurra,"Kimberley, Western Australia"
1992-07-18,0.0,26.868541730610847,Kununurra,"Kimberley, Western Australia"
1992-07-19,4.976134172658203,26.868541730610847,Kununurra,"Kimberley, Western Australia"
1992-07-20,11.235695743005065,26.868541730610847,Kununurra,"Kimberley, Western Australia"
1992-07-21,0.0,26.868541730610847,Kununurra,"Kimberley, Western Australia"
1992-07-22,0.0,26.868541730610847,Kununurra,"Kimberley, Western Australia"
1992-07-23,0.0,26.868541730610847,Kununurra,"Kimberley, Western Australia"
1992-07-24,0.0,26.868541730610847,Kununurra,"Kimberley, Western Australia"
1992-07-25,0.0,26.868541730610847,Kununurra,"Kimberley, Western Australia"
1992-07-26,0.0,26.868541730610847,Kununurra,"Kimberley, Western Australia"
1992-07-27,0.0,26.868541730610847,Kununurra,"Kimberley, Western Australia"
1992-07-28,0.0,26.868541730610847,Kununurra,"Kimberley, Western Australia"
1992-07-29,0.0,26.868541730610847,Kununurra,"Kimberley, Western Australia"
1992-07-30,0.7313455890187213,26.868541730610847,Kununurra,"Kimberley, Western Australia"
1992-07-31,0.0,26.868541730610847,Kununurra,"Kimberley, Western Australia"
1992-08-01,0.0,58.45009642354142,Kununurra,"Kimberley, Western Australia"
1992-08-02,0.0,58.45009642354142,Kununurra,"Kimberley, Western Australia"
1992-08-03,0.0,58.45009642354142,Kununurra,"Kimberley, Western Australia"
1992-08-04,8.744178801673375,58.45009642354142,Kununurra,"Kimberley, Western Australia"
1992-08-05,0.0,58.45009642354142,Kununurra,"Kimberley, Western Australia"
1992-08-06,0.0,58.45009642354142,Kununurra,"Kimberley, Western Australia"
1992-08-07,0.0,58.45009642354142,Kununurra,"Kimberley, Western Australia"
1992-08-08,0.0,58.45009642354142,Kununurra,"Kimberley, Western Australia"
1992-08-09,0.0,58.45009642354142,Kununurra,"Kimberley, Western Australia"
1992-08-10,8.621893081604785,58.45009642354142,Kununurra,"Kimberley, Western Australia"
1992-08-11,5.962820092121407,58.45009642354142,Kununurra,"Kimberley, Western Australia"
1992-08-12,0.0,58.45009642354142,Kununurra,"Kimberley, Western Australia"
1992-08-13,0.0,58.45009642354142,Kununurra,"Kimberley, Western Australia"
1992-08-14,0.0,58.45009642354142,Kununurra,"Kimberley, Western Australia"
1992-08-15,0.0,58.45009642354142,Kununurra,"Kimberley, Western Australia"
1992-08-16,0.0,58.45009642354142,Kununurra,"Kimberley, Western Australia"
1992-08-17,8.305536623803386,58.45009642354142,Kununurra,"Kimberley, Western Australia"
1992-08-18,0.0,58.45009642354142,Kununurra,"Kimberley, Western Australia"
1992-08-19,0.0,58.45009642354142,Kununurra,"Kimberley, Western Australia"
1992-08-20,7.828468750036145,58.45009642354142,Kununurra,"Kimberley, Western Australia"
1992-08-21,0.0,58.45009642354142,Kununurra,"Kimberley, Western Australia"
1992-08-22,5.94053926657824,58.45009642354142,Kununurra,"Kimberley, Western Australia"
1992-08-23,0.0,58.45009642354142,Kununurra,"Kimberley, Western Australia"
1992-08-24,13.04665980772408,58.45009642354142,Kununurra,"Kimberley, Western Australia"
1992-08-25,0.0,58.45009642354142,Kununurra,"Kimberley, Western Australia"
1992-08-26,0.0,58.45009642354142,Kununurra,"Kimberley, Western Australia"
1992-08-27,0.0,58.45009642354142,Kununurra,"Kimberley, Western Australia"
1992-08-28,0.0,58.45009642354142,Kununurra,"Kimberley, Western Australia"
1992-08-29,0.0,58.45009642354142,Kununurra,"Kimberley, Western Australia"
1992-08-30,0.0,58.45009642354142,Kununurra,"Kimberley, Western Australia"
1992-08-31,0.0,58.45009642354142,Kununurra,"Kimberley, Western Australia"
1992-09-01,14.22297675116555,42.53908901578379,Kununurra,"Kimberley, Western Australia"
1992-09-02,0.0,42.53908901578379,Kununurra,"Kimberley, Western Australia"
1992-09-03,0.0,42.53908901578379,Kununurra,"Kimberley, Western Australia"
1992-09-04,0.0,42.53908901578379,Kununurra,"Kimberley, Western Australia"
1992-09-05,2.943752324058035,42.53908901578379,Kununurra,"Kimberley, Western Australia"
1992-09-06,0.0,42.53908901578379,Kununurra,"Kimberley, Western Australia"
1992-09-07,0.0,42.53908901578379,Kununurra,"Kimberley, Western Australia"
1992-09-08,0.0,42.53908901578379,Kununurra,"Kimberley, Western Australia"
1992-09-09,0.0,42.53908901578379,Kununurra,"Kimberley, Western Australia"
1992-09-10,2.67152114157503,42.53908901578379,Kununurra,"Kimberley, Western Australia"
1992-09-11,5.114572795014025,42.53908901578379,Kununurra,"Kimberley, Western Australia"
1992-09-12,0.0,42.53908901578379,Kununurra,"Kimberley, Western Australia"
1992-09-13,0.0,42.53908901578379,Kununurra,"Kimberley, Western Australia"
1992-09-14,10.584673188577815,42.53908901578379,Kununurra,"Kimberley, Western Australia"
1992-09-15,0.0,42.53908901578379,Kununurra,"Kimberley, Western Australia"
1992-09-16,0.0,42.53908901578379,Kununurra,"Kimberley, Western Australia"
1992-09-17,0.0,42.53908901578379,Kununurra,"Kimberley, Western Australia"
1992-09-18,0.0,42.53908901578379,Kununurra,"Kimberley, Western Australia"
1992-09-19,0.0,42.53908901578379,Kununurra,"Kimberley, Western Australia"
1992-09-20,0.0,42.53908901578379,Kununurra,"Kimberley, Western Australia"
1992-09-21,7.001592815393335,42.53908901578379,Kununurra,"Kimberley, Western Australia"
1992-09-22,0.0,42.53908901578379,Kununurra,"Kimberley, Western Australia"
1992-09-23,0.0,42.53908901578379,Kununurra,"Kimberley, Western Australia"
1992-09-24,0.0,42.53908901578379,Kununurra,"Kimberley, Western Australia"
1992-09-25,0.0,42.53908901578379,Kununurra,"Kimberley, Western Australia"
1992-09-26,0.0,42.53908901578379,Kununurra,"Kimberley, Western Australia"
1992-09-27,0.0,42.53908901578379,Kununurra,"Kimberley, Western Australia"
1992-09-28,0.0,42.53908901578379,Kununurra,"Kimberley, Western Australia"
1992-09-29,0.0,42.53908901578379,Kununurra,"Kimberley, Western Australia"
1992-09-30,0.0,42.53908901578379,Kununurra,"Kimberley, Western Australia"
1992-10-01,0.0,55.45254198868041,Kununurra,"Kimberley, Western Australia"
1992-10-02,0.0,55.45254198868041,Kununurra,"Kimberley, Western Australia"
1992-10-03,0.0,55.45254198868041,Kununurra,"Kimberley, Western Australia"
1992-10-04,0.0,55.45254198868041,Kununurra,"Kimberley, Western Australia"
1992-10-05,18.44465169618001,55.45254198868041,Kununurra,"Kimberley, Western Australia"
1992-10-06,0.0,55.45254198868041,Kununurra,"Kimberley, Western Australia"
1992-10-07,6.129566157253719,55.45254198868041,Kununurra,"Kimberley, Western Australia"
1992-10-08,0.0,55.45254198868041,Kununurra,"Kimberley, Western Australia"
1992-10-09,0.0,55.45254198868041,Kununurra,"Kimberley, Western Australia"
1992-10-10,0.0,55.45254198868041,Kununurra,"Kimberley, Western Australia"
1992-10-11,0.0,55.45254198868041,Kununurra,"Kimberley, Western Australia"
1992-10-12,0.0,55.45254198868041,Kununurra,"Kimberley, Western Australia"
1992-10-13,0.0,55.45254198868041,Kununurra,"Kimberley, Western Australia"
1992-10-14,0.0,55.45254198868041,Kununurra,"Kimberley, Western Australia"
1992-10-15,0.0,55.45254198868041,Kununurra,"Kimberley, Western Australia"
1992-10-16,0.0,55.45254198868041,Kununurra,"Kimberley, Western Australia"
1992-10-17,4.8355806753401325,55.45254198868041,Kununurra,"Kimberley, Western Australia"
1992-10-18,0.0,55.45254198868041,Kununurra,"Kimberley, Western Australia"
1992-10-19,0.994851700323,55.45254198868041,Kununurra,"Kimberley, Western Australia"
1992-10-20,0.0,55.45254198868041,Kununurra,"Kimberley, Western Australia"
1992-10-21,5.972557969053972,55.45254198868041,Kununurra,"Kimberley, Western Australia"
1992-10-22,0.0,55.45254198868041,Kununurra,"Kimberley, Western Australia"
1992-10-23,0.0,55.45254198868041,Kununurra,"Kimberley, Western Australia"
1992-10-24,0.0,55.45254198868041,Kununurra,"Kimberley, Western Australia"
1992-10-25,0.0,55.45254198868041,Kununurra,"Kimberley, Western Australia"
1992-10-26,0.0,55.45254198868041,Kununurra,"Kimberley, Western Australia"
1992-10-27,19.075333790529577,55.45254198868041,Kununurra,"Kimberley, Western Australia"
1992-10-28,0.0,55.45254198868041,Kununurra,"Kimberley, Western Australia"
1992-10-29,0.0,55.45254198868041,Kununurra,"Kimberley, Western Australia"
1992-10-30,0.0,55.45254198868041,Kununurra,"Kimberley, Western Australia"
1992-10-31,0.0,55.45254198868041,Kununurra,"Kimberley, Western Australia"
1992-11-01,0.8837043661126334,47.54233527834342,Kununurra,"Kimberley, Western Australia"
1992-11-02,0.7090716992940527,47.54233527834342,Kununurra,"Kimberley, Western Australia"
1992-11-03,0.0,47.54233527834342,Kununurra,"Kimberley, Western Australia"
1992-11-04,0.0,47.54233527834342,Kununurra,"Kimberley, Western Australia"
1992-11-05,0.0,47.54233527834342,Kununurra,"Kimberley, Western Australia"
1992-11-06,0.0,47.54233527834342,Kununurra,"Kimberley, Western Australia"
1992-11-07,0.0,47.54233527834342,Kununurra,"Kimberley, Western Australia"
1992-11-08,0.0,47.54233527834342,Kununurra,"Kimberley, Western Australia"
1992-11-09,0.0,47.54233527834342,Kununurra,"Kimberley, Western Australia"
1992-11-10,0.0,47.54233527834342,Kununurra,"Kimberley, Western Australia"
1992-11-11,4.733844513379418,47.54233527834342,Kununurra,"Kimberley, Western Australia"
1992-11-12,0.0,47.54233527834342,Kununurra,"Kimberley, Western Australia"
1992-11-13,0.0,47.54233527834342,Kununurra,"Kimberley, Western Australia"
1992-11-14,0.0,47.54233527834342,Kununurra,"Kimberley, Western Australia"
1992-11-15,2.335409375107439,47.54233527834342,Kununurra,"Kimberley, Western Australia"
1992-11-16,5.681075654499195,47.54233527834342,Kununurra,"Kimberley, Western Australia"
1992-11-17,3.9414960186140506,47.54233527834342,Kununurra,"Kimberley, Western Australia"
1992-11-18,9.392848453143145,47.54233527834342,Kununurra,"Kimberley, Western Australia"
1992-11-19,6.55541450391798,47.54233527834342,Kununurra,"Kimberley, Western Australia"
1992-11-20,0.0,47.54233527834342,Kununurra,"Kimberley, Western Australia"
1992-11-21,0.0,47.54233527834342,Kununurra,"Kimberley, Western Australia"
1992-11-22,6.55549725680199,47.54233527834342,Kununurra,"Kimberley, Western Australia"
1992-11-23,3.295406346274598,47.54233527834342,Kununurra,"Kimberley, Western Australia"
1992-11-24,0.0,47.54233527834342,Kununurra,"Kimberley, Western Australia"
1992-11-25,0.0,47.54233527834342,Kununurra,"Kimberley, Western Australia"
1992-11-26,2.3507100431787022,47.54233527834342,Kununurra,"Kimberley, Western Australia"
1992-11-27,0.0,47.54233527834342,Kununurra,"Kimberley, Western Australia"
1992-11-28,1.10785704802022,47.54233527834342,Kununurra,"Kimberley, Western Australia"
1992-11-29,0.0,47.54233527834342,Kununurra,"Kimberley, Western Australia"
1992-11-30,0.0,47.54233527834342,Kununurra,"Kimberley, Western Australia"
1992-12-01,4.361096675015114,77.56315055047118,Kununurra,"Kimberley, Western Australia"
1992-12-02,11.555537321929219,77.56315055047118,Kununurra,"Kimberley, Western Australia"
1992-12-03,0.0,77.56315055047118,Kununurra,"Kimberley, Western Australia"
1992-12-04,4.437049038587262,77.56315055047118,Kununurra,"Kimberley, Western Australia"
1992-12-05,0.0,77.56315055047118,Kununurra,"Kimberley, Western Australia"
1992-12-06,0.0,77.56315055047118,Kununurra,"Kimberley, Western Australia"
1992-12-07,11.817691642061451,77.56315055047118,Kununurra,"Kimberley, Western Australia"
1992-12-08,11.6543089508505,77.56315055047118,Kununurra,"Kimberley, Western Australia"
1992-12-09,8.918433351154764,77.56315055047118,Kununurra,"Kimberley, Western Australia"
1992-12-10,0.0,77.56315055047118,Kununurra,"Kimberley, Western Australia"
1992-12-11,0.0,77.56315055047118,Kununurra,"Kimberley, Western Australia"
1992-12-12,0.0,77.56315055047118,Kununurra,"Kimberley, Western Australia"
1992-12-13,0.0,77.56315055047118,Kununurra,"Kimberley, Western Australia"
1992-12-14,0.0,77.56315055047118,Kununurra,"Kimberley, Western Australia"
1992-12-15,0.0,77.56315055047118,Kununurra,"Kimberley, Western Australia"
1992-12-16,0.0,77.56315055047118,Kununurra,"Kimberley, Western Australia"
1992-12-17,0.0,77.56315055047118,Kununurra,"Kimberley, Western Australia"
1992-12-18,0.0,77.56315055047118,Kununurra,"Kimberley, Western Australia"
1992-12-19,3.5189729173355477,77.56315055047118,Kununurra,"Kimberley, Western Australia"
1992-12-20,0.0,77.56315055047118,Kununurra,"Kimberley, Western Australia"
1992-12-21,0.0,77.56315055047118,Kununurra,"Kimberley, Western Australia"
1992-12-22,0.0,77.56315055047118,Kununurra,"Kimberley, Western Australia"
1992-12-23,0.0,77.56315055047118,Kununurra,"Kimberley, Western Australia"
1992-12-24,5.615071219630684,77.56315055047118,Kununurra,"Kimberley, Western Australia"
1992-12-25,4.024467060190148,77.56315055047118,Kununurra,"Kimberley, Western Australia"
1992-12-26,7.369854980636329,77.56315055047118,Kununurra,"Kimberley, Western Australia"
1992-12-27,0.7176311209349293,77.56315055047118,Kununurra,"Kimberley, Western Australia"
1992-12-28,0.1390422354383712,77.56315055047118,Kununurra,"Kimberley, Western Australia"
1992-12-29,0.0,77.56315055047118,Kununurra,"Kimberley, Western Australia"
1992-12-30,0.0,77.56315055047118,Kununurra,"Kimberley, Western Australia"
1992-12-31,3.4339940367068653,77.56315055047118,Kununurra,"Kimberley, Western Australia"
1993-01-01,0.0,74.56066595492031,Kununurra,"Kimberley, Western Australia"
1993-01-02,0.0,74.56066595492031,Kununurra,"Kimberley, Western Australia"
1993-01-03,0.0,74.56066595492031,Kununurra,"Kimberley, Western Australia"
1993-01-04,4.374107871499652,74.56066595492031,Kununurra,"Kimberley, Western Australia"
1993-01-05,0.0,74.56066595492031,Kununurra,"Kimberley, Western Australia"
1993-01-06,0.0,74.56066595492031,Kununurra,"Kimberley, Western Australia"
1993-01-07,5.5309305102219355,74.56066595492031,Kununurra,"Kimberley, Western Australia"
1993-01-08,3.776123089038249,74.56066595492031,Kununurra,"Kimberley, Western Australia"
1993-01-09,0.0,74.56066595492031,Kununurra,"Kimberley, Western Australia"
1993-01-10,5.91881794161416,74.56066595492031,Kununurra,"Kimberley, Western Australia"
1993-01-11,0.0,74.56066595492031,Kununurra,"Kimberley, Western Australia"
1993-01-12,8.537924918469528,74.56066595492031,Kununurra,"Kimberley, Western Australia"
1993-01-13,0.0,74.56066595492031,Kununurra,"Kimberley, Western Australia"
1993-01-14,0.0,74.56066595492031,Kununurra,"Kimberley, Western Australia"
1993-01-15,9.598398146695029,74.56066595492031,Kununurra,"Kimberley, Western Australia"
1993-01-16,0.0,74.56066595492031,Kununurra,"Kimberley, Western Australia"
1993-01-17,5.081526617662105,74.56066595492031,Kununurra,"Kimberley, Western Australia"
1993-01-18,2.909082570351442,74.56066595492031,Kununurra,"Kimberley, Western Australia"
1993-01-19,0.0,74.56066595492031,Kununurra,"Kimberley, Western Australia"
1993-01-20,0.0,74.56066595492031,Kununurra,"Kimberley, Western Australia"
1993-01-21,0.0,74.56066595492031,Kununurra,"Kimberley, Western Australia"
1993-01-22,0.0,74.56066595492031,Kununurra,"Kimberley, Western Australia"
1993-01-23,0.0,74.56066595492031,Kununurra,"Kimberley, Western Australia"
1993-01-24,0.0,74.56066595492031,Kununurra,"Kimberley, Western Australia"
1993-01-25,0.0,74.56066595492031,Kununurra,"Kimberley, Western Australia"
1993-01-26,0.0,74.56066595492031,Kununurra,"Kimberley, Western Australia"
1993-01-27,7.279154416434558,74.56066595492031,Kununurra,"Kimberley, Western Australia"
1993-01-28,13.537032091648602,74.56066595492031,Kununurra,"Kimberley, Western Australia"
1993-01-29,0.0,74.56066595492031,Kununurra,"Kimberley, Western Australia"
1993-01-30,5.449044476758152,74.56066595492031,Kununurra,"Kimberley, Western Australia"
1993-01-31,2.5685233045268916,74.56066595492031,Kununurra,"Kimberley, Western Australia"
1993-02-01,0.0,42.54184231257909,Kununurra,"Kimberley, Western Australia"
1993-02-02,10.083012956108963,42.54184231257909,Kununurra,"Kimberley, Western Australia"
1993-02-03,2.5518016722537147,42.54184231257909,Kununurra,"Kimberley, Western Australia"
1993-02-04,0.0,42.54184231257909,Kununurra,"Kimberley, Western Australia"
1993-02-05,0.0,42.54184231257909,Kununurra,"Kimberley, Western Australia"
1993-02-06,5.27893414357159,42.54184231257909,Kununurra,"Kimberley, Western Australia"
1993-02-07,0.0,42.54184231257909,Kununurra,"Kimberley, Western Australia"
1993-02-08,0.0,42.54184231257909,Kununurra,"Kimberley, Western Australia"
1993-02-09,12.403536891618103,42.54184231257909,Kununurra,"Kimberley, Western Australia"
1993-02-10,0.0,42.54184231257909,Kununurra,"Kimberley, Western Australia"
1993-02-11,0.0,42.54184231257909,Kununurra,"Kimberley, Western Australia"
1993-02-12,0.0,42.54184231257909,Kununurra,"Kimberley, Western Australia"
1993-02-13,0.0,42.54184231257909,Kununurra,"Kimberley, Western Australia"
1993-02-14,0.0,42.54184231257909,Kununurra,"Kimberley, Western Australia"
1993-02-15,0.0,42.54184231257909,Kununurra,"Kimberley, Western Australia"
1993-02-16,0.0,42.54184231257909,Kununurra,"Kimberley, Western Australia"
1993-02-17,0.0,42.54184231257909,Kununurra,"Kimberley, Western Australia"
1993-02-18,0.0,42.54184231257909,Kununurra,"Kimberley, Western Australia"
1993-02-19,0.0,42.54184231257909,Kununurra,"Kimberley, Western Australia"
1993-02-20,12.224556649026725,42.54184231257909,Kununurra,"Kimberley, Western Australia"
1993-02-21,0.0,42.54184231257909,Kununurra,"Kimberley, Western Australia"
1993-02-22,0.0,42.54184231257909,Kununurra,"Kimberley, Western Australia"
1993-02-23,0.0,42.54184231257909,Kununurra,"Kimberley, Western Australia"
1993-02-24,0.0,42.54184231257909,Kununurra,"Kimberley, Western Australia"
1993-02-25,0.0,42.54184231257909,Kununurra,"Kimberley, Western Australia"
1993-02-26,0.0,42.54184231257909,Kununurra,"Kimberley, Western Australia"
1993-02-27,0.0,42.54184231257909,Kununurra,"Kimberley, Western Australia"
1993-02-28,0.0,42.54184231257909,Kununurra,"Kimberley, Western Australia"
1993-03-01,0.0,40.86451092160024,Kununurra,"Kimberley, Western Australia"
1993-03-02,0.0,40.86451092160024,Kununurra,"Kimberley, Western Australia"
1993-03-03,0.0,40.86451092160024,Kununurra,"Kimberley, Western Australia"
1993-03-04,0.0,40.86451092160024,Kununurra,"Kimberley, Western Australia"
1993-03-05,0.0,40.86451092160024,Kununurra,"Kimberley, Western Australia"
1993-03-06,0.0,40.86451092160024,Kununurra,"Kimberley, Western Australia"
1993-03-07,2.311576519206294,40.86451092160024,Kununurra,"Kimberley, Western Australia"
1993-03-08,7.193217119143959,40.86451092160024,Kununurra,"Kimberley, Western Australia"
1993-03-09,0.0,40.86451092160024,Kununurra,"Kimberley, Western Australia"
1993-03-10,10.320553405622253,40.86451092160024,Kununurra,"Kimberley, Western Australia"
1993-03-11,0.0,40.86451092160024,Kununurra,"Kimberley, Western Australia"
1993-03-12,0.0,40.86451092160024,Kununurra,"Kimberley, Western Australia"
1993-03-13,7.340671899625142,40.86451092160024,Kununurra,"Kimberley, Western Australia"
1993-03-14,0.0,40.86451092160024,Kununurra,"Kimberley, Western Australia"
1993-03-15,0.0,40.86451092160024,Kununurra,"Kimberley, Western Australia"
1993-03-16,2.341658923782727,40.86451092160024,Kununurra,"Kimberley, Western Australia"
1993-03-17,0.0,40.86451092160024,Kununurra,"Kimberley, Western Australia"
1993-03-18,0.0,40.86451092160024,Kununurra,"Kimberley, Western Australia"
1993-03-19,0.0,40.86451092160024,Kununurra,"Kimberley, Western Australia"
1993-03-20,0.0,40.86451092160024,Kununurra,"Kimberley, Western Australia"
1993-03-21,5.118413138975059,40.86451092160024,Kununurra,"Kimberley, Western Australia"
1993-03-22,0.0,40.86451092160024,Kununurra,"Kimberley, Western Australia"
1993-03-23,0.0,40.86451092160024,Kununurra,"Kimberley, Western Australia"
1993-03-24,0.0,40.86451092160024,Kununurra,"Kimberley, Western Australia"
1993-03-25,0.0,40.86451092160024,Kununurra,"Kimberley, Western Australia"
1993-03-26,0.0,40.86451092160024,Kununurra,"Kimberley, Western Australia"
1993-03-27,0.0,40.86451092160024,Kununurra,"Kimberley, Western Australia"
1993-03-28,0.0,40.86451092160024,Kununurra,"Kimberley, Western Australia"
1993-03-29,0.0,40.86451092160024,Kununurra,"Kimberley, Western Australia"
1993-03-30,6.2384199152448065,40.86451092160024,Kununurra,"Kimberley, Western Australia"
1993-03-31,0.0,40.86451092160024,Kununurra,"Kimberley, Western Australia"
1993-04-01,0.0,60.22051112054912,Kununurra,"Kimberley, Western Australia"
1993-04-02,0.0,60.22051112054912,Kununurra,"Kimberley, Western Australia"
1993-04-03,0.0,60.22051112054912,Kununurra,"Kimberley, Western Australia"
1993-04-04,0.0,60.22051112054912,Kununurra,"Kimberley, Western Australia"
1993-04-05,0.0,60.22051112054912,Kununurra,"Kimberley, Western Australia"
1993-04-06,0.0,60.22051112054912,Kununurra,"Kimberley, Western Australia"
1993-04-07,5.729709572060097,60.22051112054912,Kununurra,"Kimberley, Western Australia"
1993-04-08,0.0,60.22051112054912,Kununurra,"Kimberley, Western Australia"
1993-04-09,1.19854131752054,60.22051112054912,Kununurra,"Kimberley, Western Australia"
1993-04-10,6.16193382079579,60.22051112054912,Kununurra,"Kimberley, Western Australia"
1993-04-11,0.0,60.22051112054912,Kununurra,"Kimberley, Western Australia"
1993-04-12,0.0,60.22051112054912,Kununurra,"Kimberley, Western Australia"
1993-04-13,12.104370745064273,60.22051112054912,Kununurra,"Kimberley, Western Australia"
1993-04-14,0.0,60.22051112054912,Kununurra,"Kimberley, Western Australia"
1993-04-15,5.731789773299959,60.22051112054912,Kununurra,"Kimberley, Western Australia"
1993-04-16,0.0,60.22051112054912,Kununurra,"Kimberley, Western Australia"
1993-04-17,0.0,60.22051112054912,Kununurra,"Kimberley, Western Australia"
1993-04-18,6.566279554706663,60.22051112054912,Kununurra,"Kimberley, Western Australia"
1993-04-19,0.0,60.22051112054912,Kununurra,"Kimberley, Western Australia"
1993-04-20,0.0,60.22051112054912,Kununurra,"Kimberley, Western Australia"
1993-04-21,0.0,60.22051112054912,Kununurra,"Kimberley, Western Australia"
1993-04-22,0.0,60.22051112054912,Kununurra,"Kimberley, Western Australia"
1993-04-23,14.718663930926494,60.22051112054912,Kununurra,"Kimberley, Western Australia"
1993-04-24,0.0,60.22051112054912,Kununurra,"Kimberley, Western Australia"
1993-04-25,3.159631584319622,60.22051112054912,Kununurra,"Kimberley, Western Australia"
1993-04-26,0.0,60.22051112054912,Kununurra,"Kimberley, Western Australia"
1993-04-27,1.9729156340162657,60.22051112054912,Kununurra,"Kimberley, Western Australia"
1993-04-28,2.876675187839413,60.22051112054912,Kununurra,"Kimberley, Western Australia"
1993-04-29,0.0,60.22051112054912,Kununurra,"Kimberley, Western Australia"
1993-04-30,0.0,60.22051112054912,Kununurra,"Kimberley, Western Australia"
1993-05-01,0.0,43.31498965505215,Kununurra,"Kimberley, Western Australia"
1993-05-02,2.9702749753753888,43.31498965505215,Kununurra,"Kimberley, Western Australia"
1993-05-03,0.0,43.31498965505215,Kununurra,"Kimberley, Western Australia"
1993-05-04,0.0,43.31498965505215,Kununurra,"Kimberley, Western Australia"
1993-05-05,0.0,43.31498965505215,Kununurra,"Kimberley, Western Australia"
1993-05-06,0.0,43.31498965505215,Kununurra,"Kimberley, Western Australia"
1993-05-07,0.0,43.31498965505215,Kununurra,"Kimberley, Western Australia"
1993-05-08,0.0,43.31498965505215,Kununurra,"Kimberley, Western Australia"
1993-05-09,0.0,43.31498965505215,Kununurra,"Kimberley, Western Australia"
1993-05-10,0.0,43.31498965505215,Kununurra,"Kimberley, Western Australia"
1993-05-11,12.860942855566297,43.31498965505215,Kununurra,"Kimberley, Western Australia"
1993-05-12,0.0,43.31498965505215,Kununurra,"Kimberley, Western Australia"
1993-05-13,0.0,43.31498965505215,Kununurra,"Kimberley, Western Australia"
1993-05-14,6.201495950412644,43.31498965505215,Kununurra,"Kimberley, Western Australia"
1993-05-15,0.0,43.31498965505215,Kununurra,"Kimberley, Western Australia"
1993-05-16,0.0,43.31498965505215,Kununurra,"Kimberley, Western Australia"
1993-05-17,0.0,43.31498965505215,Kununurra,"Kimberley, Western Australia"
1993-05-18,0.0,43.31498965505215,Kununurra,"Kimberley, Western Australia"
1993-05-19,5.774373847102545,43.31498965505215,Kununurra,"Kimberley, Western Australia"
1993-05-20,0.0,43.31498965505215,Kununurra,"Kimberley, Western Australia"
1993-05-21,0.0,43.31498965505215,Kununurra,"Kimberley, Western Australia"
1993-05-22,0.0,43.31498965505215,Kununurra,"Kimberley, Western Australia"
1993-05-23,0.0,43.31498965505215,Kununurra,"Kimberley, Western Australia"
1993-05-24,0.0,43.31498965505215,Kununurra,"Kimberley, Western Australia"
1993-05-25,0.0,43.31498965505215,Kununurra,"Kimberley, Western Australia"
1993-05-26,0.0,43.31498965505215,Kununurra,"Kimberley, Western Australia"
1993-05-27,0.0,43.31498965505215,Kununurra,"Kimberley, Western Australia"
1993-05-28,15.507902026595275,43.31498965505215,Kununurra,"Kimberley, Western Australia"
1993-05-29,0.0,43.31498965505215,Kununurra,"Kimberley, Western Australia"
1993-05-30,0.0,43.31498965505215,Kununurra,"Kimberley, Western Australia"
1993-05-31,0.0,43.31498965505215,Kununurra,"Kimberley, Western Australia"
1993-06-01,0.0,28.960617832703328,Kununurra,"Kimberley, Western Australia"
1993-06-02,0.9841547396864629,28.960617832703328,Kununurra,"Kimberley, Western Australia"
1993-06-03,5.640167929229921,28.960617832703328,Kununurra,"Kimberley, Western Australia"
1993-06-04,0.0,28.960617832703328,Kununurra,"Kimberley, Western Australia"
1993-06-05,0.0,28.960617832703328,Kununurra,"Kimberley, Western Australia"
1993-06-06,0.0,28.960617832703328,Kununurra,"Kimberley, Western Australia"
1993-06-07,0.0,28.960617832703328,Kununurra,"Kimberley, Western Australia"
1993-06-08,0.0,28.960617832703328,Kununurra,"Kimberley, Western Australia"
1993-06-09,0.0,28.960617832703328,Kununurra,"Kimberley, Western Australia"
1993-06-10,0.0,28.960617832703328,Kununurra,"Kimberley, Western Australia"
1993-06-11,6.517122918631356,28.960617832703328,Kununurra,"Kimberley, Western Australia"
1993-06-12,0.0,28.960617832703328,Kununurra,"Kimberley, Western Australia"
1993-06-13,0.0,28.960617832703328,Kununurra,"Kimberley, Western Australia"
1993-06-14,0.0,28.960617832703328,Kununurra,"Kimberley, Western Australia"
1993-06-15,0.0,28.960617832703328,Kununurra,"Kimberley, Western Australia"
1993-06-16,0.0,28.960617832703328,Kununurra,"Kimberley, Western Australia"
1993-06-17,6.519544703603505,28.960617832703328,Kununurra,"Kimberley, Western Australia"
1993-06-18,0.0,28.960617832703328,Kununurra,"Kimberley, Western Australia"
1993-06-19,0.0,28.960617832703328,Kununurra,"Kimberley, Western Australia"
1993-06-20,0.0,28.960617832703328,Kununurra,"Kimberley, Western Australia"
1993-06-21,0.0,28.960617832703328,Kununurra,"Kimberley, Western Australia"
1993-06-22,0.0,28.960617832703328,Kununurra,"Kimberley, Western Australia"
1993-06-23,0.0,28.960617832703328,Kununurra,"Kimberley, Western Australia"
1993-06-24,0.0,28.960617832703328,Kununurra,"Kimberley, Western Australia"
1993-06-25,0.0,28.960617832703328,Kununurra,"Kimberley, Western Australia"
1993-06-26,0.0,28.960617832703328,Kununurra,"Kimberley, Western Australia"
1993-06-27,0.0,28.960617832703328,Kununurra,"Kimberley, Western Australia"
1993-06-28,0.0,28.960617832703328,Kununurra,"Kimberley, Western Australia"
1993-06-29,0.0,28.960617832703328,Kununurra,"Kimberley, Western Australia"
1993-06-30,9.299627541552082,28.960617832703328,Kununurra,"Kimberley, Western Australia"
1993-07-01,0.0,13.607135169717695,Kununurra,"Kimberley, Western Australia"
1993-07-02,0.0,13.607135169717695,Kununurra,"Kimberley, Western Australia"
1993-07-03,0.0,13.607135169717695,Kununurra,"Kimberley, Western Australia"
1993-07-04,0.0,13.607135169717695,Kununurra,"Kimberley, Western Australia"
1993-07-05,0.0,13.607135169717695,Kununurra,"Kimberley, Western Australia"
1993-07-06,0.0,13.607135169717695,Kununurra,"Kimberley, Western Australia"
1993-07-07,0.0,13.607135169717695,Kununurra,"Kimberley, Western Australia"
1993-07-08,3.5058612958030784,13.607135169717695,Kununurra,"Kimberley, Western Australia"
1993-07-09,2.3163406839308287,13.607135169717695,Kununurra,"Kimberley, Western Australia"
1993-07-10,0.0,13.607135169717695,Kununurra,"Kimberley, Western Australia"
1993-07-11,0.0,13.607135169717695,Kununurra,"Kimberley, Western Australia"
1993-07-12,0.0,13.607135169717695,Kununurra,"Kimberley, Western Australia"
1993-07-13,0.38280724817311435,13.607135169717695,Kununurra,"Kimberley, Western Australia"
1993-07-14,0.0,13.607135169717695,Kununurra,"Kimberley, Western Australia"
1993-07-15,0.0,13.607135169717695,Kununurra,"Kimberley, Western Australia"
1993-07-16,0.0,13.607135169717695,Kununurra,"Kimberley, Western Australia"
1993-07-17,0.0,13.607135169717695,Kununurra,"Kimberley, Western Australia"
1993-07-18,0.0,13.607135169717695,Kununurra,"Kimberley, Western Australia"
1993-07-19,0.0,13.607135169717695,Kununurra,"Kimberley, Western Australia"
1993-07-20,0.0,13.607135169717695,Kununurra,"Kimberley, Western Australia"
1993-07-21,0.0,13.607135169717695,Kununurra,"Kimberley, Western Australia"
1993-07-22,7.402125941810674,13.607135169717695,Kununurra,"Kimberley, Western Australia"
1993-07-23,0.0,13.607135169717695,Kununurra,"Kimberley, Western Australia"
1993-07-24,0.0,13.607135169717695,Kununurra,"Kimberley, Western Australia"
1993-07-25,0.0,13.607135169717695,Kununurra,"Kimberley, Western Australia"
1993-07-26,0.0,13.607135169717695,Kununurra,"Kimberley, Western Australia"
1993-07-27,0.0,13.607135169717695,Kununurra,"Kimberley, Western Australia"
1993-07-28,0.0,13.607135169717695,Kununurra,"Kimberley, Western Australia"
1993-07-29,0.0,13.607135169717695,Kununurra,"Kimberley, Western Australia"
1993-07-30,0.0,13.607135169717695,Kununurra,"Kimberley, Western Australia"
1993-07-31,0.0,13.607135169717695,Kununurra,"Kimberley, Western Australia"
1993-08-01,0.0,37.38461304086721,Kununurra,"Kimberley, Western Australia"
1993-08-02,0.0,37.38461304086721,Kununurra,"Kimberley, Western Australia"
1993-08-03,12.608049633025061,37.38461304086721,Kununurra,"Kimberley, Western Australia"
1993-08-04,0.0,37.38461304086721,Kununurra,"Kimberley, Western Australia"
1993-08-05,0.0,37.38461304086721,Kununurra,"Kimberley, Western Australia"
1993-08-06,0.0,37.38461304086721,Kununurra,"Kimberley, Western Australia"
1993-08-07,0.0,37.38461304086721,Kununurra,"Kimberley, Western Australia"
1993-08-08,0.0,37.38461304086721,Kununurra,"Kimberley, Western Australia"
1993-08-09,0.0,37.38461304086721,Kununurra,"Kimberley, Western Australia"
1993-08-10,0.0,37.38461304086721,Kununurra,"Kimberley, Western Australia"
1993-08-11,0.0,37.38461304086721,Kununurra,"Kimberley, Western Australia"
1993-08-12,0.0,37.38461304086721,Kununurra,"Kimberley, Western Australia"
1993-08-13,3.0321771744489743,37.38461304086721,Kununurra,"Kimberley, Western Australia"
1993-08-14,0.0,37.38461304086721,Kununurra,"Kimberley, Western Australia"
1993-08-15,0.0,37.38461304086721,Kununurra,"Kimberley, Western Australia"
1993-08-16,0.0,37.38461304086721,Kununurra,"Kimberley, Western Australia"
1993-08-17,0.0,37.38461304086721,Kununurra,"Kimberley, Western Australia"
1993-08-18,0.0,37.38461304086721,Kununurra,"Kimberley, Western Australia"
1993-08-19,13.32545491225045,37.38461304086721,Kununurra,"Kimberley, Western Australia"
1993-08-20,8.418931321142722,37.38461304086721,Kununurra,"Kimberley, Western Australia"
1993-08-21,0.0,37.38461304086721,Kununurra,"Kimberley, Western Australia"
1993-08-22,0.0,37.38461304086721,Kununurra,"Kimberley, Western Australia"
1993-08-23,0.0,37.38461304086721,Kununurra,"Kimberley, Western Australia"
1993-08-24,0.0,37.38461304086721,Kununurra,"Kimberley, Western Australia"
1993-08-25,0.0,37.38461304086721,Kununurra,"Kimberley, Western Australia"
1993-08-26,0.0,37.38461304086721,Kununurra,"Kimberley, Western Australia"
1993-08-27,0.0,37.38461304086721,Kununurra,"Kimberley, Western Australia"
1993-08-28,0.0,37.38461304086721,Kununurra,"Kimberley, Western Australia"
1993-08-29,0.0,37.38461304086721,Kununurra,"Kimberley, Western Australia"
1993-08-30,0.0,37.38461304086721,Kununurra,"Kimberley, Western Australia"
1993-08-31,0.0,37.38461304086721,Kununurra,"Kimberley, Western Australia"
1993-09-01,3.1222828831230633,65.29245591850203,Kununurra,"Kimberley, Western Australia"
1993-09-02,0.0,65.29245591850203,Kununurra,"Kimberley, Western Australia"
1993-09-03,0.0,65.29245591850203,Kununurra,"Kimberley, Western Australia"
1993-09-04,0.0,65.29245591850203,Kununurra,"Kimberley, Western Australia"
1993-09-05,0.0,65.29245591850203,Kununurra,"Kimberley, Western Australia"
1993-09-06,0.0,65.29245591850203,Kununurra,"Kimberley, Western Australia"
1993-09-07,0.0,65.29245591850203,Kununurra,"Kimberley, Western Australia"
1993-09-08,0.0,65.29245591850203,Kununurra,"Kimberley, Western Australia"
1993-09-09,0.0,65.29245591850203,Kununurra,"Kimberley, Western Australia"
1993-09-10,5.5332048411121795,65.29245591850203,Kununurra,"Kimberley, Western Australia"
1993-09-11,1.0203133532835276,65.29245591850203,Kununurra,"Kimberley, Western Australia"
1993-09-12,0.0,65.29245591850203,Kununurra,"Kimberley, Western Australia"
1993-09-13,5.566291846108527,65.29245591850203,Kununurra,"Kimberley, Western Australia"
1993-09-14,19.917908342472447,65.29245591850203,Kununurra,"Kimberley, Western Australia"
1993-09-15,0.0,65.29245591850203,Kununurra,"Kimberley, Western Australia"
1993-09-16,0.0,65.29245591850203,Kununurra,"Kimberley, Western Australia"
1993-09-17,0.5807006221619476,65.29245591850203,Kununurra,"Kimberley, Western Australia"
1993-09-18,11.82593893318066,65.29245591850203,Kununurra,"Kimberley, Western Australia"
1993-09-19,0.0,65.29245591850203,Kununurra,"Kimberley, Western Australia"
1993-09-20,0.0,65.29245591850203,Kununurra,"Kimberley, Western Australia"
1993-09-21,0.0,65.29245591850203,Kununurra,"Kimberley, Western Australia"
1993-09-22,0.0,65.29245591850203,Kununurra,"Kimberley, Western Australia"
1993-09-23,0.0,65.29245591850203,Kununurra,"Kimberley, Western Australia"
1993-09-24,0.0,65.29245591850203,Kununurra,"Kimberley, Western Australia"
1993-09-25,0.0,65.29245591850203,Kununurra,"Kimberley, Western Australia"
1993-09-26,10.961131503535718,65.29245591850203,Kununurra,"Kimberley, Western Australia"
1993-09-27,0.0,65.29245591850203,Kununurra,"Kimberley, Western Australia"
1993-09-28,5.488173961574583,65.29245591850203,Kununurra,"Kimberley, Western Australia"
1993-09-29,0.0,65.29245591850203,Kununurra,"Kimberley, Western Australia"
1993-09-30,1.2765096319493705,65.29245591850203,Kununurra,"Kimberley, Western Australia"
1993-10-01,0.0,31.04911093161957,Kununurra,"Kimberley, Western Australia"
1993-10-02,0.0,31.04911093161957,Kununurra,"Kimberley, Western Australia"
1993-10-03,2.3528896652368076,31.04911093161957,Kununurra,"Kimberley, Western Australia"
1993-10-04,0.0,31.04911093161957,Kununurra,"Kimberley, Western Australia"
1993-10-05,0.0,31.04911093161957,Kununurra,"Kimberley, Western Australia"
1993-10-06,0.0,31.04911093161957,Kununurra,"Kimberley, Western Australia"
1993-10-07,0.0,31.04911093161957,Kununurra,"Kimberley, Western Australia"
1993-10-08,0.0,31.04911093161957,Kununurra,"Kimberley, Western Australia"
1993-10-09,0.0,31.04911093161957,Kununurra,"Kimberley, Western Australia"
1993-10-10,0.0,31.04911093161957,Kununurra,"Kimberley, Western Australia"
1993-10-11,0.0,31.04911093161957,Kununurra,"Kimberley, Western Australia"
1993-10-12,0.0,31.04911093161957,Kununurra,"Kimberley, Western Australia"
1993-10-13,0.0,31.04911093161957,Kununurra,"Kimberley, Western Australia"
1993-10-14,0.0,31.04911093161957,Kununurra,"Kimberley, Western Australia"
1993-10-15,6.207436968240221,31.04911093161957,Kununurra,"Kimberley, Western Australia"
1993-10-16,0.0,31.04911093161957,Kununurra,"Kimberley, Western Australia"
1993-10-17,0.0,31.04911093161957,Kununurra,"Kimberley, Western Australia"
1993-10-18,0.0,31.04911093161957,Kununurra,"Kimberley, Western Australia"
1993-10-19,16.81241635128415,31.04911093161957,Kununurra,"Kimberley, Western Australia"
1993-10-20,3.1633676656976824,31.04911093161957,Kununurra,"Kimberley, Western Australia"
1993-10-21,0.0,31.04911093161957,Kununurra,"Kimberley, Western Australia"
1993-10-22,0.0,31.04911093161957,Kununurra,"Kimberley, Western Australia"
1993-10-23,2.5130002811607084,31.04911093161957,Kununurra,"Kimberley, Western Australia"
1993-10-24,0.0,31.04911093161957,Kununurra,"Kimberley, Western Australia"
1993-10-25,0.0,31.04911093161957,Kununurra,"Kimberley, Western Australia"
1993-10-26,0.0,31.04911093161957,Kununurra,"Kimberley, Western Australia"
1993-10-27,0.0,31.04911093161957,Kununurra,"Kimberley, Western Australia"
1993-10-28,0.0,31.04911093161957,Kununurra,"Kimberley, Western Australia"
1993-10-29,0.0,31.04911093161957,Kununurra,"Kimberley, Western Australia"
1993-10-30,0.0,31.04911093161957,Kununurra,"Kimberley, Western Australia"
1993-10-31,0.0,31.04911093161957,Kununurra,"Kimberley, Western Australia"
1993-11-01,3.029969483478955,18.55977833717047,Kununurra,"Kimberley, Western Australia"
1993-11-02,0.0,18.55977833717047,Kununurra,"Kimberley, Western Australia"
1993-11-03,0.0,18.55977833717047,Kununurra,"Kimberley, Western Australia"
1993-11-04,0.0,18.55977833717047,Kununurra,"Kimberley, Western Australia"
1993-11-05,0.0,18.55977833717047,Kununurra,"Kimberley, Western Australia"
1993-11-06,0.0,18.55977833717047,Kununurra,"Kimberley, Western Australia"
1993-11-07,0.0,18.55977833717047,Kununurra,"Kimberley, Western Australia"
1993-11-08,1.6846332687546424,18.55977833717047,Kununurra,"Kimberley, Western Australia"
1993-11-09,0.0,18.55977833717047,Kununurra,"Kimberley, Western Australia"
1993-11-10,0.0,18.55977833717047,Kununurra,"Kimberley, Western Australia"
1993-11-11,0.0,18.55977833717047,Kununurra,"Kimberley, Western Australia"
1993-11-12,0.0,18.55977833717047,Kununurra,"Kimberley, Western Australia"
1993-11-13,0.0,18.55977833717047,Kununurra,"Kimberley, Western Australia"
1993-11-14,3.798166991480409,18.55977833717047,Kununurra,"Kimberley, Western Australia"
1993-11-15,0.0,18.55977833717047,Kununurra,"Kimberley, Western Australia"
1993-11-16,0.0,18.55977833717047,Kununurra,"Kimberley, Western Australia"
1993-11-17,0.0,18.55977833717047,Kununurra,"Kimberley, Western Australia"
1993-11-18,0.0,18.55977833717047,Kununurra,"Kimberley, Western Australia"
1993-11-19,0.0,18.55977833717047,Kununurra,"Kimberley, Western Australia"
1993-11-20,0.0,18.55977833717047,Kununurra,"Kimberley, Western Australia"
1993-11-21,0.0,18.55977833717047,Kununurra,"Kimberley, Western Australia"
1993-11-22,0.0,18.55977833717047,Kununurra,"Kimberley, Western Australia"
1993-11-23,0.0,18.55977833717047,Kununurra,"Kimberley, Western Australia"
1993-11-24,0.0,18.55977833717047,Kununurra,"Kimberley, Western Australia"
1993-11-25,0.0,18.55977833717047,Kununurra,"Kimberley, Western Australia"
1993-11-26,2.224044583267529,18.55977833717047,Kununurra,"Kimberley, Western Australia"
1993-11-27,0.0,18.55977833717047,Kununurra,"Kimberley, Western Australia"
1993-11-28,0.0,18.55977833717047,Kununurra,"Kimberley, Western Australia"
1993-11-29,2.3506947611499314,18.55977833717047,Kununurra,"Kimberley, Western Australia"
1993-11-30,5.4722692490390035,18.55977833717047,Kununurra,"Kimberley, Western Australia"
1993-12-01,0.0,30.153035689000287,Kununurra,"Kimberley, Western Australia"
1993-12-02,0.0,30.153035689000287,Kununurra,"Kimberley, Western Australia"
1993-12-03,0.0,30.153035689000287,Kununurra,"Kimberley, Western Australia"
1993-12-04,0.0,30.153035689000287,Kununurra,"Kimberley, Western Australia"
1993-12-05,0.0,30.153035689000287,Kununurra,"Kimberley, Western Australia"
1993-12-06,0.0,30.153035689000287,Kununurra,"Kimberley, Western Australia"
1993-12-07,0.0,30.153035689000287,Kununurra,"Kimberley, Western Australia"
1993-12-08,0.0,30.153035689000287,Kununurra,"Kimberley, Western Australia"
1993-12-09,0.0,30.153035689000287,Kununurra,"Kimberley, Western Australia"
1993-12-10,0.0,30.153035689000287,Kununurra,"Kimberley, Western Australia"
1993-12-11,0.0,30.153035689000287,Kununurra,"Kimberley, Western Australia"
1993-12-12,0.0,30.153035689000287,Kununurra,"Kimberley, Western Australia"
1993-12-13,7.585093780313354,30.153035689000287,Kununurra,"Kimberley, Western Australia"
1993-12-14,0.8753167636026644,30.153035689000287,Kununurra,"Kimberley, Western Australia"
1993-12-15,0.0,30.153035689000287,Kununurra,"Kimberley, Western Australia"
1993-12-16,0.0,30.153035689000287,Kununurra,"Kimberley, Western Australia"
1993-12-17,0.0,30.153035689000287,Kununurra,"Kimberley, Western Australia"
1993-12-18,0.0,30.153035689000287,Kununurra,"Kimberley, Western Australia"
1993-12-19,0.0,30.153035689000287,Kununurra,"Kimberley, Western Australia"
1993-12-20,0.0,30.153035689000287,Kununurra,"Kimberley, Western Australia"
1993-12-21,0.0,30.153035689000287,Kununurra,"Kimberley, Western Australia"
1993-12-22,0.0,30.153035689000287,Kununurra,"Kimberley, Western Australia"
1993-12-23,0.0,30.153035689000287,Kununurra,"Kimberley, Western Australia"
1993-12-24,7.677553895094103,30.153035689000287,Kununurra,"Kimberley, Western Australia"
1993-12-25,0.0,30.153035689000287,Kununurra,"Kimberley, Western Australia"
1993-12-26,1.8207979229471185,30.153035689000287,Kununurra,"Kimberley, Western Australia"
1993-12-27,7.014024570793556,30.153035689000287,Kununurra,"Kimberley, Western Australia"
1993-12-28,0.0,30.153035689000287,Kununurra,"Kimberley, Western Australia"
1993-12-29,0.0,30.153035689000287,Kununurra,"Kimberley, Western Australia"
1993-12-30,5.180248756249491,30.153035689000287,Kununurra,"Kimberley, Western Australia"
1993-12-31,0.0,30.153035689000287,Kununurra,"Kimberley, Western Australia"
1994-01-01,0.0,67.11661842004314,Kununurra,"Kimberley, Western Australia"
1994-01-02,0.0,67.11661842004314,Kununurra,"Kimberley, Western Australia"
1994-01-03,14.982848323168847,67.11661842004314,Kununurra,"Kimberley, Western Australia"
1994-01-04,0.0,67.11661842004314,Kununurra,"Kimberley, Western Australia"
1994-01-05,0.0,67.11661842004314,Kununurra,"Kimberley, Western Australia"
1994-01-06,0.0,67.11661842004314,Kununurra,"Kimberley, Western Australia"
1994-01-07,4.720023110673035,67.11661842004314,Kununurra,"Kimberley, Western Australia"
1994-01-08,0.0,67.11661842004314,Kununurra,"Kimberley, Western Australia"
1994-01-09,0.0,67.11661842004314,Kununurra,"Kimberley, Western Australia"
1994-01-10,0.0,67.11661842004314,Kununurra,"Kimberley, Western Australia"
1994-01-11,0.0,67.11661842004314,Kununurra,"Kimberley, Western Australia"
1994-01-12,0.0,67.11661842004314,Kununurra,"Kimberley, Western Australia"
1994-01-13,0.0,67.11661842004314,Kununurra,"Kimberley, Western Australia"
1994-01-14,0.0,67.11661842004314,Kununurra,"Kimberley, Western Australia"
1994-01-15,11.484166422369961,67.11661842004314,Kununurra,"Kimberley, Western Australia"
1994-01-16,0.0,67.11661842004314,Kununurra,"Kimberley, Western Australia"
1994-01-17,0.0,67.11661842004314,Kununurra,"Kimberley, Western Australia"
1994-01-18,0.0,67.11661842004314,Kununurra,"Kimberley, Western Australia"
1994-01-19,0.0,67.11661842004314,Kununurra,"Kimberley, Western Australia"
1994-01-20,0.0,67.11661842004314,Kununurra,"Kimberley, Western Australia"
1994-01-21,0.0,67.11661842004314,Kununurra,"Kimberley, Western Australia"
1994-01-22,0.0,67.11661842004314,Kununurra,"Kimberley, Western Australia"
1994-01-23,3.569401556879587,67.11661842004314,Kununurra,"Kimberley, Western Australia"
1994-01-24,9.165635916894997,67.11661842004314,Kununurra,"Kimberley, Western Australia"
1994-01-25,0.0,67.11661842004314,Kununurra,"Kimberley, Western Australia"
1994-01-26,2.5570930737423265,67.11661842004314,Kununurra,"Kimberley, Western Australia"
1994-01-27,0.0,67.11661842004314,Kununurra,"Kimberley, Western Australia"
1994-01-28,0.0,67.11661842004314,Kununurra,"Kimberley, Western Australia"
1994-01-29,9.768486627696308,67.11661842004314,Kununurra,"Kimberley, Western Australia"
1994-01-30,0.0,67.11661842004314,Kununurra,"Kimberley, Western Australia"
1994-01-31,10.868963388618083,67.11661842004314,Kununurra,"Kimberley, Western Australia"
1994-02-01,10.044686367754622,42.34922317064244,Kununurra,"Kimberley, Western Australia"
1994-02-02,0.0,42.34922317064244,Kununurra,"Kimberley, Western Australia"
1994-02-03,0.0,42.34922317064244,Kununurra,"Kimberley, Western Australia"
1994-02-04,0.0,42.34922317064244,Kununurra,"Kimberley, Western Australia"
1994-02-05,0.0,42.34922317064244,Kununurra,"Kimberley, Western Australia"
1994-02-06,0.0,42.34922317064244,Kununurra,"Kimberley, Western Australia"
1994-02-07,8.911903730367957,42.34922317064244,Kununurra,"Kimberley, Western Australia"
1994-02-08,0.0,42.34922317064244,Kununurra,"Kimberley, Western Australia"
1994-02-09,0.0,42.34922317064244,Kununurra,"Kimberley, Western Australia"
1994-02-10,0.0,42.34922317064244,Kununurra,"Kimberley, Western Australia"
1994-02-11,1.84880322177377,42.34922317064244,Kununurra,"Kimberley, Western Australia"
1994-02-12,0.0,42.34922317064244,Kununurra,"Kimberley, Western Australia"
1994-02-13,0.0,42.34922317064244,Kununurra,"Kimberley, Western Australia"
1994-02-14,0.0,42.34922317064244,Kununurra,"Kimberley, Western Australia"
1994-02-15,2.1421712633589602,42.34922317064244,Kununurra,"Kimberley, Western Australia"
1994-02-16,0.0,42.34922317064244,Kununurra,"Kimberley, Western Australia"
1994-02-17,0.0,42.34922317064244,Kununurra,"Kimberley, Western Australia"
1994-02-18,0.0,42.34922317064244,Kununurra,"Kimberley, Western Australia"
1994-02-19,3.504367582669896,42.34922317064244,Kununurra,"Kimberley, Western Australia"
1994-02-20,0.0,42.34922317064244,Kununurra,"Kimberley, Western Australia"
1994-02-21,9.433845723982971,42.34922317064244,Kununurra,"Kimberley, Western Australia"
1994-02-22,0.0,42.34922317064244,Kununurra,"Kimberley, Western Australia"
1994-02-23,0.0,42.34922317064244,Kununurra,"Kimberley, Western Australia"
1994-02-24,6.1024196688109456,42.34922317064244,Kununurra,"Kimberley, Western Australia"
1994-02-25,0.0,42.34922317064244,Kununurra,"Kimberley, Western Australia"
1994-02-26,0.0,42.34922317064244,Kununurra,"Kimberley, Western Australia"
1994-02-27,0.36102561192331384,42.34922317064244,Kununurra,"Kimberley, Western Australia"
1994-02-28,0.0,42.34922317064244,Kununurra,"Kimberley, Western Australia"
1994-03-01,0.0,70.1959027583349,Kununurra,"Kimberley, Western Australia"
1994-03-02,0.0,70.1959027583349,Kununurra,"Kimberley, Western Australia"
1994-03-03,12.16105187528673,70.1959027583349,Kununurra,"Kimberley, Western Australia"
1994-03-04,3.978887637152331,70.1959027583349,Kununurra,"Kimberley, Western Australia"
1994-03-05,7.10263209597018,70.1959027583349,Kununurra,"Kimberley, Western Australia"
1994-03-06,0.0,70.1959027583349,Kununurra,"Kimberley, Western Australia"
1994-03-07,0.0,70.1959027583349,Kununurra,"Kimberley, Western Australia"
1994-03-08,0.0,70.1959027583349,Kununurra,"Kimberley, Western Australia"
1994-03-09,2.1652864655164636,70.1959027583349,Kununurra,"Kimberley, Western Australia"
1994-03-10,0.0,70.1959027583349,Kununurra,"Kimberley, Western Australia"
1994-03-11,0.0,70.1959027583349,Kununurra,"Kimberley, Western Australia"
1994-03-12,4.280064668845438,70.1959027583349,Kununurra,"Kimberley, Western Australia"
1994-03-13,12.602558273427247,70.1959027583349,Kununurra,"Kimberley, Western Australia"
1994-03-14,0.0,70.1959027583349,Kununurra,"Kimberley, Western Australia"
1994-03-15,0.0,70.1959027583349,Kununurra,"Kimberley, Western Australia"
1994-03-16,0.0,70.1959027583349,Kununurra,"Kimberley, Western Australia"
1994-03-17,0.0,70.1959027583349,Kununurra,"Kimberley, Western Australia"
1994-03-18,1.1795629606696236,70.1959027583349,Kununurra,"Kimberley, Western Australia"
1994-03-19,0.0,70.1959027583349,Kununurra,"Kimberley, Western Australia"
1994-03-20,0.0,70.1959027583349,Kununurra,"Kimberley, Western Australia"
1994-03-21,5.803384568794602,70.1959027583349,Kununurra,"Kimberley, Western Australia"
1994-03-22,5.204440855371958,70.1959027583349,Kununurra,"Kimberley, Western Australia"
1994-03-23,3.2999539075045634,70.1959027583349,Kununurra,"Kimberley, Western Australia"
1994-03-24,3.057520126961425,70.1959027583349,Kununurra,"Kimberley, Western Australia"
1994-03-25,9.360559322834336,70.1959027583349,Kununurra,"Kimberley, Western Australia"
1994-03-26,0.0,70.1959027583349,Kununurra,"Kimberley, Western Australia"
1994-03-27,0.0,70.1959027583349,Kununurra,"Kimberley, Western Australia"
1994-03-28,0.0,70.1959027583349,Kununurra,"Kimberley, Western Australia"
1994-03-29,0.0,70.1959027583349,Kununurra,"Kimberley, Western Australia"
1994-03-30,0.0,70.1959027583349,Kununurra,"Kimberley, Western Australia"
1994-03-31,0.0,70.1959027583349,Kununurra,"Kimberley, Western Australia"
1994-04-01,0.0,31.877856673774215,Kununurra,"Kimberley, Western Australia"
1994-04-02,0.0,31.877856673774215,Kununurra,"Kimberley, Western Australia"
1994-04-03,2.2754127269695896,31.877856673774215,Kununurra,"Kimberley, Western Australia"
1994-04-04,2.2574375982930586,31.877856673774215,Kununurra,"Kimberley, Western Australia"
1994-04-05,0.0,31.877856673774215,Kununurra,"Kimberley, Western Australia"
1994-04-06,2.041916730360541,31.877856673774215,Kununurra,"Kimberley, Western Australia"
1994-04-07,0.0,31.877856673774215,Kununurra,"Kimberley, Western Australia"
1994-04-08,0.0,31.877856673774215,Kununurra,"Kimberley, Western Australia"
1994-04-09,0.0,31.877856673774215,Kununurra,"Kimberley, Western Australia"
1994-04-10,0.0,31.877856673774215,Kununurra,"Kimberley, Western Australia"
1994-04-11,0.0,31.877856673774215,Kununurra,"Kimberley, Western Australia"
1994-04-12,0.0,31.877856673774215,Kununurra,"Kimberley, Western Australia"
1994-04-13,0.0,31.877856673774215,Kununurra,"Kimberley, Western Australia"
1994-04-14,0.0,31.877856673774215,Kununurra,"Kimberley, Western Australia"
1994-04-15,0.0,31.877856673774215,Kununurra,"Kimberley, Western Australia"
1994-04-16,0.0,31.877856673774215,Kununurra,"Kimberley, Western Australia"
1994-04-17,0.0,31.877856673774215,Kununurra,"Kimberley, Western Australia"
1994-04-18,0.0,31.877856673774215,Kununurra,"Kimberley, Western Australia"
1994-04-19,0.0,31.877856673774215,Kununurra,"Kimberley, Western Australia"
1994-04-20,3.751662951537789,31.877856673774215,Kununurra,"Kimberley, Western Australia"
1994-04-21,4.777937324227484,31.877856673774215,Kununurra,"Kimberley, Western Australia"
1994-04-22,1.863978152376188,31.877856673774215,Kununurra,"Kimberley, Western Australia"
1994-04-23,3.305658791179975,31.877856673774215,Kununurra,"Kimberley, Western Australia"
1994-04-24,6.040514138301829,31.877856673774215,Kununurra,"Kimberley, Western Australia"
1994-04-25,0.5956298092042398,31.877856673774215,Kununurra,"Kimberley, Western Australia"
1994-04-26,1.2173802854738742,31.877856673774215,Kununurra,"Kimberley, Western Australia"
1994-04-27,0.0,31.877856673774215,Kununurra,"Kimberley, Western Australia"
1994-04-28,3.7503281658496483,31.877856673774215,Kununurra,"Kimberley, Western Australia"
1994-04-29,0.0,31.877856673774215,Kununurra,"Kimberley, Western Australia"
1994-04-30,0.0,31.877856673774215,Kununurra,"Kimberley, Western Australia"
1994-05-01,0.0,70.16253785172265,Kununurra,"Kimberley, Western Australia"
1994-05-02,8.604639397340604,70.16253785172265,Kununurra,"Kimberley, Western Australia"
1994-05-03,0.0,70.16253785172265,Kununurra,"Kimberley, Western Australia"
1994-05-04,8.483299714549569,70.16253785172265,Kununurra,"Kimberley, Western Australia"
1994-05-05,10.883125162069621,70.16253785172265,Kununurra,"Kimberley, Western Australia"
1994-05-06,0.0,70.16253785172265,Kununurra,"Kimberley, Western Australia"
1994-05-07,0.0,70.16253785172265,Kununurra,"Kimberley, Western Australia"
1994-05-08,0.0,70.16253785172265,Kununurra,"Kimberley, Western Australia"
1994-05-09,26.123780460298725,70.16253785172265,Kununurra,"Kimberley, Western Australia"
1994-05-10,4.5637407413713245,70.16253785172265,Kununurra,"Kimberley, Western Australia"
1994-05-11,0.0,70.16253785172265,Kununurra,"Kimberley, Western Australia"
1994-05-12,0.0,70.16253785172265,Kununurra,"Kimberley, Western Australia"
1994-05-13,0.0,70.16253785172265,Kununurra,"Kimberley, Western Australia"
1994-05-14,0.77475150681016,70.16253785172265,Kununurra,"Kimberley, Western Australia"
1994-05-15,0.0,70.16253785172265,Kununurra,"Kimberley, Western Australia"
1994-05-16,0.0,70.16253785172265,Kununurra,"Kimberley, Western Australia"
1994-05-17,0.0,70.16253785172265,Kununurra,"Kimberley, Western Australia"
1994-05-18,0.0,70.16253785172265,Kununurra,"Kimberley, Western Australia"
1994-05-19,3.5497301749015886,70.16253785172265,Kununurra,"Kimberley, Western Australia"
1994-05-20,0.0,70.16253785172265,Kununurra,"Kimberley, Western Australia"
1994-05-21,0.0,70.16253785172265,Kununurra,"Kimberley, Western Australia"
1994-05-22,3.700017678492383,70.16253785172265,Kununurra,"Kimberley, Western Australia"
1994-05-23,0.0,70.16253785172265,Kununurra,"Kimberley, Western Australia"
1994-05-24,0.0,70.16253785172265,Kununurra,"Kimberley, Western Australia"
1994-05-25,0.0,70.16253785172265,Kununurra,"Kimberley, Western Australia"
1994-05-26,0.0,70.16253785172265,Kununurra,"Kimberley, Western Australia"
1994-05-27,0.0,70.16253785172265,Kununurra,"Kimberley, Western Australia"
1994-05-28,0.0,70.16253785172265,Kununurra,"Kimberley, Western Australia"
1994-05-29,0.0,70.16253785172265,Kununurra,"Kimberley, Western Australia"
1994-05-30,1.2001129479816326,70.16253785172265,Kununurra,"Kimberley, Western Australia"
1994-05-31,2.2793400679070337,70.16253785172265,Kununurra,"Kimberley, Western Australia"
1994-06-01,0.0,37.280644875975085,Kununurra,"Kimberley, Western Australia"
1994-06-02,0.0,37.280644875975085,Kununurra,"Kimberley, Western Australia"
1994-06-03,0.0,37.280644875975085,Kununurra,"Kimberley, Western Australia"
1994-06-04,0.0,37.280644875975085,Kununurra,"Kimberley, Western Australia"
1994-06-05,1.8454953348189178,37.280644875975085,Kununurra,"Kimberley, Western Australia"
1994-06-06,0.0,37.280644875975085,Kununurra,"Kimberley, Western Australia"
1994-06-07,0.0,37.280644875975085,Kununurra,"Kimberley, Western Australia"
1994-06-08,0.0,37.280644875975085,Kununurra,"Kimberley, Western Australia"
1994-06-09,0.0,37.280644875975085,Kununurra,"Kimberley, Western Australia"
1994-06-10,8.698336229470447,37.280644875975085,Kununurra,"Kimberley, Western Australia"
1994-06-11,0.0,37.280644875975085,Kununurra,"Kimberley, Western Australia"
1994-06-12,0.0,37.280644875975085,Kununurra,"Kimberley, Western Australia"
1994-06-13,0.5239024226236642,37.280644875975085,Kununurra,"Kimberley, Western Australia"
1994-06-14,0.0,37.280644875975085,Kununurra,"Kimberley, Western Australia"
1994-06-15,0.0,37.280644875975085,Kununurra,"Kimberley, Western Australia"
1994-06-16,0.0,37.280644875975085,Kununurra,"Kimberley, Western Australia"
1994-06-17,0.0,37.280644875975085,Kununurra,"Kimberley, Western Australia"
1994-06-18,10.739211553147282,37.280644875975085,Kununurra,"Kimberley, Western Australia"
1994-06-19,0.0,37.280644875975085,Kununurra,"Kimberley, Western Australia"
1994-06-20,0.0,37.280644875975085,Kununurra,"Kimberley, Western Australia"
1994-06-21,15.473699335914777,37.280644875975085,Kununurra,"Kimberley, Western Australia"
1994-06-22,0.0,37.280644875975085,Kununurra,"Kimberley, Western Australia"
1994-06-23,0.0,37.280644875975085,Kununurra,"Kimberley, Western Australia"
1994-06-24,0.0,37.280644875975085,Kununurra,"Kimberley, Western Australia"
1994-06-25,0.0,37.280644875975085,Kununurra,"Kimberley, Western Australia"
1994-06-26,0.0,37.280644875975085,Kununurra,"Kimberley, Western Australia"
1994-06-27,0.0,37.280644875975085,Kununurra,"Kimberley, Western Australia"
1994-06-28,0.0,37.280644875975085,Kununurra,"Kimberley, Western Australia"
1994-06-29,0.0,37.280644875975085,Kununurra,"Kimberley, Western Australia"
1994-06-30,0.0,37.280644875975085,Kununurra,"Kimberley, Western Australia"
1994-07-01,0.0,65.77049842613276,Kununurra,"Kimberley, Western Australia"
1994-07-02,9.690216938378638,65.77049842613276,Kununurra,"Kimberley, Western Australia"
1994-07-03,0.4795194321185713,65.77049842613276,Kununurra,"Kimberley, Western Australia"
1994-07-04,0.0,65.77049842613276,Kununurra,"Kimberley, Western Australia"
1994-07-05,0.0,65.77049842613276,Kununurra,"Kimberley, Western Australia"
1994-07-06,7.265413250152144,65.77049842613276,Kununurra,"Kimberley, Western Australia"
1994-07-07,1.0756082394344388,65.77049842613276,Kununurra,"Kimberley, Western Australia"
1994-07-08,4.5563882095841715,65.77049842613276,Kununurra,"Kimberley, Western Australia"
1994-07-09,17.7548574609325,65.77049842613276,Kununurra,"Kimberley, Western Australia"
1994-07-10,0.170553475541186,65.77049842613276,Kununurra,"Kimberley, Western Australia"
1994-07-11,0.0,65.77049842613276,Kununurra,"Kimberley, Western Australia"
1994-07-12,0.0,65.77049842613276,Kununurra,"Kimberley, Western Australia"
1994-07-13,0.0,65.77049842613276,Kununurra,"Kimberley, Western Australia"
1994-07-14,0.0,65.77049842613276,Kununurra,"Kimberley, Western Australia"
1994-07-15,4.337663528566187,65.77049842613276,Kununurra,"Kimberley, Western Australia"
1994-07-16,0.0,65.77049842613276,Kununurra,"Kimberley, Western Australia"
1994-07-17,9.349526698824372,65.77049842613276,Kununurra,"Kimberley, Western Australia"
1994-07-18,6.108352316925263,65.77049842613276,Kununurra,"Kimberley, Western Australia"
1994-07-19,0.42215145338403204,65.77049842613276,Kununurra,"Kimberley, Western Australia"
1994-07-20,0.0,65.77049842613276,Kununurra,"Kimberley, Western Australia"
1994-07-21,0.0,65.77049842613276,Kununurra,"Kimberley, Western Australia"
1994-07-22,0.0,65.77049842613276,Kununurra,"Kimberley, Western Australia"
1994-07-23,0.0,65.77049842613276,Kununurra,"Kimberley, Western Australia"
1994-07-24,0.0,65.77049842613276,Kununurra,"Kimberley, Western Australia"
1994-07-25,4.560247422291265,65.77049842613276,Kununurra,"Kimberley, Western Australia"
1994-07-26,0.0,65.77049842613276,Kununurra,"Kimberley, Western Australia"
1994-07-27,0.0,65.77049842613276,Kununurra,"Kimberley, Western Australia"
1994-07-28,0.0,65.77049842613276,Kununurra,"Kimberley, Western Australia"
1994-07-29,0.0,65.77049842613276,Kununurra,"Kimberley, Western Australia"
1994-07-30,0.0,65.77049842613276,Kununurra,"Kimberley, Western Australia"
1994-07-31,0.0,65.77049842613276,Kununurra,"Kimberley, Western Australia"
1994-08-01,7.9172978205550235,64.04631271985319,Kununurra,"Kimberley, Western Australia"
1994-08-02,0.0,64.04631271985319,Kununurra,"Kimberley, Western Australia"
1994-08-03,0.0,64.04631271985319,Kununurra,"Kimberley, Western Australia"
1994-08-04,0.0,64.04631271985319,Kununurra,"Kimberley, Western Australia"
1994-08-05,0.0,64.04631271985319,Kununurra,"Kimberley, Western Australia"
1994-08-06,0.0,64.04631271985319,Kununurra,"Kimberley, Western Australia"
1994-08-07,0.0,64.04631271985319,Kununurra,"Kimberley, Western Australia"
1994-08-08,2.8420454727886177,64.04631271985319,Kununurra,"Kimberley, Western Australia"
1994-08-09,0.0,64.04631271985319,Kununurra,"Kimberley, Western Australia"
1994-08-10,0.0,64.04631271985319,Kununurra,"Kimberley, Western Australia"
1994-08-11,4.904098525869598,64.04631271985319,Kununurra,"Kimberley, Western Australia"
1994-08-12,0.0,64.04631271985319,Kununurra,"Kimberley, Western Australia"
1994-08-13,0.0,64.04631271985319,Kununurra,"Kimberley, Western Australia"
1994-08-14,0.0,64.04631271985319,Kununurra,"Kimberley, Western Australia"
1994-08-15,0.0,64.04631271985319,Kununurra,"Kimberley, Western Australia"
1994-08-16,9.065661278936924,64.04631271985319,Kununurra,"Kimberley, Western Australia"
1994-08-17,3.526051745042266,64.04631271985319,Kununurra,"Kimberley, Western Australia"
1994-08-18,0.0,64.04631271985319,Kununurra,"Kimberley, Western Australia"
1994-08-19,3.8510494059137743,64.04631271985319,Kununurra,"Kimberley, Western Australia"
1994-08-20,0.0,64.04631271985319,Kununurra,"Kimberley, Western Australia"
1994-08-21,0.0,64.04631271985319,Kununurra,"Kimberley, Western Australia"
1994-08-22,0.0,64.04631271985319,Kununurra,"Kimberley, Western Australia"
1994-08-23,0.0,64.04631271985319,Kununurra,"Kimberley, Western Australia"
1994-08-24,0.0,64.04631271985319,Kununurra,"Kimberley, Western Australia"
1994-08-25,0.0,64.04631271985319,Kununurra,"Kimberley, Western Australia"
1994-08-26,0.0,64.04631271985319,Kununurra,"Kimberley, Western Australia"
1994-08-27,8.033731500497383,64.04631271985319,Kununurra,"Kimberley, Western Australia"
1994-08-28,11.151475557485188,64.04631271985319,Kununurra,"Kimberley, Western Australia"
1994-08-29,0.0,64.04631271985319,Kununurra,"Kimberley, Western Australia"
1994-08-30,4.2139984512074395,64.04631271985319,Kununurra,"Kimberley, Western Australia"
1994-08-31,8.540902961556977,64.04631271985319,Kununurra,"Kimberley, Western Australia"
1994-09-01,0.0,49.496448166413906,Kununurra,"Kimberley, Western Australia"
1994-09-02,0.0,49.496448166413906,Kununurra,"Kimberley, Western Australia"
1994-09-03,0.0,49.496448166413906,Kununurra,"Kimberley, Western Australia"
1994-09-04,0.0,49.496448166413906,Kununurra,"Kimberley, Western Australia"
1994-09-05,15.590096635125288,49.496448166413906,Kununurra,"Kimberley, Western Australia"
1994-09-06,0.0,49.496448166413906,Kununurra,"Kimberley, Western Australia"
1994-09-07,5.8601523576621695,49.496448166413906,Kununurra,"Kimberley, Western Australia"
1994-09-08,0.0,49.496448166413906,Kununurra,"Kimberley, Western Australia"
1994-09-09,0.0,49.496448166413906,Kununurra,"Kimberley, Western Australia"
1994-09-10,0.0,49.496448166413906,Kununurra,"Kimberley, Western Australia"
1994-09-11,0.0,49.496448166413906,Kununurra,"Kimberley, Western Australia"
1994-09-12,0.0,49.496448166413906,Kununurra,"Kimberley, Western Australia"
1994-09-13,0.0,49.496448166413906,Kununurra,"Kimberley, Western Australia"
1994-09-14,2.6205728716376884,49.496448166413906,Kununurra,"Kimberley, Western Australia"
1994-09-15,1.7680223334639429,49.496448166413906,Kununurra,"Kimberley, Western Australia"
1994-09-16,0.0,49.496448166413906,Kununurra,"Kimberley, Western Australia"
1994-09-17,1.439413136782634,49.496448166413906,Kununurra,"Kimberley, Western Australia"
1994-09-18,0.0,49.496448166413906,Kununurra,"Kimberley, Western Australia"
1994-09-19,0.0,49.496448166413906,Kununurra,"Kimberley, Western Australia"
1994-09-20,0.0,49.496448166413906,Kununurra,"Kimberley, Western Australia"
1994-09-21,13.247266528473558,49.496448166413906,Kununurra,"Kimberley, Western Australia"
1994-09-22,0.0,49.496448166413906,Kununurra,"Kimberley, Western Australia"
1994-09-23,5.187606428400297,49.496448166413906,Kununurra,"Kimberley, Western Australia"
1994-09-24,0.0,49.496448166413906,Kununurra,"Kimberley, Western Australia"
1994-09-25,3.783317874868329,49.496448166413906,Kununurra,"Kimberley, Western Australia"
1994-09-26,0.0,49.496448166413906,Kununurra,"Kimberley, Western Australia"
1994-09-27,0.0,49.496448166413906,Kununurra,"Kimberley, Western Australia"
1994-09-28,0.0,49.496448166413906,Kununurra,"Kimberley, Western Australia"
1994-09-29,0.0,49.496448166413906,Kununurra,"Kimberley, Western Australia"
1994-09-30,0.0,49.496448166413906,Kununurra,"Kimberley, Western Australia"
1994-10-01,0.0,33.899582794794185,Kununurra,"Kimberley, Western Australia"
1994-10-02,0.0,33.899582794794185,Kununurra,"Kimberley, Western Australia"
1994-10-03,4.371324267402037,33.899582794794185,Kununurra,"Kimberley, Western Australia"
1994-10-04,0.0,33.899582794794185,Kununurra,"Kimberley, Western Australia"
1994-10-05,0.0,33.899582794794185,Kununurra,"Kimberley, Western Australia"
1994-10-06,0.0,33.899582794794185,Kununurra,"Kimberley, Western Australia"
1994-10-07,0.0,33.899582794794185,Kununurra,"Kimberley, Western Australia"
1994-10-08,0.0,33.899582794794185,Kununurra,"Kimberley, Western Australia"
1994-10-09,0.0,33.899582794794185,Kununurra,"Kimberley, Western Australia"
1994-10-10,0.6251600065061393,33.899582794794185,Kununurra,"Kimberley, Western Australia"
1994-10-11,3.992528372323843,33.899582794794185,Kununurra,"Kimberley, Western Australia"
1994-10-12,0.0,33.899582794794185,Kununurra,"Kimberley, Western Australia"
1994-10-13,0.0,33.899582794794185,Kununurra,"Kimberley, Western Australia"
1994-10-14,0.0,33.899582794794185,Kununurra,"Kimberley, Western Australia"
1994-10-15,0.0,33.899582794794185,Kununurra,"Kimberley, Western Australia"
1994-10-16,0.0,33.899582794794185,Kununurra,"Kimberley, Western Australia"
1994-10-17,0.0,33.899582794794185,Kununurra,"Kimberley, Western Australia"
1994-10-18,0.0,33.899582794794185,Kununurra,"Kimberley, Western Australia"
1994-10-19,0.0,33.899582794794185,Kununurra,"Kimberley, Western Australia"
1994-10-20,14.220247907885948,33.899582794794185,Kununurra,"Kimberley, Western Australia"
1994-10-21,0.0,33.899582794794185,Kununurra,"Kimberley, Western Australia"
1994-10-22,0.0,33.899582794794185,Kununurra,"Kimberley, Western Australia"
1994-10-23,0.0,33.899582794794185,Kununurra,"Kimberley, Western Australia"
1994-10-24,0.0,33.899582794794185,Kununurra,"Kimberley, Western Australia"
1994-10-25,0.0,33.899582794794185,Kununurra,"Kimberley, Western Australia"
1994-10-26,0.0,33.899582794794185,Kununurra,"Kimberley, Western Australia"
1994-10-27,0.0,33.899582794794185,Kununurra,"Kimberley, Western Australia"
1994-10-28,10.690322240676213,33.899582794794185,Kununurra,"Kimberley, Western Australia"
1994-10-29,0.0,33.899582794794185,Kununurra,"Kimberley, Western Australia"
1994-10-30,0.0,33.899582794794185,Kununurra,"Kimberley, Western Australia"
1994-10-31,0.0,33.899582794794185,Kununurra,"Kimberley, Western Australia"
1994-11-01,5.195460452210014,81.71108223039106,Kununurra,"Kimberley, Western Australia"
1994-11-02,16.280188592700508,81.71108223039106,Kununurra,"Kimberley, Western Australia"
1994-11-03,14.235023688885327,81.71108223039106,Kununurra,"Kimberley, Western Australia"
1994-11-04,0.0,81.71108223039106,Kununurra,"Kimberley, Western Australia"
1994-11-05,4.693002285277169,81.71108223039106,Kununurra,"Kimberley, Western Australia"
1994-11-06,0.0,81.71108223039106,Kununurra,"Kimberley, Western Australia"
1994-11-07,0.0,81.71108223039106,Kununurra,"Kimberley, Western Australia"
1994-11-08,2.5753670153606105,81.71108223039106,Kununurra,"Kimberley, Western Australia"
1994-11-09,0.0,81.71108223039106,Kununurra,"Kimberley, Western Australia"
1994-11-10,0.0,81.71108223039106,Kununurra,"Kimberley, Western Australia"
1994-11-11,13.14183031881413,81.71108223039106,Kununurra,"Kimberley, Western Australia"
1994-11-12,2.170799826655289,81.71108223039106,Kununurra,"Kimberley, Western Australia"
1994-11-13,0.0,81.71108223039106,Kununurra,"Kimberley, Western Australia"
1994-11-14,0.0,81.71108223039106,Kununurra,"Kimberley, Western Australia"
1994-11-15,3.5266567932887893,81.71108223039106,Kununurra,"Kimberley, Western Australia"
1994-11-16,0.0,81.71108223039106,Kununurra,"Kimberley, Western Australia"
1994-11-17,0.0,81.71108223039106,Kununurra,"Kimberley, Western Australia"
1994-11-18,0.0,81.71108223039106,Kununurra,"Kimberley, Western Australia"
1994-11-19,9.941156036286136,81.71108223039106,Kununurra,"Kimberley, Western Australia"
1994-11-20,0.0,81.71108223039106,Kununurra,"Kimberley, Western Australia"
1994-11-21,0.0,81.71108223039106,Kununurra,"Kimberley, Western Australia"
1994-11-22,0.0,81.71108223039106,Kununurra,"Kimberley, Western Australia"
1994-11-23,6.013255789798263,81.71108223039106,Kununurra,"Kimberley, Western Australia"
1994-11-24,3.9383414311148233,81.71108223039106,Kununurra,"Kimberley, Western Australia"
1994-11-25,0.0,81.71108223039106,Kununurra,"Kimberley, Western Australia"
1994-11-26,0.0,81.71108223039106,Kununurra,"Kimberley, Western Australia"
1994-11-27,0.0,81.71108223039106,Kununurra,"Kimberley, Western Australia"
1994-11-28,0.0,81.71108223039106,Kununurra,"Kimberley, Western Australia"
1994-11-29,0.0,81.71108223039106,Kununurra,"Kimberley, Western Australia"
1994-11-30,0.0,81.71108223039106,Kununurra,"Kimberley, Western Australia"
1994-12-01,5.80316717115779,38.716666211874696,Kununurra,"Kimberley, Western Australia"
1994-12-02,0.0,38.716666211874696,Kununurra,"Kimberley, Western Australia"
1994-12-03,0.0,38.716666211874696,Kununurra,"Kimberley, Western Australia"
1994-12-04,0.0,38.716666211874696,Kununurra,"Kimberley, Western Australia"
1994-12-05,0.0,38.716666211874696,Kununurra,"Kimberley, Western Australia"
1994-12-06,0.0,38.716666211874696,Kununurra,"Kimberley, Western Australia"
1994-12-07,3.1512047762177446,38.716666211874696,Kununurra,"Kimberley, Western Australia"
1994-12-08,0.0,38.716666211874696,Kununurra,"Kimberley, Western Australia"
1994-12-09,0.0,38.716666211874696,Kununurra,"Kimberley, Western Australia"
1994-12-10,0.0,38.716666211874696,Kununurra,"Kimberley, Western Australia"
1994-12-11,0.0,38.716666211874696,Kununurra,"Kimberley, Western Australia"
1994-12-12,0.0,38.716666211874696,Kununurra,"Kimberley, Western Australia"
1994-12-13,0.0,38.716666211874696,Kununurra,"Kimberley, Western Australia"
1994-12-14,0.0,38.716666211874696,Kununurra,"Kimberley, Western Australia"
1994-12-15,0.0,38.716666211874696,Kununurra,"Kimberley, Western Australia"
1994-12-16,3.6312672733410696,38.716666211874696,Kununurra,"Kimberley, Western Australia"
1994-12-17,0.0,38.716666211874696,Kununurra,"Kimberley, Western Australia"
1994-12-18,0.0,38.716666211874696,Kununurra,"Kimberley, Western Australia"
1994-12-19,0.0,38.716666211874696,Kununurra,"Kimberley, Western Australia"
1994-12-20,2.4108568433342263,38.716666211874696,Kununurra,"Kimberley, Western Australia"
1994-12-21,0.0,38.716666211874696,Kununurra,"Kimberley, Western Australia"
1994-12-22,0.0,38.716666211874696,Kununurra,"Kimberley, Western Australia"
1994-12-23,3.6454512138114366,38.716666211874696,Kununurra,"Kimberley, Western Australia"
1994-12-24,0.0,38.716666211874696,Kununurra,"Kimberley, Western Australia"
1994-12-25,4.792243237921647,38.716666211874696,Kununurra,"Kimberley, Western Australia"
1994-12-26,11.724034823390273,38.716666211874696,Kununurra,"Kimberley, Western Australia"
1994-12-27,3.558440872700505,38.716666211874696,Kununurra,"Kimberley, Western Australia"
1994-12-28,0.0,38.716666211874696,Kununurra,"Kimberley, Western Australia"
1994-12-29,0.0,38.716666211874696,Kununurra,"Kimberley, Western Australia"
1994-12-30,0.0,38.716666211874696,Kununurra,"Kimberley, Western Australia"
1994-12-31,0.0,38.716666211874696,Kununurra,"Kimberley, Western Australia"
1995-01-01,4.877367668027742,24.378489609148247,Kununurra,"Kimberley, Western Australia"
1995-01-02,0.0,24.378489609148247,Kununurra,"Kimberley, Western Australia"
1995-01-03,0.0,24.378489609148247,Kununurra,"Kimberley, Western Australia"
1995-01-04,3.3821267371778796,24.378489609148247,Kununurra,"Kimberley, Western Australia"
1995-01-05,2.1219201579093143,24.378489609148247,Kununurra,"Kimberley, Western Australia"
1995-01-06,0.0,24.378489609148247,Kununurra,"Kimberley, Western Australia"
1995-01-07,0.0,24.378489609148247,Kununurra,"Kimberley, Western Australia"
1995-01-08,0.0,24.378489609148247,Kununurra,"Kimberley, Western Australia"
1995-01-09,0.0,24.378489609148247,Kununurra,"Kimberley, Western Australia"
1995-01-10,3.1947601939286336,24.378489609148247,Kununurra,"Kimberley, Western Australia"
1995-01-11,0.0,24.378489609148247,Kununurra,"Kimberley, Western Australia"
1995-01-12,0.0,24.378489609148247,Kununurra,"Kimberley, Western Australia"
1995-01-13,0.0,24.378489609148247,Kununurra,"Kimberley, Western Australia"
1995-01-14,0.0,24.378489609148247,Kununurra,"Kimberley, Western Australia"
1995-01-15,0.0,24.378489609148247,Kununurra,"Kimberley, Western Australia"
1995-01-16,0.0,24.378489609148247,Kununurra,"Kimberley, Western Australia"
1995-01-17,0.0,24.378489609148247,Kununurra,"Kimberley, Western Australia"
1995-01-18,0.0,24.378489609148247,Kununurra,"Kimberley, Western Australia"
1995-01-19,0.0,24.378489609148247,Kununurra,"Kimberley, Western Australia"
1995-01-20,0.0,24.378489609148247,Kununurra,"Kimberley, Western Australia"
1995-01-21,0.0,24.378489609148247,Kununurra,"Kimberley, Western Australia"
1995-01-22,0.8413591936830285,24.378489609148247,Kununurra,"Kimberley, Western Australia"
1995-01-23,0.0,24.378489609148247,Kununurra,"Kimberley, Western Australia"
1995-01-24,0.0,24.378489609148247,Kununurra,"Kimberley, Western Australia"
1995-01-25,0.0,24.378489609148247,Kununurra,"Kimberley, Western Australia"
1995-01-26,0.0,24.378489609148247,Kununurra,"Kimberley, Western Australia"
1995-01-27,0.0,24.378489609148247,Kununurra,"Kimberley, Western Australia"
1995-01-28,9.96095565842165,24.378489609148247,Kununurra,"Kimberley, Western Australia"
1995-01-29,0.0,24.378489609148247,Kununurra,"Kimberley, Western Australia"
1995-01-30,0.0,24.378489609148247,Kununurra,"Kimberley, Western Australia"
1995-01-31,0.0,24.378489609148247,Kununurra,"Kimberley, Western Australia"
1995-02-01,0.0,18.127065829198777,Kununurra,"Kimberley, Western Australia"
1995-02-02,0.0,18.127065829198777,Kununurra,"Kimberley, Western Australia"
1995-02-03,0.0,18.127065829198777,Kununurra,"Kimberley, Western Australia"
1995-02-04,0.0,18.127065829198777,Kununurra,"Kimberley, Western Australia"
1995-02-05,1.1681994761493997,18.127065829198777,Kununurra,"Kimberley, Western Australia"
1995-02-06,0.0,18.127065829198777,Kununurra,"Kimberley, Western Australia"
1995-02-07,0.0,18.127065829198777,Kununurra,"Kimberley, Western Australia"
1995-02-08,0.0,18.127065829198777,Kununurra,"Kimberley, Western Australia"
1995-02-09,0.0,18.127065829198777,Kununurra,"Kimberley, Western Australia"
1995-02-10,2.969046177126542,18.127065829198777,Kununurra,"Kimberley, Western Australia"
1995-02-11,0.0,18.127065829198777,Kununurra,"Kimberley, Western Australia"
1995-02-12,3.0715187852063144,18.127065829198777,Kununurra,"Kimberley, Western Australia"
1995-02-13,0.0,18.127065829198777,Kununurra,"Kimberley, Western Australia"
1995-02-14,0.0,18.127065829198777,Kununurra,"Kimberley, Western Australia"
1995-02-15,0.0,18.127065829198777,Kununurra,"Kimberley, Western Australia"
1995-02-16,0.0,18.127065829198777,Kununurra,"Kimberley, Western Australia"
1995-02-17,0.0,18.127065829198777,Kununurra,"Kimberley, Western Australia"
1995-02-18,2.9141405955246626,18.127065829198777,Kununurra,"Kimberley, Western Australia"
1995-02-19,0.0,18.127065829198777,Kununurra,"Kimberley, Western Australia"
1995-02-20,4.159016544188383,18.127065829198777,Kununurra,"Kimberley, Western Australia"
1995-02-21,0.0,18.127065829198777,Kununurra,"Kimberley, Western Australia"
1995-02-22,0.0,18.127065829198777,Kununurra,"Kimberley, Western Australia"
1995-02-23,3.845144251003478,18.127065829198777,Kununurra,"Kimberley, Western Australia"
1995-02-24,0.0,18.127065829198777,Kununurra,"Kimberley, Western Australia"
1995-02-25,0.0,18.127065829198777,Kununurra,"Kimberley, Western Australia"
1995-02-26,0.0,18.127065829198777,Kununurra,"Kimberley, Western Australia"
1995-02-27,0.0,18.127065829198777,Kununurra,"Kimberley, Western Australia"
1995-02-28,0.0,18.127065829198777,Kununurra,"Kimberley, Western Australia"
1995-03-01,5.086174877316631,56.78326457199134,Kununurra,"Kimberley, Western Australia"
1995-03-02,0.0,56.78326457199134,Kununurra,"Kimberley, Western Australia"
1995-03-03,0.0,56.78326457199134,Kununurra,"Kimberley, Western Australia"
1995-03-04,0.0,56.78326457199134,Kununurra,"Kimberley, Western Australia"
1995-03-05,0.0,56.78326457199134,Kununurra,"Kimberley, Western Australia"
1995-03-06,0.0,56.78326457199134,Kununurra,"Kimberley, Western Australia"
1995-03-07,6.177319926162635,56.78326457199134,Kununurra,"Kimberley, Western Australia"
1995-03-08,0.0,56.78326457199134,Kununurra,"Kimberley, Western Australia"
1995-03-09,0.0,56.78326457199134,Kununurra,"Kimberley, Western Australia"
1995-03-10,0.0,56.78326457199134,Kununurra,"Kimberley, Western Australia"
1995-03-11,0.0,56.78326457199134,Kununurra,"Kimberley, Western Australia"
1995-03-12,0.0,56.78326457199134,Kununurra,"Kimberley, Western Australia"
1995-03-13,9.552414751986179,56.78326457199134,Kununurra,"Kimberley, Western Australia"
1995-03-14,0.0,56.78326457199134,Kununurra,"Kimberley, Western Australia"
1995-03-15,10.942235129105002,56.78326457199134,Kununurra,"Kimberley, Western Australia"
1995-03-16,0.0,56.78326457199134,Kununurra,"Kimberley, Western Australia"
1995-03-17,0.0,56.78326457199134,Kununurra,"Kimberley, Western Australia"
1995-03-18,6.04041883010611,56.78326457199134,Kununurra,"Kimberley, Western Australia"
1995-03-19,0.0,56.78326457199134,Kununurra,"Kimberley, Western Australia"
1995-03-20,2.051430943047354,56.78326457199134,Kununurra,"Kimberley, Western Australia"
1995-03-21,0.0,56.78326457199134,Kununurra,"Kimberley, Western Australia"
1995-03-22,0.0,56.78326457199134,Kununurra,"Kimberley, Western Australia"
1995-03-23,0.0,56.78326457199134,Kununurra,"Kimberley, Western Australia"
1995-03-24,0.0,56.78326457199134,Kununurra,"Kimberley, Western Australia"
1995-03-25,5.481362578036643,56.78326457199134,Kununurra,"Kimberley, Western Australia"
1995-03-26,8.388490645291824,56.78326457199134,Kununurra,"Kimberley, Western Australia"
1995-03-27,3.06341689093896,56.78326457199134,Kununurra,"Kimberley, Western Australia"
1995-03-28,0.0,56.78326457199134,Kununurra,"Kimberley, Western Australia"
1995-03-29,0.0,56.78326457199134,Kununurra,"Kimberley, Western Australia"
1995-03-30,0.0,56.78326457199134,Kununurra,"Kimberley, Western Australia"
1995-03-31,0.0,56.78326457199134,Kununurra,"Kimberley, Western Australia"
1995-04-01,0.0,40.19004850831002,Kununurra,"Kimberley, Western Australia"
1995-04-02,0.0,40.19004850831002,Kununurra,"Kimberley, Western Australia"
1995-04-03,1.2200033547311522,40.19004850831002,Kununurra,"Kimberley, Western Australia"
1995-04-04,0.0,40.19004850831002,Kununurra,"Kimberley, Western Australia"
1995-04-05,5.491336559257924,40.19004850831002,Kununurra,"Kimberley, Western Australia"
1995-04-06,0.0,40.19004850831002,Kununurra,"Kimberley, Western Australia"
1995-04-07,0.0,40.19004850831002,Kununurra,"Kimberley, Western Australia"
1995-04-08,0.0,40.19004850831002,Kununurra,"Kimberley, Western Australia"
1995-04-09,0.0,40.19004850831002,Kununurra,"Kimberley, Western Australia"
1995-04-10,0.0,40.19004850831002,Kununurra,"Kimberley, Western Australia"
1995-04-11,0.9628661778905454,40.19004850831002,Kununurra,"Kimberley, Western Australia"
1995-04-12,0.0,40.19004850831002,Kununurra,"Kimberley, Western Australia"
1995-04-13,0.0,40.19004850831002,Kununurra,"Kimberley, Western Australia"
1995-04-14,0.0,40.19004850831002,Kununurra,"Kimberley, Western Australia"
1995-04-15,11.771952043647145,40.19004850831002,Kununurra,"Kimberley, Western Australia"
1995-04-16,0.0,40.19004850831002,Kununurra,"Kimberley, Western Australia"
1995-04-17,0.0,40.19004850831002,Kununurra,"Kimberley, Western Australia"
1995-04-18,0.0,40.19004850831002,Kununurra,"Kimberley, Western Australia"
1995-04-19,0.0,40.19004850831002,Kununurra,"Kimberley, Western Australia"
1995-04-20,2.468331530636045,40.19004850831002,Kununurra,"Kimberley, Western Australia"
1995-04-21,0.0,40.19004850831002,Kununurra,"Kimberley, Western Australia"
1995-04-22,13.311544564841975,40.19004850831002,Kununurra,"Kimberley, Western Australia"
1995-04-23,0.0,40.19004850831002,Kununurra,"Kimberley, Western Australia"
1995-04-24,0.0,40.19004850831002,Kununurra,"Kimberley, Western Australia"
1995-04-25,0.0,40.19004850831002,Kununurra,"Kimberley, Western Australia"
1995-04-26,4.964014277305232,40.19004850831002,Kununurra,"Kimberley, Western Australia"
1995-04-27,0.0,40.19004850831002,Kununurra,"Kimberley, Western Australia"
1995-04-28,0.0,40.19004850831002,Kununurra,"Kimberley, Western Australia"
1995-04-29,0.0,40.19004850831002,Kununurra,"Kimberley, Western Australia"
1995-04-30,0.0,40.19004850831002,Kununurra,"Kimberley, Western Australia"
1995-05-01,0.0,51.04197569144994,Kununurra,"Kimberley, Western Australia"
1995-05-02,6.450240330055471,51.04197569144994,Kununurra,"Kimberley, Western Australia"
1995-05-03,0.0,51.04197569144994,Kununurra,"Kimberley, Western Australia"
1995-05-04,0.0,51.04197569144994,Kununurra,"Kimberley, Western Australia"
1995-05-05,0.0,51.04197569144994,Kununurra,"Kimberley, Western Australia"
1995-05-06,0.0,51.04197569144994,Kununurra,"Kimberley, Western Australia"
1995-05-07,0.0,51.04197569144994,Kununurra,"Kimberley, Western Australia"
1995-05-08,9.499779428812364,51.04197569144994,Kununurra,"Kimberley, Western Australia"
1995-05-09,0.0,51.04197569144994,Kununurra,"Kimberley, Western Australia"
1995-05-10,0.0,51.04197569144994,Kununurra,"Kimberley, Western Australia"
1995-05-11,0.0,51.04197569144994,Kununurra,"Kimberley, Western Australia"
1995-05-12,0.0,51.04197569144994,Kununurra,"Kimberley, Western Australia"
1995-05-13,9.48098777722135,51.04197569144994,Kununurra,"Kimberley, Western Australia"
1995-05-14,10.566730434351415,51.04197569144994,Kununurra,"Kimberley, Western Australia"
1995-05-15,0.0,51.04197569144994,Kununurra,"Kimberley, Western Australia"
1995-05-16,0.0,51.04197569144994,Kununurra,"Kimberley, Western Australia"
1995-05-17,0.0,51.04197569144994,Kununurra,"Kimberley, Western Australia"
1995-05-18,0.0,51.04197569144994,Kununurra,"Kimberley, Western Australia"
1995-05-19,0.0,51.04197569144994,Kununurra,"Kimberley, Western Australia"
1995-05-20,0.0,51.04197569144994,Kununurra,"Kimberley, Western Australia"
1995-05-21,0.0,51.04197569144994,Kununurra,"Kimberley, Western Australia"
1995-05-22,0.0,51.04197569144994,Kununurra,"Kimberley, Western Australia"
1995-05-23,7.28685138814323,51.04197569144994,Kununurra,"Kimberley, Western Australia"
1995-05-24,0.0,51.04197569144994,Kununurra,"Kimberley, Western Australia"
1995-05-25,1.8154621797037798,51.04197569144994,Kununurra,"Kimberley, Western Australia"
1995-05-26,5.941924153162333,51.04197569144994,Kununurra,"Kimberley, Western Australia"
1995-05-27,0.0,51.04197569144994,Kununurra,"Kimberley, Western Australia"
1995-05-28,0.0,51.04197569144994,Kununurra,"Kimberley, Western Australia"
1995-05-29,0.0,51.04197569144994,Kununurra,"Kimberley, Western Australia"
1995-05-30,0.0,51.04197569144994,Kununurra,"Kimberley, Western Australia"
1995-05-31,0.0,51.04197569144994,Kununurra,"Kimberley, Western Australia"
1995-06-01,3.973186913801598,37.90640145101126,Kununurra,"Kimberley, Western Australia"
1995-06-02,0.0,37.90640145101126,Kununurra,"Kimberley, Western Australia"
1995-06-03,0.0,37.90640145101126,Kununurra,"Kimberley, Western Australia"
1995-06-04,0.0,37.90640145101126,Kununurra,"Kimberley, Western Australia"
1995-06-05,0.0,37.90640145101126,Kununurra,"Kimberley, Western Australia"
1995-06-06,0.0,37.90640145101126,Kununurra,"Kimberley, Western Australia"
1995-06-07,0.0,37.90640145101126,Kununurra,"Kimberley, Western Australia"
1995-06-08,0.0,37.90640145101126,Kununurra,"Kimberley, Western Australia"
1995-06-09,0.0,37.90640145101126,Kununurra,"Kimberley, Western Australia"
1995-06-10,0.0,37.90640145101126,Kununurra,"Kimberley, Western Australia"
1995-06-11,3.602446066285646,37.90640145101126,Kununurra,"Kimberley, Western Australia"
1995-06-12,0.0,37.90640145101126,Kununurra,"Kimberley, Western Australia"
1995-06-13,0.0,37.90640145101126,Kununurra,"Kimberley, Western Australia"
1995-06-14,0.0,37.90640145101126,Kununurra,"Kimberley, Western Australia"
1995-06-15,0.0,37.90640145101126,Kununurra,"Kimberley, Western Australia"
1995-06-16,0.0,37.90640145101126,Kununurra,"Kimberley, Western Australia"
1995-06-17,2.1512902288279183,37.90640145101126,Kununurra,"Kimberley, Western Australia"
1995-06-18,0.0,37.90640145101126,Kununurra,"Kimberley, Western Australia"
1995-06-19,0.0,37.90640145101126,Kununurra,"Kimberley, Western Australia"
1995-06-20,0.0,37.90640145101126,Kununurra,"Kimberley, Western Australia"
1995-06-21,5.18894790049646,37.90640145101126,Kununurra,"Kimberley, Western Australia"
1995-06-22,0.0,37.90640145101126,Kununurra,"Kimberley, Western Australia"
1995-06-23,7.523133066640926,37.90640145101126,Kununurra,"Kimberley, Western Australia"
1995-06-24,0.0,37.90640145101126,Kununurra,"Kimberley, Western Australia"
1995-06-25,1.2659915135547517,37.90640145101126,Kununurra,"Kimberley, Western Australia"
1995-06-26,0.0,37.90640145101126,Kununurra,"Kimberley, Western Australia"
1995-06-27,4.18535315424717,37.90640145101126,Kununurra,"Kimberley, Western Australia"
1995-06-28,4.449278069219563,37.90640145101126,Kununurra,"Kimberley, Western Australia"
1995-06-29,5.566774537937227,37.90640145101126,Kununurra,"Kimberley, Western Australia"
1995-06-30,0.0,37.90640145101126,Kununurra,"Kimberley, Western Australia"
1995-07-01,0.0,12.466443305573794,Kununurra,"Kimberley, Western Australia"
1995-07-02,0.0,12.466443305573794,Kununurra,"Kimberley, Western Australia"
1995-07-03,1.137545804829275,12.466443305573794,Kununurra,"Kimberley, Western Australia"
1995-07-04,0.0,12.466443305573794,Kununurra,"Kimberley, Western Australia"
1995-07-05,0.0,12.466443305573794,Kununurra,"Kimberley, Western Australia"
1995-07-06,0.0,12.466443305573794,Kununurra,"Kimberley, Western Australia"
1995-07-07,0.0,12.466443305573794,Kununurra,"Kimberley, Western Australia"
1995-07-08,0.0,12.466443305573794,Kununurra,"Kimberley, Western Australia"
1995-07-09,0.0,12.466443305573794,Kununurra,"Kimberley, Western Australia"
1995-07-10,0.0,12.466443305573794,Kununurra,"Kimberley, Western Australia"
1995-07-11,0.0,12.466443305573794,Kununurra,"Kimberley, Western Australia"
1995-07-12,0.0,12.466443305573794,Kununurra,"Kimberley, Western Australia"
1995-07-13,0.0,12.466443305573794,Kununurra,"Kimberley, Western Australia"
1995-07-14,5.535587323816744,12.466443305573794,Kununurra,"Kimberley, Western Australia"
1995-07-15,0.0,12.466443305573794,Kununurra,"Kimberley, Western Australia"
1995-07-16,5.161409446754729,12.466443305573794,Kununurra,"Kimberley, Western Australia"
1995-07-17,0.0,12.466443305573794,Kununurra,"Kimberley, Western Australia"
1995-07-18,0.0,12.466443305573794,Kununurra,"Kimberley, Western Australia"
1995-07-19,0.0,12.466443305573794,Kununurra,"Kimberley, Western Australia"
1995-07-20,0.0,12.466443305573794,Kununurra,"Kimberley, Western Australia"
1995-07-21,0.0,12.466443305573794,Kununurra,"Kimberley, Western Australia"
1995-07-22,0.0,12.466443305573794,Kununurra,"Kimberley, Western Australia"
1995-07-23,0.0,12.466443305573794,Kununurra,"Kimberley, Western Australia"
1995-07-24,0.0,12.466443305573794,Kununurra,"Kimberley, Western Australia"
1995-07-25,0.0,12.466443305573794,Kununurra,"Kimberley, Western Australia"
1995-07-26,0.0,12.466443305573794,Kununurra,"Kimberley, Western Australia"
1995-07-27,0.6319007301730473,12.466443305573794,Kununurra,"Kimberley, Western Australia"
1995-07-28,0.0,12.466443305573794,Kununurra,"Kimberley, Western Australia"
1995-07-29,0.0,12.466443305573794,Kununurra,"Kimberley, Western Australia"
1995-07-30,0.0,12.466443305573794,Kununurra,"Kimberley, Western Australia"
1995-07-31,0.0,12.466443305573794,Kununurra,"Kimberley, Western Australia"
1995-08-01,0.0,66.23529343441949,Kununurra,"Kimberley, Western Australia"
1995-08-02,0.0,66.23529343441949,Kununurra,"Kimberley, Western Australia"
1995-08-03,7.283037725508073,66.23529343441949,Kununurra,"Kimberley, Western Australia"
1995-08-04,0.0,66.23529343441949,Kununurra,"Kimberley, Western Australia"
1995-08-05,0.0,66.23529343441949,Kununurra,"Kimberley, Western Australia"
1995-08-06,0.0,66.23529343441949,Kununurra,"Kimberley, Western Australia"
1995-08-07,0.0,66.23529343441949,Kununurra,"Kimberley, Western Australia"
1995-08-08,10.36338694655646,66.23529343441949,Kununurra,"Kimberley, Western Australia"
1995-08-09,0.0,66.23529343441949,Kununurra,"Kimberley, Western Australia"
1995-08-10,0.0,66.23529343441949,Kununurra,"Kimberley, Western Australia"
1995-08-11,6.6555613420478785,66.23529343441949,Kununurra,"Kimberley, Western Australia"
1995-08-12,10.361682872398099,66.23529343441949,Kununurra,"Kimberley, Western Australia"
1995-08-13,11.595484856275394,66.23529343441949,Kununurra,"Kimberley, Western Australia"
1995-08-14,0.0,66.23529343441949,Kununurra,"Kimberley, Western Australia"
1995-08-15,0.0,66.23529343441949,Kununurra,"Kimberley, Western Australia"
1995-08-16,0.0,66.23529343441949,Kununurra,"Kimberley, Western Australia"
1995-08-17,10.670474629177082,66.23529343441949,Kununurra,"Kimberley, Western Australia"
1995-08-18,0.0,66.23529343441949,Kununurra,"Kimberley, Western Australia"
1995-08-19,1.8727960116021916,66.23529343441949,Kununurra,"Kimberley, Western Australia"
1995-08-20,0.0,66.23529343441949,Kununurra,"Kimberley, Western Australia"
1995-08-21,0.0,66.23529343441949,Kununurra,"Kimberley, Western Australia"
1995-08-22,0.0,66.23529343441949,Kununurra,"Kimberley, Western Australia"
1995-08-23,7.34430032403541,66.23529343441949,Kununurra,"Kimberley, Western Australia"
1995-08-24,0.0,66.23529343441949,Kununurra,"Kimberley, Western Australia"
1995-08-25,0.0,66.23529343441949,Kununurra,"Kimberley, Western Australia"
1995-08-26,0.0,66.23529343441949,Kununurra,"Kimberley, Western Australia"
1995-08-27,0.0,66.23529343441949,Kununurra,"Kimberley, Western Australia"
1995-08-28,0.0,66.23529343441949,Kununurra,"Kimberley, Western Australia"
1995-08-29,0.0,66.23529343441949,Kununurra,"Kimberley, Western Australia"
1995-08-30,0.08856872681890504,66.23529343441949,Kununurra,"Kimberley, Western Australia"
1995-08-31,0.0,66.23529343441949,Kununurra,"Kimberley, Western Australia"
1995-09-01,0.0,53.604413051216085,Kununurra,"Kimberley, Western Australia"
1995-09-02,4.475668228980192,53.604413051216085,Kununurra,"Kimberley, Western Australia"
1995-09-03,0.0,53.604413051216085,Kununurra,"Kimberley, Western Australia"
1995-09-04,0.0,53.604413051216085,Kununurra,"Kimberley, Western Australia"
1995-09-05,0.0,53.604413051216085,Kununurra,"Kimberley, Western Australia"
1995-09-06,0.0,53.604413051216085,Kununurra,"Kimberley, Western Australia"
1995-09-07,4.066926578177388,53.604413051216085,Kununurra,"Kimberley, Western Australia"
1995-09-08,0.0,53.604413051216085,Kununurra,"Kimberley, Western Australia"
1995-09-09,2.4994492099112113,53.604413051216085,Kununurra,"Kimberley, Western Australia"
1995-09-10,7.560488724582895,53.604413051216085,Kununurra,"Kimberley, Western Australia"
1995-09-11,0.0,53.604413051216085,Kununurra,"Kimberley, Western Australia"
1995-09-12,8.205067600629452,53.604413051216085,Kununurra,"Kimberley, Western Australia"
1995-09-13,0.0,53.604413051216085,Kununurra,"Kimberley, Western Australia"
1995-09-14,0.0,53.604413051216085,Kununurra,"Kimberley, Western Australia"
1995-09-15,0.0,53.604413051216085,Kununurra,"Kimberley, Western Australia"
1995-09-16,3.0161581396484105,53.604413051216085,Kununurra,"Kimberley, Western Australia"
1995-09-17,0.0,53.604413051216085,Kununurra,"Kimberley, Western Australia"
1995-09-18,0.0,53.604413051216085,Kununurra,"Kimberley, Western Australia"
1995-09-19,0.0,53.604413051216085,Kununurra,"Kimberley, Western Australia"
1995-09-20,2.48447032326714,53.604413051216085,Kununurra,"Kimberley, Western Australia"
1995-09-21,0.0,53.604413051216085,Kununurra,"Kimberley, Western Australia"
1995-09-22,4.4261390933149265,53.604413051216085,Kununurra,"Kimberley, Western Australia"
1995-09-23,0.0,53.604413051216085,Kununurra,"Kimberley, Western Australia"
1995-09-24,0.0,53.604413051216085,Kununurra,"Kimberley, Western Australia"
1995-09-25,6.685079346237951,53.604413051216085,Kununurra,"Kimberley, Western Australia"
1995-09-26,0.0,53.604413051216085,Kununurra,"Kimberley, Western Australia"
1995-09-27,0.0,53.604413051216085,Kununurra,"Kimberley, Western Australia"
1995-09-28,0.0,53.604413051216085,Kununurra,"Kimberley, Western Australia"
1995-09-29,10.184965806466522,53.604413051216085,Kununurra,"Kimberley, Western Australia"
1995-09-30,0.0,53.604413051216085,Kununurra,"Kimberley, Western Australia"
1995-10-01,0.0,43.64804265780971,Kununurra,"Kimberley, Western Australia"
1995-10-02,0.0,43.64804265780971,Kununurra,"Kimberley, Western Australia"
1995-10-03,0.0,43.64804265780971,Kununurra,"Kimberley, Western Australia"
1995-10-04,0.0,43.64804265780971,Kununurra,"Kimberley, Western Australia"
1995-10-05,0.0,43.64804265780971,Kununurra,"Kimberley, Western Australia"
1995-10-06,0.0,43.64804265780971,Kununurra,"Kimberley, Western Australia"
1995-10-07,0.0,43.64804265780971,Kununurra,"Kimberley, Western Australia"
1995-10-08,0.0,43.64804265780971,Kununurra,"Kimberley, Western Australia"
1995-10-09,0.0,43.64804265780971,Kununurra,"Kimberley, Western Australia"
1995-10-10,3.3113471945926714,43.64804265780971,Kununurra,"Kimberley, Western Australia"
1995-10-11,0.0,43.64804265780971,Kununurra,"Kimberley, Western Australia"
1995-10-12,0.0,43.64804265780971,Kununurra,"Kimberley, Western Australia"
1995-10-13,0.0,43.64804265780971,Kununurra,"Kimberley, Western Australia"
1995-10-14,13.030087859640453,43.64804265780971,Kununurra,"Kimberley, Western Australia"
1995-10-15,11.264300647700333,43.64804265780971,Kununurra,"Kimberley, Western Australia"
1995-10-16,0.0,43.64804265780971,Kununurra,"Kimberley, Western Australia"
1995-10-17,0.0,43.64804265780971,Kununurra,"Kimberley, Western Australia"
1995-10-18,0.0,43.64804265780971,Kununurra,"Kimberley, Western Australia"
1995-10-19,0.0,43.64804265780971,Kununurra,"Kimberley, Western Australia"
1995-10-20,0.0,43.64804265780971,Kununurra,"Kimberley, Western Australia"
1995-10-21,0.0,43.64804265780971,Kununurra,"Kimberley, Western Australia"
1995-10-22,0.0,43.64804265780971,Kununurra,"Kimberley, Western Australia"
1995-10-23,0.0,43.64804265780971,Kununurra,"Kimberley, Western Australia"
1995-10-24,0.0,43.64804265780971,Kununurra,"Kimberley, Western Australia"
1995-10-25,0.0,43.64804265780971,Kununurra,"Kimberley, Western Australia"
1995-10-26,4.6055935816043485,43.64804265780971,Kununurra,"Kimberley, Western Australia"
1995-10-27,0.0,43.64804265780971,Kununurra,"Kimberley, Western Australia"
1995-10-28,0.0,43.64804265780971,Kununurra,"Kimberley, Western Australia"
1995-10-29,0.0,43.64804265780971,Kununurra,"Kimberley, Western Australia"
1995-10-30,0.0,43.64804265780971,Kununurra,"Kimberley, Western Australia"
1995-10-31,11.43671337427191,43.64804265780971,Kununurra,"Kimberley, Western Australia"
1995-11-01,0.0,44.42269165456235,Kununurra,"Kimberley, Western Australia"
1995-11-02,0.0,44.42269165456235,Kununurra,"Kimberley, Western Australia"
1995-11-03,5.365761294667423,44.42269165456235,Kununurra,"Kimberley, Western Australia"
1995-11-04,0.0,44.42269165456235,Kununurra,"Kimberley, Western Australia"
1995-11-05,3.740280038693655,44.42269165456235,Kununurra,"Kimberley, Western Australia"
1995-11-06,0.0,44.42269165456235,Kununurra,"Kimberley, Western Australia"
1995-11-07,0.0,44.42269165456235,Kununurra,"Kimberley, Western Australia"
1995-11-08,0.0,44.42269165456235,Kununurra,"Kimberley, Western Australia"
1995-11-09,2.101954700497689,44.42269165456235,Kununurra,"Kimberley, Western Australia"
1995-11-10,0.0,44.42269165456235,Kununurra,"Kimberley, Western Australia"
1995-11-11,0.0,44.42269165456235,Kununurra,"Kimberley, Western Australia"
1995-11-12,0.0,44.42269165456235,Kununurra,"Kimberley, Western Australia"
1995-11-13,0.0,44.42269165456235,Kununurra,"Kimberley, Western Australia"
1995-11-14,0.544296929659404,44.42269165456235,Kununurra,"Kimberley, Western Australia"
1995-11-15,0.0,44.42269165456235,Kununurra,"Kimberley, Western Australia"
1995-11-16,2.0079559129450812,44.42269165456235,Kununurra,"Kimberley, Western Australia"
1995-11-17,0.0,44.42269165456235,Kununurra,"Kimberley, Western Australia"
1995-11-18,0.0,44.42269165456235,Kununurra,"Kimberley, Western Australia"
1995-11-19,0.0,44.42269165456235,Kununurra,"Kimberley, Western Australia"
1995-11-20,0.0,44.42269165456235,Kununurra,"Kimberley, Western Australia"
1995-11-21,0.0,44.42269165456235,Kununurra,"Kimberley, Western Australia"
1995-11-22,0.0,44.42269165456235,Kununurra,"Kimberley, Western Australia"
1995-11-23,0.0,44.42269165456235,Kununurra,"Kimberley, Western Australia"
1995-11-24,2.6241152953423197,44.42269165456235,Kununurra,"Kimberley, Western Australia"
1995-11-25,9.546634518348316,44.42269165456235,Kununurra,"Kimberley, Western Australia"
1995-11-26,7.699251342697371,44.42269165456235,Kununurra,"Kimberley, Western Australia"
1995-11-27,10.792441621711092,44.42269165456235,Kununurra,"Kimberley, Western Australia"
1995-11-28,0.0,44.42269165456235,Kununurra,"Kimberley, Western Australia"
1995-11-29,0.0,44.42269165456235,Kununurra,"Kimberley, Western Australia"
1995-11-30,0.0,44.42269165456235,Kununurra,"Kimberley, Western Australia"
1995-12-01,0.0,17.641455782419094,Kununurra,"Kimberley, Western Australia"
1995-12-02,0.0,17.641455782419094,Kununurra,"Kimberley, Western Australia"
1995-12-03,0.0,17.641455782419094,Kununurra,"Kimberley, Western Australia"
1995-12-04,0.0,17.641455782419094,Kununurra,"Kimberley, Western Australia"
1995-12-05,0.0,17.641455782419094,Kununurra,"Kimberley, Western Australia"
1995-12-06,0.0,17.641455782419094,Kununurra,"Kimberley, Western Australia"
1995-12-07,4.326367167674362,17.641455782419094,Kununurra,"Kimberley, Western Australia"
1995-12-08,0.0,17.641455782419094,Kununurra,"Kimberley, Western Australia"
1995-12-09,6.567576703651561,17.641455782419094,Kununurra,"Kimberley, Western Australia"
1995-12-10,0.0,17.641455782419094,Kununurra,"Kimberley, Western Australia"
1995-12-11,0.0,17.641455782419094,Kununurra,"Kimberley, Western Australia"
1995-12-12,0.0,17.641455782419094,Kununurra,"Kimberley, Western Australia"
1995-12-13,0.0,17.641455782419094,Kununurra,"Kimberley, Western Australia"
1995-12-14,0.0,17.641455782419094,Kununurra,"Kimberley, Western Australia"
1995-12-15,0.0,17.641455782419094,Kununurra,"Kimberley, Western Australia"
1995-12-16,0.0,17.641455782419094,Kununurra,"Kimberley, Western Australia"
1995-12-17,2.6075656457397764,17.641455782419094,Kununurra,"Kimberley, Western Australia"
1995-12-18,4.139946265353396,17.641455782419094,Kununurra,"Kimberley, Western Australia"
1995-12-19,0.0,17.641455782419094,Kununurra,"Kimberley, Western Australia"
1995-12-20,0.0,17.641455782419094,Kununurra,"Kimberley, Western Australia"
1995-12-21,0.0,17.641455782419094,Kununurra,"Kimberley, Western Australia"
1995-12-22,0.0,17.641455782419094,Kununurra,"Kimberley, Western Australia"
1995-12-23,0.0,17.641455782419094,Kununurra,"Kimberley, Western Australia"
1995-12-24,0.0,17.641455782419094,Kununurra,"Kimberley, Western Australia"
1995-12-25,0.0,17.641455782419094,Kununurra,"Kimberley, Western Australia"
1995-12-26,0.0,17.641455782419094,Kununurra,"Kimberley, Western Australia"
1995-12-27,0.0,17.641455782419094,Kununurra,"Kimberley, Western Australia"
1995-12-28,0.0,17.641455782419094,Kununurra,"Kimberley, Western Australia"
1995-12-29,0.0,17.641455782419094,Kununurra,"Kimberley, Western Australia"
1995-12-30,0.0,17.641455782419094,Kununurra,"Kimberley, Western Australia"
1995-12-31,0.0,17.641455782419094,Kununurra,"Kimberley, Western Australia"
1996-01-01,9.426982597238446,37.16555591073426,Kununurra,"Kimberley, Western Australia"
1996-01-02,0.0,37.16555591073426,Kununurra,"Kimberley, Western Australia"
1996-01-03,0.0,37.16555591073426,Kununurra,"Kimberley, Western Australia"
1996-01-04,0.0,37.16555591073426,Kununurra,"Kimberley, Western Australia"
1996-01-05,0.0,37.16555591073426,Kununurra,"Kimberley, Western Australia"
1996-01-06,0.0,37.16555591073426,Kununurra,"Kimberley, Western Australia"
1996-01-07,0.0,37.16555591073426,Kununurra,"Kimberley, Western Australia"
1996-01-08,0.0,37.16555591073426,Kununurra,"Kimberley, Western Australia"
1996-01-09,0.0,37.16555591073426,Kununurra,"Kimberley, Western Australia"
1996-01-10,0.0,37.16555591073426,Kununurra,"Kimberley, Western Australia"
1996-01-11,0.0,37.16555591073426,Kununurra,"Kimberley, Western Australia"
1996-01-12,0.0,37.16555591073426,Kununurra,"Kimberley, Western Australia"
1996-01-13,0.0,37.16555591073426,Kununurra,"Kimberley, Western Australia"
1996-01-14,2.084394271090129,37.16555591073426,Kununurra,"Kimberley, Western Australia"
1996-01-15,9.043199229625609,37.16555591073426,Kununurra,"Kimberley, Western Australia"
1996-01-16,2.4307312920022834,37.16555591073426,Kununurra,"Kimberley, Western Australia"
1996-01-17,0.0,37.16555591073426,Kununurra,"Kimberley, Western Australia"
1996-01-18,0.0,37.16555591073426,Kununurra,"Kimberley, Western Australia"
1996-01-19,0.0,37.16555591073426,Kununurra,"Kimberley, Western Australia"
1996-01-20,0.0,37.16555591073426,Kununurra,"Kimberley, Western Australia"
1996-01-21,4.463203913717497,37.16555591073426,Kununurra,"Kimberley, Western Australia"
1996-01-22,0.0,37.16555591073426,Kununurra,"Kimberley, Western Australia"
1996-01-23,0.0,37.16555591073426,Kununurra,"Kimberley, Western Australia"
1996-01-24,0.0,37.16555591073426,Kununurra,"Kimberley, Western Australia"
1996-01-25,0.0,37.16555591073426,Kununurra,"Kimberley, Western Australia"
1996-01-26,9.717044607060298,37.16555591073426,Kununurra,"Kimberley, Western Australia"
1996-01-27,0.0,37.16555591073426,Kununurra,"Kimberley, Western Australia"
1996-01-28,0.0,37.16555591073426,Kununurra,"Kimberley, Western Australia"
1996-01-29,0.0,37.16555591073426,Kununurra,"Kimberley, Western Australia"
1996-01-30,0.0,37.16555591073426,Kununurra,"Kimberley, Western Australia"
1996-01-31,0.0,37.16555591073426,Kununurra,"Kimberley, Western Australia"
1996-02-01,0.0,56.183191238647204,Kununurra,"Kimberley, Western Australia"
1996-02-02,14.817483522763837,56.183191238647204,Kununurra,"Kimberley, Western Australia"
1996-02-03,8.014892396966026,56.183191238647204,Kununurra,"Kimberley, Western Australia"
1996-02-04,0.0,56.183191238647204,Kununurra,"Kimberley, Western Australia"
1996-02-05,6.436802650843153,56.183191238647204,Kununurra,"Kimberley, Western Australia"
1996-02-06,0.0,56.183191238647204,Kununurra,"Kimberley, Western Australia"
1996-02-07,3.2019052057991875,56.183191238647204,Kununurra,"Kimberley, Western Australia"
1996-02-08,5.021274184457862,56.183191238647204,Kununurra,"Kimberley, Western Australia"
1996-02-09,0.0,56.183191238647204,Kununurra,"Kimberley, Western Australia"
1996-02-10,6.658892371612841,56.183191238647204,Kununurra,"Kimberley, Western Australia"
1996-02-11,0.0,56.183191238647204,Kununurra,"Kimberley, Western Australia"
1996-02-12,0.0,56.183191238647204,Kununurra,"Kimberley, Western Australia"
1996-02-13,0.0,56.183191238647204,Kununurra,"Kimberley, Western Australia"
1996-02-14,0.0,56.183191238647204,Kununurra,"Kimberley, Western Australia"
1996-02-15,4.9106020229537215,56.183191238647204,Kununurra,"Kimberley, Western Australia"
1996-02-16,0.0,56.183191238647204,Kununurra,"Kimberley, Western Australia"
1996-02-17,0.0,56.183191238647204,Kununurra,"Kimberley, Western Australia"
1996-02-18,0.0,56.183191238647204,Kununurra,"Kimberley, Western Australia"
1996-02-19,0.0,56.183191238647204,Kununurra,"Kimberley, Western Australia"
1996-02-20,0.0,56.183191238647204,Kununurra,"Kimberley, Western Australia"
1996-02-21,3.6031981211571016,56.183191238647204,Kununurra,"Kimberley, Western Australia"
1996-02-22,0.0,56.183191238647204,Kununurra,"Kimberley, Western Australia"
1996-02-23,0.0,56.183191238647204,Kununurra,"Kimberley, Western Australia"
1996-02-24,0.0,56.183191238647204,Kununurra,"Kimberley, Western Australia"
1996-02-25,0.0,56.183191238647204,Kununurra,"Kimberley, Western Australia"
1996-02-26,3.518140762093477,56.183191238647204,Kununurra,"Kimberley, Western Australia"
1996-02-27,0.0,56.183191238647204,Kununurra,"Kimberley, Western Australia"
1996-02-28,0.0,56.183191238647204,Kununurra,"Kimberley, Western Australia"
1996-02-29,0.0,56.183191238647204,Kununurra,"Kimberley, Western Australia"
1996-03-01,0.0,49.41149524865226,Kununurra,"Kimberley, Western Australia"
1996-03-02,0.0,49.41149524865226,Kununurra,"Kimberley, Western Australia"
1996-03-03,0.0,49.41149524865226,Kununurra,"Kimberley, Western Australia"
1996-03-04,2.6219303424418676,49.41149524865226,Kununurra,"Kimberley, Western Australia"
1996-03-05,0.0,49.41149524865226,Kununurra,"Kimberley, Western Australia"
1996-03-06,2.8506373832104495,49.41149524865226,Kununurra,"Kimberley, Western Australia"
1996-03-07,0.0,49.41149524865226,Kununurra,"Kimberley, Western Australia"
1996-03-08,0.0,49.41149524865226,Kununurra,"Kimberley, Western Australia"
1996-03-09,0.0,49.41149524865226,Kununurra,"Kimberley, Western Australia"
1996-03-10,3.4998505588671645,49.41149524865226,Kununurra,"Kimberley, Western Australia"
1996-03-11,0.0,49.41149524865226,Kununurra,"Kimberley, Western Australia"
1996-03-12,0.0,49.41149524865226,Kununurra,"Kimberley, Western Australia"
1996-03-13,3.523131692761952,49.41149524865226,Kununurra,"Kimberley, Western Australia"
1996-03-14,0.0,49.41149524865226,Kununurra,"Kimberley, Western Australia"
1996-03-15,1.8717029990515615,49.41149524865226,Kununurra,"Kimberley, Western Australia"
1996-03-16,9.624140373443963,49.41149524865226,Kununurra,"Kimberley, Western Australia"
1996-03-17,5.333688061420945,49.41149524865226,Kununurra,"Kimberley, Western Australia"
1996-03-18,10.467386651646535,49.41149524865226,Kununurra,"Kimberley, Western Australia"
1996-03-19,0.0,49.41149524865226,Kununurra,"Kimberley, Western Australia"
1996-03-20,0.0,49.41149524865226,Kununurra,"Kimberley, Western Australia"
1996-03-21,0.0,49.41149524865226,Kununurra,"Kimberley, Western Australia"
1996-03-22,3.5139191108997876,49.41149524865226,Kununurra,"Kimberley, Western Australia"
1996-03-23,0.0,49.41149524865226,Kununurra,"Kimberley, Western Australia"
1996-03-24,2.0821474054819022,49.41149524865226,Kununurra,"Kimberley, Western Australia"
1996-03-25,0.0,49.41149524865226,Kununurra,"Kimberley, Western Australia"
1996-03-26,0.0,49.41149524865226,Kununurra,"Kimberley, Western Australia"
1996-03-27,0.0,49.41149524865226,Kununurra,"Kimberley, Western Australia"
1996-03-28,0.0,49.41149524865226,Kununurra,"Kimberley, Western Australia"
1996-03-29,0.0,49.41149524865226,Kununurra,"Kimberley, Western Australia"
1996-03-30,0.0,49.41149524865226,Kununurra,"Kimberley, Western Australia"
1996-03-31,4.022960669426132,49.41149524865226,Kununurra,"Kimberley, Western Australia"
1996-04-01,0.0,22.174468538168707,Kununurra,"Kimberley, Western Australia"
1996-04-02,3.5137999583386685,22.174468538168707,Kununurra,"Kimberley, Western Australia"
1996-04-03,3.5139201757782725,22.174468538168707,Kununurra,"Kimberley, Western Australia"
1996-04-04,0.0,22.174468538168707,Kununurra,"Kimberley, Western Australia"
1996-04-05,0.0,22.174468538168707,Kununurra,"Kimberley, Western Australia"
1996-04-06,0.0,22.174468538168707,Kununurra,"Kimberley, Western Australia"
1996-04-07,0.0,22.174468538168707,Kununurra,"Kimberley, Western Australia"
1996-04-08,0.0,22.174468538168707,Kununurra,"Kimberley, Western Australia"
1996-04-09,0.0,22.174468538168707,Kununurra,"Kimberley, Western Australia"
1996-04-10,0.0,22.174468538168707,Kununurra,"Kimberley, Western Australia"
1996-04-11,0.0,22.174468538168707,Kununurra,"Kimberley, Western Australia"
1996-04-12,0.0,22.174468538168707,Kununurra,"Kimberley, Western Australia"
1996-04-13,0.0,22.174468538168707,Kununurra,"Kimberley, Western Australia"
1996-04-14,1.3570003240302433,22.174468538168707,Kununurra,"Kimberley, Western Australia"
1996-04-15,11.333942475565934,22.174468538168707,Kununurra,"Kimberley, Western Australia"
1996-04-16,2.4558056044555885,22.174468538168707,Kununurra,"Kimberley, Western Australia"
1996-04-17,0.0,22.174468538168707,Kununurra,"Kimberley, Western Australia"
1996-04-18,0.0,22.174468538168707,Kununurra,"Kimberley, Western Australia"
1996-04-19,0.0,22.174468538168707,Kununurra,"Kimberley, Western Australia"
1996-04-20,0.0,22.174468538168707,Kununurra,"Kimberley, Western Australia"
1996-04-21,0.0,22.174468538168707,Kununurra,"Kimberley, Western Australia"
1996-04-22,0.0,22.174468538168707,Kununurra,"Kimberley, Western Australia"
1996-04-23,0.0,22.174468538168707,Kununurra,"Kimberley, Western Australia"
1996-04-24,0.0,22.174468538168707,Kununurra,"Kimberley, Western Australia"
1996-04-25,0.0,22.174468538168707,Kununurra,"Kimberley, Western Australia"
1996-04-26,0.0,22.174468538168707,Kununurra,"Kimberley, Western Australia"
1996-04-27,0.0,22.174468538168707,Kununurra,"Kimberley, Western Australia"
1996-04-28,0.0,22.174468538168707,Kununurra,"Kimberley, Western Australia"
1996-04-29,0.0,22.174468538168707,Kununurra,"Kimberley, Western Australia"
1996-04-30,0.0,22.174468538168707,Kununurra,"Kimberley, Western Australia"
1996-05-01,0.0,41.14635602692251,Kununurra,"Kimberley, Western Australia"
1996-05-02,3.2992097208224758,41.14635602692251,Kununurra,"Kimberley, Western Australia"
1996-05-03,0.0,41.14635602692251,Kununurra,"Kimberley, Western Australia"
1996-05-04,0.0,41.14635602692251,Kununurra,"Kimberley, Western Australia"
1996-05-05,0.0,41.14635602692251,Kununurra,"Kimberley, Western Australia"
1996-05-06,0.0,41.14635602692251,Kununurra,"Kimberley, Western Australia"
1996-05-07,0.0,41.14635602692251,Kununurra,"Kimberley, Western Australia"
1996-05-08,0.0,41.14635602692251,Kununurra,"Kimberley, Western Australia"
1996-05-09,2.840619512061983,41.14635602692251,Kununurra,"Kimberley, Western Australia"
1996-05-10,0.0,41.14635602692251,Kununurra,"Kimberley, Western Australia"
1996-05-11,0.0,41.14635602692251,Kununurra,"Kimberley, Western Australia"
1996-05-12,0.0,41.14635602692251,Kununurra,"Kimberley, Western Australia"
1996-05-13,0.0,41.14635602692251,Kununurra,"Kimberley, Western Australia"
1996-05-14,0.0,41.14635602692251,Kununurra,"Kimberley, Western Australia"
1996-05-15,5.573573885528727,41.14635602692251,Kununurra,"Kimberley, Western Australia"
1996-05-16,0.0,41.14635602692251,Kununurra,"Kimberley, Western Australia"
1996-05-17,0.0,41.14635602692251,Kununurra,"Kimberley, Western Australia"
1996-05-18,0.0,41.14635602692251,Kununurra,"Kimberley, Western Australia"
1996-05-19,4.406453640842058,41.14635602692251,Kununurra,"Kimberley, Western Australia"
1996-05-20,12.458034088533527,41.14635602692251,Kununurra,"Kimberley, Western Australia"
1996-05-21,0.0,41.14635602692251,Kununurra,"Kimberley, Western Australia"
1996-05-22,0.0,41.14635602692251,Kununurra,"Kimberley, Western Australia"
1996-05-23,0.0,41.14635602692251,Kununurra,"Kimberley, Western Australia"
1996-05-24,0.0,41.14635602692251,Kununurra,"Kimberley, Western Australia"
1996-05-25,0.0,41.14635602692251,Kununurra,"Kimberley, Western Australia"
1996-05-26,7.9570000226128945,41.14635602692251,Kununurra,"Kimberley, Western Australia"
1996-05-27,0.0,41.14635602692251,Kununurra,"Kimberley, Western Australia"
1996-05-28,4.611465156520846,41.14635602692251,Kununurra,"Kimberley, Western Australia"
1996-05-29,0.0,41.14635602692251,Kununurra,"Kimberley, Western Australia"
1996-05-30,0.0,41.14635602692251,Kununurra,"Kimberley, Western Australia"
1996-05-31,0.0,41.14635602692251,Kununurra,"Kimberley, Western Australia"
1996-06-01,0.0,58.43171951657936,Kununurra,"Kimberley, Western Australia"
1996-06-02,0.0,58.43171951657936,Kununurra,"Kimberley, Western Australia"
1996-06-03,0.0,58.43171951657936,Kununurra,"Kimberley, Western Australia"
1996-06-04,0.0,58.43171951657936,Kununurra,"Kimberley, Western Australia"
1996-06-05,0.0,58.43171951657936,Kununurra,"Kimberley, Western Australia"
1996-06-06,2.4690917048620062,58.43171951657936,Kununurra,"Kimberley, Western Australia"
1996-06-07,0.0,58.43171951657936,Kununurra,"Kimberley, Western Australia"
1996-06-08,1.8816654166170967,58.43171951657936,Kununurra,"Kimberley, Western Australia"
1996-06-09,13.771862274201444,58.43171951657936,Kununurra,"Kimberley, Western Australia"
1996-06-10,6.2165896123568025,58.43171951657936,Kununurra,"Kimberley, Western Australia"
1996-06-11,0.0,58.43171951657936,Kununurra,"Kimberley, Western Australia"
1996-06-12,0.0,58.43171951657936,Kununurra,"Kimberley, Western Australia"
1996-06-13,0.0,58.43171951657936,Kununurra,"Kimberley, Western Australia"
1996-06-14,1.8948737621312364,58.43171951657936,Kununurra,"Kimberley, Western Australia"
1996-06-15,0.0,58.43171951657936,Kununurra,"Kimberley, Western Australia"
1996-06-16,10.941464597337987,58.43171951657936,Kununurra,"Kimberley, Western Australia"
1996-06-17,5.366046270151985,58.43171951657936,Kununurra,"Kimberley, Western Australia"
1996-06-18,0.0,58.43171951657936,Kununurra,"Kimberley, Western Australia"
1996-06-19,0.0,58.43171951657936,Kununurra,"Kimberley, Western Australia"
1996-06-20,0.0,58.43171951657936,Kununurra,"Kimberley, Western Australia"
1996-06-21,0.0,58.43171951657936,Kununurra,"Kimberley, Western Australia"
1996-06-22,0.0,58.43171951657936,Kununurra,"Kimberley, Western Australia"
1996-06-23,3.3693434252887444,58.43171951657936,Kununurra,"Kimberley, Western Australia"
1996-06-24,0.0,58.43171951657936,Kununurra,"Kimberley, Western Australia"
1996-06-25,9.250393243680053,58.43171951657936,Kununurra,"Kimberley, Western Australia"
1996-06-26,0.0,58.43171951657936,Kununurra,"Kimberley, Western Australia"
1996-06-27,0.0,58.43171951657936,Kununurra,"Kimberley, Western Australia"
1996-06-28,0.0,58.43171951657936,Kununurra,"Kimberley, Western Australia"
1996-06-29,3.270389209952004,58.43171951657936,Kununurra,"Kimberley, Western Australia"
1996-06-30,0.0,58.43171951657936,Kununurra,"Kimberley, Western Australia"
1996-07-01,3.232761714804026,64.5608560856991,Kununurra,"Kimberley, Western Australia"
1996-07-02,0.0,64.5608560856991,Kununurra,"Kimberley, Western Australia"
1996-07-03,0.0,64.5608560856991,Kununurra,"Kimberley, Western Australia"
1996-07-04,2.8656407248950275,64.5608560856991,Kununurra,"Kimberley, Western Australia"
1996-07-05,0.0,64.5608560856991,Kununurra,"Kimberley, Western Australia"
1996-07-06,0.0,64.5608560856991,Kununurra,"Kimberley, Western Australia"
1996-07-07,0.0,64.5608560856991,Kununurra,"Kimberley, Western Australia"
1996-07-08,0.0,64.5608560856991,Kununurra,"Kimberley, Western Australia"
1996-07-09,10.086832937019608,64.5608560856991,Kununurra,"Kimberley, Western Australia"
1996-07-10,0.0,64.5608560856991,Kununurra,"Kimberley, Western Australia"
1996-07-11,1.7983127705217086,64.5608560856991,Kununurra,"Kimberley, Western Australia"
1996-07-12,0.0,64.5608560856991,Kununurra,"Kimberley, Western Australia"
1996-07-13,0.0,64.5608560856991,Kununurra,"Kimberley, Western Australia"
1996-07-14,1.7169652723499564,64.5608560856991,Kununurra,"Kimberley, Western Australia"
1996-07-15,0.0,64.5608560856991,Kununurra,"Kimberley, Western Australia"
1996-07-16,0.0,64.5608560856991,Kununurra,"Kimberley, Western Australia"
1996-07-17,1.3664781814272342,64.5608560856991,Kununurra,"Kimberley, Western Australia"
1996-07-18,5.97810616702348,64.5608560856991,Kununurra,"Kimberley, Western Australia"
1996-07-19,9.473857997587054,64.5608560856991,Kununurra,"Kimberley, Western Australia"
1996-07-20,0.0,64.5608560856991,Kununurra,"Kimberley, Western Australia"
1996-07-21,0.0,64.5608560856991,Kununurra,"Kimberley, Western Australia"
1996-07-22,5.833565285858359,64.5608560856991,Kununurra,"Kimberley, Western Australia"
1996-07-23,0.0,64.5608560856991,Kununurra,"Kimberley, Western Australia"
1996-07-24,1.2758419632378313,64.5608560856991,Kununurra,"Kimberley, Western Australia"
1996-07-25,0.0,64.5608560856991,Kununurra,"Kimberley, Western Australia"
1996-07-26,0.0,64.5608560856991,Kununurra,"Kimberley, Western Australia"
1996-07-27,0.0,64.5608560856991,Kununurra,"Kimberley, Western Australia"
1996-07-28,2.1875907092024027,64.5608560856991,Kununurra,"Kimberley, Western Australia"
1996-07-29,0.0,64.5608560856991,Kununurra,"Kimberley, Western Australia"
1996-07-30,1.8350648671817926,64.5608560856991,Kununurra,"Kimberley, Western Australia"
1996-07-31,16.90983749459061,64.5608560856991,Kununurra,"Kimberley, Western Australia"
1996-08-01,0.0,42.40615130642435,Kununurra,"Kimberley, Western Australia"
1996-08-02,0.0,42.40615130642435,Kununurra,"Kimberley, Western Australia"
1996-08-03,0.0,42.40615130642435,Kununurra,"Kimberley, Western Australia"
1996-08-04,0.0,42.40615130642435,Kununurra,"Kimberley, Western Australia"
1996-08-05,0.0,42.40615130642435,Kununurra,"Kimberley, Western Australia"
1996-08-06,0.0,42.40615130642435,Kununurra,"Kimberley, Western Australia"
1996-08-07,2.587716030118802,42.40615130642435,Kununurra,"Kimberley, Western Australia"
1996-08-08,1.4777880866172153,42.40615130642435,Kununurra,"Kimberley, Western Australia"
1996-08-09,0.0,42.40615130642435,Kununurra,"Kimberley, Western Australia"
1996-08-10,0.0,42.40615130642435,Kununurra,"Kimberley, Western Australia"
1996-08-11,0.0,42.40615130642435,Kununurra,"Kimberley, Western Australia"
1996-08-12,0.0,42.40615130642435,Kununurra,"Kimberley, Western Australia"
1996-08-13,4.158887695395983,42.40615130642435,Kununurra,"Kimberley, Western Australia"
1996-08-14,4.49546817368266,42.40615130642435,Kununurra,"Kimberley, Western Australia"
1996-08-15,6.689435747666778,42.40615130642435,Kununurra,"Kimberley, Western Australia"
1996-08-16,0.527457918287531,42.40615130642435,Kununurra,"Kimberley, Western Australia"
1996-08-17,0.0,42.40615130642435,Kununurra,"Kimberley, Western Australia"
1996-08-18,0.0,42.40615130642435,Kununurra,"Kimberley, Western Australia"
1996-08-19,0.0,42.40615130642435,Kununurra,"Kimberley, Western Australia"
1996-08-20,5.907040443225291,42.40615130642435,Kununurra,"Kimberley, Western Australia"
1996-08-21,0.0,42.40615130642435,Kununurra,"Kimberley, Western Australia"
1996-08-22,4.170942386532532,42.40615130642435,Kununurra,"Kimberley, Western Australia"
1996-08-23,3.390504204274974,42.40615130642435,Kununurra,"Kimberley, Western Australia"
1996-08-24,7.9053607565264965,42.40615130642435,Kununurra,"Kimberley, Western Australia"
1996-08-25,0.0,42.40615130642435,Kununurra,"Kimberley, Western Australia"
1996-08-26,0.0,42.40615130642435,Kununurra,"Kimberley, Western Australia"
1996-08-27,0.0,42.40615130642435,Kununurra,"Kimberley, Western Australia"
1996-08-28,0.0,42.40615130642435,Kununurra,"Kimberley, Western Australia"
1996-08-29,1.0955498640960877,42.40615130642435,Kununurra,"Kimberley, Western Australia"
1996-08-30,0.0,42.40615130642435,Kununurra,"Kimberley, Western Australia"
1996-08-31,0.0,42.40615130642435,Kununurra,"Kimberley, Western Australia"
1996-09-01,0.0,11.385804868595825,Kununurra,"Kimberley, Western Australia"
1996-09-02,0.0,11.385804868595825,Kununurra,"Kimberley, Western Australia"
1996-09-03,0.0,11.385804868595825,Kununurra,"Kimberley, Western Australia"
1996-09-04,0.0,11.385804868595825,Kununurra,"Kimberley, Western Australia"
1996-09-05,2.3886650521889865,11.385804868595825,Kununurra,"Kimberley, Western Australia"
1996-09-06,0.0,11.385804868595825,Kununurra,"Kimberley, Western Australia"
1996-09-07,0.0,11.385804868595825,Kununurra,"Kimberley, Western Australia"
1996-09-08,0.0,11.385804868595825,Kununurra,"Kimberley, Western Australia"
1996-09-09,0.0,11.385804868595825,Kununurra,"Kimberley, Western Australia"
1996-09-10,1.717165718690683,11.385804868595825,Kununurra,"Kimberley, Western Australia"
1996-09-11,0.0,11.385804868595825,Kununurra,"Kimberley, Western Australia"
1996-09-12,5.296061369075354,11.385804868595825,Kununurra,"Kimberley, Western Australia"
1996-09-13,0.0,11.385804868595825,Kununurra,"Kimberley, Western Australia"
1996-09-14,0.0,11.385804868595825,Kununurra,"Kimberley, Western Australia"
1996-09-15,1.9839127286408014,11.385804868595825,Kununurra,"Kimberley, Western Australia"
1996-09-16,0.0,11.385804868595825,Kununurra,"Kimberley, Western Australia"
1996-09-17,0.0,11.385804868595825,Kununurra,"Kimberley, Western Australia"
1996-09-18,0.0,11.385804868595825,Kununurra,"Kimberley, Western Australia"
1996-09-19,0.0,11.385804868595825,Kununurra,"Kimberley, Western Australia"
1996-09-20,0.0,11.385804868595825,Kununurra,"Kimberley, Western Australia"
1996-09-21,0.0,11.385804868595825,Kununurra,"Kimberley, Western Australia"
1996-09-22,0.0,11.385804868595825,Kununurra,"Kimberley, Western Australia"
1996-09-23,0.0,11.385804868595825,Kununurra,"Kimberley, Western Australia"
1996-09-24,0.0,11.385804868595825,Kununurra,"Kimberley, Western Australia"
1996-09-25,0.0,11.385804868595825,Kununurra,"Kimberley, Western Australia"
1996-09-26,0.0,11.385804868595825,Kununurra,"Kimberley, Western Australia"
1996-09-27,0.0,11.385804868595825,Kununurra,"Kimberley, Western Australia"
1996-09-28,0.0,11.385804868595825,Kununurra,"Kimberley, Western Australia"
1996-09-29,0.0,11.385804868595825,Kununurra,"Kimberley, Western Australia"
1996-09-30,0.0,11.385804868595825,Kununurra,"Kimberley, Western Australia"
1996-10-01,0.0,35.05066742178374,Kununurra,"Kimberley, Western Australia"
1996-10-02,0.0,35.05066742178374,Kununurra,"Kimberley, Western Australia"
1996-10-03,0.0,35.05066742178374,Kununurra,"Kimberley, Western Australia"
1996-10-04,3.3413778111480337,35.05066742178374,Kununurra,"Kimberley, Western Australia"
1996-10-05,8.883230626315122,35.05066742178374,Kununurra,"Kimberley, Western Australia"
1996-10-06,0.0,35.05066742178374,Kununurra,"Kimberley, Western Australia"
1996-10-07,0.0,35.05066742178374,Kununurra,"Kimberley, Western Australia"
1996-10-08,0.0,35.05066742178374,Kununurra,"Kimberley, Western Australia"
1996-10-09,0.0,35.05066742178374,Kununurra,"Kimberley, Western Australia"
1996-10-10,0.0,35.05066742178374,Kununurra,"Kimberley, Western Australia"
1996-10-11,0.0,35.05066742178374,Kununurra,"Kimberley, Western Australia"
1996-10-12,6.412985775391714,35.05066742178374,Kununurra,"Kimberley, Western Australia"
1996-10-13,0.0,35.05066742178374,Kununurra,"Kimberley, Western Australia"
1996-10-14,0.0,35.05066742178374,Kununurra,"Kimberley, Western Australia"
1996-10-15,0.0,35.05066742178374,Kununurra,"Kimberley, Western Australia"
1996-10-16,0.0,35.05066742178374,Kununurra,"Kimberley, Western Australia"
1996-10-17,0.0,35.05066742178374,Kununurra,"Kimberley, Western Australia"
1996-10-18,0.0,35.05066742178374,Kununurra,"Kimberley, Western Australia"
1996-10-19,8.78539795240011,35.05066742178374,Kununurra,"Kimberley, Western Australia"
1996-10-20,0.0,35.05066742178374,Kununurra,"Kimberley, Western Australia"
1996-10-21,0.0,35.05066742178374,Kununurra,"Kimberley, Western Australia"
1996-10-22,0.0,35.05066742178374,Kununurra,"Kimberley, Western Australia"
1996-10-23,0.0,35.05066742178374,Kununurra,"Kimberley, Western Australia"
1996-10-24,0.0,35.05066742178374,Kununurra,"Kimberley, Western Australia"
1996-10-25,0.0,35.05066742178374,Kununurra,"Kimberley, Western Australia"
1996-10-26,7.627675256528759,35.05066742178374,Kununurra,"Kimberley, Western Australia"
1996-10-27,0.0,35.05066742178374,Kununurra,"Kimberley, Western Australia"
1996-10-28,0.0,35.05066742178374,Kununurra,"Kimberley, Western Australia"
1996-10-29,0.0,35.05066742178374,Kununurra,"Kimberley, Western Australia"
1996-10-30,0.0,35.05066742178374,Kununurra,"Kimberley, Western Australia"
1996-10-31,0.0,35.05066742178374,Kununurra,"Kimberley, Western Australia"
1996-11-01,0.0,63.9416775330274,Kununurra,"Kimberley, Western Australia"
1996-11-02,0.0,63.9416775330274,Kununurra,"Kimberley, Western Australia"
1996-11-03,0.0,63.9416775330274,Kununurra,"Kimberley, Western Australia"
1996-11-04,0.0,63.9416775330274,Kununurra,"Kimberley, Western Australia"
1996-11-05,0.0,63.9416775330274,Kununurra,"Kimberley, Western Australia"
1996-11-06,0.0,63.9416775330274,Kununurra,"Kimberley, Western Australia"
1996-11-07,0.0,63.9416775330274,Kununurra,"Kimberley, Western Australia"
1996-11-08,0.0,63.9416775330274,Kununurra,"Kimberley, Western Australia"
1996-11-09,3.6233219513979367,63.9416775330274,Kununurra,"Kimberley, Western Australia"
1996-11-10,0.0,63.9416775330274,Kununurra,"Kimberley, Western Australia"
1996-11-11,0.0,63.9416775330274,Kununurra,"Kimberley, Western Australia"
1996-11-12,0.0,63.9416775330274,Kununurra,"Kimberley, Western Australia"
1996-11-13,0.0,63.9416775330274,Kununurra,"Kimberley, Western Australia"
1996-11-14,0.0,63.9416775330274,Kununurra,"Kimberley, Western Australia"
1996-11-15,9.518023603823405,63.9416775330274,Kununurra,"Kimberley, Western Australia"
1996-11-16,5.448832918362913,63.9416775330274,Kununurra,"Kimberley, Western Australia"
1996-11-17,7.011536184601175,63.9416775330274,Kununurra,"Kimberley, Western Australia"
1996-11-18,0.0,63.9416775330274,Kununurra,"Kimberley, Western Australia"
1996-11-19,0.0,63.9416775330274,Kununurra,"Kimberley, Western Australia"
1996-11-20,0.0,63.9416775330274,Kununurra,"Kimberley, Western Australia"
1996-11-21,6.263834981170247,63.9416775330274,Kununurra,"Kimberley, Western Australia"
1996-11-22,0.0,63.9416775330274,Kununurra,"Kimberley, Western Australia"
1996-11-23,2.6718778031186816,63.9416775330274,Kununurra,"Kimberley, Western Australia"
1996-11-24,7.180663312702824,63.9416775330274,Kununurra,"Kimberley, Western Australia"
1996-11-25,0.0,63.9416775330274,Kununurra,"Kimberley, Western Australia"
1996-11-26,14.96365778163042,63.9416775330274,Kununurra,"Kimberley, Western Australia"
1996-11-27,0.0,63.9416775330274,Kununurra,"Kimberley, Western Australia"
1996-11-28,6.0914079064176265,63.9416775330274,Kununurra,"Kimberley, Western Australia"
1996-11-29,1.1685210898021694,63.9416775330274,Kununurra,"Kimberley, Western Australia"
1996-11-30,0.0,63.9416775330274,Kununurra,"Kimberley, Western Australia"
1996-12-01,0.0,38.01964458955031,Kununurra,"Kimberley, Western Australia"
1996-12-02,0.0,38.01964458955031,Kununurra,"Kimberley, Western Australia"
1996-12-03,0.0,38.01964458955031,Kununurra,"Kimberley, Western Australia"
1996-12-04,7.829398163094708,38.01964458955031,Kununurra,"Kimberley, Western Australia"
1996-12-05,0.0,38.01964458955031,Kununurra,"Kimberley, Western Australia"
1996-12-06,0.0,38.01964458955031,Kununurra,"Kimberley, Western Australia"
1996-12-07,0.0,38.01964458955031,Kununurra,"Kimberley, Western Australia"
1996-12-08,0.0,38.01964458955031,Kununurra,"Kimberley, Western Australia"
1996-12-09,0.0,38.01964458955031,Kununurra,"Kimberley, Western Australia"
1996-12-10,0.0,38.01964458955031,Kununurra,"Kimberley, Western Australia"
1996-12-11,0.0,38.01964458955031,Kununurra,"Kimberley, Western Australia"
1996-12-12,0.0,38.01964458955031,Kununurra,"Kimberley, Western Australia"
1996-12-13,0.0,38.01964458955031,Kununurra,"Kimberley, Western Australia"
1996-12-14,0.0,38.01964458955031,Kununurra,"Kimberley, Western Australia"
1996-12-15,0.0,38.01964458955031,Kununurra,"Kimberley, Western Australia"
1996-12-16,0.0,38.01964458955031,Kununurra,"Kimberley, Western Australia"
1996-12-17,1.0724840429093545,38.01964458955031,Kununurra,"Kimberley, Western Australia"
1996-12-18,5.262394136091187,38.01964458955031,Kununurra,"Kimberley, Western Australia"
1996-12-19,0.0,38.01964458955031,Kununurra,"Kimberley, Western Australia"
1996-12-20,0.0,38.01964458955031,Kununurra,"Kimberley, Western Australia"
1996-12-21,1.6663035695397665,38.01964458955031,Kununurra,"Kimberley, Western Australia"
1996-12-22,11.685690751235875,38.01964458955031,Kununurra,"Kimberley, Western Australia"
1996-12-23,4.252445271138801,38.01964458955031,Kununurra,"Kimberley, Western Australia"
1996-12-24,0.0,38.01964458955031,Kununurra,"Kimberley, Western Australia"
1996-12-25,0.0,38.01964458955031,Kununurra,"Kimberley, Western Australia"
1996-12-26,0.0,38.01964458955031,Kununurra,"Kimberley, Western Australia"
1996-12-27,0.0,38.01964458955031,Kununurra,"Kimberley, Western Australia"
1996-12-28,4.1543954185936025,38.01964458955031,Kununurra,"Kimberley, Western Australia"
1996-12-29,0.0,38.01964458955031,Kununurra,"Kimberley, Western Australia"
1996-12-30,0.0,38.01964458955031,Kununurra,"Kimberley, Western Australia"
1996-12-31,2.096533236947014,38.01964458955031,Kununurra,"Kimberley, Western Australia"
1997-01-01,0.0,42.18069345038964,Kununurra,"Kimberley, Western Australia"
1997-01-02,6.079301328742526,42.18069345038964,Kununurra,"Kimberley, Western Australia"
1997-01-03,0.0,42.18069345038964,Kununurra,"Kimberley, Western Australia"
1997-01-04,0.0,42.18069345038964,Kununurra,"Kimberley, Western Australia"
1997-01-05,0.0,42.18069345038964,Kununurra,"Kimberley, Western Australia"
1997-01-06,0.0,42.18069345038964,Kununurra,"Kimberley, Western Australia"
1997-01-07,0.0,42.18069345038964,Kununurra,"Kimberley, Western Australia"
1997-01-08,3.8502666506818564,42.18069345038964,Kununurra,"Kimberley, Western Australia"
1997-01-09,3.106056003002756,42.18069345038964,Kununurra,"Kimberley, Western Australia"
1997-01-10,0.0,42.18069345038964,Kununurra,"Kimberley, Western Australia"
1997-01-11,0.0,42.18069345038964,Kununurra,"Kimberley, Western Australia"
1997-01-12,0.0,42.18069345038964,Kununurra,"Kimberley, Western Australia"
1997-01-13,3.8682447751056506,42.18069345038964,Kununurra,"Kimberley, Western Australia"
1997-01-14,2.5409111097363946,42.18069345038964,Kununurra,"Kimberley, Western Australia"
1997-01-15,0.0,42.18069345038964,Kununurra,"Kimberley, Western Australia"
1997-01-16,0.0,42.18069345038964,Kununurra,"Kimberley, Western Australia"
1997-01-17,0.13029863768723102,42.18069345038964,Kununurra,"Kimberley, Western Australia"
1997-01-18,0.0,42.18069345038964,Kununurra,"Kimberley, Western Australia"
1997-01-19,0.0,42.18069345038964,Kununurra,"Kimberley, Western Australia"
1997-01-20,0.0,42.18069345038964,Kununurra,"Kimberley, Western Australia"
1997-01-21,6.168543116346566,42.18069345038964,Kununurra,"Kimberley, Western Australia"
1997-01-22,4.612831701609119,42.18069345038964,Kununurra,"Kimberley, Western Australia"
1997-01-23,0.0,42.18069345038964,Kununurra,"Kimberley, Western Australia"
1997-01-24,0.0,42.18069345038964,Kununurra,"Kimberley, Western Australia"
1997-01-25,2.6969110643908363,42.18069345038964,Kununurra,"Kimberley, Western Australia"
1997-01-26,0.0,42.18069345038964,Kununurra,"Kimberley, Western Australia"
1997-01-27,0.0,42.18069345038964,Kununurra,"Kimberley, Western Australia"
1997-01-28,9.127329063086705,42.18069345038964,Kununurra,"Kimberley, Western Australia"
1997-01-29,0.0,42.18069345038964,Kununurra,"Kimberley, Western Australia"
1997-01-30,0.0,42.18069345038964,Kununurra,"Kimberley, Western Australia"
1997-01-31,0.0,42.18069345038964,Kununurra,"Kimberley, Western Australia"
1997-02-01,0.0,57.170783358666846,Kununurra,"Kimberley, Western Australia"
1997-02-02,5.358409516191818,57.170783358666846,Kununurra,"Kimberley, Western Australia"
1997-02-03,3.8408126260464766,57.170783358666846,Kununurra,"Kimberley, Western Australia"
1997-02-04,9.932630215481716,57.170783358666846,Kununurra,"Kimberley, Western Australia"
1997-02-05,0.0,57.170783358666846,Kununurra,"Kimberley, Western Australia"
1997-02-06,0.0,57.170783358666846,Kununurra,"Kimberley, Western Australia"
1997-02-07,0.0,57.170783358666846,Kununurra,"Kimberley, Western Australia"
1997-02-08,0.0,57.170783358666846,Kununurra,"Kimberley, Western Australia"
1997-02-09,0.0,57.170783358666846,Kununurra,"Kimberley, Western Australia"
1997-02-10,7.249919491212564,57.170783358666846,Kununurra,"Kimberley, Western Australia"
1997-02-11,0.0,57.170783358666846,Kununurra,"Kimberley, Western Australia"
1997-02-12,9.156535474247583,57.170783358666846,Kununurra,"Kimberley, Western Australia"
1997-02-13,0.0,57.170783358666846,Kununurra,"Kimberley, Western Australia"
1997-02-14,0.0,57.170783358666846,Kununurra,"Kimberley, Western Australia"
1997-02-15,0.0,57.170783358666846,Kununurra,"Kimberley, Western Australia"
1997-02-16,3.8431112493080803,57.170783358666846,Kununurra,"Kimberley, Western Australia"
1997-02-17,0.0,57.170783358666846,Kununurra,"Kimberley, Western Australia"
1997-02-18,0.0,57.170783358666846,Kununurra,"Kimberley, Western Australia"
1997-02-19,0.0,57.170783358666846,Kununurra,"Kimberley, Western Australia"
1997-02-20,0.0,57.170783358666846,Kununurra,"Kimberley, Western Australia"
1997-02-21,0.0,57.170783358666846,Kununurra,"Kimberley, Western Australia"
1997-02-22,0.0,57.170783358666846,Kununurra,"Kimberley, Western Australia"
1997-02-23,1.9152101718139094,57.170783358666846,Kununurra,"Kimberley, Western Australia"
1997-02-24,0.0,57.170783358666846,Kununurra,"Kimberley, Western Australia"
1997-02-25,7.114876889225457,57.170783358666846,Kununurra,"Kimberley, Western Australia"
1997-02-26,0.0,57.170783358666846,Kununurra,"Kimberley, Western Australia"
1997-02-27,0.0,57.170783358666846,Kununurra,"Kimberley, Western Australia"
1997-02-28,8.75927772513924,57.170783358666846,Kununurra,"Kimberley, Western Australia"
1997-03-01,8.987993745746682,31.879993404571074,Kununurra,"Kimberley, Western Australia"
1997-03-02,5.258983492492291,31.879993404571074,Kununurra,"Kimberley, Western Australia"
1997-03-03,2.428905810701197,31.879993404571074,Kununurra,"Kimberley, Western Australia"
1997-03-04,0.0,31.879993404571074,Kununurra,"Kimberley, Western Australia"
1997-03-05,0.0,31.879993404571074,Kununurra,"Kimberley, Western Australia"
1997-03-06,0.0,31.879993404571074,Kununurra,"Kimberley, Western Australia"
1997-03-07,4.03333903281704,31.879993404571074,Kununurra,"Kimberley, Western Australia"
1997-03-08,2.10419013294653,31.879993404571074,Kununurra,"Kimberley, Western Australia"
1997-03-09,0.0,31.879993404571074,Kununurra,"Kimberley, Western Australia"
1997-03-10,4.260241216415718,31.879993404571074,Kununurra,"Kimberley, Western Australia"
1997-03-11,0.0,31.879993404571074,Kununurra,"Kimberley, Western Australia"
1997-03-12,0.0,31.879993404571074,Kununurra,"Kimberley, Western Australia"
1997-03-13,0.0,31.879993404571074,Kununurra,"Kimberley, Western Australia"
1997-03-14,0.0,31.879993404571074,Kununurra,"Kimberley, Western Australia"
1997-03-15,1.363840780029768,31.879993404571074,Kununurra,"Kimberley, Western Australia"
1997-03-16,0.0,31.879993404571074,Kununurra,"Kimberley, Western Australia"
1997-03-17,0.0,31.879993404571074,Kununurra,"Kimberley, Western Australia"
1997-03-18,0.0,31.879993404571074,Kununurra,"Kimberley, Western Australia"
1997-03-19,0.0,31.879993404571074,Kununurra,"Kimberley, Western Australia"
1997-03-20,0.0,31.879993404571074,Kununurra,"Kimberley, Western Australia"
1997-03-21,0.0,31.879993404571074,Kununurra,"Kimberley, Western Australia"
1997-03-22,0.0,31.879993404571074,Kununurra,"Kimberley, Western Australia"
1997-03-23,0.0,31.879993404571074,Kununurra,"Kimberley, Western Australia"
1997-03-24,3.4424991934218476,31.879993404571074,Kununurra,"Kimberley, Western Australia"
1997-03-25,0.0,31.879993404571074,Kununurra,"Kimberley, Western Australia"
1997-03-26,0.0,31.879993404571074,Kununurra,"Kimberley, Western Australia"
1997-03-27,0.0,31.879993404571074,Kununurra,"Kimberley, Western Australia"
1997-03-28,0.0,31.879993404571074,Kununurra,"Kimberley, Western Australia"
1997-03-29,0.0,31.879993404571074,Kununurra,"Kimberley, Western Australia"
1997-03-30,0.0,31.879993404571074,Kununurra,"Kimberley, Western Australia"
1997-03-31,0.0,31.879993404571074,Kununurra,"Kimberley, Western Australia"
1997-04-01,0.0,27.093137710408076,Kununurra,"Kimberley, Western Australia"
1997-04-02,0.0,27.093137710408076,Kununurra,"Kimberley, Western Australia"
1997-04-03,0.0,27.093137710408076,Kununurra,"Kimberley, Western Australia"
1997-04-04,0.0,27.093137710408076,Kununurra,"Kimberley, Western Australia"
1997-04-05,3.374456954474346,27.093137710408076,Kununurra,"Kimberley, Western Australia"
1997-04-06,0.0,27.093137710408076,Kununurra,"Kimberley, Western Australia"
1997-04-07,6.168586188227881,27.093137710408076,Kununurra,"Kimberley, Western Australia"
1997-04-08,0.0,27.093137710408076,Kununurra,"Kimberley, Western Australia"
1997-04-09,0.0,27.093137710408076,Kununurra,"Kimberley, Western Australia"
1997-04-10,0.0,27.093137710408076,Kununurra,"Kimberley, Western Australia"
1997-04-11,0.0,27.093137710408076,Kununurra,"Kimberley, Western Australia"
1997-04-12,0.7657319354323204,27.093137710408076,Kununurra,"Kimberley, Western Australia"
1997-04-13,0.0,27.093137710408076,Kununurra,"Kimberley, Western Australia"
1997-04-14,0.0,27.093137710408076,Kununurra,"Kimberley, Western Australia"
1997-04-15,0.0,27.093137710408076,Kununurra,"Kimberley, Western Australia"
1997-04-16,2.73227097583017,27.093137710408076,Kununurra,"Kimberley, Western Australia"
1997-04-17,0.0,27.093137710408076,Kununurra,"Kimberley, Western Australia"
1997-04-18,0.0,27.093137710408076,Kununurra,"Kimberley, Western Australia"
1997-04-19,0.0,27.093137710408076,Kununurra,"Kimberley, Western Australia"
1997-04-20,3.8470317768586,27.093137710408076,Kununurra,"Kimberley, Western Australia"
1997-04-21,4.99836864993288,27.093137710408076,Kununurra,"Kimberley, Western Australia"
1997-04-22,0.0,27.093137710408076,Kununurra,"Kimberley, Western Australia"
1997-04-23,0.0,27.093137710408076,Kununurra,"Kimberley, Western Australia"
1997-04-24,0.0,27.093137710408076,Kununurra,"Kimberley, Western Australia"
1997-04-25,1.093755448986772,27.093137710408076,Kununurra,"Kimberley, Western Australia"
1997-04-26,0.0,27.093137710408076,Kununurra,"Kimberley, Western Australia"
1997-04-27,0.0,27.093137710408076,Kununurra,"Kimberley, Western Australia"
1997-04-28,4.112935780665105,27.093137710408076,Kununurra,"Kimberley, Western Australia"
1997-04-29,0.0,27.093137710408076,Kununurra,"Kimberley, Western Australia"
1997-04-30,0.0,27.093137710408076,Kununurra,"Kimberley, Western Australia"
1997-05-01,2.526827606626327,15.585500980936981,Kununurra,"Kimberley, Western Australia"
1997-05-02,0.0,15.585500980936981,Kununurra,"Kimberley, Western Australia"
1997-05-03,0.0,15.585500980936981,Kununurra,"Kimberley, Western Australia"
1997-05-04,0.0,15.585500980936981,Kununurra,"Kimberley, Western Australia"
1997-05-05,0.0,15.585500980936981,Kununurra,"Kimberley, Western Australia"
1997-05-06,0.0,15.585500980936981,Kununurra,"Kimberley, Western Australia"
1997-05-07,0.0,15.585500980936981,Kununurra,"Kimberley, Western Australia"
1997-05-08,0.0,15.585500980936981,Kununurra,"Kimberley, Western Australia"
1997-05-09,0.0,15.585500980936981,Kununurra,"Kimberley, Western Australia"
1997-05-10,0.0,15.585500980936981,Kununurra,"Kimberley, Western Australia"
1997-05-11,0.0,15.585500980936981,Kununurra,"Kimberley, Western Australia"
1997-05-12,11.081602278164578,15.585500980936981,Kununurra,"Kimberley, Western Australia"
1997-05-13,0.0,15.585500980936981,Kununurra,"Kimberley, Western Australia"
1997-05-14,0.0,15.585500980936981,Kununurra,"Kimberley, Western Australia"
1997-05-15,0.0,15.585500980936981,Kununurra,"Kimberley, Western Australia"
1997-05-16,0.0,15.585500980936981,Kununurra,"Kimberley, Western Australia"
1997-05-17,0.0,15.585500980936981,Kununurra,"Kimberley, Western Australia"
1997-05-18,0.0,15.585500980936981,Kununurra,"Kimberley, Western Australia"
1997-05-19,0.0,15.585500980936981,Kununurra,"Kimberley, Western Australia"
1997-05-20,0.0,15.585500980936981,Kununurra,"Kimberley, Western Australia"
1997-05-21,0.0,15.585500980936981,Kununurra,"Kimberley, Western Australia"
1997-05-22,0.0,15.585500980936981,Kununurra,"Kimberley, Western Australia"
1997-05-23,0.0,15.585500980936981,Kununurra,"Kimberley, Western Australia"
1997-05-24,0.0,15.585500980936981,Kununurra,"Kimberley, Western Australia"
1997-05-25,0.0,15.585500980936981,Kununurra,"Kimberley, Western Australia"
1997-05-26,0.0,15.585500980936981,Kununurra,"Kimberley, Western Australia"
1997-05-27,0.0,15.585500980936981,Kununurra,"Kimberley, Western Australia"
1997-05-28,0.0,15.585500980936981,Kununurra,"Kimberley, Western Australia"
1997-05-29,0.0,15.585500980936981,Kununurra,"Kimberley, Western Australia"
1997-05-30,1.9770710961460758,15.585500980936981,Kununurra,"Kimberley, Western Australia"
1997-05-31,0.0,15.585500980936981,Kununurra,"Kimberley, Western Australia"
1997-06-01,12.097487422633659,33.78083407676008,Kununurra,"Kimberley, Western Australia"
1997-06-02,0.0,33.78083407676008,Kununurra,"Kimberley, Western Australia"
1997-06-03,0.0,33.78083407676008,Kununurra,"Kimberley, Western Australia"
1997-06-04,0.0,33.78083407676008,Kununurra,"Kimberley, Western Australia"
1997-06-05,0.0,33.78083407676008,Kununurra,"Kimberley, Western Australia"
1997-06-06,0.0,33.78083407676008,Kununurra,"Kimberley, Western Australia"
1997-06-07,0.0,33.78083407676008,Kununurra,"Kimberley, Western Australia"
1997-06-08,5.0613006031602685,33.78083407676008,Kununurra,"Kimberley, Western Australia"
1997-06-09,0.0,33.78083407676008,Kununurra,"Kimberley, Western Australia"
1997-06-10,0.0,33.78083407676008,Kununurra,"Kimberley, Western Australia"
1997-06-11,0.0,33.78083407676008,Kununurra,"Kimberley, Western Australia"
1997-06-12,0.0,33.78083407676008,Kununurra,"Kimberley, Western Australia"
1997-06-13,0.0,33.78083407676008,Kununurra,"Kimberley, Western Australia"
1997-06-14,0.0,33.78083407676008,Kununurra,"Kimberley, Western Australia"
1997-06-15,4.563863172039486,33.78083407676008,Kununurra,"Kimberley, Western Australia"
1997-06-16,0.0,33.78083407676008,Kununurra,"Kimberley, Western Australia"
1997-06-17,0.0,33.78083407676008,Kununurra,"Kimberley, Western Australia"
1997-06-18,0.0,33.78083407676008,Kununurra,"Kimberley, Western Australia"
1997-06-19,0.0,33.78083407676008,Kununurra,"Kimberley, Western Australia"
1997-06-20,0.0,33.78083407676008,Kununurra,"Kimberley, Western Australia"
1997-06-21,0.0,33.78083407676008,Kununurra,"Kimberley, Western Australia"
1997-06-22,0.0,33.78083407676008,Kununurra,"Kimberley, Western Australia"
1997-06-23,0.0,33.78083407676008,Kununurra,"Kimberley, Western Australia"
1997-06-24,5.021139153742488,33.78083407676008,Kununurra,"Kimberley, Western Australia"
1997-06-25,5.714131883641041,33.78083407676008,Kununurra,"Kimberley, Western Australia"
1997-06-26,0.0,33.78083407676008,Kununurra,"Kimberley, Western Australia"
1997-06-27,0.0,33.78083407676008,Kununurra,"Kimberley, Western Australia"
1997-06-28,1.3229118415431382,33.78083407676008,Kununurra,"Kimberley, Western Australia"
1997-06-29,0.0,33.78083407676008,Kununurra,"Kimberley, Western Australia"
1997-06-30,0.0,33.78083407676008,Kununurra,"Kimberley, Western Australia"
1997-07-01,0.0,27.460549410480347,Kununurra,"Kimberley, Western Australia"
1997-07-02,0.0,27.460549410480347,Kununurra,"Kimberley, Western Australia"
1997-07-03,0.0,27.460549410480347,Kununurra,"Kimberley, Western Australia"
1997-07-04,0.0,27.460549410480347,Kununurra,"Kimberley, Western Australia"
1997-07-05,5.337235996662534,27.460549410480347,Kununurra,"Kimberley, Western Australia"
1997-07-06,0.0,27.460549410480347,Kununurra,"Kimberley, Western Australia"
1997-07-07,0.0,27.460549410480347,Kununurra,"Kimberley, Western Australia"
1997-07-08,0.0,27.460549410480347,Kununurra,"Kimberley, Western Australia"
1997-07-09,0.0,27.460549410480347,Kununurra,"Kimberley, Western Australia"
1997-07-10,0.0,27.460549410480347,Kununurra,"Kimberley, Western Australia"
1997-07-11,0.0,27.460549410480347,Kununurra,"Kimberley, Western Australia"
1997-07-12,0.0,27.460549410480347,Kununurra,"Kimberley, Western Australia"
1997-07-13,6.011477570236568,27.460549410480347,Kununurra,"Kimberley, Western Australia"
1997-07-14,0.0,27.460549410480347,Kununurra,"Kimberley, Western Australia"
1997-07-15,0.0,27.460549410480347,Kununurra,"Kimberley, Western Australia"
1997-07-16,0.0,27.460549410480347,Kununurra,"Kimberley, Western Australia"
1997-07-17,0.0,27.460549410480347,Kununurra,"Kimberley, Western Australia"
1997-07-18,3.876433875718475,27.460549410480347,Kununurra,"Kimberley, Western Australia"
1997-07-19,0.0,27.460549410480347,Kununurra,"Kimberley, Western Australia"
1997-07-20,0.0,27.460549410480347,Kununurra,"Kimberley, Western Australia"
1997-07-21,0.0,27.460549410480347,Kununurra,"Kimberley, Western Australia"
1997-07-22,0.0,27.460549410480347,Kununurra,"Kimberley, Western Australia"
1997-07-23,0.0,27.460549410480347,Kununurra,"Kimberley, Western Australia"
1997-07-24,0.0,27.460549410480347,Kununurra,"Kimberley, Western Australia"
1997-07-25,9.239571577255106,27.460549410480347,Kununurra,"Kimberley, Western Australia"
1997-07-26,2.9958303906076638,27.460549410480347,Kununurra,"Kimberley, Western Australia"
1997-07-27,0.0,27.460549410480347,Kununurra,"Kimberley, Western Australia"
1997-07-28,0.0,27.460549410480347,Kununurra,"Kimberley, Western Australia"
1997-07-29,0.0,27.460549410480347,Kununurra,"Kimberley, Western Australia"
1997-07-30,0.0,27.460549410480347,Kununurra,"Kimberley, Western Australia"
1997-07-31,0.0,27.460549410480347,Kununurra,"Kimberley, Western Australia"
1997-08-01,0.0,52.77292045197022,Kununurra,"Kimberley, Western Australia"
1997-08-02,0.0,52.77292045197022,Kununurra,"Kimberley, Western Australia"
1997-08-03,7.218116048512883,52.77292045197022,Kununurra,"Kimberley, Western Australia"
1997-08-04,1.3852164877987898,52.77292045197022,Kununurra,"Kimberley, Western Australia"
1997-08-05,0.0,52.77292045197022,Kununurra,"Kimberley, Western Australia"
1997-08-06,0.0,52.77292045197022,Kununurra,"Kimberley, Western Australia"
1997-08-07,0.0,52.77292045197022,Kununurra,"Kimberley, Western Australia"
1997-08-08,0.0,52.77292045197022,Kununurra,"Kimberley, Western Australia"
1997-08-09,7.976592604715292,52.77292045197022,Kununurra,"Kimberley, Western Australia"
1997-08-10,0.0,52.77292045197022,Kununurra,"Kimberley, Western Australia"
1997-08-11,8.94174975925225,52.77292045197022,Kununurra,"Kimberley, Western Australia"
1997-08-12,0.0,52.77292045197022,Kununurra,"Kimberley, Western Australia"
1997-08-13,0.0,52.77292045197022,Kununurra,"Kimberley, Western Australia"
1997-08-14,0.0,52.77292045197022,Kununurra,"Kimberley, Western Australia"
1997-08-15,0.0,52.77292045197022,Kununurra,"Kimberley, Western Australia"
1997-08-16,0.0,52.77292045197022,Kununurra,"Kimberley, Western Australia"
1997-08-17,0.0,52.77292045197022,Kununurra,"Kimberley, Western Australia"
1997-08-18,6.192383202450811,52.77292045197022,Kununurra,"Kimberley, Western Australia"
1997-08-19,0.0,52.77292045197022,Kununurra,"Kimberley, Western Australia"
1997-08-20,7.8653644923143595,52.77292045197022,Kununurra,"Kimberley, Western Australia"
1997-08-21,0.0,52.77292045197022,Kununurra,"Kimberley, Western Australia"
1997-08-22,0.0,52.77292045197022,Kununurra,"Kimberley, Western Australia"
1997-08-23,0.0,52.77292045197022,Kununurra,"Kimberley, Western Australia"
1997-08-24,0.0,52.77292045197022,Kununurra,"Kimberley, Western Australia"
1997-08-25,1.9349000277925241,52.77292045197022,Kununurra,"Kimberley, Western Australia"
1997-08-26,0.0,52.77292045197022,Kununurra,"Kimberley, Western Australia"
1997-08-27,0.0,52.77292045197022,Kununurra,"Kimberley, Western Australia"
1997-08-28,0.0,52.77292045197022,Kununurra,"Kimberley, Western Australia"
1997-08-29,9.054751173366249,52.77292045197022,Kununurra,"Kimberley, Western Australia"
1997-08-30,0.0,52.77292045197022,Kununurra,"Kimberley, Western Australia"
1997-08-31,2.2038466557670597,52.77292045197022,Kununurra,"Kimberley, Western Australia"
1997-09-01,0.0,27.739082325018604,Kununurra,"Kimberley, Western Australia"
1997-09-02,0.0,27.739082325018604,Kununurra,"Kimberley, Western Australia"
1997-09-03,0.0,27.739082325018604,Kununurra,"Kimberley, Western Australia"
1997-09-04,0.0,27.739082325018604,Kununurra,"Kimberley, Western Australia"
1997-09-05,0.0,27.739082325018604,Kununurra,"Kimberley, Western Australia"
1997-09-06,0.0,27.739082325018604,Kununurra,"Kimberley, Western Australia"
1997-09-07,2.660034537101064,27.739082325018604,Kununurra,"Kimberley, Western Australia"
1997-09-08,0.0,27.739082325018604,Kununurra,"Kimberley, Western Australia"
1997-09-09,0.0,27.739082325018604,Kununurra,"Kimberley, Western Australia"
1997-09-10,3.5209349113170214,27.739082325018604,Kununurra,"Kimberley, Western Australia"
1997-09-11,0.0,27.739082325018604,Kununurra,"Kimberley, Western Australia"
1997-09-12,3.9789707431913284,27.739082325018604,Kununurra,"Kimberley, Western Australia"
1997-09-13,0.0,27.739082325018604,Kununurra,"Kimberley, Western Australia"
1997-09-14,0.0,27.739082325018604,Kununurra,"Kimberley, Western Australia"
1997-09-15,0.0,27.739082325018604,Kununurra,"Kimberley, Western Australia"
1997-09-16,8.136276455675073,27.739082325018604,Kununurra,"Kimberley, Western Australia"
1997-09-17,0.0,27.739082325018604,Kununurra,"Kimberley, Western Australia"
1997-09-18,0.0,27.739082325018604,Kununurra,"Kimberley, Western Australia"
1997-09-19,0.0,27.739082325018604,Kununurra,"Kimberley, Western Australia"
1997-09-20,0.0,27.739082325018604,Kununurra,"Kimberley, Western Australia"
1997-09-21,0.0,27.739082325018604,Kununurra,"Kimberley, Western Australia"
1997-09-22,0.0,27.739082325018604,Kununurra,"Kimberley, Western Australia"
1997-09-23,0.0,27.739082325018604,Kununurra,"Kimberley, Western Australia"
1997-09-24,0.0,27.739082325018604,Kununurra,"Kimberley, Western Australia"
1997-09-25,0.0,27.739082325018604,Kununurra,"Kimberley, Western Australia"
1997-09-26,9.442865677734117,27.739082325018604,Kununurra,"Kimberley, Western Australia"
1997-09-27,0.0,27.739082325018604,Kununurra,"Kimberley, Western Australia"
1997-09-28,0.0,27.739082325018604,Kununurra,"Kimberley, Western Australia"
1997-09-29,0.0,27.739082325018604,Kununurra,"Kimberley, Western Australia"
1997-09-30,0.0,27.739082325018604,Kununurra,"Kimberley, Western Australia"
1997-10-01,0.0,41.74091242621239,Kununurra,"Kimberley, Western Australia"
1997-10-02,0.0,41.74091242621239,Kununurra,"Kimberley, Western Australia"
1997-10-03,0.0,41.74091242621239,Kununurra,"Kimberley, Western Australia"
1997-10-04,8.252356355311829,41.74091242621239,Kununurra,"Kimberley, Western Australia"
1997-10-05,0.0,41.74091242621239,Kununurra,"Kimberley, Western Australia"
1997-10-06,0.0,41.74091242621239,Kununurra,"Kimberley, Western Australia"
1997-10-07,0.0,41.74091242621239,Kununurra,"Kimberley, Western Australia"
1997-10-08,0.0,41.74091242621239,Kununurra,"Kimberley, Western Australia"
1997-10-09,0.0,41.74091242621239,Kununurra,"Kimberley, Western Australia"
1997-10-10,0.0,41.74091242621239,Kununurra,"Kimberley, Western Australia"
1997-10-11,5.99903624565591,41.74091242621239,Kununurra,"Kimberley, Western Australia"
1997-10-12,0.0,41.74091242621239,Kununurra,"Kimberley, Western Australia"
1997-10-13,0.0,41.74091242621239,Kununurra,"Kimberley, Western Australia"
1997-10-14,0.0,41.74091242621239,Kununurra,"Kimberley, Western Australia"
1997-10-15,0.0,41.74091242621239,Kununurra,"Kimberley, Western Australia"
1997-10-16,6.693888101152706,41.74091242621239,Kununurra,"Kimberley, Western Australia"
1997-10-17,0.0,41.74091242621239,Kununurra,"Kimberley, Western Australia"
1997-10-18,0.0,41.74091242621239,Kununurra,"Kimberley, Western Australia"
1997-10-19,0.0,41.74091242621239,Kununurra,"Kimberley, Western Australia"
1997-10-20,0.0,41.74091242621239,Kununurra,"Kimberley, Western Australia"
1997-10-21,2.390753291932907,41.74091242621239,Kununurra,"Kimberley, Western Australia"
1997-10-22,0.0,41.74091242621239,Kununurra,"Kimberley, Western Australia"
1997-10-23,0.0,41.74091242621239,Kununurra,"Kimberley, Western Australia"
1997-10-24,0.0,41.74091242621239,Kununurra,"Kimberley, Western Australia"
1997-10-25,9.326336976646923,41.74091242621239,Kununurra,"Kimberley, Western Australia"
1997-10-26,1.8248290310818516,41.74091242621239,Kununurra,"Kimberley, Western Australia"
1997-10-27,3.3128739865475545,41.74091242621239,Kununurra,"Kimberley, Western Australia"
1997-10-28,0.0,41.74091242621239,Kununurra,"Kimberley, Western Australia"
1997-10-29,0.0,41.74091242621239,Kununurra,"Kimberley, Western Australia"
1997-10-30,0.0,41.74091242621239,Kununurra,"Kimberley, Western Australia"
1997-10-31,3.9408384378827104,41.74091242621239,Kununurra,"Kimberley, Western Australia"
1997-11-01,0.0,42.535592839829604,Kununurra,"Kimberley, Western Australia"
1997-11-02,0.0,42.535592839829604,Kununurra,"Kimberley, Western Australia"
1997-11-03,0.0,42.535592839829604,Kununurra,"Kimberley, Western Australia"
1997-11-04,0.0,42.535592839829604,Kununurra,"Kimberley, Western Australia"
1997-11-05,0.0,42.535592839829604,Kununurra,"Kimberley, Western Australia"
1997-11-06,0.0,42.535592839829604,Kununurra,"Kimberley, Western Australia"
1997-11-07,5.706111652819138,42.535592839829604,Kununurra,"Kimberley, Western Australia"
1997-11-08,0.0,42.535592839829604,Kununurra,"Kimberley, Western Australia"
1997-11-09,3.0493554490414922,42.535592839829604,Kununurra,"Kimberley, Western Australia"
1997-11-10,0.0,42.535592839829604,Kununurra,"Kimberley, Western Australia"
1997-11-11,6.212891998666709,42.535592839829604,Kununurra,"Kimberley, Western Australia"
1997-11-12,0.0,42.535592839829604,Kununurra,"Kimberley, Western Australia"
1997-11-13,0.0,42.535592839829604,Kununurra,"Kimberley, Western Australia"
1997-11-14,0.0,42.535592839829604,Kununurra,"Kimberley, Western Australia"
1997-11-15,0.0,42.535592839829604,Kununurra,"Kimberley, Western Australia"
1997-11-16,0.0,42.535592839829604,Kununurra,"Kimberley, Western Australia"
1997-11-17,4.29549827633911,42.535592839829604,Kununurra,"Kimberley, Western Australia"
1997-11-18,6.169127353852161,42.535592839829604,Kununurra,"Kimberley, Western Australia"
1997-11-19,0.0,42.535592839829604,Kununurra,"Kimberley, Western Australia"
1997-11-20,0.0,42.535592839829604,Kununurra,"Kimberley, Western Australia"
1997-11-21,0.0,42.535592839829604,Kununurra,"Kimberley, Western Australia"
1997-11-22,0.0,42.535592839829604,Kununurra,"Kimberley, Western Australia"
1997-11-23,0.0,42.535592839829604,Kununurra,"Kimberley, Western Australia"
1997-11-24,3.1351968235988084,42.535592839829604,Kununurra,"Kimberley, Western Australia"
1997-11-25,0.0,42.535592839829604,Kununurra,"Kimberley, Western Australia"
1997-11-26,0.0,42.535592839829604,Kununurra,"Kimberley, Western Australia"
1997-11-27,0.0,42.535592839829604,Kununurra,"Kimberley, Western Australia"
1997-11-28,13.967411285512185,42.535592839829604,Kununurra,"Kimberley, Western Australia"
1997-11-29,0.0,42.535592839829604,Kununurra,"Kimberley, Western Australia"
1997-11-30,0.0,42.535592839829604,Kununurra,"Kimberley, Western Australia"
1997-12-01,0.0,51.40037839638521,Kununurra,"Kimberley, Western Australia"
1997-12-02,0.0,51.40037839638521,Kununurra,"Kimberley, Western Australia"
1997-12-03,8.598639086603281,51.40037839638521,Kununurra,"Kimberley, Western Australia"
1997-12-04,0.0,51.40037839638521,Kununurra,"Kimberley, Western Australia"
1997-12-05,2.6442091739850895,51.40037839638521,Kununurra,"Kimberley, Western Australia"
1997-12-06,0.0,51.40037839638521,Kununurra,"Kimberley, Western Australia"
1997-12-07,0.0,51.40037839638521,Kununurra,"Kimberley, Western Australia"
1997-12-08,0.0,51.40037839638521,Kununurra,"Kimberley, Western Australia"
1997-12-09,4.358289358347829,51.40037839638521,Kununurra,"Kimberley, Western Australia"
1997-12-10,3.8475348508677643,51.40037839638521,Kununurra,"Kimberley, Western Australia"
1997-12-11,0.0,51.40037839638521,Kununurra,"Kimberley, Western Australia"
1997-12-12,0.0,51.40037839638521,Kununurra,"Kimberley, Western Australia"
1997-12-13,0.0,51.40037839638521,Kununurra,"Kimberley, Western Australia"
1997-12-14,0.0,51.40037839638521,Kununurra,"Kimberley, Western Australia"
1997-12-15,0.0,51.40037839638521,Kununurra,"Kimberley, Western Australia"
1997-12-16,0.0,51.40037839638521,Kununurra,"Kimberley, Western Australia"
1997-12-17,0.0,51.40037839638521,Kununurra,"Kimberley, Western Australia"
1997-12-18,0.0,51.40037839638521,Kununurra,"Kimberley, Western Australia"
1997-12-19,0.0,51.40037839638521,Kununurra,"Kimberley, Western Australia"
1997-12-20,8.202814910082026,51.40037839638521,Kununurra,"Kimberley, Western Australia"
1997-12-21,0.0,51.40037839638521,Kununurra,"Kimberley, Western Australia"
1997-12-22,6.90620691545905,51.40037839638521,Kununurra,"Kimberley, Western Australia"
1997-12-23,0.0,51.40037839638521,Kununurra,"Kimberley, Western Australia"
1997-12-24,0.0,51.40037839638521,Kununurra,"Kimberley, Western Australia"
1997-12-25,6.657911526582648,51.40037839638521,Kununurra,"Kimberley, Western Australia"
1997-12-26,0.0,51.40037839638521,Kununurra,"Kimberley, Western Australia"
1997-12-27,0.0,51.40037839638521,Kununurra,"Kimberley, Western Australia"
1997-12-28,7.3332177571992965,51.40037839638521,Kununurra,"Kimberley, Western Australia"
1997-12-29,0.0,51.40037839638521,Kununurra,"Kimberley, Western Australia"
1997-12-30,0.0,51.40037839638521,Kununurra,"Kimberley, Western Australia"
1997-12-31,2.851554817258222,51.40037839638521,Kununurra,"Kimberley, Western Australia"
1998-01-01,0.0,55.65182521515121,Kununurra,"Kimberley, Western Australia"
1998-01-02,9.598219544625643,55.65182521515121,Kununurra,"Kimberley, Western Australia"
1998-01-03,4.146323764460404,55.65182521515121,Kununurra,"Kimberley, Western Australia"
1998-01-04,2.7550097637841873,55.65182521515121,Kununurra,"Kimberley, Western Australia"
1998-01-05,0.0,55.65182521515121,Kununurra,"Kimberley, Western Australia"
1998-01-06,0.0,55.65182521515121,Kununurra,"Kimberley, Western Australia"
1998-01-07,0.0,55.65182521515121,Kununurra,"Kimberley, Western Australia"
1998-01-08,0.0,55.65182521515121,Kununurra,"Kimberley, Western Australia"
1998-01-09,0.0,55.65182521515121,Kununurra,"Kimberley, Western Australia"
1998-01-10,7.562826920698367,55.65182521515121,Kununurra,"Kimberley, Western Australia"
1998-01-11,0.0,55.65182521515121,Kununurra,"Kimberley, Western Australia"
1998-01-12,0.0,55.65182521515121,Kununurra,"Kimberley, Western Australia"
1998-01-13,0.0,55.65182521515121,Kununurra,"Kimberley, Western Australia"
1998-01-14,0.0,55.65182521515121,Kununurra,"Kimberley, Western Australia"
1998-01-15,0.0,55.65182521515121,Kununurra,"Kimberley, Western Australia"
1998-01-16,0.0,55.65182521515121,Kununurra,"Kimberley, Western Australia"
1998-01-17,0.0,55.65182521515121,Kununurra,"Kimberley, Western Australia"
1998-01-18,14.071823757300958,55.65182521515121,Kununurra,"Kimberley, Western Australia"
1998-01-19,13.675652491171022,55.65182521515121,Kununurra,"Kimberley, Western Australia"
1998-01-20,0.0,55.65182521515121,Kununurra,"Kimberley, Western Australia"
1998-01-21,2.150223282255573,55.65182521515121,Kununurra,"Kimberley, Western Australia"
1998-01-22,0.0,55.65182521515121,Kununurra,"Kimberley, Western Australia"
1998-01-23,1.691745690855061,55.65182521515121,Kununurra,"Kimberley, Western Australia"
1998-01-24,0.0,55.65182521515121,Kununurra,"Kimberley, Western Australia"
1998-01-25,0.0,55.65182521515121,Kununurra,"Kimberley, Western Australia"
1998-01-26,0.0,55.65182521515121,Kununurra,"Kimberley, Western Australia"
1998-01-27,0.0,55.65182521515121,Kununurra,"Kimberley, Western Australia"
1998-01-28,0.0,55.65182521515121,Kununurra,"Kimberley, Western Australia"
1998-01-29,0.0,55.65182521515121,Kununurra,"Kimberley, Western Australia"
1998-01-30,0.0,55.65182521515121,Kununurra,"Kimberley, Western Australia"
1998-01-31,0.0,55.65182521515121,Kununurra,"Kimberley, Western Australia"
1998-02-01,0.0,58.14790501364692,Kununurra,"Kimberley, Western Australia"
1998-02-02,2.6511185628071976,58.14790501364692,Kununurra,"Kimberley, Western Australia"
1998-02-03,0.0,58.14790501364692,Kununurra,"Kimberley, Western Australia"
1998-02-04,0.0,58.14790501364692,Kununurra,"Kimberley, Western Australia"
1998-02-05,0.0,58.14790501364692,Kununurra,"Kimberley, Western Australia"
1998-02-06,1.1923855981203797,58.14790501364692,Kununurra,"Kimberley, Western Australia"
1998-02-07,0.0,58.14790501364692,Kununurra,"Kimberley, Western Australia"
1998-02-08,0.0,58.14790501364692,Kununurra,"Kimberley, Western Australia"
1998-02-09,0.0,58.14790501364692,Kununurra,"Kimberley, Western Australia"
1998-02-10,0.0,58.14790501364692,Kununurra,"Kimberley, Western Australia"
1998-02-11,0.0,58.14790501364692,Kununurra,"Kimberley, Western Australia"
1998-02-12,0.0,58.14790501364692,Kununurra,"Kimberley, Western Australia"
1998-02-13,8.838595186588552,58.14790501364692,Kununurra,"Kimberley, Western Australia"
1998-02-14,0.0,58.14790501364692,Kununurra,"Kimberley, Western Australia"
1998-02-15,0.0,58.14790501364692,Kununurra,"Kimberley, Western Australia"
1998-02-16,0.0,58.14790501364692,Kununurra,"Kimberley, Western Australia"
1998-02-17,0.0,58.14790501364692,Kununurra,"Kimberley, Western Australia"
1998-02-18,7.218716227729917,58.14790501364692,Kununurra,"Kimberley, Western Australia"
1998-02-19,0.0,58.14790501364692,Kununurra,"Kimberley, Western Australia"
1998-02-20,0.0,58.14790501364692,Kununurra,"Kimberley, Western Australia"
1998-02-21,23.53958200255873,58.14790501364692,Kununurra,"Kimberley, Western Australia"
1998-02-22,0.0,58.14790501364692,Kununurra,"Kimberley, Western Australia"
1998-02-23,14.707507435842144,58.14790501364692,Kununurra,"Kimberley, Western Australia"
1998-02-24,0.0,58.14790501364692,Kununurra,"Kimberley, Western Australia"
1998-02-25,0.0,58.14790501364692,Kununurra,"Kimberley, Western Australia"
1998-02-26,0.0,58.14790501364692,Kununurra,"Kimberley, Western Australia"
1998-02-27,0.0,58.14790501364692,Kununurra,"Kimberley, Western Australia"
1998-02-28,0.0,58.14790501364692,Kununurra,"Kimberley, Western Australia"
1998-03-01,0.0,73.61771478782597,Kununurra,"Kimberley, Western Australia"
1998-03-02,0.0,73.61771478782597,Kununurra,"Kimberley, Western Australia"
1998-03-03,0.0,73.61771478782597,Kununurra,"Kimberley, Western Australia"
1998-03-04,0.0,73.61771478782597,Kununurra,"Kimberley, Western Australia"
1998-03-05,10.793082162454853,73.61771478782597,Kununurra,"Kimberley, Western Australia"
1998-03-06,0.0,73.61771478782597,Kununurra,"Kimberley, Western Australia"
1998-03-07,0.0,73.61771478782597,Kununurra,"Kimberley, Western Australia"
1998-03-08,0.0,73.61771478782597,Kununurra,"Kimberley, Western Australia"
1998-03-09,0.0,73.61771478782597,Kununurra,"Kimberley, Western Australia"
1998-03-10,0.0,73.61771478782597,Kununurra,"Kimberley, Western Australia"
1998-03-11,0.0,73.61771478782597,Kununurra,"Kimberley, Western Australia"
1998-03-12,0.0,73.61771478782597,Kununurra,"Kimberley, Western Australia"
1998-03-13,0.0,73.61771478782597,Kununurra,"Kimberley, Western Australia"
1998-03-14,0.0,73.61771478782597,Kununurra,"Kimberley, Western Australia"
1998-03-15,0.0,73.61771478782597,Kununurra,"Kimberley, Western Australia"
1998-03-16,13.600293459792892,73.61771478782597,Kununurra,"Kimberley, Western Australia"
1998-03-17,0.0,73.61771478782597,Kununurra,"Kimberley, Western Australia"
1998-03-18,7.2457581687726496,73.61771478782597,Kununurra,"Kimberley, Western Australia"
1998-03-19,4.852144823525947,73.61771478782597,Kununurra,"Kimberley, Western Australia"
1998-03-20,0.0,73.61771478782597,Kununurra,"Kimberley, Western Australia"
1998-03-21,0.0,73.61771478782597,Kununurra,"Kimberley, Western Australia"
1998-03-22,0.0,73.61771478782597,Kununurra,"Kimberley, Western Australia"
1998-03-23,6.2492556103973165,73.61771478782597,Kununurra,"Kimberley, Western Australia"
1998-03-24,0.0,73.61771478782597,Kununurra,"Kimberley, Western Australia"
1998-03-25,13.588028177528834,73.61771478782597,Kununurra,"Kimberley, Western Australia"
1998-03-26,0.0,73.61771478782597,Kununurra,"Kimberley, Western Australia"
1998-03-27,0.0,73.61771478782597,Kununurra,"Kimberley, Western Australia"
1998-03-28,7.426102762962618,73.61771478782597,Kununurra,"Kimberley, Western Australia"
1998-03-29,8.568073298285968,73.61771478782597,Kununurra,"Kimberley, Western Australia"
1998-03-30,0.0,73.61771478782597,Kununurra,"Kimberley, Western Australia"
1998-03-31,1.2949763241049024,73.61771478782597,Kununurra,"Kimberley, Western Australia"
1998-04-01,4.139167651333224,24.516603485676008,Kununurra,"Kimberley, Western Australia"
1998-04-02,0.0,24.516603485676008,Kununurra,"Kimberley, Western Australia"
1998-04-03,0.0,24.516603485676008,Kununurra,"Kimberley, Western Australia"
1998-04-04,0.0,24.516603485676008,Kununurra,"Kimberley, Western Australia"
1998-04-05,0.0,24.516603485676008,Kununurra,"Kimberley, Western Australia"
1998-04-06,0.0,24.516603485676008,Kununurra,"Kimberley, Western Australia"
1998-04-07,0.0,24.516603485676008,Kununurra,"Kimberley, Western Australia"
1998-04-08,0.0,24.516603485676008,Kununurra,"Kimberley, Western Australia"
1998-04-09,0.0,24.516603485676008,Kununurra,"Kimberley, Western Australia"
1998-04-10,0.0,24.516603485676008,Kununurra,"Kimberley, Western Australia"
1998-04-11,3.5895822329508666,24.516603485676008,Kununurra,"Kimberley, Western Australia"
1998-04-12,0.0,24.516603485676008,Kununurra,"Kimberley, Western Australia"
1998-04-13,0.0,24.516603485676008,Kununurra,"Kimberley, Western Australia"
1998-04-14,8.362344564205678,24.516603485676008,Kununurra,"Kimberley, Western Australia"
1998-04-15,0.0,24.516603485676008,Kununurra,"Kimberley, Western Australia"
1998-04-16,0.0,24.516603485676008,Kununurra,"Kimberley, Western Australia"
1998-04-17,0.0,24.516603485676008,Kununurra,"Kimberley, Western Australia"
1998-04-18,0.0,24.516603485676008,Kununurra,"Kimberley, Western Australia"
1998-04-19,0.0,24.516603485676008,Kununurra,"Kimberley, Western Australia"
1998-04-20,4.734037013715175,24.516603485676008,Kununurra,"Kimberley, Western Australia"
1998-04-21,0.0,24.516603485676008,Kununurra,"Kimberley, Western Australia"
1998-04-22,0.0,24.516603485676008,Kununurra,"Kimberley, Western Australia"
1998-04-23,0.0,24.516603485676008,Kununurra,"Kimberley, Western Australia"
1998-04-24,0.0,24.516603485676008,Kununurra,"Kimberley, Western Australia"
1998-04-25,0.0,24.516603485676008,Kununurra,"Kimberley, Western Australia"
1998-04-26,0.0,24.516603485676008,Kununurra,"Kimberley, Western Australia"
1998-04-27,3.6914720234710643,24.516603485676008,Kununurra,"Kimberley, Western Australia"
1998-04-28,0.0,24.516603485676008,Kununurra,"Kimberley, Western Australia"
1998-04-29,0.0,24.516603485676008,Kununurra,"Kimberley, Western Australia"
1998-04-30,0.0,24.516603485676008,Kununurra,"Kimberley, Western Australia"
1998-05-01,0.0,36.23522793917345,Kununurra,"Kimberley, Western Australia"
1998-05-02,0.0,36.23522793917345,Kununurra,"Kimberley, Western Australia"
1998-05-03,0.0,36.23522793917345,Kununurra,"Kimberley, Western Australia"
1998-05-04,0.0,36.23522793917345,Kununurra,"Kimberley, Western Australia"
1998-05-05,0.0,36.23522793917345,Kununurra,"Kimberley, Western Australia"
1998-05-06,0.0,36.23522793917345,Kununurra,"Kimberley, Western Australia"
1998-05-07,0.0,36.23522793917345,Kununurra,"Kimberley, Western Australia"
1998-05-08,0.0,36.23522793917345,Kununurra,"Kimberley, Western Australia"
1998-05-09,0.0,36.23522793917345,Kununurra,"Kimberley, Western Australia"
1998-05-10,0.0,36.23522793917345,Kununurra,"Kimberley, Western Australia"
1998-05-11,12.005145905339546,36.23522793917345,Kununurra,"Kimberley, Western Australia"
1998-05-12,5.859054789699834,36.23522793917345,Kununurra,"Kimberley, Western Australia"
1998-05-13,0.0,36.23522793917345,Kununurra,"Kimberley, Western Australia"
1998-05-14,0.0,36.23522793917345,Kununurra,"Kimberley, Western Australia"
1998-05-15,1.766345881308145,36.23522793917345,Kununurra,"Kimberley, Western Australia"
1998-05-16,0.0,36.23522793917345,Kununurra,"Kimberley, Western Australia"
1998-05-17,0.0,36.23522793917345,Kununurra,"Kimberley, Western Australia"
1998-05-18,0.0,36.23522793917345,Kununurra,"Kimberley, Western Australia"
1998-05-19,0.0,36.23522793917345,Kununurra,"Kimberley, Western Australia"
1998-05-20,0.0,36.23522793917345,Kununurra,"Kimberley, Western Australia"
1998-05-21,0.0,36.23522793917345,Kununurra,"Kimberley, Western Australia"
1998-05-22,0.0,36.23522793917345,Kununurra,"Kimberley, Western Australia"
1998-05-23,0.0,36.23522793917345,Kununurra,"Kimberley, Western Australia"
1998-05-24,0.0,36.23522793917345,Kununurra,"Kimberley, Western Australia"
1998-05-25,0.0,36.23522793917345,Kununurra,"Kimberley, Western Australia"
1998-05-26,0.0,36.23522793917345,Kununurra,"Kimberley, Western Australia"
1998-05-27,0.0,36.23522793917345,Kununurra,"Kimberley, Western Australia"
1998-05-28,0.0,36.23522793917345,Kununurra,"Kimberley, Western Australia"
1998-05-29,7.091834887183548,36.23522793917345,Kununurra,"Kimberley, Western Australia"
1998-05-30,9.512846475642375,36.23522793917345,Kununurra,"Kimberley, Western Australia"
1998-05-31,0.0,36.23522793917345,Kununurra,"Kimberley, Western Australia"
1998-06-01,1.1959978899267985,34.89104932453752,Kununurra,"Kimberley, Western Australia"
1998-06-02,2.986209396410286,34.89104932453752,Kununurra,"Kimberley, Western Australia"
1998-06-03,0.0,34.89104932453752,Kununurra,"Kimberley, Western Australia"
1998-06-04,0.0,34.89104932453752,Kununurra,"Kimberley, Western Australia"
1998-06-05,0.0,34.89104932453752,Kununurra,"Kimberley, Western Australia"
1998-06-06,0.9279309424564277,34.89104932453752,Kununurra,"Kimberley, Western Australia"
1998-06-07,0.0,34.89104932453752,Kununurra,"Kimberley, Western Australia"
1998-06-08,0.0,34.89104932453752,Kununurra,"Kimberley, Western Australia"
1998-06-09,0.0,34.89104932453752,Kununurra,"Kimberley, Western Australia"
1998-06-10,0.0,34.89104932453752,Kununurra,"Kimberley, Western Australia"
1998-06-11,6.004257598961401,34.89104932453752,Kununurra,"Kimberley, Western Australia"
1998-06-12,0.0,34.89104932453752,Kununurra,"Kimberley, Western Australia"
1998-06-13,0.0,34.89104932453752,Kununurra,"Kimberley, Western Australia"
1998-06-14,0.0,34.89104932453752,Kununurra,"Kimberley, Western Australia"
1998-06-15,2.3117222508232502,34.89104932453752,Kununurra,"Kimberley, Western Australia"
1998-06-16,3.5372570976978133,34.89104932453752,Kununurra,"Kimberley, Western Australia"
1998-06-17,0.0,34.89104932453752,Kununurra,"Kimberley, Western Australia"
1998-06-18,2.9465551701733506,34.89104932453752,Kununurra,"Kimberley, Western Australia"
1998-06-19,0.0,34.89104932453752,Kununurra,"Kimberley, Western Australia"
1998-06-20,0.0,34.89104932453752,Kununurra,"Kimberley, Western Australia"
1998-06-21,0.0,34.89104932453752,Kununurra,"Kimberley, Western Australia"
1998-06-22,0.0,34.89104932453752,Kununurra,"Kimberley, Western Australia"
1998-06-23,0.0,34.89104932453752,Kununurra,"Kimberley, Western Australia"
1998-06-24,0.0,34.89104932453752,Kununurra,"Kimberley, Western Australia"
1998-06-25,0.0,34.89104932453752,Kununurra,"Kimberley, Western Australia"
1998-06-26,0.0,34.89104932453752,Kununurra,"Kimberley, Western Australia"
1998-06-27,4.940525100815499,34.89104932453752,Kununurra,"Kimberley, Western Australia"
1998-06-28,0.0,34.89104932453752,Kununurra,"Kimberley, Western Australia"
1998-06-29,6.768197372216579,34.89104932453752,Kununurra,"Kimberley, Western Australia"
1998-06-30,3.272396505056117,34.89104932453752,Kununurra,"Kimberley, Western Australia"
1998-07-01,2.012665435635923,73.15462544190599,Kununurra,"Kimberley, Western Australia"
1998-07-02,3.5329369738726575,73.15462544190599,Kununurra,"Kimberley, Western Australia"
1998-07-03,0.0,73.15462544190599,Kununurra,"Kimberley, Western Australia"
1998-07-04,18.080329860678354,73.15462544190599,Kununurra,"Kimberley, Western Australia"
1998-07-05,0.0,73.15462544190599,Kununurra,"Kimberley, Western Australia"
1998-07-06,0.0,73.15462544190599,Kununurra,"Kimberley, Western Australia"
1998-07-07,0.0,73.15462544190599,Kununurra,"Kimberley, Western Australia"
1998-07-08,0.0,73.15462544190599,Kununurra,"Kimberley, Western Australia"
1998-07-09,3.8336084035607927,73.15462544190599,Kununurra,"Kimberley, Western Australia"
1998-07-10,1.5766408960614573,73.15462544190599,Kununurra,"Kimberley, Western Australia"
1998-07-11,0.0,73.15462544190599,Kununurra,"Kimberley, Western Australia"
1998-07-12,4.39320572095221,73.15462544190599,Kununurra,"Kimberley, Western Australia"
1998-07-13,5.2322783079228845,73.15462544190599,Kununurra,"Kimberley, Western Australia"
1998-07-14,0.0,73.15462544190599,Kununurra,"Kimberley, Western Australia"
1998-07-15,0.0,73.15462544190599,Kununurra,"Kimberley, Western Australia"
1998-07-16,6.342436403108756,73.15462544190599,Kununurra,"Kimberley, Western Australia"
1998-07-17,9.444629570691681,73.15462544190599,Kununurra,"Kimberley, Western Australia"
1998-07-18,12.00042893319084,73.15462544190599,Kununurra,"Kimberley, Western Australia"
1998-07-19,0.0,73.15462544190599,Kununurra,"Kimberley, Western Australia"
1998-07-20,0.0,73.15462544190599,Kununurra,"Kimberley, Western Australia"
1998-07-21,0.0,73.15462544190599,Kununurra,"Kimberley, Western Australia"
1998-07-22,0.0,73.15462544190599,Kununurra,"Kimberley, Western Australia"
1998-07-23,0.0,73.15462544190599,Kununurra,"Kimberley, Western Australia"
1998-07-24,0.0,73.15462544190599,Kununurra,"Kimberley, Western Australia"
1998-07-25,0.0,73.15462544190599,Kununurra,"Kimberley, Western Australia"
1998-07-26,0.0,73.15462544190599,Kununurra,"Kimberley, Western Australia"
1998-07-27,6.705464936230428,73.15462544190599,Kununurra,"Kimberley, Western Australia"
1998-07-28,0.0,73.15462544190599,Kununurra,"Kimberley, Western Australia"
1998-07-29,0.0,73.15462544190599,Kununurra,"Kimberley, Western Australia"
1998-07-30,0.0,73.15462544190599,Kununurra,"Kimberley, Western Australia"
1998-07-31,0.0,73.15462544190599,Kununurra,"Kimberley, Western Australia"
1998-08-01,3.1928915469416737,39.175535897636564,Kununurra,"Kimberley, Western Australia"
1998-08-02,0.0,39.175535897636564,Kununurra,"Kimberley, Western Australia"
1998-08-03,0.0,39.175535897636564,Kununurra,"Kimberley, Western Australia"
1998-08-04,0.0,39.175535897636564,Kununurra,"Kimberley, Western Australia"
1998-08-05,0.0,39.175535897636564,Kununurra,"Kimberley, Western Australia"
1998-08-06,0.0,39.175535897636564,Kununurra,"Kimberley, Western Australia"
1998-08-07,0.0,39.175535897636564,Kununurra,"Kimberley, Western Australia"
1998-08-08,0.0,39.175535897636564,Kununurra,"Kimberley, Western Australia"
1998-08-09,4.785970593408997,39.175535897636564,Kununurra,"Kimberley, Western Australia"
1998-08-10,0.0,39.175535897636564,Kununurra,"Kimberley, Western Australia"
1998-08-11,0.0,39.175535897636564,Kununurra,"Kimberley, Western Australia"
1998-08-12,0.0,39.175535897636564,Kununurra,"Kimberley, Western Australia"
1998-08-13,10.135457814056089,39.175535897636564,Kununurra,"Kimberley, Western Australia"
1998-08-14,5.358407401734082,39.175535897636564,Kununurra,"Kimberley, Western Australia"
1998-08-15,0.0,39.175535897636564,Kununurra,"Kimberley, Western Australia"
1998-08-16,0.0,39.175535897636564,Kununurra,"Kimberley, Western Australia"
1998-08-17,8.686887476215416,39.175535897636564,Kununurra,"Kimberley, Western Australia"
1998-08-18,0.0,39.175535897636564,Kununurra,"Kimberley, Western Australia"
1998-08-19,0.0,39.175535897636564,Kununurra,"Kimberley, Western Australia"
1998-08-20,0.0,39.175535897636564,Kununurra,"Kimberley, Western Australia"
1998-08-21,0.0,39.175535897636564,Kununurra,"Kimberley, Western Australia"
1998-08-22,0.0,39.175535897636564,Kununurra,"Kimberley, Western Australia"
1998-08-23,2.6446779619134406,39.175535897636564,Kununurra,"Kimberley, Western Australia"
1998-08-24,0.0,39.175535897636564,Kununurra,"Kimberley, Western Australia"
1998-08-25,0.0,39.175535897636564,Kununurra,"Kimberley, Western Australia"
1998-08-26,0.0,39.175535897636564,Kununurra,"Kimberley, Western Australia"
1998-08-27,3.6783351877327455,39.175535897636564,Kununurra,"Kimberley, Western Australia"
1998-08-28,0.0,39.175535897636564,Kununurra,"Kimberley, Western Australia"
1998-08-29,0.0,39.175535897636564,Kununurra,"Kimberley, Western Australia"
1998-08-30,0.0,39.175535897636564,Kununurra,"Kimberley, Western Australia"
1998-08-31,0.6929079156341202,39.175535897636564,Kununurra,"Kimberley, Western Australia"
1998-09-01,5.831146054887781,53.44971874960174,Kununurra,"Kimberley, Western Australia"
1998-09-02,0.0,53.44971874960174,Kununurra,"Kimberley, Western Australia"
1998-09-03,0.0,53.44971874960174,Kununurra,"Kimberley, Western Australia"
1998-09-04,0.0,53.44971874960174,Kununurra,"Kimberley, Western Australia"
1998-09-05,0.0,53.44971874960174,Kununurra,"Kimberley, Western Australia"
1998-09-06,0.0,53.44971874960174,Kununurra,"Kimberley, Western Australia"
1998-09-07,0.0,53.44971874960174,Kununurra,"Kimberley, Western Australia"
1998-09-08,0.0,53.44971874960174,Kununurra,"Kimberley, Western Australia"
1998-09-09,1.0959342649364059,53.44971874960174,Kununurra,"Kimberley, Western Australia"
1998-09-10,11.753863973550674,53.44971874960174,Kununurra,"Kimberley, Western Australia"
1998-09-11,3.94611642161815,53.44971874960174,Kununurra,"Kimberley, Western Australia"
1998-09-12,0.0,53.44971874960174,Kununurra,"Kimberley, Western Australia"
1998-09-13,7.007709945102368,53.44971874960174,Kununurra,"Kimberley, Western Australia"
1998-09-14,0.0,53.44971874960174,Kununurra,"Kimberley, Western Australia"
1998-09-15,0.0,53.44971874960174,Kununurra,"Kimberley, Western Australia"
1998-09-16,7.668567097304827,53.44971874960174,Kununurra,"Kimberley, Western Australia"
1998-09-17,0.0,53.44971874960174,Kununurra,"Kimberley, Western Australia"
1998-09-18,0.0,53.44971874960174,Kununurra,"Kimberley, Western Australia"
1998-09-19,0.0,53.44971874960174,Kununurra,"Kimberley, Western Australia"
1998-09-20,0.0,53.44971874960174,Kununurra,"Kimberley, Western Australia"
1998-09-21,0.0,53.44971874960174,Kununurra,"Kimberley, Western Australia"
1998-09-22,0.0,53.44971874960174,Kununurra,"Kimberley, Western Australia"
1998-09-23,0.0,53.44971874960174,Kununurra,"Kimberley, Western Australia"
1998-09-24,0.0,53.44971874960174,Kununurra,"Kimberley, Western Australia"
1998-09-25,0.0,53.44971874960174,Kununurra,"Kimberley, Western Australia"
1998-09-26,0.0,53.44971874960174,Kununurra,"Kimberley, Western Australia"
1998-09-27,0.0,53.44971874960174,Kununurra,"Kimberley, Western Australia"
1998-09-28,5.138416636901757,53.44971874960174,Kununurra,"Kimberley, Western Australia"
1998-09-29,0.0,53.44971874960174,Kununurra,"Kimberley, Western Australia"
1998-09-30,11.00796435529978,53.44971874960174,Kununurra,"Kimberley, Western Australia"
1998-10-01,0.0,60.5422095625637,Kununurra,"Kimberley, Western Australia"
1998-10-02,0.0,60.5422095625637,Kununurra,"Kimberley, Western Australia"
1998-10-03,0.0,60.5422095625637,Kununurra,"Kimberley, Western Australia"
1998-10-04,0.0,60.5422095625637,Kununurra,"Kimberley, Western Australia"
1998-10-05,0.0,60.5422095625637,Kununurra,"Kimberley, Western Australia"
1998-10-06,0.0,60.5422095625637,Kununurra,"Kimberley, Western Australia"
1998-10-07,12.727020735082217,60.5422095625637,Kununurra,"Kimberley, Western Australia"
1998-10-08,12.765790908090265,60.5422095625637,Kununurra,"Kimberley, Western Australia"
1998-10-09,0.0,60.5422095625637,Kununurra,"Kimberley, Western Australia"
1998-10-10,0.0,60.5422095625637,Kununurra,"Kimberley, Western Australia"
1998-10-11,0.0,60.5422095625637,Kununurra,"Kimberley, Western Australia"
1998-10-12,5.12676417737951,60.5422095625637,Kununurra,"Kimberley, Western Australia"
1998-10-13,2.1573524770906203,60.5422095625637,Kununurra,"Kimberley, Western Australia"
1998-10-14,6.130225748587553,60.5422095625637,Kununurra,"Kimberley, Western Australia"
1998-10-15,0.0,60.5422095625637,Kununurra,"Kimberley, Western Australia"
1998-10-16,0.0,60.5422095625637,Kununurra,"Kimberley, Western Australia"
1998-10-17,0.0,60.5422095625637,Kununurra,"Kimberley, Western Australia"
1998-10-18,1.7711949803636102,60.5422095625637,Kununurra,"Kimberley, Western Australia"
1998-10-19,0.0,60.5422095625637,Kununurra,"Kimberley, Western Australia"
1998-10-20,5.28561457112577,60.5422095625637,Kununurra,"Kimberley, Western Australia"
1998-10-21,0.0,60.5422095625637,Kununurra,"Kimberley, Western Australia"
1998-10-22,7.931873195312733,60.5422095625637,Kununurra,"Kimberley, Western Australia"
1998-10-23,0.0,60.5422095625637,Kununurra,"Kimberley, Western Australia"
1998-10-24,0.0,60.5422095625637,Kununurra,"Kimberley, Western Australia"
1998-10-25,0.0,60.5422095625637,Kununurra,"Kimberley, Western Australia"
1998-10-26,0.0,60.5422095625637,Kununurra,"Kimberley, Western Australia"
1998-10-27,0.0,60.5422095625637,Kununurra,"Kimberley, Western Australia"
1998-10-28,6.646372769531425,60.5422095625637,Kununurra,"Kimberley, Western Australia"
1998-10-29,0.0,60.5422095625637,Kununurra,"Kimberley, Western Australia"
1998-10-30,0.0,60.5422095625637,Kununurra,"Kimberley, Western Australia"
1998-10-31,0.0,60.5422095625637,Kununurra,"Kimberley, Western Australia"
1998-11-01,0.0,32.94510070411696,Kununurra,"Kimberley, Western Australia"
1998-11-02,0.0,32.94510070411696,Kununurra,"Kimberley, Western Australia"
1998-11-03,0.0,32.94510070411696,Kununurra,"Kimberley, Western Australia"
1998-11-04,0.0,32.94510070411696,Kununurra,"Kimberley, Western Australia"
1998-11-05,0.0,32.94510070411696,Kununurra,"Kimberley, Western Australia"
1998-11-06,0.0,32.94510070411696,Kununurra,"Kimberley, Western Australia"
1998-11-07,0.0,32.94510070411696,Kununurra,"Kimberley, Western Australia"
1998-11-08,0.0,32.94510070411696,Kununurra,"Kimberley, Western Australia"
1998-11-09,0.0,32.94510070411696,Kununurra,"Kimberley, Western Australia"
1998-11-10,0.0,32.94510070411696,Kununurra,"Kimberley, Western Australia"
1998-11-11,0.0,32.94510070411696,Kununurra,"Kimberley, Western Australia"
1998-11-12,0.0,32.94510070411696,Kununurra,"Kimberley, Western Australia"
1998-11-13,0.0,32.94510070411696,Kununurra,"Kimberley, Western Australia"
1998-11-14,0.0,32.94510070411696,Kununurra,"Kimberley, Western Australia"
1998-11-15,0.0,32.94510070411696,Kununurra,"Kimberley, Western Australia"
1998-11-16,15.650996924174752,32.94510070411696,Kununurra,"Kimberley, Western Australia"
1998-11-17,0.0,32.94510070411696,Kununurra,"Kimberley, Western Australia"
1998-11-18,0.0,32.94510070411696,Kununurra,"Kimberley, Western Australia"
1998-11-19,0.0,32.94510070411696,Kununurra,"Kimberley, Western Australia"
1998-11-20,0.0,32.94510070411696,Kununurra,"Kimberley, Western Australia"
1998-11-21,0.0,32.94510070411696,Kununurra,"Kimberley, Western Australia"
1998-11-22,0.0,32.94510070411696,Kununurra,"Kimberley, Western Australia"
1998-11-23,1.98253662034573,32.94510070411696,Kununurra,"Kimberley, Western Australia"
1998-11-24,0.0,32.94510070411696,Kununurra,"Kimberley, Western Australia"
1998-11-25,0.0,32.94510070411696,Kununurra,"Kimberley, Western Australia"
1998-11-26,0.0,32.94510070411696,Kununurra,"Kimberley, Western Australia"
1998-11-27,0.0,32.94510070411696,Kununurra,"Kimberley, Western Australia"
1998-11-28,0.0,32.94510070411696,Kununurra,"Kimberley, Western Australia"
1998-11-29,7.431187199088778,32.94510070411696,Kununurra,"Kimberley, Western Australia"
1998-11-30,7.8803799605077005,32.94510070411696,Kununurra,"Kimberley, Western Australia"
1998-12-01,0.0,39.93660006241695,Kununurra,"Kimberley, Western Australia"
1998-12-02,5.226130892289601,39.93660006241695,Kununurra,"Kimberley, Western Australia"
1998-12-03,0.0,39.93660006241695,Kununurra,"Kimberley, Western Australia"
1998-12-04,2.809567788164019,39.93660006241695,Kununurra,"Kimberley, Western Australia"
1998-12-05,0.0,39.93660006241695,Kununurra,"Kimberley, Western Australia"
1998-12-06,0.0,39.93660006241695,Kununurra,"Kimberley, Western Australia"
1998-12-07,0.0,39.93660006241695,Kununurra,"Kimberley, Western Australia"
1998-12-08,1.2754577426216431,39.93660006241695,Kununurra,"Kimberley, Western Australia"
1998-12-09,0.0,39.93660006241695,Kununurra,"Kimberley, Western Australia"
1998-12-10,0.0,39.93660006241695,Kununurra,"Kimberley, Western Australia"
1998-12-11,0.0,39.93660006241695,Kununurra,"Kimberley, Western Australia"
1998-12-12,3.3931322866184335,39.93660006241695,Kununurra,"Kimberley, Western Australia"
1998-12-13,0.0,39.93660006241695,Kununurra,"Kimberley, Western Australia"
1998-12-14,0.0,39.93660006241695,Kununurra,"Kimberley, Western Australia"
1998-12-15,7.771166644415288,39.93660006241695,Kununurra,"Kimberley, Western Australia"
1998-12-16,0.0,39.93660006241695,Kununurra,"Kimberley, Western Australia"
1998-12-17,0.0,39.93660006241695,Kununurra,"Kimberley, Western Australia"
1998-12-18,0.0,39.93660006241695,Kununurra,"Kimberley, Western Australia"
1998-12-19,0.0,39.93660006241695,Kununurra,"Kimberley, Western Australia"
1998-12-20,0.0,39.93660006241695,Kununurra,"Kimberley, Western Australia"
1998-12-21,0.0,39.93660006241695,Kununurra,"Kimberley, Western Australia"
1998-12-22,2.5851192635010847,39.93660006241695,Kununurra,"Kimberley, Western Australia"
1998-12-23,0.0,39.93660006241695,Kununurra,"Kimberley, Western Australia"
1998-12-24,0.0,39.93660006241695,Kununurra,"Kimberley, Western Australia"
1998-12-25,0.0,39.93660006241695,Kununurra,"Kimberley, Western Australia"
1998-12-26,6.815870299689626,39.93660006241695,Kununurra,"Kimberley, Western Australia"
1998-12-27,10.060155145117253,39.93660006241695,Kununurra,"Kimberley, Western Australia"
1998-12-28,0.0,39.93660006241695,Kununurra,"Kimberley, Western Australia"
1998-12-29,0.0,39.93660006241695,Kununurra,"Kimberley, Western Australia"
1998-12-30,0.0,39.93660006241695,Kununurra,"Kimberley, Western Australia"
1998-12-31,0.0,39.93660006241695,Kununurra,"Kimberley, Western Australia"
1999-01-01,0.0,33.2307324995465,Kununurra,"Kimberley, Western Australia"
1999-01-02,0.0,33.2307324995465,Kununurra,"Kimberley, Western Australia"
1999-01-03,0.0,33.2307324995465,Kununurra,"Kimberley, Western Australia"
1999-01-04,0.17315838535774528,33.2307324995465,Kununurra,"Kimberley, Western Australia"
1999-01-05,0.0,33.2307324995465,Kununurra,"Kimberley, Western Australia"
1999-01-06,0.0,33.2307324995465,Kununurra,"Kimberley, Western Australia"
1999-01-07,0.0,33.2307324995465,Kununurra,"Kimberley, Western Australia"
1999-01-08,0.0,33.2307324995465,Kununurra,"Kimberley, Western Australia"
1999-01-09,0.0,33.2307324995465,Kununurra,"Kimberley, Western Australia"
1999-01-10,0.0,33.2307324995465,Kununurra,"Kimberley, Western Australia"
1999-01-11,0.0,33.2307324995465,Kununurra,"Kimberley, Western Australia"
1999-01-12,0.0,33.2307324995465,Kununurra,"Kimberley, Western Australia"
1999-01-13,4.827814108578094,33.2307324995465,Kununurra,"Kimberley, Western Australia"
1999-01-14,4.6057780800558925,33.2307324995465,Kununurra,"Kimberley, Western Australia"
1999-01-15,0.0,33.2307324995465,Kununurra,"Kimberley, Western Australia"
1999-01-16,0.0,33.2307324995465,Kununurra,"Kimberley, Western Australia"
1999-01-17,0.0,33.2307324995465,Kununurra,"Kimberley, Western Australia"
1999-01-18,0.0,33.2307324995465,Kununurra,"Kimberley, Western Australia"
1999-01-19,5.4285425487760675,33.2307324995465,Kununurra,"Kimberley, Western Australia"
1999-01-20,0.0,33.2307324995465,Kununurra,"Kimberley, Western Australia"
1999-01-21,0.0,33.2307324995465,Kununurra,"Kimberley, Western Australia"
1999-01-22,0.0,33.2307324995465,Kununurra,"Kimberley, Western Australia"
1999-01-23,0.0,33.2307324995465,Kununurra,"Kimberley, Western Australia"
1999-01-24,0.0,33.2307324995465,Kununurra,"Kimberley, Western Australia"
1999-01-25,0.0,33.2307324995465,Kununurra,"Kimberley, Western Australia"
1999-01-26,0.0,33.2307324995465,Kununurra,"Kimberley, Western Australia"
1999-01-27,0.0,33.2307324995465,Kununurra,"Kimberley, Western Australia"
1999-01-28,15.119813977607269,33.2307324995465,Kununurra,"Kimberley, Western Australia"
1999-01-29,0.0,33.2307324995465,Kununurra,"Kimberley, Western Australia"
1999-01-30,3.075625399171427,33.2307324995465,Kununurra,"Kimberley, Western Australia"
1999-01-31,0.0,33.2307324995465,Kununurra,"Kimberley, Western Australia"
1999-02-01,0.0,47.82997795231638,Kununurra,"Kimberley, Western Australia"
1999-02-02,0.0,47.82997795231638,Kununurra,"Kimberley, Western Australia"
1999-02-03,0.0,47.82997795231638,Kununurra,"Kimberley, Western Australia"
1999-02-04,0.0,47.82997795231638,Kununurra,"Kimberley, Western Australia"
1999-02-05,6.337437600735193,47.82997795231638,Kununurra,"Kimberley, Western Australia"
1999-02-06,0.0,47.82997795231638,Kununurra,"Kimberley, Western Australia"
1999-02-07,0.0,47.82997795231638,Kununurra,"Kimberley, Western Australia"
1999-02-08,0.0,47.82997795231638,Kununurra,"Kimberley, Western Australia"
1999-02-09,0.0,47.82997795231638,Kununurra,"Kimberley, Western Australia"
1999-02-10,5.0102764927200365,47.82997795231638,Kununurra,"Kimberley, Western Australia"
1999-02-11,4.568691257346842,47.82997795231638,Kununurra,"Kimberley, Western Australia"
1999-02-12,8.107055188714998,47.82997795231638,Kununurra,"Kimberley, Western Australia"
1999-02-13,0.0,47.82997795231638,Kununurra,"Kimberley, Western Australia"
1999-02-14,0.0,47.82997795231638,Kununurra,"Kimberley, Western Australia"
1999-02-15,8.212983922468279,47.82997795231638,Kununurra,"Kimberley, Western Australia"
1999-02-16,0.0,47.82997795231638,Kununurra,"Kimberley, Western Australia"
1999-02-17,0.0,47.82997795231638,Kununurra,"Kimberley, Western Australia"
1999-02-18,9.043324650783532,47.82997795231638,Kununurra,"Kimberley, Western Australia"
1999-02-19,0.0,47.82997795231638,Kununurra,"Kimberley, Western Australia"
1999-02-20,0.0,47.82997795231638,Kununurra,"Kimberley, Western Australia"
1999-02-21,0.0,47.82997795231638,Kununurra,"Kimberley, Western Australia"
1999-02-22,0.0,47.82997795231638,Kununurra,"Kimberley, Western Australia"
1999-02-23,0.0,47.82997795231638,Kununurra,"Kimberley, Western Australia"
1999-02-24,0.0,47.82997795231638,Kununurra,"Kimberley, Western Australia"
1999-02-25,0.0,47.82997795231638,Kununurra,"Kimberley, Western Australia"
1999-02-26,0.0,47.82997795231638,Kununurra,"Kimberley, Western Australia"
1999-02-27,6.550208839547507,47.82997795231638,Kununurra,"Kimberley, Western Australia"
1999-02-28,0.0,47.82997795231638,Kununurra,"Kimberley, Western Australia"
1999-03-01,0.0,63.41079774664635,Kununurra,"Kimberley, Western Australia"
1999-03-02,2.913170259735546,63.41079774664635,Kununurra,"Kimberley, Western Australia"
1999-03-03,0.0,63.41079774664635,Kununurra,"Kimberley, Western Australia"
1999-03-04,0.0,63.41079774664635,Kununurra,"Kimberley, Western Australia"
1999-03-05,0.0,63.41079774664635,Kununurra,"Kimberley, Western Australia"
1999-03-06,4.83727359910228,63.41079774664635,Kununurra,"Kimberley, Western Australia"
1999-03-07,0.0,63.41079774664635,Kununurra,"Kimberley, Western Australia"
1999-03-08,0.0,63.41079774664635,Kununurra,"Kimberley, Western Australia"
1999-03-09,12.738627527138153,63.41079774664635,Kununurra,"Kimberley, Western Australia"
1999-03-10,0.0,63.41079774664635,Kununurra,"Kimberley, Western Australia"
1999-03-11,0.8412332450930977,63.41079774664635,Kununurra,"Kimberley, Western Australia"
1999-03-12,0.0,63.41079774664635,Kununurra,"Kimberley, Western Australia"
1999-03-13,0.0,63.41079774664635,Kununurra,"Kimberley, Western Australia"
1999-03-14,0.0,63.41079774664635,Kununurra,"Kimberley, Western Australia"
1999-03-15,0.0,63.41079774664635,Kununurra,"Kimberley, Western Australia"
1999-03-16,9.396511283681347,63.41079774664635,Kununurra,"Kimberley, Western Australia"
1999-03-17,0.0,63.41079774664635,Kununurra,"Kimberley, Western Australia"
1999-03-18,0.0,63.41079774664635,Kununurra,"Kimberley, Western Australia"
1999-03-19,0.0,63.41079774664635,Kununurra,"Kimberley, Western Australia"
1999-03-20,6.215257558245671,63.41079774664635,Kununurra,"Kimberley, Western Australia"
1999-03-21,3.6472019986638733,63.41079774664635,Kununurra,"Kimberley, Western Australia"
1999-03-22,0.0,63.41079774664635,Kununurra,"Kimberley, Western Australia"
1999-03-23,10.163453768852666,63.41079774664635,Kununurra,"Kimberley, Western Australia"
1999-03-24,0.0,63.41079774664635,Kununurra,"Kimberley, Western Australia"
1999-03-25,0.0,63.41079774664635,Kununurra,"Kimberley, Western Australia"
1999-03-26,3.8226956564158394,63.41079774664635,Kununurra,"Kimberley, Western Australia"
1999-03-27,8.83537284971788,63.41079774664635,Kununurra,"Kimberley, Western Australia"
1999-03-28,0.0,63.41079774664635,Kununurra,"Kimberley, Western Australia"
1999-03-29,0.0,63.41079774664635,Kununurra,"Kimberley, Western Australia"
1999-03-30,0.0,63.41079774664635,Kununurra,"Kimberley, Western Australia"
1999-03-31,0.0,63.41079774664635,Kununurra,"Kimberley, Western Australia"
1999-04-01,2.2014537102555476,26.062499339690845,Kununurra,"Kimberley, Western Australia"
1999-04-02,0.0,26.062499339690845,Kununurra,"Kimberley, Western Australia"
1999-04-03,2.4912003074174605,26.062499339690845,Kununurra,"Kimberley, Western Australia"
1999-04-04,0.0,26.062499339690845,Kununurra,"Kimberley, Western Australia"
1999-04-05,0.0,26.062499339690845,Kununurra,"Kimberley, Western Australia"
1999-04-06,0.0,26.062499339690845,Kununurra,"Kimberley, Western Australia"
1999-04-07,0.0,26.062499339690845,Kununurra,"Kimberley, Western Australia"
1999-04-08,0.0,26.062499339690845,Kununurra,"Kimberley, Western Australia"
1999-04-09,0.5028625428114268,26.062499339690845,Kununurra,"Kimberley, Western Australia"
1999-04-10,0.0,26.062499339690845,Kununurra,"Kimberley, Western Australia"
1999-04-11,0.8783054881056495,26.062499339690845,Kununurra,"Kimberley, Western Australia"
1999-04-12,4.225059149916998,26.062499339690845,Kununurra,"Kimberley, Western Australia"
1999-04-13,0.7652037369824887,26.062499339690845,Kununurra,"Kimberley, Western Australia"
1999-04-14,0.0,26.062499339690845,Kununurra,"Kimberley, Western Australia"
1999-04-15,0.0,26.062499339690845,Kununurra,"Kimberley, Western Australia"
1999-04-16,0.0,26.062499339690845,Kununurra,"Kimberley, Western Australia"
1999-04-17,0.0,26.062499339690845,Kununurra,"Kimberley, Western Australia"
1999-04-18,0.0,26.062499339690845,Kununurra,"Kimberley, Western Australia"
1999-04-19,1.519228439541976,26.062499339690845,Kununurra,"Kimberley, Western Australia"
1999-04-20,0.0,26.062499339690845,Kununurra,"Kimberley, Western Australia"
1999-04-21,0.0,26.062499339690845,Kununurra,"Kimberley, Western Australia"
1999-04-22,0.0,26.062499339690845,Kununurra,"Kimberley, Western Australia"
1999-04-23,0.0,26.062499339690845,Kununurra,"Kimberley, Western Australia"
1999-04-24,0.0,26.062499339690845,Kununurra,"Kimberley, Western Australia"
1999-04-25,2.0628461797479885,26.062499339690845,Kununurra,"Kimberley, Western Australia"
1999-04-26,1.9681189493362912,26.062499339690845,Kununurra,"Kimberley, Western Australia"
1999-04-27,0.0,26.062499339690845,Kununurra,"Kimberley, Western Australia"
1999-04-28,0.0,26.062499339690845,Kununurra,"Kimberley, Western Australia"
1999-04-29,9.44822083557502,26.062499339690845,Kununurra,"Kimberley, Western Australia"
1999-04-30,0.0,26.062499339690845,Kununurra,"Kimberley, Western Australia"
1999-05-01,0.0,39.057264411514566,Kununurra,"Kimberley, Western Australia"
1999-05-02,0.0,39.057264411514566,Kununurra,"Kimberley, Western Australia"
1999-05-03,0.0,39.057264411514566,Kununurra,"Kimberley, Western Australia"
1999-05-04,0.0,39.057264411514566,Kununurra,"Kimberley, Western Australia"
1999-05-05,17.405116307996586,39.057264411514566,Kununurra,"Kimberley, Western Australia"
1999-05-06,0.0,39.057264411514566,Kununurra,"Kimberley, Western Australia"
1999-05-07,0.0,39.057264411514566,Kununurra,"Kimberley, Western Australia"
1999-05-08,0.0,39.057264411514566,Kununurra,"Kimberley, Western Australia"
1999-05-09,0.0,39.057264411514566,Kununurra,"Kimberley, Western Australia"
1999-05-10,0.0,39.057264411514566,Kununurra,"Kimberley, Western Australia"
1999-05-11,0.0,39.057264411514566,Kununurra,"Kimberley, Western Australia"
1999-05-12,0.0,39.057264411514566,Kununurra,"Kimberley, Western Australia"
1999-05-13,0.0,39.057264411514566,Kununurra,"Kimberley, Western Australia"
1999-05-14,0.0,39.057264411514566,Kununurra,"Kimberley, Western Australia"
1999-05-15,0.0,39.057264411514566,Kununurra,"Kimberley, Western Australia"
1999-05-16,0.0,39.057264411514566,Kununurra,"Kimberley, Western Australia"
1999-05-17,0.0,39.057264411514566,Kununurra,"Kimberley, Western Australia"
1999-05-18,0.0,39.057264411514566,Kununurra,"Kimberley, Western Australia"
1999-05-19,0.0,39.057264411514566,Kununurra,"Kimberley, Western Australia"
1999-05-20,0.0,39.057264411514566,Kununurra,"Kimberley, Western Australia"
1999-05-21,0.8558174601089634,39.057264411514566,Kununurra,"Kimberley, Western Australia"
1999-05-22,0.0,39.057264411514566,Kununurra,"Kimberley, Western Australia"
1999-05-23,0.0,39.057264411514566,Kununurra,"Kimberley, Western Australia"
1999-05-24,0.6697249741484093,39.057264411514566,Kununurra,"Kimberley, Western Australia"
1999-05-25,0.0,39.057264411514566,Kununurra,"Kimberley, Western Australia"
1999-05-26,0.0,39.057264411514566,Kununurra,"Kimberley, Western Australia"
1999-05-27,0.0,39.057264411514566,Kununurra,"Kimberley, Western Australia"
1999-05-28,0.0,39.057264411514566,Kununurra,"Kimberley, Western Australia"
1999-05-29,0.0,39.057264411514566,Kununurra,"Kimberley, Western Australia"
1999-05-30,0.0,39.057264411514566,Kununurra,"Kimberley, Western Australia"
1999-05-31,20.126605669260613,39.057264411514566,Kununurra,"Kimberley, Western Australia"
1999-06-01,4.330851601023945,43.862693641344045,Kununurra,"Kimberley, Western Australia"
1999-06-02,0.0,43.862693641344045,Kununurra,"Kimberley, Western Australia"
1999-06-03,4.730939585277172,43.862693641344045,Kununurra,"Kimberley, Western Australia"
1999-06-04,0.0,43.862693641344045,Kununurra,"Kimberley, Western Australia"
1999-06-05,0.0,43.862693641344045,Kununurra,"Kimberley, Western Australia"
1999-06-06,0.0,43.862693641344045,Kununurra,"Kimberley, Western Australia"
1999-06-07,0.0,43.862693641344045,Kununurra,"Kimberley, Western Australia"
1999-06-08,6.169957245223918,43.862693641344045,Kununurra,"Kimberley, Western Australia"
1999-06-09,0.0,43.862693641344045,Kununurra,"Kimberley, Western Australia"
1999-06-10,2.951196460898922,43.862693641344045,Kununurra,"Kimberley, Western Australia"
1999-06-11,0.0,43.862693641344045,Kununurra,"Kimberley, Western Australia"
1999-06-12,9.585638384729245,43.862693641344045,Kununurra,"Kimberley, Western Australia"
1999-06-13,0.0,43.862693641344045,Kununurra,"Kimberley, Western Australia"
1999-06-14,5.70708003362572,43.862693641344045,Kununurra,"Kimberley, Western Australia"
1999-06-15,0.0,43.862693641344045,Kununurra,"Kimberley, Western Australia"
1999-06-16,0.0,43.862693641344045,Kununurra,"Kimberley, Western Australia"
1999-06-17,5.285873522962457,43.862693641344045,Kununurra,"Kimberley, Western Australia"
1999-06-18,0.0,43.862693641344045,Kununurra,"Kimberley, Western Australia"
1999-06-19,0.0,43.862693641344045,Kununurra,"Kimberley, Western Australia"
1999-06-20,0.0,43.862693641344045,Kununurra,"Kimberley, Western Australia"
1999-06-21,0.0,43.862693641344045,Kununurra,"Kimberley, Western Australia"
1999-06-22,0.0,43.862693641344045,Kununurra,"Kimberley, Western Australia"
1999-06-23,0.0,43.862693641344045,Kununurra,"Kimberley, Western Australia"
1999-06-24,0.0,43.862693641344045,Kununurra,"Kimberley, Western Australia"
1999-06-25,5.101156807602663,43.862693641344045,Kununurra,"Kimberley, Western Australia"
1999-06-26,0.0,43.862693641344045,Kununurra,"Kimberley, Western Australia"
1999-06-27,0.0,43.862693641344045,Kununurra,"Kimberley, Western Australia"
1999-06-28,0.0,43.862693641344045,Kununurra,"Kimberley, Western Australia"
1999-06-29,0.0,43.862693641344045,Kununurra,"Kimberley, Western Australia"
1999-06-30,0.0,43.862693641344045,Kununurra,"Kimberley, Western Australia"
1999-07-01,0.0,37.38077603551286,Kununurra,"Kimberley, Western Australia"
1999-07-02,9.332294487293188,37.38077603551286,Kununurra,"Kimberley, Western Australia"
1999-07-03,0.0,37.38077603551286,Kununurra,"Kimberley, Western Australia"
1999-07-04,0.0,37.38077603551286,Kununurra,"Kimberley, Western Australia"
1999-07-05,0.0,37.38077603551286,Kununurra,"Kimberley, Western Australia"
1999-07-06,0.0,37.38077603551286,Kununurra,"Kimberley, Western Australia"
1999-07-07,1.452047517036321,37.38077603551286,Kununurra,"Kimberley, Western Australia"
1999-07-08,0.0,37.38077603551286,Kununurra,"Kimberley, Western Australia"
1999-07-09,0.0,37.38077603551286,Kununurra,"Kimberley, Western Australia"
1999-07-10,1.686724942420903,37.38077603551286,Kununurra,"Kimberley, Western Australia"
1999-07-11,0.0,37.38077603551286,Kununurra,"Kimberley, Western Australia"
1999-07-12,0.0,37.38077603551286,Kununurra,"Kimberley, Western Australia"
1999-07-13,0.0,37.38077603551286,Kununurra,"Kimberley, Western Australia"
1999-07-14,0.0,37.38077603551286,Kununurra,"Kimberley, Western Australia"
1999-07-15,0.0,37.38077603551286,Kununurra,"Kimberley, Western Australia"
1999-07-16,0.0,37.38077603551286,Kununurra,"Kimberley, Western Australia"
1999-07-17,0.0,37.38077603551286,Kununurra,"Kimberley, Western Australia"
1999-07-18,7.0679540869831,37.38077603551286,Kununurra,"Kimberley, Western Australia"
1999-07-19,0.0,37.38077603551286,Kununurra,"Kimberley, Western Australia"
1999-07-20,6.32245993314336,37.38077603551286,Kununurra,"Kimberley, Western Australia"
1999-07-21,0.0,37.38077603551286,Kununurra,"Kimberley, Western Australia"
1999-07-22,5.9775695053254445,37.38077603551286,Kununurra,"Kimberley, Western Australia"
1999-07-23,0.0,37.38077603551286,Kununurra,"Kimberley, Western Australia"
1999-07-24,0.0,37.38077603551286,Kununurra,"Kimberley, Western Australia"
1999-07-25,0.0,37.38077603551286,Kununurra,"Kimberley, Western Australia"
1999-07-26,0.0,37.38077603551286,Kununurra,"Kimberley, Western Australia"
1999-07-27,0.34883001916509193,37.38077603551286,Kununurra,"Kimberley, Western Australia"
1999-07-28,0.0,37.38077603551286,Kununurra,"Kimberley, Western Australia"
1999-07-29,0.0,37.38077603551286,Kununurra,"Kimberley, Western Australia"
1999-07-30,5.19289554414545,37.38077603551286,Kununurra,"Kimberley, Western Australia"
1999-07-31,0.0,37.38077603551286,Kununurra,"Kimberley, Western Australia"
1999-08-01,0.0,24.74932775268827,Kununurra,"Kimberley, Western Australia"
1999-08-02,0.0,24.74932775268827,Kununurra,"Kimberley, Western Australia"
1999-08-03,0.0,24.74932775268827,Kununurra,"Kimberley, Western Australia"
1999-08-04,0.0,24.74932775268827,Kununurra,"Kimberley, Western Australia"
1999-08-05,0.0,24.74932775268827,Kununurra,"Kimberley, Western Australia"
1999-08-06,6.426004423451787,24.74932775268827,Kununurra,"Kimberley, Western Australia"
1999-08-07,14.575858781441589,24.74932775268827,Kununurra,"Kimberley, Western Australia"
1999-08-08,1.3220301832265233,24.74932775268827,Kununurra,"Kimberley, Western Australia"
1999-08-09,0.0,24.74932775268827,Kununurra,"Kimberley, Western Australia"
1999-08-10,0.0,24.74932775268827,Kununurra,"Kimberley, Western Australia"
1999-08-11,0.0,24.74932775268827,Kununurra,"Kimberley, Western Australia"
1999-08-12,0.0,24.74932775268827,Kununurra,"Kimberley, Western Australia"
1999-08-13,0.0,24.74932775268827,Kununurra,"Kimberley, Western Australia"
1999-08-14,2.425434364568371,24.74932775268827,Kununurra,"Kimberley, Western Australia"
1999-08-15,0.0,24.74932775268827,Kununurra,"Kimberley, Western Australia"
1999-08-16,0.0,24.74932775268827,Kununurra,"Kimberley, Western Australia"
1999-08-17,0.0,24.74932775268827,Kununurra,"Kimberley, Western Australia"
1999-08-18,0.0,24.74932775268827,Kununurra,"Kimberley, Western Australia"
1999-08-19,0.0,24.74932775268827,Kununurra,"Kimberley, Western Australia"
1999-08-20,0.0,24.74932775268827,Kununurra,"Kimberley, Western Australia"
1999-08-21,0.0,24.74932775268827,Kununurra,"Kimberley, Western Australia"
1999-08-22,0.0,24.74932775268827,Kununurra,"Kimberley, Western Australia"
1999-08-23,0.0,24.74932775268827,Kununurra,"Kimberley, Western Australia"
1999-08-24,0.0,24.74932775268827,Kununurra,"Kimberley, Western Australia"
1999-08-25,0.0,24.74932775268827,Kununurra,"Kimberley, Western Australia"
1999-08-26,0.0,24.74932775268827,Kununurra,"Kimberley, Western Australia"
1999-08-27,0.0,24.74932775268827,Kununurra,"Kimberley, Western Australia"
1999-08-28,0.0,24.74932775268827,Kununurra,"Kimberley, Western Australia"
1999-08-29,0.0,24.74932775268827,Kununurra,"Kimberley, Western Australia"
1999-08-30,0.0,24.74932775268827,Kununurra,"Kimberley, Western Australia"
1999-08-31,0.0,24.74932775268827,Kununurra,"Kimberley, Western Australia"
1999-09-01,0.0,30.15953556063975,Kununurra,"Kimberley, Western Australia"
1999-09-02,0.0,30.15953556063975,Kununurra,"Kimberley, Western Australia"
1999-09-03,3.5489888072140907,30.15953556063975,Kununurra,"Kimberley, Western Australia"
1999-09-04,2.074222771777894,30.15953556063975,Kununurra,"Kimberley, Western Australia"
1999-09-05,0.0,30.15953556063975,Kununurra,"Kimberley, Western Australia"
1999-09-06,0.0,30.15953556063975,Kununurra,"Kimberley, Western Australia"
1999-09-07,0.0,30.15953556063975,Kununurra,"Kimberley, Western Australia"
1999-09-08,0.0,30.15953556063975,Kununurra,"Kimberley, Western Australia"
1999-09-09,0.0,30.15953556063975,Kununurra,"Kimberley, Western Australia"
1999-09-10,0.0,30.15953556063975,Kununurra,"Kimberley, Western Australia"
1999-09-11,0.0,30.15953556063975,Kununurra,"Kimberley, Western Australia"
1999-09-12,0.0,30.15953556063975,Kununurra,"Kimberley, Western Australia"
1999-09-13,5.583615045428799,30.15953556063975,Kununurra,"Kimberley, Western Australia"
1999-09-14,0.6539860566281401,30.15953556063975,Kununurra,"Kimberley, Western Australia"
1999-09-15,0.0,30.15953556063975,Kununurra,"Kimberley, Western Australia"
1999-09-16,0.0,30.15953556063975,Kununurra,"Kimberley, Western Australia"
1999-09-17,0.0,30.15953556063975,Kununurra,"Kimberley, Western Australia"
1999-09-18,0.0,30.15953556063975,Kununurra,"Kimberley, Western Australia"
1999-09-19,0.0,30.15953556063975,Kununurra,"Kimberley, Western Australia"
1999-09-20,0.0,30.15953556063975,Kununurra,"Kimberley, Western Australia"
1999-09-21,0.0,30.15953556063975,Kununurra,"Kimberley, Western Australia"
1999-09-22,0.0,30.15953556063975,Kununurra,"Kimberley, Western Australia"
1999-09-23,0.0,30.15953556063975,Kununurra,"Kimberley, Western Australia"
1999-09-24,0.0,30.15953556063975,Kununurra,"Kimberley, Western Australia"
1999-09-25,4.674539269077899,30.15953556063975,Kununurra,"Kimberley, Western Australia"
1999-09-26,0.0,30.15953556063975,Kununurra,"Kimberley, Western Australia"
1999-09-27,6.9235129430165205,30.15953556063975,Kununurra,"Kimberley, Western Australia"
1999-09-28,0.0,30.15953556063975,Kununurra,"Kimberley, Western Australia"
1999-09-29,0.0,30.15953556063975,Kununurra,"Kimberley, Western Australia"
1999-09-30,6.700670667496407,30.15953556063975,Kununurra,"Kimberley, Western Australia"
1999-10-01,0.0,67.28894226704688,Kununurra,"Kimberley, Western Australia"
1999-10-02,0.0,67.28894226704688,Kununurra,"Kimberley, Western Australia"
1999-10-03,11.332324865762372,67.28894226704688,Kununurra,"Kimberley, Western Australia"
1999-10-04,0.0,67.28894226704688,Kununurra,"Kimberley, Western Australia"
1999-10-05,0.0,67.28894226704688,Kununurra,"Kimberley, Western Australia"
1999-10-06,0.0,67.28894226704688,Kununurra,"Kimberley, Western Australia"
1999-10-07,0.0,67.28894226704688,Kununurra,"Kimberley, Western Australia"
1999-10-08,11.073037670074639,67.28894226704688,Kununurra,"Kimberley, Western Australia"
1999-10-09,0.0,67.28894226704688,Kununurra,"Kimberley, Western Australia"
1999-10-10,0.0,67.28894226704688,Kununurra,"Kimberley, Western Australia"
1999-10-11,0.0,67.28894226704688,Kununurra,"Kimberley, Western Australia"
1999-10-12,0.0,67.28894226704688,Kununurra,"Kimberley, Western Australia"
1999-10-13,2.310736332056009,67.28894226704688,Kununurra,"Kimberley, Western Australia"
1999-10-14,0.0,67.28894226704688,Kununurra,"Kimberley, Western Australia"
1999-10-15,0.0,67.28894226704688,Kununurra,"Kimberley, Western Australia"
1999-10-16,10.420903199190821,67.28894226704688,Kununurra,"Kimberley, Western Australia"
1999-10-17,0.0,67.28894226704688,Kununurra,"Kimberley, Western Australia"
1999-10-18,6.787253475413067,67.28894226704688,Kununurra,"Kimberley, Western Australia"
1999-10-19,0.0,67.28894226704688,Kununurra,"Kimberley, Western Australia"
1999-10-20,0.0,67.28894226704688,Kununurra,"Kimberley, Western Australia"
1999-10-21,12.194800555218958,67.28894226704688,Kununurra,"Kimberley, Western Australia"
1999-10-22,0.0,67.28894226704688,Kununurra,"Kimberley, Western Australia"
1999-10-23,6.44713321012364,67.28894226704688,Kununurra,"Kimberley, Western Australia"
1999-10-24,6.722752959207371,67.28894226704688,Kununurra,"Kimberley, Western Australia"
1999-10-25,0.0,67.28894226704688,Kununurra,"Kimberley, Western Australia"
1999-10-26,0.0,67.28894226704688,Kununurra,"Kimberley, Western Australia"
1999-10-27,0.0,67.28894226704688,Kununurra,"Kimberley, Western Australia"
1999-10-28,0.0,67.28894226704688,Kununurra,"Kimberley, Western Australia"
1999-10-29,0.0,67.28894226704688,Kununurra,"Kimberley, Western Australia"
1999-10-30,0.0,67.28894226704688,Kununurra,"Kimberley, Western Australia"
1999-10-31,0.0,67.28894226704688,Kununurra,"Kimberley, Western Australia"
1999-11-01,0.0,35.70364496000175,Kununurra,"Kimberley, Western Australia"
1999-11-02,2.807352345849066,35.70364496000175,Kununurra,"Kimberley, Western Australia"
1999-11-03,0.0,35.70364496000175,Kununurra,"Kimberley, Western Australia"
1999-11-04,0.0,35.70364496000175,Kununurra,"Kimberley, Western Australia"
1999-11-05,0.0,35.70364496000175,Kununurra,"Kimberley, Western Australia"
1999-11-06,0.0,35.70364496000175,Kununurra,"Kimberley, Western Australia"
1999-11-07,0.0,35.70364496000175,Kununurra,"Kimberley, Western Australia"
1999-11-08,0.0,35.70364496000175,Kununurra,"Kimberley, Western Australia"
1999-11-09,0.0,35.70364496000175,Kununurra,"Kimberley, Western Australia"
1999-11-10,0.0,35.70364496000175,Kununurra,"Kimberley, Western Australia"
1999-11-11,0.0,35.70364496000175,Kununurra,"Kimberley, Western Australia"
1999-11-12,5.401410430361095,35.70364496000175,Kununurra,"Kimberley, Western Australia"
1999-11-13,0.0,35.70364496000175,Kununurra,"Kimberley, Western Australia"
1999-11-14,0.0,35.70364496000175,Kununurra,"Kimberley, Western Australia"
1999-11-15,0.0,35.70364496000175,Kununurra,"Kimberley, Western Australia"
1999-11-16,0.0,35.70364496000175,Kununurra,"Kimberley, Western Australia"
1999-11-17,0.0,35.70364496000175,Kununurra,"Kimberley, Western Australia"
1999-11-18,0.0,35.70364496000175,Kununurra,"Kimberley, Western Australia"
1999-11-19,11.099991584212884,35.70364496000175,Kununurra,"Kimberley, Western Australia"
1999-11-20,0.0,35.70364496000175,Kununurra,"Kimberley, Western Australia"
1999-11-21,0.0,35.70364496000175,Kununurra,"Kimberley, Western Australia"
1999-11-22,0.0,35.70364496000175,Kununurra,"Kimberley, Western Australia"
1999-11-23,9.149979967240483,35.70364496000175,Kununurra,"Kimberley, Western Australia"
1999-11-24,0.0,35.70364496000175,Kununurra,"Kimberley, Western Australia"
1999-11-25,7.244910632338227,35.70364496000175,Kununurra,"Kimberley, Western Australia"
1999-11-26,0.0,35.70364496000175,Kununurra,"Kimberley, Western Australia"
1999-11-27,0.0,35.70364496000175,Kununurra,"Kimberley, Western Australia"
1999-11-28,0.0,35.70364496000175,Kununurra,"Kimberley, Western Australia"
1999-11-29,0.0,35.70364496000175,Kununurra,"Kimberley, Western Australia"
1999-11-30,0.0,35.70364496000175,Kununurra,"Kimberley, Western Australia"
1999-12-01,0.0,49.66780898765844,Kununurra,"Kimberley, Western Australia"
1999-12-02,9.72949864482846,49.66780898765844,Kununurra,"Kimberley, Western Australia"
1999-12-03,0.0,49.66780898765844,Kununurra,"Kimberley, Western Australia"
1999-12-04,2.9827206530374992,49.66780898765844,Kununurra,"Kimberley, Western Australia"
1999-12-05,0.0,49.66780898765844,Kununurra,"Kimberley, Western Australia"
1999-12-06,0.0,49.66780898765844,Kununurra,"Kimberley, Western Australia"
1999-12-07,0.0,49.66780898765844,Kununurra,"Kimberley, Western Australia"
1999-12-08,1.8064187530733773,49.66780898765844,Kununurra,"Kimberley, Western Australia"
1999-12-09,1.4884845394946384,49.66780898765844,Kununurra,"Kimberley, Western Australia"
1999-12-10,2.9154384374905384,49.66780898765844,Kununurra,"Kimberley, Western Australia"
1999-12-11,0.0,49.66780898765844,Kununurra,"Kimberley, Western Australia"
1999-12-12,0.0,49.66780898765844,Kununurra,"Kimberley, Western Australia"
1999-12-13,10.401519605027271,49.66780898765844,Kununurra,"Kimberley, Western Australia"
1999-12-14,0.0,49.66780898765844,Kununurra,"Kimberley, Western Australia"
1999-12-15,0.0,49.66780898765844,Kununurra,"Kimberley, Western Australia"
1999-12-16,0.0,49.66780898765844,Kununurra,"Kimberley, Western Australia"
1999-12-17,0.0,49.66780898765844,Kununurra,"Kimberley, Western Australia"
1999-12-18,0.0,49.66780898765844,Kununurra,"Kimberley, Western Australia"
1999-12-19,0.0,49.66780898765844,Kununurra,"Kimberley, Western Australia"
1999-12-20,2.9732670464279813,49.66780898765844,Kununurra,"Kimberley, Western Australia"
1999-12-21,0.0,49.66780898765844,Kununurra,"Kimberley, Western Australia"
1999-12-22,8.63497334575349,49.66780898765844,Kununurra,"Kimberley, Western Australia"
1999-12-23,0.0,49.66780898765844,Kununurra,"Kimberley, Western Australia"
1999-12-24,3.5978967303071228,49.66780898765844,Kununurra,"Kimberley, Western Australia"
1999-12-25,0.0,49.66780898765844,Kununurra,"Kimberley, Western Australia"
1999-12-26,0.0,49.66780898765844,Kununurra,"Kimberley, Western Australia"
1999-12-27,3.7270440880615663,49.66780898765844,Kununurra,"Kimberley, Western Australia"
1999-12-28,0.0,49.66780898765844,Kununurra,"Kimberley, Western Australia"
1999-12-29,0.0,49.66780898765844,Kununurra,"Kimberley, Western Australia"
1999-12-30,0.0,49.66780898765844,Kununurra,"Kimberley, Western Australia"
1999-12-31,1.4105471441564914,49.66780898765844,Kununurra,"Kimberley, Western Australia"
2000-01-01,13.403563835499243,94.1207934221436,Kununurra,"Kimberley, Western Australia"
2000-01-02,0.0,94.1207934221436,Kununurra,"Kimberley, Western Australia"
2000-01-03,19.34097702103057,94.1207934221436,Kununurra,"Kimberley, Western Australia"
2000-01-04,0.0,94.1207934221436,Kununurra,"Kimberley, Western Australia"
2000-01-05,0.0,94.1207934221436,Kununurra,"Kimberley, Western Australia"
2000-01-06,0.0,94.1207934221436,Kununurra,"Kimberley, Western Australia"
2000-01-07,0.0,94.1207934221436,Kununurra,"Kimberley, Western Australia"
2000-01-08,0.0,94.1207934221436,Kununurra,"Kimberley, Western Australia"
2000-01-09,6.3856370643085825,94.1207934221436,Kununurra,"Kimberley, Western Australia"
2000-01-10,0.0,94.1207934221436,Kununurra,"Kimberley, Western Australia"
2000-01-11,0.0,94.1207934221436,Kununurra,"Kimberley, Western Australia"
2000-01-12,0.0,94.1207934221436,Kununurra,"Kimberley, Western Australia"
2000-01-13,1.6787725193538332,94.1207934221436,Kununurra,"Kimberley, Western Australia"
2000-01-14,10.067023663742706,94.1207934221436,Kununurra,"Kimberley, Western Australia"
2000-01-15,0.0,94.1207934221436,Kununurra,"Kimberley, Western Australia"
2000-01-16,1.0276440396219448,94.1207934221436,Kununurra,"Kimberley, Western Australia"
2000-01-17,0.0,94.1207934221436,Kununurra,"Kimberley, Western Australia"
2000-01-18,0.0,94.1207934221436,Kununurra,"Kimberley, Western Australia"
2000-01-19,0.0,94.1207934221436,Kununurra,"Kimberley, Western Australia"
2000-01-20,1.4564129369618273,94.1207934221436,Kununurra,"Kimberley, Western Australia"
2000-01-21,6.817040357671505,94.1207934221436,Kununurra,"Kimberley, Western Australia"
2000-01-22,0.0,94.1207934221436,Kununurra,"Kimberley, Western Australia"
2000-01-23,8.474693825353034,94.1207934221436,Kununurra,"Kimberley, Western Australia"
2000-01-24,0.0,94.1207934221436,Kununurra,"Kimberley, Western Australia"
2000-01-25,11.531505414471896,94.1207934221436,Kununurra,"Kimberley, Western Australia"
2000-01-26,0.0,94.1207934221436,Kununurra,"Kimberley, Western Australia"
2000-01-27,0.0,94.1207934221436,Kununurra,"Kimberley, Western Australia"
2000-01-28,6.5681586538614685,94.1207934221436,Kununurra,"Kimberley, Western Australia"
2000-01-29,7.369364090267,94.1207934221436,Kununurra,"Kimberley, Western Australia"
2000-01-30,0.0,94.1207934221436,Kununurra,"Kimberley, Western Australia"
2000-01-31,0.0,94.1207934221436,Kununurra,"Kimberley, Western Australia"
2000-02-01,0.0,57.05461542007732,Kununurra,"Kimberley, Western Australia"
2000-02-02,0.0,57.05461542007732,Kununurra,"Kimberley, Western Australia"
2000-02-03,6.899528315672075,57.05461542007732,Kununurra,"Kimberley, Western Australia"
2000-02-04,0.0,57.05461542007732,Kununurra,"Kimberley, Western Australia"
2000-02-05,5.293740404098535,57.05461542007732,Kununurra,"Kimberley, Western Australia"
2000-02-06,0.0,57.05461542007732,Kununurra,"Kimberley, Western Australia"
2000-02-07,5.7313064565708345,57.05461542007732,Kununurra,"Kimberley, Western Australia"
2000-02-08,0.0,57.05461542007732,Kununurra,"Kimberley, Western Australia"
2000-02-09,0.0,57.05461542007732,Kununurra,"Kimberley, Western Australia"
2000-02-10,0.0,57.05461542007732,Kununurra,"Kimberley, Western Australia"
2000-02-11,0.0,57.05461542007732,Kununurra,"Kimberley, Western Australia"
2000-02-12,0.0,57.05461542007732,Kununurra,"Kimberley, Western Australia"
2000-02-13,0.0,57.05461542007732,Kununurra,"Kimberley, Western Australia"
2000-02-14,0.0,57.05461542007732,Kununurra,"Kimberley, Western Australia"
2000-02-15,7.627829112479082,57.05461542007732,Kununurra,"Kimberley, Western Australia"
2000-02-16,0.0,57.05461542007732,Kununurra,"Kimberley, Western Australia"
2000-02-17,0.0,57.05461542007732,Kununurra,"Kimberley, Western Australia"
2000-02-18,0.0,57.05461542007732,Kununurra,"Kimberley, Western Australia"
2000-02-19,0.0,57.05461542007732,Kununurra,"Kimberley, Western Australia"
2000-02-20,0.0,57.05461542007732,Kununurra,"Kimberley, Western Australia"
2000-02-21,5.034279244574311,57.05461542007732,Kununurra,"Kimberley, Western Australia"
2000-02-22,0.0,57.05461542007732,Kununurra,"Kimberley, Western Australia"
2000-02-23,19.008082582661288,57.05461542007732,Kununurra,"Kimberley, Western Australia"
2000-02-24,0.0,57.05461542007732,Kununurra,"Kimberley, Western Australia"
2000-02-25,0.0,57.05461542007732,Kununurra,"Kimberley, Western Australia"
2000-02-26,7.459849304021196,57.05461542007732,Kununurra,"Kimberley, Western Australia"
2000-02-27,0.0,57.05461542007732,Kununurra,"Kimberley, Western Australia"
2000-02-28,0.0,57.05461542007732,Kununurra,"Kimberley, Western Australia"
2000-02-29,0.0,57.05461542007732,Kununurra,"Kimberley, Western Australia"
2000-03-01,0.0,33.55837772554581,Kununurra,"Kimberley, Western Australia"
2000-03-02,0.0,33.55837772554581,Kununurra,"Kimberley, Western Australia"
2000-03-03,0.0,33.55837772554581,Kununurra,"Kimberley, Western Australia"
2000-03-04,0.0,33.55837772554581,Kununurra,"Kimberley, Western Australia"
2000-03-05,0.0,33.55837772554581,Kununurra,"Kimberley, Western Australia"
2000-03-06,0.0,33.55837772554581,Kununurra,"Kimberley, Western Australia"
2000-03-07,0.0,33.55837772554581,Kununurra,"Kimberley, Western Australia"
2000-03-08,0.0,33.55837772554581,Kununurra,"Kimberley, Western Australia"
2000-03-09,0.0,33.55837772554581,Kununurra,"Kimberley, Western Australia"
2000-03-10,0.0,33.55837772554581,Kununurra,"Kimberley, Western Australia"
2000-03-11,4.232834880356204,33.55837772554581,Kununurra,"Kimberley, Western Australia"
2000-03-12,0.0,33.55837772554581,Kununurra,"Kimberley, Western Australia"
2000-03-13,0.0,33.55837772554581,Kununurra,"Kimberley, Western Australia"
2000-03-14,0.0,33.55837772554581,Kununurra,"Kimberley, Western Australia"
2000-03-15,0.0,33.55837772554581,Kununurra,"Kimberley, Western Australia"
2000-03-16,0.0,33.55837772554581,Kununurra,"Kimberley, Western Australia"
2000-03-17,0.0,33.55837772554581,Kununurra,"Kimberley, Western Australia"
2000-03-18,0.0,33.55837772554581,Kununurra,"Kimberley, Western Australia"
2000-03-19,2.040602488062931,33.55837772554581,Kununurra,"Kimberley, Western Australia"
2000-03-20,2.4032546791257263,33.55837772554581,Kununurra,"Kimberley, Western Australia"
2000-03-21,0.0,33.55837772554581,Kununurra,"Kimberley, Western Australia"
2000-03-22,1.8559108013949126,33.55837772554581,Kununurra,"Kimberley, Western Australia"
2000-03-23,5.522144090228358,33.55837772554581,Kununurra,"Kimberley, Western Australia"
2000-03-24,0.0,33.55837772554581,Kununurra,"Kimberley, Western Australia"
2000-03-25,0.0,33.55837772554581,Kununurra,"Kimberley, Western Australia"
2000-03-26,13.461450398842276,33.55837772554581,Kununurra,"Kimberley, Western Australia"
2000-03-27,0.0,33.55837772554581,Kununurra,"Kimberley, Western Australia"
2000-03-28,0.0,33.55837772554581,Kununurra,"Kimberley, Western Australia"
2000-03-29,0.0,33.55837772554581,Kununurra,"Kimberley, Western Australia"
2000-03-30,4.042180387535399,33.55837772554581,Kununurra,"Kimberley, Western Australia"
2000-03-31,0.0,33.55837772554581,Kununurra,"Kimberley, Western Australia"
2000-04-01,7.761566728358469,57.229442388506435,Kununurra,"Kimberley, Western Australia"
2000-04-02,4.9671550666299344,57.229442388506435,Kununurra,"Kimberley, Western Australia"
2000-04-03,0.0,57.229442388506435,Kununurra,"Kimberley, Western Australia"
2000-04-04,0.0,57.229442388506435,Kununurra,"Kimberley, Western Australia"
2000-04-05,0.0,57.229442388506435,Kununurra,"Kimberley, Western Australia"
2000-04-06,0.0,57.229442388506435,Kununurra,"Kimberley, Western Australia"
2000-04-07,0.0,57.229442388506435,Kununurra,"Kimberley, Western Australia"
2000-04-08,12.85601283251535,57.229442388506435,Kununurra,"Kimberley, Western Australia"
2000-04-09,0.0,57.229442388506435,Kununurra,"Kimberley, Western Australia"
2000-04-10,0.0,57.229442388506435,Kununurra,"Kimberley, Western Australia"
2000-04-11,8.745959806360144,57.229442388506435,Kununurra,"Kimberley, Western Australia"
2000-04-12,4.923185062782325,57.229442388506435,Kununurra,"Kimberley, Western Australia"
2000-04-13,0.0,57.229442388506435,Kununurra,"Kimberley, Western Australia"
2000-04-14,0.0,57.229442388506435,Kununurra,"Kimberley, Western Australia"
2000-04-15,2.748224370968583,57.229442388506435,Kununurra,"Kimberley, Western Australia"
2000-04-16,3.8874910051953084,57.229442388506435,Kununurra,"Kimberley, Western Australia"
2000-04-17,7.164898073057742,57.229442388506435,Kununurra,"Kimberley, Western Australia"
2000-04-18,0.0,57.229442388506435,Kununurra,"Kimberley, Western Australia"
2000-04-19,0.0,57.229442388506435,Kununurra,"Kimberley, Western Australia"
2000-04-20,0.0,57.229442388506435,Kununurra,"Kimberley, Western Australia"
2000-04-21,0.0,57.229442388506435,Kununurra,"Kimberley, Western Australia"
2000-04-22,0.0,57.229442388506435,Kununurra,"Kimberley, Western Australia"
2000-04-23,0.0,57.229442388506435,Kununurra,"Kimberley, Western Australia"
2000-04-24,4.174949442638576,57.229442388506435,Kununurra,"Kimberley, Western Australia"
2000-04-25,0.0,57.229442388506435,Kununurra,"Kimberley, Western Australia"
2000-04-26,0.0,57.229442388506435,Kununurra,"Kimberley, Western Australia"
2000-04-27,0.0,57.229442388506435,Kununurra,"Kimberley, Western Australia"
2000-04-28,0.0,57.229442388506435,Kununurra,"Kimberley, Western Australia"
2000-04-29,0.0,57.229442388506435,Kununurra,"Kimberley, Western Australia"
2000-04-30,0.0,57.229442388506435,Kununurra,"Kimberley, Western Australia"
2000-05-01,0.0,42.86673538588264,Kununurra,"Kimberley, Western Australia"
2000-05-02,3.6783035903433667,42.86673538588264,Kununurra,"Kimberley, Western Australia"
2000-05-03,0.0,42.86673538588264,Kununurra,"Kimberley, Western Australia"
2000-05-04,7.174791238604131,42.86673538588264,Kununurra,"Kimberley, Western Australia"
2000-05-05,0.0,42.86673538588264,Kununurra,"Kimberley, Western Australia"
2000-05-06,0.0,42.86673538588264,Kununurra,"Kimberley, Western Australia"
2000-05-07,0.0,42.86673538588264,Kununurra,"Kimberley, Western Australia"
2000-05-08,0.0,42.86673538588264,Kununurra,"Kimberley, Western Australia"
2000-05-09,0.0,42.86673538588264,Kununurra,"Kimberley, Western Australia"
2000-05-10,0.0,42.86673538588264,Kununurra,"Kimberley, Western Australia"
2000-05-11,0.0,42.86673538588264,Kununurra,"Kimberley, Western Australia"
2000-05-12,0.0,42.86673538588264,Kununurra,"Kimberley, Western Australia"
2000-05-13,0.0,42.86673538588264,Kununurra,"Kimberley, Western Australia"
2000-05-14,0.0,42.86673538588264,Kununurra,"Kimberley, Western Australia"
2000-05-15,2.1265348491448415,42.86673538588264,Kununurra,"Kimberley, Western Australia"
2000-05-16,0.0,42.86673538588264,Kununurra,"Kimberley, Western Australia"
2000-05-17,2.6796859204726426,42.86673538588264,Kununurra,"Kimberley, Western Australia"
2000-05-18,7.161692975637775,42.86673538588264,Kununurra,"Kimberley, Western Australia"
2000-05-19,2.8269554501472074,42.86673538588264,Kununurra,"Kimberley, Western Australia"
2000-05-20,0.0,42.86673538588264,Kununurra,"Kimberley, Western Australia"
2000-05-21,0.0,42.86673538588264,Kununurra,"Kimberley, Western Australia"
2000-05-22,0.0,42.86673538588264,Kununurra,"Kimberley, Western Australia"
2000-05-23,0.0,42.86673538588264,Kununurra,"Kimberley, Western Australia"
2000-05-24,12.985888110649089,42.86673538588264,Kununurra,"Kimberley, Western Australia"
2000-05-25,0.0,42.86673538588264,Kununurra,"Kimberley, Western Australia"
2000-05-26,0.0,42.86673538588264,Kununurra,"Kimberley, Western Australia"
2000-05-27,0.0,42.86673538588264,Kununurra,"Kimberley, Western Australia"
2000-05-28,2.6507840591676173,42.86673538588264,Kununurra,"Kimberley, Western Australia"
2000-05-29,0.0,42.86673538588264,Kununurra,"Kimberley, Western Australia"
2000-05-30,0.0,42.86673538588264,Kununurra,"Kimberley, Western Australia"
2000-05-31,1.58209919171597,42.86673538588264,Kununurra,"Kimberley, Western Australia"
2000-06-01,0.0,34.23234940252935,Kununurra,"Kimberley, Western Australia"
2000-06-02,10.704303289729083,34.23234940252935,Kununurra,"Kimberley, Western Australia"
2000-06-03,6.537477009812907,34.23234940252935,Kununurra,"Kimberley, Western Australia"
2000-06-04,0.0,34.23234940252935,Kununurra,"Kimberley, Western Australia"
2000-06-05,0.0,34.23234940252935,Kununurra,"Kimberley, Western Australia"
2000-06-06,0.0,34.23234940252935,Kununurra,"Kimberley, Western Australia"
2000-06-07,0.0,34.23234940252935,Kununurra,"Kimberley, Western Australia"
2000-06-08,0.0,34.23234940252935,Kununurra,"Kimberley, Western Australia"
2000-06-09,0.0,34.23234940252935,Kununurra,"Kimberley, Western Australia"
2000-06-10,0.0,34.23234940252935,Kununurra,"Kimberley, Western Australia"
2000-06-11,0.0,34.23234940252935,Kununurra,"Kimberley, Western Australia"
2000-06-12,4.073050712729726,34.23234940252935,Kununurra,"Kimberley, Western Australia"
2000-06-13,0.0,34.23234940252935,Kununurra,"Kimberley, Western Australia"
2000-06-14,0.0,34.23234940252935,Kununurra,"Kimberley, Western Australia"
2000-06-15,0.0,34.23234940252935,Kununurra,"Kimberley, Western Australia"
2000-06-16,0.0,34.23234940252935,Kununurra,"Kimberley, Western Australia"
2000-06-17,0.0,34.23234940252935,Kununurra,"Kimberley, Western Australia"
2000-06-18,0.0,34.23234940252935,Kununurra,"Kimberley, Western Australia"
2000-06-19,0.0,34.23234940252935,Kununurra,"Kimberley, Western Australia"
2000-06-20,0.0,34.23234940252935,Kununurra,"Kimberley, Western Australia"
2000-06-21,0.0,34.23234940252935,Kununurra,"Kimberley, Western Australia"
2000-06-22,0.0,34.23234940252935,Kununurra,"Kimberley, Western Australia"
2000-06-23,0.0,34.23234940252935,Kununurra,"Kimberley, Western Australia"
2000-06-24,0.0,34.23234940252935,Kununurra,"Kimberley, Western Australia"
2000-06-25,0.0,34.23234940252935,Kununurra,"Kimberley, Western Australia"
2000-06-26,0.0,34.23234940252935,Kununurra,"Kimberley, Western Australia"
2000-06-27,0.0,34.23234940252935,Kununurra,"Kimberley, Western Australia"
2000-06-28,3.3444324419850324,34.23234940252935,Kununurra,"Kimberley, Western Australia"
2000-06-29,9.573085948272604,34.23234940252935,Kununurra,"Kimberley, Western Australia"
2000-06-30,0.0,34.23234940252935,Kununurra,"Kimberley, Western Australia"
2000-07-01,4.553857224544264,50.4928556368271,Kununurra,"Kimberley, Western Australia"
2000-07-02,0.0,50.4928556368271,Kununurra,"Kimberley, Western Australia"
2000-07-03,1.1529681987601796,50.4928556368271,Kununurra,"Kimberley, Western Australia"
2000-07-04,0.0,50.4928556368271,Kununurra,"Kimberley, Western Australia"
2000-07-05,0.0,50.4928556368271,Kununurra,"Kimberley, Western Australia"
2000-07-06,0.0,50.4928556368271,Kununurra,"Kimberley, Western Australia"
2000-07-07,0.0,50.4928556368271,Kununurra,"Kimberley, Western Australia"
2000-07-08,3.664883428927019,50.4928556368271,Kununurra,"Kimberley, Western Australia"
2000-07-09,4.252504200601251,50.4928556368271,Kununurra,"Kimberley, Western Australia"
2000-07-10,0.0,50.4928556368271,Kununurra,"Kimberley, Western Australia"
2000-07-11,0.0,50.4928556368271,Kununurra,"Kimberley, Western Australia"
2000-07-12,2.8987919687173624,50.4928556368271,Kununurra,"Kimberley, Western Australia"
2000-07-13,0.0,50.4928556368271,Kununurra,"Kimberley, Western Australia"
2000-07-14,0.0,50.4928556368271,Kununurra,"Kimberley, Western Australia"
2000-07-15,0.0,50.4928556368271,Kununurra,"Kimberley, Western Australia"
2000-07-16,0.0,50.4928556368271,Kununurra,"Kimberley, Western Australia"
2000-07-17,0.0,50.4928556368271,Kununurra,"Kimberley, Western Australia"
2000-07-18,0.0,50.4928556368271,Kununurra,"Kimberley, Western Australia"
2000-07-19,4.968975412460026,50.4928556368271,Kununurra,"Kimberley, Western Australia"
2000-07-20,0.0,50.4928556368271,Kununurra,"Kimberley, Western Australia"
2000-07-21,1.0956569786339698,50.4928556368271,Kununurra,"Kimberley, Western Australia"
2000-07-22,0.0,50.4928556368271,Kununurra,"Kimberley, Western Australia"
2000-07-23,0.0,50.4928556368271,Kununurra,"Kimberley, Western Australia"
2000-07-24,0.0,50.4928556368271,Kununurra,"Kimberley, Western Australia"
2000-07-25,0.0,50.4928556368271,Kununurra,"Kimberley, Western Australia"
2000-07-26,0.0,50.4928556368271,Kununurra,"Kimberley, Western Australia"
2000-07-27,8.241527490727915,50.4928556368271,Kununurra,"Kimberley, Western Australia"
2000-07-28,6.941310147171883,50.4928556368271,Kununurra,"Kimberley, Western Australia"
2000-07-29,6.510322211525628,50.4928556368271,Kununurra,"Kimberley, Western Australia"
2000-07-30,6.212058374757607,50.4928556368271,Kununurra,"Kimberley, Western Australia"
2000-07-31,0.0,50.4928556368271,Kununurra,"Kimberley, Western Australia"
2000-08-01,3.0707089249060733,18.179228152465125,Kununurra,"Kimberley, Western Australia"
2000-08-02,0.0,18.179228152465125,Kununurra,"Kimberley, Western Australia"
2000-08-03,0.0,18.179228152465125,Kununurra,"Kimberley, Western Australia"
2000-08-04,0.0,18.179228152465125,Kununurra,"Kimberley, Western Australia"
2000-08-05,7.191363848201588,18.179228152465125,Kununurra,"Kimberley, Western Australia"
2000-08-06,0.0,18.179228152465125,Kununurra,"Kimberley, Western Australia"
2000-08-07,2.2430619145829596,18.179228152465125,Kununurra,"Kimberley, Western Australia"
2000-08-08,0.0,18.179228152465125,Kununurra,"Kimberley, Western Australia"
2000-08-09,0.0,18.179228152465125,Kununurra,"Kimberley, Western Australia"
2000-08-10,0.0,18.179228152465125,Kununurra,"Kimberley, Western Australia"
2000-08-11,0.0,18.179228152465125,Kununurra,"Kimberley, Western Australia"
2000-08-12,0.0,18.179228152465125,Kununurra,"Kimberley, Western Australia"
2000-08-13,0.0,18.179228152465125,Kununurra,"Kimberley, Western Australia"
2000-08-14,0.0,18.179228152465125,Kununurra,"Kimberley, Western Australia"
2000-08-15,0.0,18.179228152465125,Kununurra,"Kimberley, Western Australia"
2000-08-16,0.0,18.179228152465125,Kununurra,"Kimberley, Western Australia"
2000-08-17,5.674093464774504,18.179228152465125,Kununurra,"Kimberley, Western Australia"
2000-08-18,0.0,18.179228152465125,Kununurra,"Kimberley, Western Australia"
2000-08-19,0.0,18.179228152465125,Kununurra,"Kimberley, Western Australia"
2000-08-20,0.0,18.179228152465125,Kununurra,"Kimberley, Western Australia"
2000-08-21,0.0,18.179228152465125,Kununurra,"Kimberley, Western Australia"
2000-08-22,0.0,18.179228152465125,Kununurra,"Kimberley, Western Australia"
2000-08-23,0.0,18.179228152465125,Kununurra,"Kimberley, Western Australia"
2000-08-24,0.0,18.179228152465125,Kununurra,"Kimberley, Western Australia"
2000-08-25,0.0,18.179228152465125,Kununurra,"Kimberley, Western Australia"
2000-08-26,0.0,18.179228152465125,Kununurra,"Kimberley, Western Australia"
2000-08-27,0.0,18.179228152465125,Kununurra,"Kimberley, Western Australia"
2000-08-28,0.0,18.179228152465125,Kununurra,"Kimberley, Western Australia"
2000-08-29,0.0,18.179228152465125,Kununurra,"Kimberley, Western Australia"
2000-08-30,0.0,18.179228152465125,Kununurra,"Kimberley, Western Australia"
2000-08-31,0.0,18.179228152465125,Kununurra,"Kimberley, Western Australia"
2000-09-01,5.757597149567056,87.90186389129434,Kununurra,"Kimberley, Western Australia"
2000-09-02,0.0,87.90186389129434,Kununurra,"Kimberley, Western Australia"
2000-09-03,0.0,87.90186389129434,Kununurra,"Kimberley, Western Australia"
2000-09-04,0.0,87.90186389129434,Kununurra,"Kimberley, Western Australia"
2000-09-05,0.0,87.90186389129434,Kununurra,"Kimberley, Western Australia"
2000-09-06,0.0,87.90186389129434,Kununurra,"Kimberley, Western Australia"
2000-09-07,15.450383107857771,87.90186389129434,Kununurra,"Kimberley, Western Australia"
2000-09-08,0.0,87.90186389129434,Kununurra,"Kimberley, Western Australia"
2000-09-09,0.0,87.90186389129434,Kununurra,"Kimberley, Western Australia"
2000-09-10,0.0,87.90186389129434,Kununurra,"Kimberley, Western Australia"
2000-09-11,0.0,87.90186389129434,Kununurra,"Kimberley, Western Australia"
2000-09-12,0.0,87.90186389129434,Kununurra,"Kimberley, Western Australia"
2000-09-13,0.0,87.90186389129434,Kununurra,"Kimberley, Western Australia"
2000-09-14,0.0,87.90186389129434,Kununurra,"Kimberley, Western Australia"
2000-09-15,0.0,87.90186389129434,Kununurra,"Kimberley, Western Australia"
2000-09-16,5.09084254611472,87.90186389129434,Kununurra,"Kimberley, Western Australia"
2000-09-17,9.5158909201442,87.90186389129434,Kununurra,"Kimberley, Western Australia"
2000-09-18,0.0,87.90186389129434,Kununurra,"Kimberley, Western Australia"
2000-09-19,4.5273682449792805,87.90186389129434,Kununurra,"Kimberley, Western Australia"
2000-09-20,7.548133672870759,87.90186389129434,Kununurra,"Kimberley, Western Australia"
2000-09-21,0.0,87.90186389129434,Kununurra,"Kimberley, Western Australia"
2000-09-22,9.6713502943918,87.90186389129434,Kununurra,"Kimberley, Western Australia"
2000-09-23,0.0,87.90186389129434,Kununurra,"Kimberley, Western Australia"
2000-09-24,4.079659038295068,87.90186389129434,Kununurra,"Kimberley, Western Australia"
2000-09-25,20.524881499756162,87.90186389129434,Kununurra,"Kimberley, Western Australia"
2000-09-26,0.0,87.90186389129434,Kununurra,"Kimberley, Western Australia"
2000-09-27,0.0,87.90186389129434,Kununurra,"Kimberley, Western Australia"
2000-09-28,0.0,87.90186389129434,Kununurra,"Kimberley, Western Australia"
2000-09-29,0.0,87.90186389129434,Kununurra,"Kimberley, Western Australia"
2000-09-30,5.735757417317516,87.90186389129434,Kununurra,"Kimberley, Western Australia"
2000-10-01,5.106016321833348,77.52424847593761,Kununurra,"Kimberley, Western Australia"
2000-10-02,2.543403698171613,77.52424847593761,Kununurra,"Kimberley, Western Australia"
2000-10-03,8.911707377559624,77.52424847593761,Kununurra,"Kimberley, Western Australia"
2000-10-04,0.0,77.52424847593761,Kununurra,"Kimberley, Western Australia"
2000-10-05,11.071100574264497,77.52424847593761,Kununurra,"Kimberley, Western Australia"
2000-10-06,0.0,77.52424847593761,Kununurra,"Kimberley, Western Australia"
2000-10-07,5.928486707227767,77.52424847593761,Kununurra,"Kimberley, Western Australia"
2000-10-08,0.0,77.52424847593761,Kununurra,"Kimberley, Western Australia"
2000-10-09,0.0,77.52424847593761,Kununurra,"Kimberley, Western Australia"
2000-10-10,15.05237977083569,77.52424847593761,Kununurra,"Kimberley, Western Australia"
2000-10-11,0.0,77.52424847593761,Kununurra,"Kimberley, Western Australia"
2000-10-12,0.0,77.52424847593761,Kununurra,"Kimberley, Western Australia"
2000-10-13,0.0,77.52424847593761,Kununurra,"Kimberley, Western Australia"
2000-10-14,0.0,77.52424847593761,Kununurra,"Kimberley, Western Australia"
2000-10-15,0.0,77.52424847593761,Kununurra,"Kimberley, Western Australia"
2000-10-16,0.0,77.52424847593761,Kununurra,"Kimberley, Western Australia"
2000-10-17,0.0,77.52424847593761,Kununurra,"Kimberley, Western Australia"
2000-10-18,13.313899894885544,77.52424847593761,Kununurra,"Kimberley, Western Australia"
2000-10-19,8.72818235792743,77.52424847593761,Kununurra,"Kimberley, Western Australia"
2000-10-20,1.975010216206298,77.52424847593761,Kununurra,"Kimberley, Western Australia"
2000-10-21,0.0,77.52424847593761,Kununurra,"Kimberley, Western Australia"
2000-10-22,0.0,77.52424847593761,Kununurra,"Kimberley, Western Australia"
2000-10-23,0.0,77.52424847593761,Kununurra,"Kimberley, Western Australia"
2000-10-24,0.0,77.52424847593761,Kununurra,"Kimberley, Western Australia"
2000-10-25,0.0,77.52424847593761,Kununurra,"Kimberley, Western Australia"
2000-10-26,2.601640588484235,77.52424847593761,Kununurra,"Kimberley, Western Australia"
2000-10-27,0.0,77.52424847593761,Kununurra,"Kimberley, Western Australia"
2000-10-28,0.0,77.52424847593761,Kununurra,"Kimberley, Western Australia"
2000-10-29,2.292420968541559,77.52424847593761,Kununurra,"Kimberley, Western Australia"
2000-10-30,0.0,77.52424847593761,Kununurra,"Kimberley, Western Australia"
2000-10-31,0.0,77.52424847593761,Kununurra,"Kimberley, Western Australia"
2000-11-01,0.0,40.11858230934669,Kununurra,"Kimberley, Western Australia"
2000-11-02,0.0,40.11858230934669,Kununurra,"Kimberley, Western Australia"
2000-11-03,0.0,40.11858230934669,Kununurra,"Kimberley, Western Australia"
2000-11-04,0.0,40.11858230934669,Kununurra,"Kimberley, Western Australia"
2000-11-05,0.0,40.11858230934669,Kununurra,"Kimberley, Western Australia"
2000-11-06,0.0,40.11858230934669,Kununurra,"Kimberley, Western Australia"
2000-11-07,6.532147691959157,40.11858230934669,Kununurra,"Kimberley, Western Australia"
2000-11-08,0.0,40.11858230934669,Kununurra,"Kimberley, Western Australia"
2000-11-09,0.0,40.11858230934669,Kununurra,"Kimberley, Western Australia"
2000-11-10,0.0,40.11858230934669,Kununurra,"Kimberley, Western Australia"
2000-11-11,0.0,40.11858230934669,Kununurra,"Kimberley, Western Australia"
2000-11-12,0.0,40.11858230934669,Kununurra,"Kimberley, Western Australia"
2000-11-13,0.0,40.11858230934669,Kununurra,"Kimberley, Western Australia"
2000-11-14,0.0,40.11858230934669,Kununurra,"Kimberley, Western Australia"
2000-11-15,0.0,40.11858230934669,Kununurra,"Kimberley, Western Australia"
2000-11-16,0.0,40.11858230934669,Kununurra,"Kimberley, Western Australia"
2000-11-17,0.0,40.11858230934669,Kununurra,"Kimberley, Western Australia"
2000-11-18,3.4256037463372113,40.11858230934669,Kununurra,"Kimberley, Western Australia"
2000-11-19,10.479138881389606,40.11858230934669,Kununurra,"Kimberley, Western Australia"
2000-11-20,0.0,40.11858230934669,Kununurra,"Kimberley, Western Australia"
2000-11-21,0.0,40.11858230934669,Kununurra,"Kimberley, Western Australia"
2000-11-22,16.14229419349505,40.11858230934669,Kununurra,"Kimberley, Western Australia"
2000-11-23,0.0,40.11858230934669,Kununurra,"Kimberley, Western Australia"
2000-11-24,0.0,40.11858230934669,Kununurra,"Kimberley, Western Australia"
2000-11-25,3.539397796165667,40.11858230934669,Kununurra,"Kimberley, Western Australia"
2000-11-26,0.0,40.11858230934669,Kununurra,"Kimberley, Western Australia"
2000-11-27,0.0,40.11858230934669,Kununurra,"Kimberley, Western Australia"
2000-11-28,0.0,40.11858230934669,Kununurra,"Kimberley, Western Australia"
2000-11-29,0.0,40.11858230934669,Kununurra,"Kimberley, Western Australia"
2000-11-30,0.0,40.11858230934669,Kununurra,"Kimberley, Western Australia"
2000-12-01,2.3395672971103036,32.00313232034903,Kununurra,"Kimberley, Western Australia"
2000-12-02,0.0,32.00313232034903,Kununurra,"Kimberley, Western Australia"
2000-12-03,0.0,32.00313232034903,Kununurra,"Kimberley, Western Australia"
2000-12-04,0.0,32.00313232034903,Kununurra,"Kimberley, Western Australia"
2000-12-05,4.045384398620614,32.00313232034903,Kununurra,"Kimberley, Western Australia"
2000-12-06,0.0,32.00313232034903,Kununurra,"Kimberley, Western Australia"
2000-12-07,0.0,32.00313232034903,Kununurra,"Kimberley, Western Australia"
2000-12-08,0.0,32.00313232034903,Kununurra,"Kimberley, Western Australia"
2000-12-09,0.0,32.00313232034903,Kununurra,"Kimberley, Western Australia"
2000-12-10,0.0,32.00313232034903,Kununurra,"Kimberley, Western Australia"
2000-12-11,0.0,32.00313232034903,Kununurra,"Kimberley, Western Australia"
2000-12-12,0.0,32.00313232034903,Kununurra,"Kimberley, Western Australia"
2000-12-13,0.0,32.00313232034903,Kununurra,"Kimberley, Western Australia"
2000-12-14,6.643110823362074,32.00313232034903,Kununurra,"Kimberley, Western Australia"
2000-12-15,8.017959562264828,32.00313232034903,Kununurra,"Kimberley, Western Australia"
2000-12-16,0.0,32.00313232034903,Kununurra,"Kimberley, Western Australia"
2000-12-17,0.0,32.00313232034903,Kununurra,"Kimberley, Western Australia"
2000-12-18,0.0,32.00313232034903,Kununurra,"Kimberley, Western Australia"
2000-12-19,0.0,32.00313232034903,Kununurra,"Kimberley, Western Australia"
2000-12-20,0.0,32.00313232034903,Kununurra,"Kimberley, Western Australia"
2000-12-21,5.121391706743693,32.00313232034903,Kununurra,"Kimberley, Western Australia"
2000-12-22,0.0,32.00313232034903,Kununurra,"Kimberley, Western Australia"
2000-12-23,0.0,32.00313232034903,Kununurra,"Kimberley, Western Australia"
2000-12-24,0.0,32.00313232034903,Kununurra,"Kimberley, Western Australia"
2000-12-25,0.0,32.00313232034903,Kununurra,"Kimberley, Western Australia"
2000-12-26,0.0,32.00313232034903,Kununurra,"Kimberley, Western Australia"
2000-12-27,0.0,32.00313232034903,Kununurra,"Kimberley, Western Australia"
2000-12-28,5.835718532247521,32.00313232034903,Kununurra,"Kimberley, Western Australia"
2000-12-29,0.0,32.00313232034903,Kununurra,"Kimberley, Western Australia"
2000-12-30,0.0,32.00313232034903,Kununurra,"Kimberley, Western Australia"
2000-12-31,0.0,32.00313232034903,Kununurra,"Kimberley, Western Australia"
2001-01-01,0.0,28.0547424198616,Kununurra,"Kimberley, Western Australia"
2001-01-02,0.0,28.0547424198616,Kununurra,"Kimberley, Western Australia"
2001-01-03,0.0,28.0547424198616,Kununurra,"Kimberley, Western Australia"
2001-01-04,0.0,28.0547424198616,Kununurra,"Kimberley, Western Australia"
2001-01-05,0.0,28.0547424198616,Kununurra,"Kimberley, Western Australia"
2001-01-06,0.0,28.0547424198616,Kununurra,"Kimberley, Western Australia"
2001-01-07,0.0,28.0547424198616,Kununurra,"Kimberley, Western Australia"
2001-01-08,2.7042039213504494,28.0547424198616,Kununurra,"Kimberley, Western Australia"
2001-01-09,0.0,28.0547424198616,Kununurra,"Kimberley, Western Australia"
2001-01-10,0.0,28.0547424198616,Kununurra,"Kimberley, Western Australia"
2001-01-11,0.0,28.0547424198616,Kununurra,"Kimberley, Western Australia"
2001-01-12,0.0,28.0547424198616,Kununurra,"Kimberley, Western Australia"
2001-01-13,0.0,28.0547424198616,Kununurra,"Kimberley, Western Australia"
2001-01-14,0.0,28.0547424198616,Kununurra,"Kimberley, Western Australia"
2001-01-15,0.0,28.0547424198616,Kununurra,"Kimberley, Western Australia"
2001-01-16,2.1847501492622032,28.0547424198616,Kununurra,"Kimberley, Western Australia"
2001-01-17,0.0,28.0547424198616,Kununurra,"Kimberley, Western Australia"
2001-01-18,0.0,28.0547424198616,Kununurra,"Kimberley, Western Australia"
2001-01-19,0.0,28.0547424198616,Kununurra,"Kimberley, Western Australia"
2001-01-20,0.0,28.0547424198616,Kununurra,"Kimberley, Western Australia"
2001-01-21,0.0,28.0547424198616,Kununurra,"Kimberley, Western Australia"
2001-01-22,0.0,28.0547424198616,Kununurra,"Kimberley, Western Australia"
2001-01-23,2.4508094316031053,28.0547424198616,Kununurra,"Kimberley, Western Australia"
2001-01-24,0.0,28.0547424198616,Kununurra,"Kimberley, Western Australia"
2001-01-25,0.0,28.0547424198616,Kununurra,"Kimberley, Western Australia"
2001-01-26,0.0,28.0547424198616,Kununurra,"Kimberley, Western Australia"
2001-01-27,9.496295767243225,28.0547424198616,Kununurra,"Kimberley, Western Australia"
2001-01-28,0.5961649198528095,28.0547424198616,Kununurra,"Kimberley, Western Australia"
2001-01-29,10.622518230549808,28.0547424198616,Kununurra,"Kimberley, Western Australia"
2001-01-30,0.0,28.0547424198616,Kununurra,"Kimberley, Western Australia"
2001-01-31,0.0,28.0547424198616,Kununurra,"Kimberley, Western Australia"
2001-02-01,0.0,41.85989709036712,Kununurra,"Kimberley, Western Australia"
2001-02-02,0.0,41.85989709036712,Kununurra,"Kimberley, Western Australia"
2001-02-03,0.0,41.85989709036712,Kununurra,"Kimberley, Western Australia"
2001-02-04,7.0493095376490835,41.85989709036712,Kununurra,"Kimberley, Western Australia"
2001-02-05,0.0,41.85989709036712,Kununurra,"Kimberley, Western Australia"
2001-02-06,0.0,41.85989709036712,Kununurra,"Kimberley, Western Australia"
2001-02-07,0.0,41.85989709036712,Kununurra,"Kimberley, Western Australia"
2001-02-08,0.0,41.85989709036712,Kununurra,"Kimberley, Western Australia"
2001-02-09,0.0,41.85989709036712,Kununurra,"Kimberley, Western Australia"
2001-02-10,0.0,41.85989709036712,Kununurra,"Kimberley, Western Australia"
2001-02-11,14.722908147635032,41.85989709036712,Kununurra,"Kimberley, Western Australia"
2001-02-12,1.9325192746208124,41.85989709036712,Kununurra,"Kimberley, Western Australia"
2001-02-13,4.069842713577742,41.85989709036712,Kununurra,"Kimberley, Western Australia"
2001-02-14,0.0,41.85989709036712,Kununurra,"Kimberley, Western Australia"
2001-02-15,0.0,41.85989709036712,Kununurra,"Kimberley, Western Australia"
2001-02-16,0.0,41.85989709036712,Kununurra,"Kimberley, Western Australia"
2001-02-17,1.684668762918698,41.85989709036712,Kununurra,"Kimberley, Western Australia"
2001-02-18,0.0,41.85989709036712,Kununurra,"Kimberley, Western Australia"
2001-02-19,0.0,41.85989709036712,Kununurra,"Kimberley, Western Australia"
2001-02-20,0.0,41.85989709036712,Kununurra,"Kimberley, Western Australia"
2001-02-21,6.260270030529599,41.85989709036712,Kununurra,"Kimberley, Western Australia"
2001-02-22,0.0,41.85989709036712,Kununurra,"Kimberley, Western Australia"
2001-02-23,0.0,41.85989709036712,Kununurra,"Kimberley, Western Australia"
2001-02-24,0.0,41.85989709036712,Kununurra,"Kimberley, Western Australia"
2001-02-25,0.0,41.85989709036712,Kununurra,"Kimberley, Western Australia"
2001-02-26,3.1582601110371304,41.85989709036712,Kununurra,"Kimberley, Western Australia"
2001-02-27,2.9821185123990253,41.85989709036712,Kununurra,"Kimberley, Western Australia"
2001-02-28,0.0,41.85989709036712,Kununurra,"Kimberley, Western Australia"
2001-03-01,0.0,9.896848895572031,Kununurra,"Kimberley, Western Australia"
2001-03-02,2.362774645294337,9.896848895572031,Kununurra,"Kimberley, Western Australia"
2001-03-03,0.0,9.896848895572031,Kununurra,"Kimberley, Western Australia"
2001-03-04,0.0,9.896848895572031,Kununurra,"Kimberley, Western Australia"
2001-03-05,0.0,9.896848895572031,Kununurra,"Kimberley, Western Australia"
2001-03-06,0.0,9.896848895572031,Kununurra,"Kimberley, Western Australia"
2001-03-07,0.0,9.896848895572031,Kununurra,"Kimberley, Western Australia"
2001-03-08,4.531744610558575,9.896848895572031,Kununurra,"Kimberley, Western Australia"
2001-03-09,0.0,9.896848895572031,Kununurra,"Kimberley, Western Australia"
2001-03-10,0.0,9.896848895572031,Kununurra,"Kimberley, Western Australia"
2001-03-11,0.0,9.896848895572031,Kununurra,"Kimberley, Western Australia"
2001-03-12,0.0,9.896848895572031,Kununurra,"Kimberley, Western Australia"
2001-03-13,0.0,9.896848895572031,Kununurra,"Kimberley, Western Australia"
2001-03-14,0.0,9.896848895572031,Kununurra,"Kimberley, Western Australia"
2001-03-15,0.0,9.896848895572031,Kununurra,"Kimberley, Western Australia"
2001-03-16,0.0,9.896848895572031,Kununurra,"Kimberley, Western Australia"
2001-03-17,0.0,9.896848895572031,Kununurra,"Kimberley, Western Australia"
2001-03-18,0.0,9.896848895572031,Kununurra,"Kimberley, Western Australia"
2001-03-19,0.0,9.896848895572031,Kununurra,"Kimberley, Western Australia"
2001-03-20,0.0,9.896848895572031,Kununurra,"Kimberley, Western Australia"
2001-03-21,0.0,9.896848895572031,Kununurra,"Kimberley, Western Australia"
2001-03-22,3.002329639719119,9.896848895572031,Kununurra,"Kimberley, Western Australia"
2001-03-23,0.0,9.896848895572031,Kununurra,"Kimberley, Western Australia"
2001-03-24,0.0,9.896848895572031,Kununurra,"Kimberley, Western Australia"
2001-03-25,0.0,9.896848895572031,Kununurra,"Kimberley, Western Australia"
2001-03-26,0.0,9.896848895572031,Kununurra,"Kimberley, Western Australia"
2001-03-27,0.0,9.896848895572031,Kununurra,"Kimberley, Western Australia"
2001-03-28,0.0,9.896848895572031,Kununurra,"Kimberley, Western Australia"
2001-03-29,0.0,9.896848895572031,Kununurra,"Kimberley, Western Australia"
2001-03-30,0.0,9.896848895572031,Kununurra,"Kimberley, Western Australia"
2001-03-31,0.0,9.896848895572031,Kununurra,"Kimberley, Western Australia"
2001-04-01,0.0,44.077951599655506,Kununurra,"Kimberley, Western Australia"
2001-04-02,0.0,44.077951599655506,Kununurra,"Kimberley, Western Australia"
2001-04-03,8.940863452010248,44.077951599655506,Kununurra,"Kimberley, Western Australia"
2001-04-04,0.0,44.077951599655506,Kununurra,"Kimberley, Western Australia"
2001-04-05,0.0,44.077951599655506,Kununurra,"Kimberley, Western Australia"
2001-04-06,0.0,44.077951599655506,Kununurra,"Kimberley, Western Australia"
2001-04-07,0.0,44.077951599655506,Kununurra,"Kimberley, Western Australia"
2001-04-08,12.316553219287155,44.077951599655506,Kununurra,"Kimberley, Western Australia"
2001-04-09,4.09226053588899,44.077951599655506,Kununurra,"Kimberley, Western Australia"
2001-04-10,0.0,44.077951599655506,Kununurra,"Kimberley, Western Australia"
2001-04-11,0.0,44.077951599655506,Kununurra,"Kimberley, Western Australia"
2001-04-12,0.0,44.077951599655506,Kununurra,"Kimberley, Western Australia"
2001-04-13,0.0,44.077951599655506,Kununurra,"Kimberley, Western Australia"
2001-04-14,4.783064908361448,44.077951599655506,Kununurra,"Kimberley, Western Australia"
2001-04-15,0.0,44.077951599655506,Kununurra,"Kimberley, Western Australia"
2001-04-16,2.662279157289375,44.077951599655506,Kununurra,"Kimberley, Western Australia"
2001-04-17,5.010597628494219,44.077951599655506,Kununurra,"Kimberley, Western Australia"
2001-04-18,0.0,44.077951599655506,Kununurra,"Kimberley, Western Australia"
2001-04-19,0.0,44.077951599655506,Kununurra,"Kimberley, Western Australia"
2001-04-20,2.563659515595129,44.077951599655506,Kununurra,"Kimberley, Western Australia"
2001-04-21,0.0,44.077951599655506,Kununurra,"Kimberley, Western Australia"
2001-04-22,0.0,44.077951599655506,Kununurra,"Kimberley, Western Australia"
2001-04-23,0.0,44.077951599655506,Kununurra,"Kimberley, Western Australia"
2001-04-24,0.0,44.077951599655506,Kununurra,"Kimberley, Western Australia"
2001-04-25,0.0,44.077951599655506,Kununurra,"Kimberley, Western Australia"
2001-04-26,0.0,44.077951599655506,Kununurra,"Kimberley, Western Australia"
2001-04-27,0.0,44.077951599655506,Kununurra,"Kimberley, Western Australia"
2001-04-28,3.7086731827289414,44.077951599655506,Kununurra,"Kimberley, Western Australia"
2001-04-29,0.0,44.077951599655506,Kununurra,"Kimberley, Western Australia"
2001-04-30,0.0,44.077951599655506,Kununurra,"Kimberley, Western Australia"
2001-05-01,0.0,65.065600687484,Kununurra,"Kimberley, Western Australia"
2001-05-02,3.8693525023600923,65.065600687484,Kununurra,"Kimberley, Western Australia"
2001-05-03,17.296813149825688,65.065600687484,Kununurra,"Kimberley, Western Australia"
2001-05-04,0.0,65.065600687484,Kununurra,"Kimberley, Western Australia"
2001-05-05,1.6780617673787175,65.065600687484,Kununurra,"Kimberley, Western Australia"
2001-05-06,2.8117662706061055,65.065600687484,Kununurra,"Kimberley, Western Australia"
2001-05-07,0.0,65.065600687484,Kununurra,"Kimberley, Western Australia"
2001-05-08,9.835297693522953,65.065600687484,Kununurra,"Kimberley, Western Australia"
2001-05-09,0.0,65.065600687484,Kununurra,"Kimberley, Western Australia"
2001-05-10,4.387394851182426,65.065600687484,Kununurra,"Kimberley, Western Australia"
2001-05-11,4.8728847598604235,65.065600687484,Kununurra,"Kimberley, Western Australia"
2001-05-12,0.0,65.065600687484,Kununurra,"Kimberley, Western Australia"
2001-05-13,0.0,65.065600687484,Kununurra,"Kimberley, Western Australia"
2001-05-14,0.0,65.065600687484,Kununurra,"Kimberley, Western Australia"
2001-05-15,0.0,65.065600687484,Kununurra,"Kimberley, Western Australia"
2001-05-16,3.649225203915916,65.065600687484,Kununurra,"Kimberley, Western Australia"
2001-05-17,0.0,65.065600687484,Kununurra,"Kimberley, Western Australia"
2001-05-18,0.0,65.065600687484,Kununurra,"Kimberley, Western Australia"
2001-05-19,0.0,65.065600687484,Kununurra,"Kimberley, Western Australia"
2001-05-20,0.0,65.065600687484,Kununurra,"Kimberley, Western Australia"
2001-05-21,0.0,65.065600687484,Kununurra,"Kimberley, Western Australia"
2001-05-22,10.079532407182908,65.065600687484,Kununurra,"Kimberley, Western Australia"
2001-05-23,0.0,65.065600687484,Kununurra,"Kimberley, Western Australia"
2001-05-24,6.58527208164876,65.065600687484,Kununurra,"Kimberley, Western Australia"
2001-05-25,0.0,65.065600687484,Kununurra,"Kimberley, Western Australia"
2001-05-26,0.0,65.065600687484,Kununurra,"Kimberley, Western Australia"
2001-05-27,0.0,65.065600687484,Kununurra,"Kimberley, Western Australia"
2001-05-28,0.0,65.065600687484,Kununurra,"Kimberley, Western Australia"
2001-05-29,0.0,65.065600687484,Kununurra,"Kimberley, Western Australia"
2001-05-30,0.0,65.065600687484,Kununurra,"Kimberley, Western Australia"
2001-05-31,0.0,65.065600687484,Kununurra,"Kimberley, Western Australia"
2001-06-01,0.0,38.7960073668599,Kununurra,"Kimberley, Western Australia"
2001-06-02,0.0,38.7960073668599,Kununurra,"Kimberley, Western Australia"
2001-06-03,0.0,38.7960073668599,Kununurra,"Kimberley, Western Australia"
2001-06-04,9.135757762500852,38.7960073668599,Kununurra,"Kimberley, Western Australia"
2001-06-05,0.0,38.7960073668599,Kununurra,"Kimberley, Western Australia"
2001-06-06,0.0,38.7960073668599,Kununurra,"Kimberley, Western Australia"
2001-06-07,0.0,38.7960073668599,Kununurra,"Kimberley, Western Australia"
2001-06-08,0.0,38.7960073668599,Kununurra,"Kimberley, Western Australia"
2001-06-09,0.0,38.7960073668599,Kununurra,"Kimberley, Western Australia"
2001-06-10,8.345206831356865,38.7960073668599,Kununurra,"Kimberley, Western Australia"
2001-06-11,0.0,38.7960073668599,Kununurra,"Kimberley, Western Australia"
2001-06-12,0.0,38.7960073668599,Kununurra,"Kimberley, Western Australia"
2001-06-13,0.0,38.7960073668599,Kununurra,"Kimberley, Western Australia"
2001-06-14,0.0,38.7960073668599,Kununurra,"Kimberley, Western Australia"
2001-06-15,0.0,38.7960073668599,Kununurra,"Kimberley, Western Australia"
2001-06-16,0.0,38.7960073668599,Kununurra,"Kimberley, Western Australia"
2001-06-17,0.0,38.7960073668599,Kununurra,"Kimberley, Western Australia"
2001-06-18,13.180795506368671,38.7960073668599,Kununurra,"Kimberley, Western Australia"
2001-06-19,0.0,38.7960073668599,Kununurra,"Kimberley, Western Australia"
2001-06-20,0.0,38.7960073668599,Kununurra,"Kimberley, Western Australia"
2001-06-21,0.0,38.7960073668599,Kununurra,"Kimberley, Western Australia"
2001-06-22,0.0,38.7960073668599,Kununurra,"Kimberley, Western Australia"
2001-06-23,0.0,38.7960073668599,Kununurra,"Kimberley, Western Australia"
2001-06-24,0.0,38.7960073668599,Kununurra,"Kimberley, Western Australia"
2001-06-25,0.8707823062279942,38.7960073668599,Kununurra,"Kimberley, Western Australia"
2001-06-26,2.5445010693724184,38.7960073668599,Kununurra,"Kimberley, Western Australia"
2001-06-27,4.718963891033097,38.7960073668599,Kununurra,"Kimberley, Western Australia"
2001-06-28,0.0,38.7960073668599,Kununurra,"Kimberley, Western Australia"
2001-06-29,0.0,38.7960073668599,Kununurra,"Kimberley, Western Australia"
2001-06-30,0.0,38.7960073668599,Kununurra,"Kimberley, Western Australia"
2001-07-01,0.0,80.73449220354759,Kununurra,"Kimberley, Western Australia"
2001-07-02,0.0,80.73449220354759,Kununurra,"Kimberley, Western Australia"
2001-07-03,0.0,80.73449220354759,Kununurra,"Kimberley, Western Australia"
2001-07-04,0.0,80.73449220354759,Kununurra,"Kimberley, Western Australia"
2001-07-05,20.990010474914207,80.73449220354759,Kununurra,"Kimberley, Western Australia"
2001-07-06,0.0,80.73449220354759,Kununurra,"Kimberley, Western Australia"
2001-07-07,0.0,80.73449220354759,Kununurra,"Kimberley, Western Australia"
2001-07-08,1.8175258235304645,80.73449220354759,Kununurra,"Kimberley, Western Australia"
2001-07-09,0.0,80.73449220354759,Kununurra,"Kimberley, Western Australia"
2001-07-10,11.841341315857639,80.73449220354759,Kununurra,"Kimberley, Western Australia"
2001-07-11,9.593069967959547,80.73449220354759,Kununurra,"Kimberley, Western Australia"
2001-07-12,0.0,80.73449220354759,Kununurra,"Kimberley, Western Australia"
2001-07-13,8.707846149306388,80.73449220354759,Kununurra,"Kimberley, Western Australia"
2001-07-14,9.111596766010818,80.73449220354759,Kununurra,"Kimberley, Western Australia"
2001-07-15,0.0,80.73449220354759,Kununurra,"Kimberley, Western Australia"
2001-07-16,0.0,80.73449220354759,Kununurra,"Kimberley, Western Australia"
2001-07-17,8.784621933425838,80.73449220354759,Kununurra,"Kimberley, Western Australia"
2001-07-18,0.0,80.73449220354759,Kununurra,"Kimberley, Western Australia"
2001-07-19,0.0,80.73449220354759,Kununurra,"Kimberley, Western Australia"
2001-07-20,0.0,80.73449220354759,Kununurra,"Kimberley, Western Australia"
2001-07-21,0.0,80.73449220354759,Kununurra,"Kimberley, Western Australia"
2001-07-22,0.0,80.73449220354759,Kununurra,"Kimberley, Western Australia"
2001-07-23,0.0,80.73449220354759,Kununurra,"Kimberley, Western Australia"
2001-07-24,0.0,80.73449220354759,Kununurra,"Kimberley, Western Australia"
2001-07-25,9.888479772542691,80.73449220354759,Kununurra,"Kimberley, Western Australia"
2001-07-26,0.0,80.73449220354759,Kununurra,"Kimberley, Western Australia"
2001-07-27,0.0,80.73449220354759,Kununurra,"Kimberley, Western Australia"
2001-07-28,0.0,80.73449220354759,Kununurra,"Kimberley, Western Australia"
2001-07-29,0.0,80.73449220354759,Kununurra,"Kimberley, Western Australia"
2001-07-30,0.0,80.73449220354759,Kununurra,"Kimberley, Western Australia"
2001-07-31,0.0,80.73449220354759,Kununurra,"Kimberley, Western Australia"
2001-08-01,0.0,21.1434428322848,Kununurra,"Kimberley, Western Australia"
2001-08-02,0.0,21.1434428322848,Kununurra,"Kimberley, Western Australia"
2001-08-03,0.0,21.1434428322848,Kununurra,"Kimberley, Western Australia"
2001-08-04,0.0,21.1434428322848,Kununurra,"Kimberley, Western Australia"
2001-08-05,0.0,21.1434428322848,Kununurra,"Kimberley, Western Australia"
2001-08-06,0.0,21.1434428322848,Kununurra,"Kimberley, Western Australia"
2001-08-07,0.0,21.1434428322848,Kununurra,"Kimberley, Western Australia"
2001-08-08,0.0,21.1434428322848,Kununurra,"Kimberley, Western Australia"
2001-08-09,0.0,21.1434428322848,Kununurra,"Kimberley, Western Australia"
2001-08-10,0.0,21.1434428322848,Kununurra,"Kimberley, Western Australia"
2001-08-11,0.0,21.1434428322848,Kununurra,"Kimberley, Western Australia"
2001-08-12,3.198402167809145,21.1434428322848,Kununurra,"Kimberley, Western Australia"
2001-08-13,0.0,21.1434428322848,Kununurra,"Kimberley, Western Australia"
2001-08-14,0.0,21.1434428322848,Kununurra,"Kimberley, Western Australia"
2001-08-15,0.0,21.1434428322848,Kununurra,"Kimberley, Western Australia"
2001-08-16,13.14950772253819,21.1434428322848,Kununurra,"Kimberley, Western Australia"
2001-08-17,0.0,21.1434428322848,Kununurra,"Kimberley, Western Australia"
2001-08-18,0.0,21.1434428322848,Kununurra,"Kimberley, Western Australia"
2001-08-19,0.0,21.1434428322848,Kununurra,"Kimberley, Western Australia"
2001-08-20,0.0,21.1434428322848,Kununurra,"Kimberley, Western Australia"
2001-08-21,4.7955329419374655,21.1434428322848,Kununurra,"Kimberley, Western Australia"
2001-08-22,0.0,21.1434428322848,Kununurra,"Kimberley, Western Australia"
2001-08-23,0.0,21.1434428322848,Kununurra,"Kimberley, Western Australia"
2001-08-24,0.0,21.1434428322848,Kununurra,"Kimberley, Western Australia"
2001-08-25,0.0,21.1434428322848,Kununurra,"Kimberley, Western Australia"
2001-08-26,0.0,21.1434428322848,Kununurra,"Kimberley, Western Australia"
2001-08-27,0.0,21.1434428322848,Kununurra,"Kimberley, Western Australia"
2001-08-28,0.0,21.1434428322848,Kununurra,"Kimberley, Western Australia"
2001-08-29,0.0,21.1434428322848,Kununurra,"Kimberley, Western Australia"
2001-08-30,0.0,21.1434428322848,Kununurra,"Kimberley, Western Australia"
2001-08-31,0.0,21.1434428322848,Kununurra,"Kimberley, Western Australia"
2001-09-01,0.0,52.98926200296741,Kununurra,"Kimberley, Western Australia"
2001-09-02,0.0,52.98926200296741,Kununurra,"Kimberley, Western Australia"
2001-09-03,3.0428878627920817,52.98926200296741,Kununurra,"Kimberley, Western Australia"
2001-09-04,8.723700618765834,52.98926200296741,Kununurra,"Kimberley, Western Australia"
2001-09-05,0.0,52.98926200296741,Kununurra,"Kimberley, Western Australia"
2001-09-06,9.445661924798575,52.98926200296741,Kununurra,"Kimberley, Western Australia"
2001-09-07,0.0,52.98926200296741,Kununurra,"Kimberley, Western Australia"
2001-09-08,9.929247160426819,52.98926200296741,Kununurra,"Kimberley, Western Australia"
2001-09-09,0.0,52.98926200296741,Kununurra,"Kimberley, Western Australia"
2001-09-10,0.0,52.98926200296741,Kununurra,"Kimberley, Western Australia"
2001-09-11,8.466562993632369,52.98926200296741,Kununurra,"Kimberley, Western Australia"
2001-09-12,0.0,52.98926200296741,Kununurra,"Kimberley, Western Australia"
2001-09-13,0.0,52.98926200296741,Kununurra,"Kimberley, Western Australia"
2001-09-14,0.0,52.98926200296741,Kununurra,"Kimberley, Western Australia"
2001-09-15,3.1759537985534467,52.98926200296741,Kununurra,"Kimberley, Western Australia"
2001-09-16,0.0,52.98926200296741,Kununurra,"Kimberley, Western Australia"
2001-09-17,0.0,52.98926200296741,Kununurra,"Kimberley, Western Australia"
2001-09-18,0.0,52.98926200296741,Kununurra,"Kimberley, Western Australia"
2001-09-19,0.0,52.98926200296741,Kununurra,"Kimberley, Western Australia"
2001-09-20,0.0,52.98926200296741,Kununurra,"Kimberley, Western Australia"
2001-09-21,3.920038278754951,52.98926200296741,Kununurra,"Kimberley, Western Australia"
2001-09-22,0.0,52.98926200296741,Kununurra,"Kimberley, Western Australia"
2001-09-23,0.0,52.98926200296741,Kununurra,"Kimberley, Western Australia"
2001-09-24,6.285209365243331,52.98926200296741,Kununurra,"Kimberley, Western Australia"
2001-09-25,0.0,52.98926200296741,Kununurra,"Kimberley, Western Australia"
2001-09-26,0.0,52.98926200296741,Kununurra,"Kimberley, Western Australia"
2001-09-27,0.0,52.98926200296741,Kununurra,"Kimberley, Western Australia"
2001-09-28,0.0,52.98926200296741,Kununurra,"Kimberley, Western Australia"
2001-09-29,0.0,52.98926200296741,Kununurra,"Kimberley, Western Australia"
2001-09-30,0.0,52.98926200296741,Kununurra,"Kimberley, Western Australia"
2001-10-01,3.6108626641930686,50.92502285466522,Kununurra,"Kimberley, Western Australia"
2001-10-02,0.0,50.92502285466522,Kununurra,"Kimberley, Western Australia"
2001-10-03,0.0,50.92502285466522,Kununurra,"Kimberley, Western Australia"
2001-10-04,0.0,50.92502285466522,Kununurra,"Kimberley, Western Australia"
2001-10-05,0.0,50.92502285466522,Kununurra,"Kimberley, Western Australia"
2001-10-06,0.0,50.92502285466522,Kununurra,"Kimberley, Western Australia"
2001-10-07,0.0,50.92502285466522,Kununurra,"Kimberley, Western Australia"
2001-10-08,0.0,50.92502285466522,Kununurra,"Kimberley, Western Australia"
2001-10-09,1.885547354913248,50.92502285466522,Kununurra,"Kimberley, Western Australia"
2001-10-10,0.0,50.92502285466522,Kununurra,"Kimberley, Western Australia"
2001-10-11,0.0,50.92502285466522,Kununurra,"Kimberley, Western Australia"
2001-10-12,0.0,50.92502285466522,Kununurra,"Kimberley, Western Australia"
2001-10-13,20.357895962337803,50.92502285466522,Kununurra,"Kimberley, Western Australia"
2001-10-14,0.0,50.92502285466522,Kununurra,"Kimberley, Western Australia"
2001-10-15,0.0,50.92502285466522,Kununurra,"Kimberley, Western Australia"
2001-10-16,0.0,50.92502285466522,Kununurra,"Kimberley, Western Australia"
2001-10-17,0.0,50.92502285466522,Kununurra,"Kimberley, Western Australia"
2001-10-18,0.0,50.92502285466522,Kununurra,"Kimberley, Western Australia"
2001-10-19,0.0,50.92502285466522,Kununurra,"Kimberley, Western Australia"
2001-10-20,0.0,50.92502285466522,Kununurra,"Kimberley, Western Australia"
2001-10-21,0.0,50.92502285466522,Kununurra,"Kimberley, Western Australia"
2001-10-22,8.295876560991859,50.92502285466522,Kununurra,"Kimberley, Western Australia"
2001-10-23,8.88787104055012,50.92502285466522,Kununurra,"Kimberley, Western Australia"
2001-10-24,0.9562263626488882,50.92502285466522,Kununurra,"Kimberley, Western Australia"
2001-10-25,0.0,50.92502285466522,Kununurra,"Kimberley, Western Australia"
2001-10-26,0.0,50.92502285466522,Kununurra,"Kimberley, Western Australia"
2001-10-27,6.930742909030235,50.92502285466522,Kununurra,"Kimberley, Western Australia"
2001-10-28,0.0,50.92502285466522,Kununurra,"Kimberley, Western Australia"
2001-10-29,0.0,50.92502285466522,Kununurra,"Kimberley, Western Australia"
2001-10-30,0.0,50.92502285466522,Kununurra,"Kimberley, Western Australia"
2001-10-31,0.0,50.92502285466522,Kununurra,"Kimberley, Western Australia"
2001-11-01,2.712495384655524,27.028567552703304,Kununurra,"Kimberley, Western Australia"
2001-11-02,0.0,27.028567552703304,Kununurra,"Kimberley, Western Australia"
2001-11-03,0.0,27.028567552703304,Kununurra,"Kimberley, Western Australia"
2001-11-04,0.0,27.028567552703304,Kununurra,"Kimberley, Western Australia"
2001-11-05,0.0,27.028567552703304,Kununurra,"Kimberley, Western Australia"
2001-11-06,0.0,27.028567552703304,Kununurra,"Kimberley, Western Australia"
2001-11-07,6.026494931283002,27.028567552703304,Kununurra,"Kimberley, Western Australia"
2001-11-08,0.0,27.028567552703304,Kununurra,"Kimberley, Western Australia"
2001-11-09,5.802549776739853,27.028567552703304,Kununurra,"Kimberley, Western Australia"
2001-11-10,0.0,27.028567552703304,Kununurra,"Kimberley, Western Australia"
2001-11-11,7.190885010737215,27.028567552703304,Kununurra,"Kimberley, Western Australia"
2001-11-12,0.0,27.028567552703304,Kununurra,"Kimberley, Western Australia"
2001-11-13,0.0,27.028567552703304,Kununurra,"Kimberley, Western Australia"
2001-11-14,0.0,27.028567552703304,Kununurra,"Kimberley, Western Australia"
2001-11-15,0.0,27.028567552703304,Kununurra,"Kimberley, Western Australia"
2001-11-16,0.0,27.028567552703304,Kununurra,"Kimberley, Western Australia"
2001-11-17,0.0,27.028567552703304,Kununurra,"Kimberley, Western Australia"
2001-11-18,0.0,27.028567552703304,Kununurra,"Kimberley, Western Australia"
2001-11-19,0.0,27.028567552703304,Kununurra,"Kimberley, Western Australia"
2001-11-20,3.4879893291636823,27.028567552703304,Kununurra,"Kimberley, Western Australia"
2001-11-21,0.0,27.028567552703304,Kununurra,"Kimberley, Western Australia"
2001-11-22,0.0,27.028567552703304,Kununurra,"Kimberley, Western Australia"
2001-11-23,0.0,27.028567552703304,Kununurra,"Kimberley, Western Australia"
2001-11-24,0.0,27.028567552703304,Kununurra,"Kimberley, Western Australia"
2001-11-25,1.8081531201240282,27.028567552703304,Kununurra,"Kimberley, Western Australia"
2001-11-26,0.0,27.028567552703304,Kununurra,"Kimberley, Western Australia"
2001-11-27,0.0,27.028567552703304,Kununurra,"Kimberley, Western Australia"
2001-11-28,0.0,27.028567552703304,Kununurra,"Kimberley, Western Australia"
2001-11-29,0.0,27.028567552703304,Kununurra,"Kimberley, Western Australia"
2001-11-30,0.0,27.028567552703304,Kununurra,"Kimberley, Western Australia"
2001-12-01,0.0,54.2860662639066,Kununurra,"Kimberley, Western Australia"
2001-12-02,2.083059871349376,54.2860662639066,Kununurra,"Kimberley, Western Australia"
2001-12-03,2.6459050885954043,54.2860662639066,Kununurra,"Kimberley, Western Australia"
2001-12-04,0.0,54.2860662639066,Kununurra,"Kimberley, Western Australia"
2001-12-05,0.0,54.2860662639066,Kununurra,"Kimberley, Western Australia"
2001-12-06,9.317585285148757,54.2860662639066,Kununurra,"Kimberley, Western Australia"
2001-12-07,0.0,54.2860662639066,Kununurra,"Kimberley, Western Australia"
2001-12-08,3.9017282636613886,54.2860662639066,Kununurra,"Kimberley, Western Australia"
2001-12-09,0.0,54.2860662639066,Kununurra,"Kimberley, Western Australia"
2001-12-10,11.859680366183358,54.2860662639066,Kununurra,"Kimberley, Western Australia"
2001-12-11,0.0,54.2860662639066,Kununurra,"Kimberley, Western Australia"
2001-12-12,0.0,54.2860662639066,Kununurra,"Kimberley, Western Australia"
2001-12-13,0.0,54.2860662639066,Kununurra,"Kimberley, Western Australia"
2001-12-14,0.0,54.2860662639066,Kununurra,"Kimberley, Western Australia"
2001-12-15,1.943409072214506,54.2860662639066,Kununurra,"Kimberley, Western Australia"
2001-12-16,0.0,54.2860662639066,Kununurra,"Kimberley, Western Australia"
2001-12-17,0.0,54.2860662639066,Kununurra,"Kimberley, Western Australia"
2001-12-18,0.0,54.2860662639066,Kununurra,"Kimberley, Western Australia"
2001-12-19,0.0,54.2860662639066,Kununurra,"Kimberley, Western Australia"
2001-12-20,0.0,54.2860662639066,Kununurra,"Kimberley, Western Australia"
2001-12-21,0.0,54.2860662639066,Kununurra,"Kimberley, Western Australia"
2001-12-22,17.17592074414583,54.2860662639066,Kununurra,"Kimberley, Western Australia"
2001-12-23,0.0,54.2860662639066,Kununurra,"Kimberley, Western Australia"
2001-12-24,0.0,54.2860662639066,Kununurra,"Kimberley, Western Australia"
2001-12-25,0.0,54.2860662639066,Kununurra,"Kimberley, Western Australia"
2001-12-26,0.0,54.2860662639066,Kununurra,"Kimberley, Western Australia"
2001-12-27,1.2916027524570102,54.2860662639066,Kununurra,"Kimberley, Western Australia"
2001-12-28,0.0,54.2860662639066,Kununurra,"Kimberley, Western Australia"
2001-12-29,0.0,54.2860662639066,Kununurra,"Kimberley, Western Australia"
2001-12-30,4.067174820150969,54.2860662639066,Kununurra,"Kimberley, Western Australia"
2001-12-31,0.0,54.2860662639066,Kununurra,"Kimberley, Western Australia"
2002-01-01,5.521279142183787,34.95949239828175,Kununurra,"Kimberley, Western Australia"
2002-01-02,0.0,34.95949239828175,Kununurra,"Kimberley, Western Australia"
2002-01-03,0.0,34.95949239828175,Kununurra,"Kimberley, Western Australia"
2002-01-04,0.0,34.95949239828175,Kununurra,"Kimberley, Western Australia"
2002-01-05,0.0,34.95949239828175,Kununurra,"Kimberley, Western Australia"
2002-01-06,0.0,34.95949239828175,Kununurra,"Kimberley, Western Australia"
2002-01-07,0.0,34.95949239828175,Kununurra,"Kimberley, Western Australia"
2002-01-08,6.881657630417629,34.95949239828175,Kununurra,"Kimberley, Western Australia"
2002-01-09,0.0,34.95949239828175,Kununurra,"Kimberley, Western Australia"
2002-01-10,0.0,34.95949239828175,Kununurra,"Kimberley, Western Australia"
2002-01-11,0.0,34.95949239828175,Kununurra,"Kimberley, Western Australia"
2002-01-12,0.0,34.95949239828175,Kununurra,"Kimberley, Western Australia"
2002-01-13,0.0,34.95949239828175,Kununurra,"Kimberley, Western Australia"
2002-01-14,0.0,34.95949239828175,Kununurra,"Kimberley, Western Australia"
2002-01-15,0.0,34.95949239828175,Kununurra,"Kimberley, Western Australia"
2002-01-16,0.0,34.95949239828175,Kununurra,"Kimberley, Western Australia"
2002-01-17,0.0,34.95949239828175,Kununurra,"Kimberley, Western Australia"
2002-01-18,0.0,34.95949239828175,Kununurra,"Kimberley, Western Australia"
2002-01-19,0.0,34.95949239828175,Kununurra,"Kimberley, Western Australia"
2002-01-20,0.0,34.95949239828175,Kununurra,"Kimberley, Western Australia"
2002-01-21,10.384087274055972,34.95949239828175,Kununurra,"Kimberley, Western Australia"
2002-01-22,0.0,34.95949239828175,Kununurra,"Kimberley, Western Australia"
2002-01-23,0.0,34.95949239828175,Kununurra,"Kimberley, Western Australia"
2002-01-24,0.0,34.95949239828175,Kununurra,"Kimberley, Western Australia"
2002-01-25,0.0,34.95949239828175,Kununurra,"Kimberley, Western Australia"
2002-01-26,0.0,34.95949239828175,Kununurra,"Kimberley, Western Australia"
2002-01-27,0.0,34.95949239828175,Kununurra,"Kimberley, Western Australia"
2002-01-28,0.0,34.95949239828175,Kununurra,"Kimberley, Western Australia"
2002-01-29,0.0,34.95949239828175,Kununurra,"Kimberley, Western Australia"
2002-01-30,5.317217231798523,34.95949239828175,Kununurra,"Kimberley, Western Australia"
2002-01-31,6.8552511198258435,34.95949239828175,Kununurra,"Kimberley, Western Australia"
2002-02-01,0.0,18.12253857040221,Kununurra,"Kimberley, Western Australia"
2002-02-02,0.0,18.12253857040221,Kununurra,"Kimberley, Western Australia"
2002-02-03,0.0,18.12253857040221,Kununurra,"Kimberley, Western Australia"
2002-02-04,0.0,18.12253857040221,Kununurra,"Kimberley, Western Australia"
2002-02-05,3.72295327759169,18.12253857040221,Kununurra,"Kimberley, Western Australia"
2002-02-06,0.0,18.12253857040221,Kununurra,"Kimberley, Western Australia"
2002-02-07,0.0,18.12253857040221,Kununurra,"Kimberley, Western Australia"
2002-02-08,0.0,18.12253857040221,Kununurra,"Kimberley, Western Australia"
2002-02-09,0.0,18.12253857040221,Kununurra,"Kimberley, Western Australia"
2002-02-10,0.0,18.12253857040221,Kununurra,"Kimberley, Western Australia"
2002-02-11,9.206522826028126,18.12253857040221,Kununurra,"Kimberley, Western Australia"
2002-02-12,0.0,18.12253857040221,Kununurra,"Kimberley, Western Australia"
2002-02-13,0.0,18.12253857040221,Kununurra,"Kimberley, Western Australia"
2002-02-14,0.0,18.12253857040221,Kununurra,"Kimberley, Western Australia"
2002-02-15,0.0,18.12253857040221,Kununurra,"Kimberley, Western Australia"
2002-02-16,0.0,18.12253857040221,Kununurra,"Kimberley, Western Australia"
2002-02-17,0.0,18.12253857040221,Kununurra,"Kimberley, Western Australia"
2002-02-18,0.0,18.12253857040221,Kununurra,"Kimberley, Western Australia"
2002-02-19,0.0,18.12253857040221,Kununurra,"Kimberley, Western Australia"
2002-02-20,0.0,18.12253857040221,Kununurra,"Kimberley, Western Australia"
2002-02-21,0.0,18.12253857040221,Kununurra,"Kimberley, Western Australia"
2002-02-22,0.0,18.12253857040221,Kununurra,"Kimberley, Western Australia"
2002-02-23,0.0,18.12253857040221,Kununurra,"Kimberley, Western Australia"
2002-02-24,0.0,18.12253857040221,Kununurra,"Kimberley, Western Australia"
2002-02-25,0.0,18.12253857040221,Kununurra,"Kimberley, Western Australia"
2002-02-26,0.0,18.12253857040221,Kununurra,"Kimberley, Western Australia"
2002-02-27,5.1930624667823935,18.12253857040221,Kununurra,"Kimberley, Western Australia"
2002-02-28,0.0,18.12253857040221,Kununurra,"Kimberley, Western Australia"
2002-03-01,0.0,22.22704656974006,Kununurra,"Kimberley, Western Australia"
2002-03-02,0.0,22.22704656974006,Kununurra,"Kimberley, Western Australia"
2002-03-03,0.0,22.22704656974006,Kununurra,"Kimberley, Western Australia"
2002-03-04,0.0,22.22704656974006,Kununurra,"Kimberley, Western Australia"
2002-03-05,0.0,22.22704656974006,Kununurra,"Kimberley, Western Australia"
2002-03-06,0.0,22.22704656974006,Kununurra,"Kimberley, Western Australia"
2002-03-07,9.72123780478307,22.22704656974006,Kununurra,"Kimberley, Western Australia"
2002-03-08,0.0,22.22704656974006,Kununurra,"Kimberley, Western Australia"
2002-03-09,0.0,22.22704656974006,Kununurra,"Kimberley, Western Australia"
2002-03-10,0.0,22.22704656974006,Kununurra,"Kimberley, Western Australia"
2002-03-11,0.0,22.22704656974006,Kununurra,"Kimberley, Western Australia"
2002-03-12,0.0,22.22704656974006,Kununurra,"Kimberley, Western Australia"
2002-03-13,0.0,22.22704656974006,Kununurra,"Kimberley, Western Australia"
2002-03-14,0.0,22.22704656974006,Kununurra,"Kimberley, Western Australia"
2002-03-15,0.0,22.22704656974006,Kununurra,"Kimberley, Western Australia"
2002-03-16,0.0,22.22704656974006,Kununurra,"Kimberley, Western Australia"
2002-03-17,0.0,22.22704656974006,Kununurra,"Kimberley, Western Australia"
2002-03-18,0.0,22.22704656974006,Kununurra,"Kimberley, Western Australia"
2002-03-19,4.656993953247012,22.22704656974006,Kununurra,"Kimberley, Western Australia"
2002-03-20,0.0,22.22704656974006,Kununurra,"Kimberley, Western Australia"
2002-03-21,0.0,22.22704656974006,Kununurra,"Kimberley, Western Australia"
2002-03-22,0.0,22.22704656974006,Kununurra,"Kimberley, Western Australia"
2002-03-23,0.0,22.22704656974006,Kununurra,"Kimberley, Western Australia"
2002-03-24,0.0,22.22704656974006,Kununurra,"Kimberley, Western Australia"
2002-03-25,0.0,22.22704656974006,Kununurra,"Kimberley, Western Australia"
2002-03-26,0.0,22.22704656974006,Kununurra,"Kimberley, Western Australia"
2002-03-27,0.0,22.22704656974006,Kununurra,"Kimberley, Western Australia"
2002-03-28,7.848814811709977,22.22704656974006,Kununurra,"Kimberley, Western Australia"
2002-03-29,0.0,22.22704656974006,Kununurra,"Kimberley, Western Australia"
2002-03-30,0.0,22.22704656974006,Kununurra,"Kimberley, Western Australia"
2002-03-31,0.0,22.22704656974006,Kununurra,"Kimberley, Western Australia"
2002-04-01,0.0,50.55445325845371,Kununurra,"Kimberley, Western Australia"
2002-04-02,0.0,50.55445325845371,Kununurra,"Kimberley, Western Australia"
2002-04-03,0.0,50.55445325845371,Kununurra,"Kimberley, Western Australia"
2002-04-04,0.0,50.55445325845371,Kununurra,"Kimberley, Western Australia"
2002-04-05,0.0,50.55445325845371,Kununurra,"Kimberley, Western Australia"
2002-04-06,0.0,50.55445325845371,Kununurra,"Kimberley, Western Australia"
2002-04-07,0.0,50.55445325845371,Kununurra,"Kimberley, Western Australia"
2002-04-08,7.579216158781083,50.55445325845371,Kununurra,"Kimberley, Western Australia"
2002-04-09,0.0,50.55445325845371,Kununurra,"Kimberley, Western Australia"
2002-04-10,0.0,50.55445325845371,Kununurra,"Kimberley, Western Australia"
2002-04-11,0.0,50.55445325845371,Kununurra,"Kimberley, Western Australia"
2002-04-12,0.0,50.55445325845371,Kununurra,"Kimberley, Western Australia"
2002-04-13,0.0,50.55445325845371,Kununurra,"Kimberley, Western Australia"
2002-04-14,0.0,50.55445325845371,Kununurra,"Kimberley, Western Australia"
2002-04-15,0.0,50.55445325845371,Kununurra,"Kimberley, Western Australia"
2002-04-16,0.0,50.55445325845371,Kununurra,"Kimberley, Western Australia"
2002-04-17,0.0,50.55445325845371,Kununurra,"Kimberley, Western Australia"
2002-04-18,1.901791143900199,50.55445325845371,Kununurra,"Kimberley, Western Australia"
2002-04-19,2.323728940919311,50.55445325845371,Kununurra,"Kimberley, Western Australia"
2002-04-20,0.0,50.55445325845371,Kununurra,"Kimberley, Western Australia"
2002-04-21,0.0,50.55445325845371,Kununurra,"Kimberley, Western Australia"
2002-04-22,7.89192221894047,50.55445325845371,Kununurra,"Kimberley, Western Australia"
2002-04-23,4.80784369367947,50.55445325845371,Kununurra,"Kimberley, Western Australia"
2002-04-24,12.042824341527986,50.55445325845371,Kununurra,"Kimberley, Western Australia"
2002-04-25,0.0,50.55445325845371,Kununurra,"Kimberley, Western Australia"
2002-04-26,0.0,50.55445325845371,Kununurra,"Kimberley, Western Australia"
2002-04-27,14.00712676070519,50.55445325845371,Kununurra,"Kimberley, Western Australia"
2002-04-28,0.0,50.55445325845371,Kununurra,"Kimberley, Western Australia"
2002-04-29,0.0,50.55445325845371,Kununurra,"Kimberley, Western Australia"
2002-04-30,0.0,50.55445325845371,Kununurra,"Kimberley, Western Australia"
2002-05-01,0.0,50.22639324665087,Kununurra,"Kimberley, Western Australia"
2002-05-02,0.0,50.22639324665087,Kununurra,"Kimberley, Western Australia"
2002-05-03,0.0,50.22639324665087,Kununurra,"Kimberley, Western Australia"
2002-05-04,5.803995212796158,50.22639324665087,Kununurra,"Kimberley, Western Australia"
2002-05-05,0.0,50.22639324665087,Kununurra,"Kimberley, Western Australia"
2002-05-06,0.0,50.22639324665087,Kununurra,"Kimberley, Western Australia"
2002-05-07,0.0,50.22639324665087,Kununurra,"Kimberley, Western Australia"
2002-05-08,0.0,50.22639324665087,Kununurra,"Kimberley, Western Australia"
2002-05-09,0.0,50.22639324665087,Kununurra,"Kimberley, Western Australia"
2002-05-10,8.575849531338918,50.22639324665087,Kununurra,"Kimberley, Western Australia"
2002-05-11,0.0,50.22639324665087,Kununurra,"Kimberley, Western Australia"
2002-05-12,0.0,50.22639324665087,Kununurra,"Kimberley, Western Australia"
2002-05-13,0.0,50.22639324665087,Kununurra,"Kimberley, Western Australia"
2002-05-14,0.0,50.22639324665087,Kununurra,"Kimberley, Western Australia"
2002-05-15,0.0,50.22639324665087,Kununurra,"Kimberley, Western Australia"
2002-05-16,0.0,50.22639324665087,Kununurra,"Kimberley, Western Australia"
2002-05-17,0.0,50.22639324665087,Kununurra,"Kimberley, Western Australia"
2002-05-18,6.589041984970146,50.22639324665087,Kununurra,"Kimberley, Western Australia"
2002-05-19,1.8721882265907268,50.22639324665087,Kununurra,"Kimberley, Western Australia"
2002-05-20,0.0,50.22639324665087,Kununurra,"Kimberley, Western Australia"
2002-05-21,9.032369102621615,50.22639324665087,Kununurra,"Kimberley, Western Australia"
2002-05-22,0.0,50.22639324665087,Kununurra,"Kimberley, Western Australia"
2002-05-23,8.77257473485113,50.22639324665087,Kununurra,"Kimberley, Western Australia"
2002-05-24,0.0,50.22639324665087,Kununurra,"Kimberley, Western Australia"
2002-05-25,1.241242609992228,50.22639324665087,Kununurra,"Kimberley, Western Australia"
2002-05-26,0.0,50.22639324665087,Kununurra,"Kimberley, Western Australia"
2002-05-27,0.0,50.22639324665087,Kununurra,"Kimberley, Western Australia"
2002-05-28,0.0,50.22639324665087,Kununurra,"Kimberley, Western Australia"
2002-05-29,4.7671425738330635,50.22639324665087,Kununurra,"Kimberley, Western Australia"
2002-05-30,3.57198926965689,50.22639324665087,Kununurra,"Kimberley, Western Australia"
2002-05-31,0.0,50.22639324665087,Kununurra,"Kimberley, Western Australia"
2002-06-01,7.4039987322756176,55.614268666497395,Kununurra,"Kimberley, Western Australia"
2002-06-02,0.0,55.614268666497395,Kununurra,"Kimberley, Western Australia"
2002-06-03,0.0,55.614268666497395,Kununurra,"Kimberley, Western Australia"
2002-06-04,2.997099641471869,55.614268666497395,Kununurra,"Kimberley, Western Australia"
2002-06-05,0.0,55.614268666497395,Kununurra,"Kimberley, Western Australia"
2002-06-06,0.0,55.614268666497395,Kununurra,"Kimberley, Western Australia"
2002-06-07,0.0,55.614268666497395,Kununurra,"Kimberley, Western Australia"
2002-06-08,3.538621549346927,55.614268666497395,Kununurra,"Kimberley, Western Australia"
2002-06-09,0.0,55.614268666497395,Kununurra,"Kimberley, Western Australia"
2002-06-10,2.547948012902533,55.614268666497395,Kununurra,"Kimberley, Western Australia"
2002-06-11,2.534423662045098,55.614268666497395,Kununurra,"Kimberley, Western Australia"
2002-06-12,9.237144625023353,55.614268666497395,Kununurra,"Kimberley, Western Australia"
2002-06-13,0.0,55.614268666497395,Kununurra,"Kimberley, Western Australia"
2002-06-14,4.347806940709341,55.614268666497395,Kununurra,"Kimberley, Western Australia"
2002-06-15,0.0,55.614268666497395,Kununurra,"Kimberley, Western Australia"
2002-06-16,0.0,55.614268666497395,Kununurra,"Kimberley, Western Australia"
2002-06-17,0.0,55.614268666497395,Kununurra,"Kimberley, Western Australia"
2002-06-18,0.0,55.614268666497395,Kununurra,"Kimberley, Western Australia"
2002-06-19,3.831575135263618,55.614268666497395,Kununurra,"Kimberley, Western Australia"
2002-06-20,0.0,55.614268666497395,Kununurra,"Kimberley, Western Australia"
2002-06-21,7.170489643767643,55.614268666497395,Kununurra,"Kimberley, Western Australia"
2002-06-22,6.71625291202942,55.614268666497395,Kununurra,"Kimberley, Western Australia"
2002-06-23,0.0,55.614268666497395,Kununurra,"Kimberley, Western Australia"
2002-06-24,0.0,55.614268666497395,Kununurra,"Kimberley, Western Australia"
2002-06-25,0.0,55.614268666497395,Kununurra,"Kimberley, Western Australia"
2002-06-26,0.0,55.614268666497395,Kununurra,"Kimberley, Western Australia"
2002-06-27,0.0,55.614268666497395,Kununurra,"Kimberley, Western Australia"
2002-06-28,0.0,55.614268666497395,Kununurra,"Kimberley, Western Australia"
2002-06-29,0.0,55.614268666497395,Kununurra,"Kimberley, Western Australia"
2002-06-30,5.288907811661973,55.614268666497395,Kununurra,"Kimberley, Western Australia"
2002-07-01,0.0,95.23235808645384,Kununurra,"Kimberley, Western Australia"
2002-07-02,0.0,95.23235808645384,Kununurra,"Kimberley, Western Australia"
2002-07-03,0.0,95.23235808645384,Kununurra,"Kimberley, Western Australia"
2002-07-04,0.0,95.23235808645384,Kununurra,"Kimberley, Western Australia"
2002-07-05,0.0,95.23235808645384,Kununurra,"Kimberley, Western Australia"
2002-07-06,0.0,95.23235808645384,Kununurra,"Kimberley, Western Australia"
2002-07-07,0.0,95.23235808645384,Kununurra,"Kimberley, Western Australia"
2002-07-08,0.0,95.23235808645384,Kununurra,"Kimberley, Western Australia"
2002-07-09,0.0,95.23235808645384,Kununurra,"Kimberley, Western Australia"
2002-07-10,16.285531741985846,95.23235808645384,Kununurra,"Kimberley, Western Australia"
2002-07-11,0.0,95.23235808645384,Kununurra,"Kimberley, Western Australia"
2002-07-12,0.0,95.23235808645384,Kununurra,"Kimberley, Western Australia"
2002-07-13,0.0,95.23235808645384,Kununurra,"Kimberley, Western Australia"
2002-07-14,9.518551256361109,95.23235808645384,Kununurra,"Kimberley, Western Australia"
2002-07-15,0.0,95.23235808645384,Kununurra,"Kimberley, Western Australia"
2002-07-16,0.0,95.23235808645384,Kununurra,"Kimberley, Western Australia"
2002-07-17,0.0,95.23235808645384,Kununurra,"Kimberley, Western Australia"
2002-07-18,7.113523263502691,95.23235808645384,Kununurra,"Kimberley, Western Australia"
2002-07-19,2.610926323295015,95.23235808645384,Kununurra,"Kimberley, Western Australia"
2002-07-20,7.209789398115856,95.23235808645384,Kununurra,"Kimberley, Western Australia"
2002-07-21,4.341676403767164,95.23235808645384,Kununurra,"Kimberley, Western Australia"
2002-07-22,16.964741741080353,95.23235808645384,Kununurra,"Kimberley, Western Australia"
2002-07-23,5.686235974570452,95.23235808645384,Kununurra,"Kimberley, Western Australia"
2002-07-24,3.3937367119570387,95.23235808645384,Kununurra,"Kimberley, Western Australia"
2002-07-25,4.196197602852751,95.23235808645384,Kununurra,"Kimberley, Western Australia"
2002-07-26,13.686848714793264,95.23235808645384,Kununurra,"Kimberley, Western Australia"
2002-07-27,0.0,95.23235808645384,Kununurra,"Kimberley, Western Australia"
2002-07-28,0.0,95.23235808645384,Kununurra,"Kimberley, Western Australia"
2002-07-29,0.0,95.23235808645384,Kununurra,"Kimberley, Western Australia"
2002-07-30,4.224598954172303,95.23235808645384,Kununurra,"Kimberley, Western Australia"
2002-07-31,0.0,95.23235808645384,Kununurra,"Kimberley, Western Australia"
2002-08-01,0.0,33.61418282719199,Kununurra,"Kimberley, Western Australia"
2002-08-02,0.0,33.61418282719199,Kununurra,"Kimberley, Western Australia"
2002-08-03,0.0,33.61418282719199,Kununurra,"Kimberley, Western Australia"
2002-08-04,0.0,33.61418282719199,Kununurra,"Kimberley, Western Australia"
2002-08-05,0.0,33.61418282719199,Kununurra,"Kimberley, Western Australia"
2002-08-06,0.0,33.61418282719199,Kununurra,"Kimberley, Western Australia"
2002-08-07,4.946409868801542,33.61418282719199,Kununurra,"Kimberley, Western Australia"
2002-08-08,0.0,33.61418282719199,Kununurra,"Kimberley, Western Australia"
2002-08-09,0.0,33.61418282719199,Kununurra,"Kimberley, Western Australia"
2002-08-10,4.392485829489614,33.61418282719199,Kununurra,"Kimberley, Western Australia"
2002-08-11,2.3738346669212027,33.61418282719199,Kununurra,"Kimberley, Western Australia"
2002-08-12,2.893112624457962,33.61418282719199,Kununurra,"Kimberley, Western Australia"
2002-08-13,0.0,33.61418282719199,Kununurra,"Kimberley, Western Australia"
2002-08-14,0.0,33.61418282719199,Kununurra,"Kimberley, Western Australia"
2002-08-15,0.0,33.61418282719199,Kununurra,"Kimberley, Western Australia"
2002-08-16,0.0,33.61418282719199,Kununurra,"Kimberley, Western Australia"
2002-08-17,0.0,33.61418282719199,Kununurra,"Kimberley, Western Australia"
2002-08-18,0.0,33.61418282719199,Kununurra,"Kimberley, Western Australia"
2002-08-19,0.0,33.61418282719199,Kununurra,"Kimberley, Western Australia"
2002-08-20,2.442692456535563,33.61418282719199,Kununurra,"Kimberley, Western Australia"
2002-08-21,0.0,33.61418282719199,Kununurra,"Kimberley, Western Australia"
2002-08-22,0.0,33.61418282719199,Kununurra,"Kimberley, Western Australia"
2002-08-23,0.0,33.61418282719199,Kununurra,"Kimberley, Western Australia"
2002-08-24,0.0,33.61418282719199,Kununurra,"Kimberley, Western Australia"
2002-08-25,0.0,33.61418282719199,Kununurra,"Kimberley, Western Australia"
2002-08-26,5.240203861622418,33.61418282719199,Kununurra,"Kimberley, Western Australia"
2002-08-27,0.0,33.61418282719199,Kununurra,"Kimberley, Western Australia"
2002-08-28,6.571211365344035,33.61418282719199,Kununurra,"Kimberley, Western Australia"
2002-08-29,0.0,33.61418282719199,Kununurra,"Kimberley, Western Australia"
2002-08-30,0.0,33.61418282719199,Kununurra,"Kimberley, Western Australia"
2002-08-31,4.754232154019654,33.61418282719199,Kununurra,"Kimberley, Western Australia"
2002-09-01,0.0,21.054963526184633,Kununurra,"Kimberley, Western Australia"
2002-09-02,0.0,21.054963526184633,Kununurra,"Kimberley, Western Australia"
2002-09-03,0.0,21.054963526184633,Kununurra,"Kimberley, Western Australia"
2002-09-04,0.0,21.054963526184633,Kununurra,"Kimberley, Western Australia"
2002-09-05,0.0,21.054963526184633,Kununurra,"Kimberley, Western Australia"
2002-09-06,0.0,21.054963526184633,Kununurra,"Kimberley, Western Australia"
2002-09-07,0.0,21.054963526184633,Kununurra,"Kimberley, Western Australia"
2002-09-08,0.0,21.054963526184633,Kununurra,"Kimberley, Western Australia"
2002-09-09,2.5115298605332788,21.054963526184633,Kununurra,"Kimberley, Western Australia"
2002-09-10,0.0,21.054963526184633,Kununurra,"Kimberley, Western Australia"
2002-09-11,0.0,21.054963526184633,Kununurra,"Kimberley, Western Australia"
2002-09-12,0.0,21.054963526184633,Kununurra,"Kimberley, Western Australia"
2002-09-13,0.0,21.054963526184633,Kununurra,"Kimberley, Western Australia"
2002-09-14,6.670496709601704,21.054963526184633,Kununurra,"Kimberley, Western Australia"
2002-09-15,0.0,21.054963526184633,Kununurra,"Kimberley, Western Australia"
2002-09-16,4.977834164321525,21.054963526184633,Kununurra,"Kimberley, Western Australia"
2002-09-17,3.8093588547090977,21.054963526184633,Kununurra,"Kimberley, Western Australia"
2002-09-18,0.0,21.054963526184633,Kununurra,"Kimberley, Western Australia"
2002-09-19,0.0,21.054963526184633,Kununurra,"Kimberley, Western Australia"
2002-09-20,0.0,21.054963526184633,Kununurra,"Kimberley, Western Australia"
2002-09-21,0.7674664842823411,21.054963526184633,Kununurra,"Kimberley, Western Australia"
2002-09-22,0.0,21.054963526184633,Kununurra,"Kimberley, Western Australia"
2002-09-23,0.0,21.054963526184633,Kununurra,"Kimberley, Western Australia"
2002-09-24,2.318277452736686,21.054963526184633,Kununurra,"Kimberley, Western Australia"
2002-09-25,0.0,21.054963526184633,Kununurra,"Kimberley, Western Australia"
2002-09-26,0.0,21.054963526184633,Kununurra,"Kimberley, Western Australia"
2002-09-27,0.0,21.054963526184633,Kununurra,"Kimberley, Western Australia"
2002-09-28,0.0,21.054963526184633,Kununurra,"Kimberley, Western Australia"
2002-09-29,0.0,21.054963526184633,Kununurra,"Kimberley, Western Australia"
2002-09-30,0.0,21.054963526184633,Kununurra,"Kimberley, Western Australia"
2002-10-01,0.0,32.88038450162537,Kununurra,"Kimberley, Western Australia"
2002-10-02,2.8487357931732795,32.88038450162537,Kununurra,"Kimberley, Western Australia"
2002-10-03,0.0,32.88038450162537,Kununurra,"Kimberley, Western Australia"
2002-10-04,3.288513053601851,32.88038450162537,Kununurra,"Kimberley, Western Australia"
2002-10-05,0.0,32.88038450162537,Kununurra,"Kimberley, Western Australia"
2002-10-06,5.911161444283485,32.88038450162537,Kununurra,"Kimberley, Western Australia"
2002-10-07,0.0,32.88038450162537,Kununurra,"Kimberley, Western Australia"
2002-10-08,0.0,32.88038450162537,Kununurra,"Kimberley, Western Australia"
2002-10-09,0.0,32.88038450162537,Kununurra,"Kimberley, Western Australia"
2002-10-10,0.0,32.88038450162537,Kununurra,"Kimberley, Western Australia"
2002-10-11,0.0,32.88038450162537,Kununurra,"Kimberley, Western Australia"
2002-10-12,0.0,32.88038450162537,Kununurra,"Kimberley, Western Australia"
2002-10-13,0.0,32.88038450162537,Kununurra,"Kimberley, Western Australia"
2002-10-14,0.0,32.88038450162537,Kununurra,"Kimberley, Western Australia"
2002-10-15,0.0,32.88038450162537,Kununurra,"Kimberley, Western Australia"
2002-10-16,0.0,32.88038450162537,Kununurra,"Kimberley, Western Australia"
2002-10-17,5.557239615301334,32.88038450162537,Kununurra,"Kimberley, Western Australia"
2002-10-18,0.0,32.88038450162537,Kununurra,"Kimberley, Western Australia"
2002-10-19,0.0,32.88038450162537,Kununurra,"Kimberley, Western Australia"
2002-10-20,1.9974005840215594,32.88038450162537,Kununurra,"Kimberley, Western Australia"
2002-10-21,3.8381742380973867,32.88038450162537,Kununurra,"Kimberley, Western Australia"
2002-10-22,9.439159773146478,32.88038450162537,Kununurra,"Kimberley, Western Australia"
2002-10-23,0.0,32.88038450162537,Kununurra,"Kimberley, Western Australia"
2002-10-24,0.0,32.88038450162537,Kununurra,"Kimberley, Western Australia"
2002-10-25,0.0,32.88038450162537,Kununurra,"Kimberley, Western Australia"
2002-10-26,0.0,32.88038450162537,Kununurra,"Kimberley, Western Australia"
2002-10-27,0.0,32.88038450162537,Kununurra,"Kimberley, Western Australia"
2002-10-28,0.0,32.88038450162537,Kununurra,"Kimberley, Western Australia"
2002-10-29,0.0,32.88038450162537,Kununurra,"Kimberley, Western Australia"
2002-10-30,0.0,32.88038450162537,Kununurra,"Kimberley, Western Australia"
2002-10-31,0.0,32.88038450162537,Kununurra,"Kimberley, Western Australia"
2002-11-01,0.0,55.69624401184729,Kununurra,"Kimberley, Western Australia"
2002-11-02,0.0,55.69624401184729,Kununurra,"Kimberley, Western Australia"
2002-11-03,0.0,55.69624401184729,Kununurra,"Kimberley, Western Australia"
2002-11-04,0.0,55.69624401184729,Kununurra,"Kimberley, Western Australia"
2002-11-05,4.966455979999601,55.69624401184729,Kununurra,"Kimberley, Western Australia"
2002-11-06,0.0,55.69624401184729,Kununurra,"Kimberley, Western Australia"
2002-11-07,0.0,55.69624401184729,Kununurra,"Kimberley, Western Australia"
2002-11-08,13.337369032461947,55.69624401184729,Kununurra,"Kimberley, Western Australia"
2002-11-09,0.0,55.69624401184729,Kununurra,"Kimberley, Western Australia"
2002-11-10,0.0,55.69624401184729,Kununurra,"Kimberley, Western Australia"
2002-11-11,0.0,55.69624401184729,Kununurra,"Kimberley, Western Australia"
2002-11-12,0.0,55.69624401184729,Kununurra,"Kimberley, Western Australia"
2002-11-13,0.0,55.69624401184729,Kununurra,"Kimberley, Western Australia"
2002-11-14,0.0,55.69624401184729,Kununurra,"Kimberley, Western Australia"
2002-11-15,0.0,55.69624401184729,Kununurra,"Kimberley, Western Australia"
2002-11-16,0.0,55.69624401184729,Kununurra,"Kimberley, Western Australia"
2002-11-17,0.0,55.69624401184729,Kununurra,"Kimberley, Western Australia"
2002-11-18,17.94664599557149,55.69624401184729,Kununurra,"Kimberley, Western Australia"
2002-11-19,1.176445970638798,55.69624401184729,Kununurra,"Kimberley, Western Australia"
2002-11-20,8.237756827126578,55.69624401184729,Kununurra,"Kimberley, Western Australia"
2002-11-21,0.0,55.69624401184729,Kununurra,"Kimberley, Western Australia"
2002-11-22,10.031570206048874,55.69624401184729,Kununurra,"Kimberley, Western Australia"
2002-11-23,0.0,55.69624401184729,Kununurra,"Kimberley, Western Australia"
2002-11-24,0.0,55.69624401184729,Kununurra,"Kimberley, Western Australia"
2002-11-25,0.0,55.69624401184729,Kununurra,"Kimberley, Western Australia"
2002-11-26,0.0,55.69624401184729,Kununurra,"Kimberley, Western Australia"
2002-11-27,0.0,55.69624401184729,Kununurra,"Kimberley, Western Australia"
2002-11-28,0.0,55.69624401184729,Kununurra,"Kimberley, Western Australia"
2002-11-29,0.0,55.69624401184729,Kununurra,"Kimberley, Western Australia"
2002-11-30,0.0,55.69624401184729,Kununurra,"Kimberley, Western Australia"
2002-12-01,6.83786922748963,46.54737660071963,Kununurra,"Kimberley, Western Australia"
2002-12-02,0.0,46.54737660071963,Kununurra,"Kimberley, Western Australia"
2002-12-03,0.0,46.54737660071963,Kununurra,"Kimberley, Western Australia"
2002-12-04,0.0,46.54737660071963,Kununurra,"Kimberley, Western Australia"
2002-12-05,0.0,46.54737660071963,Kununurra,"Kimberley, Western Australia"
2002-12-06,0.0,46.54737660071963,Kununurra,"Kimberley, Western Australia"
2002-12-07,0.0,46.54737660071963,Kununurra,"Kimberley, Western Australia"
2002-12-08,0.0,46.54737660071963,Kununurra,"Kimberley, Western Australia"
2002-12-09,16.645347980652037,46.54737660071963,Kununurra,"Kimberley, Western Australia"
2002-12-10,0.0,46.54737660071963,Kununurra,"Kimberley, Western Australia"
2002-12-11,0.0,46.54737660071963,Kununurra,"Kimberley, Western Australia"
2002-12-12,0.0,46.54737660071963,Kununurra,"Kimberley, Western Australia"
2002-12-13,0.0,46.54737660071963,Kununurra,"Kimberley, Western Australia"
2002-12-14,7.024399844758074,46.54737660071963,Kununurra,"Kimberley, Western Australia"
2002-12-15,0.0,46.54737660071963,Kununurra,"Kimberley, Western Australia"
2002-12-16,0.0,46.54737660071963,Kununurra,"Kimberley, Western Australia"
2002-12-17,0.0,46.54737660071963,Kununurra,"Kimberley, Western Australia"
2002-12-18,0.0,46.54737660071963,Kununurra,"Kimberley, Western Australia"
2002-12-19,0.0,46.54737660071963,Kununurra,"Kimberley, Western Australia"
2002-12-20,0.0,46.54737660071963,Kununurra,"Kimberley, Western Australia"
2002-12-21,0.0,46.54737660071963,Kununurra,"Kimberley, Western Australia"
2002-12-22,0.0,46.54737660071963,Kununurra,"Kimberley, Western Australia"
2002-12-23,0.0,46.54737660071963,Kununurra,"Kimberley, Western Australia"
2002-12-24,4.489066621605279,46.54737660071963,Kununurra,"Kimberley, Western Australia"
2002-12-25,0.0,46.54737660071963,Kununurra,"Kimberley, Western Australia"
2002-12-26,3.503675660994867,46.54737660071963,Kununurra,"Kimberley, Western Australia"
2002-12-27,0.0,46.54737660071963,Kununurra,"Kimberley, Western Australia"
2002-12-28,0.0,46.54737660071963,Kununurra,"Kimberley, Western Australia"
2002-12-29,0.0,46.54737660071963,Kununurra,"Kimberley, Western Australia"
2002-12-30,8.04701726521974,46.54737660071963,Kununurra,"Kimberley, Western Australia"
2002-12-31,0.0,46.54737660071963,Kununurra,"Kimberley, Western Australia"
2003-01-01,1.3202282671052232,66.8071521189449,Kununurra,"Kimberley, Western Australia"
2003-01-02,0.0,66.8071521189449,Kununurra,"Kimberley, Western Australia"
2003-01-03,0.0,66.8071521189449,Kununurra,"Kimberley, Western Australia"
2003-01-04,15.159563172578384,66.8071521189449,Kununurra,"Kimberley, Western Australia"
2003-01-05,4.317217287257163,66.8071521189449,Kununurra,"Kimberley, Western Australia"
2003-01-06,0.0,66.8071521189449,Kununurra,"Kimberley, Western Australia"
2003-01-07,0.0,66.8071521189449,Kununurra,"Kimberley, Western Australia"
2003-01-08,0.0,66.8071521189449,Kununurra,"Kimberley, Western Australia"
2003-01-09,0.0,66.8071521189449,Kununurra,"Kimberley, Western Australia"
2003-01-10,0.0,66.8071521189449,Kununurra,"Kimberley, Western Australia"
2003-01-11,0.0,66.8071521189449,Kununurra,"Kimberley, Western Australia"
2003-01-12,1.5585958293582296,66.8071521189449,Kununurra,"Kimberley, Western Australia"
2003-01-13,7.475615740686834,66.8071521189449,Kununurra,"Kimberley, Western Australia"
2003-01-14,0.0,66.8071521189449,Kununurra,"Kimberley, Western Australia"
2003-01-15,0.0,66.8071521189449,Kununurra,"Kimberley, Western Australia"
2003-01-16,0.0,66.8071521189449,Kununurra,"Kimberley, Western Australia"
2003-01-17,2.5704646186077236,66.8071521189449,Kununurra,"Kimberley, Western Australia"
2003-01-18,0.0,66.8071521189449,Kununurra,"Kimberley, Western Australia"
2003-01-19,0.0,66.8071521189449,Kununurra,"Kimberley, Western Australia"
2003-01-20,0.0,66.8071521189449,Kununurra,"Kimberley, Western Australia"
2003-01-21,0.0,66.8071521189449,Kununurra,"Kimberley, Western Australia"
2003-01-22,9.491976432902746,66.8071521189449,Kununurra,"Kimberley, Western Australia"
2003-01-23,0.0,66.8071521189449,Kununurra,"Kimberley, Western Australia"
2003-01-24,7.018483631564592,66.8071521189449,Kununurra,"Kimberley, Western Australia"
2003-01-25,1.6932127643297448,66.8071521189449,Kununurra,"Kimberley, Western Australia"
2003-01-26,0.0,66.8071521189449,Kununurra,"Kimberley, Western Australia"
2003-01-27,0.0,66.8071521189449,Kununurra,"Kimberley, Western Australia"
2003-01-28,6.489270565749122,66.8071521189449,Kununurra,"Kimberley, Western Australia"
2003-01-29,0.0,66.8071521189449,Kununurra,"Kimberley, Western Australia"
2003-01-30,9.71252380880513,66.8071521189449,Kununurra,"Kimberley, Western Australia"
2003-01-31,0.0,66.8071521189449,Kununurra,"Kimberley, Western Australia"
2003-02-01,0.0,38.627654394012815,Kununurra,"Kimberley, Western Australia"
2003-02-02,10.857541691906563,38.627654394012815,Kununurra,"Kimberley, Western Australia"
2003-02-03,0.0,38.627654394012815,Kununurra,"Kimberley, Western Australia"
2003-02-04,0.0,38.627654394012815,Kununurra,"Kimberley, Western Australia"
2003-02-05,3.131660592993934,38.627654394012815,Kununurra,"Kimberley, Western Australia"
2003-02-06,0.0,38.627654394012815,Kununurra,"Kimberley, Western Australia"
2003-02-07,8.921032932653544,38.627654394012815,Kununurra,"Kimberley, Western Australia"
2003-02-08,0.0,38.627654394012815,Kununurra,"Kimberley, Western Australia"
2003-02-09,0.0,38.627654394012815,Kununurra,"Kimberley, Western Australia"
2003-02-10,0.0,38.627654394012815,Kununurra,"Kimberley, Western Australia"
2003-02-11,0.0,38.627654394012815,Kununurra,"Kimberley, Western Australia"
2003-02-12,0.0,38.627654394012815,Kununurra,"Kimberley, Western Australia"
2003-02-13,0.0,38.627654394012815,Kununurra,"Kimberley, Western Australia"
2003-02-14,0.0,38.627654394012815,Kununurra,"Kimberley, Western Australia"
2003-02-15,3.0069378977088403,38.627654394012815,Kununurra,"Kimberley, Western Australia"
2003-02-16,0.0,38.627654394012815,Kununurra,"Kimberley, Western Australia"
2003-02-17,0.0,38.627654394012815,Kununurra,"Kimberley, Western Australia"
2003-02-18,5.484944037590745,38.627654394012815,Kununurra,"Kimberley, Western Australia"
2003-02-19,0.0,38.627654394012815,Kununurra,"Kimberley, Western Australia"
2003-02-20,0.0,38.627654394012815,Kununurra,"Kimberley, Western Australia"
2003-02-21,0.0,38.627654394012815,Kununurra,"Kimberley, Western Australia"
2003-02-22,0.0,38.627654394012815,Kununurra,"Kimberley, Western Australia"
2003-02-23,0.14017764392969895,38.627654394012815,Kununurra,"Kimberley, Western Australia"
2003-02-24,0.0,38.627654394012815,Kununurra,"Kimberley, Western Australia"
2003-02-25,7.085359597229486,38.627654394012815,Kununurra,"Kimberley, Western Australia"
2003-02-26,0.0,38.627654394012815,Kununurra,"Kimberley, Western Australia"
2003-02-27,0.0,38.627654394012815,Kununurra,"Kimberley, Western Australia"
2003-02-28,0.0,38.627654394012815,Kununurra,"Kimberley, Western Australia"
2003-03-01,0.0,44.94095141054075,Kununurra,"Kimberley, Western Australia"
2003-03-02,0.0,44.94095141054075,Kununurra,"Kimberley, Western Australia"
2003-03-03,0.0,44.94095141054075,Kununurra,"Kimberley, Western Australia"
2003-03-04,0.0,44.94095141054075,Kununurra,"Kimberley, Western Australia"
2003-03-05,0.0,44.94095141054075,Kununurra,"Kimberley, Western Australia"
2003-03-06,0.0,44.94095141054075,Kununurra,"Kimberley, Western Australia"
2003-03-07,6.3141627763622985,44.94095141054075,Kununurra,"Kimberley, Western Australia"
2003-03-08,0.0,44.94095141054075,Kununurra,"Kimberley, Western Australia"
2003-03-09,3.8304186657494856,44.94095141054075,Kununurra,"Kimberley, Western Australia"
2003-03-10,9.758978193157912,44.94095141054075,Kununurra,"Kimberley, Western Australia"
2003-03-11,0.0,44.94095141054075,Kununurra,"Kimberley, Western Australia"
2003-03-12,0.0,44.94095141054075,Kununurra,"Kimberley, Western Australia"
2003-03-13,0.0,44.94095141054075,Kununurra,"Kimberley, Western Australia"
2003-03-14,6.392907327270257,44.94095141054075,Kununurra,"Kimberley, Western Australia"
2003-03-15,0.0,44.94095141054075,Kununurra,"Kimberley, Western Australia"
2003-03-16,2.748398486677134,44.94095141054075,Kununurra,"Kimberley, Western Australia"
2003-03-17,0.0,44.94095141054075,Kununurra,"Kimberley, Western Australia"
2003-03-18,2.587233413241874,44.94095141054075,Kununurra,"Kimberley, Western Australia"
2003-03-19,0.0,44.94095141054075,Kununurra,"Kimberley, Western Australia"
2003-03-20,0.0,44.94095141054075,Kununurra,"Kimberley, Western Australia"
2003-03-21,1.6974233470328453,44.94095141054075,Kununurra,"Kimberley, Western Australia"
2003-03-22,0.0,44.94095141054075,Kununurra,"Kimberley, Western Australia"
2003-03-23,7.455924456966148,44.94095141054075,Kununurra,"Kimberley, Western Australia"
2003-03-24,0.0,44.94095141054075,Kununurra,"Kimberley, Western Australia"
2003-03-25,0.0,44.94095141054075,Kununurra,"Kimberley, Western Australia"
2003-03-26,0.0,44.94095141054075,Kununurra,"Kimberley, Western Australia"
2003-03-27,0.0,44.94095141054075,Kununurra,"Kimberley, Western Australia"
2003-03-28,0.0,44.94095141054075,Kununurra,"Kimberley, Western Australia"
2003-03-29,0.0,44.94095141054075,Kununurra,"Kimberley, Western Australia"
2003-03-30,0.0,44.94095141054075,Kununurra,"Kimberley, Western Australia"
2003-03-31,4.155504744082791,44.94095141054075,Kununurra,"Kimberley, Western Australia"
2003-04-01,2.186673810378055,22.250236846614886,Kununurra,"Kimberley, Western Australia"
2003-04-02,0.0,22.250236846614886,Kununurra,"Kimberley, Western Australia"
2003-04-03,0.0,22.250236846614886,Kununurra,"Kimberley, Western Australia"
2003-04-04,0.0,22.250236846614886,Kununurra,"Kimberley, Western Australia"
2003-04-05,0.0,22.250236846614886,Kununurra,"Kimberley, Western Australia"
2003-04-06,2.603180687478921,22.250236846614886,Kununurra,"Kimberley, Western Australia"
2003-04-07,0.0,22.250236846614886,Kununurra,"Kimberley, Western Australia"
2003-04-08,0.0,22.250236846614886,Kununurra,"Kimberley, Western Australia"
2003-04-09,0.0,22.250236846614886,Kununurra,"Kimberley, Western Australia"
2003-04-10,0.0,22.250236846614886,Kununurra,"Kimberley, Western Australia"
2003-04-11,0.0,22.250236846614886,Kununurra,"Kimberley, Western Australia"
2003-04-12,0.0,22.250236846614886,Kununurra,"Kimberley, Western Australia"
2003-04-13,0.0,22.250236846614886,Kununurra,"Kimberley, Western Australia"
2003-04-14,0.0,22.250236846614886,Kununurra,"Kimberley, Western Australia"
2003-04-15,0.0,22.250236846614886,Kununurra,"Kimberley, Western Australia"
2003-04-16,0.0,22.250236846614886,Kununurra,"Kimberley, Western Australia"
2003-04-17,8.204321110550115,22.250236846614886,Kununurra,"Kimberley, Western Australia"
2003-04-18,0.0,22.250236846614886,Kununurra,"Kimberley, Western Australia"
2003-04-19,0.0,22.250236846614886,Kununurra,"Kimberley, Western Australia"
2003-04-20,3.007100308480084,22.250236846614886,Kununurra,"Kimberley, Western Australia"
2003-04-21,0.0,22.250236846614886,Kununurra,"Kimberley, Western Australia"
2003-04-22,6.248960929727712,22.250236846614886,Kununurra,"Kimberley, Western Australia"
2003-04-23,0.0,22.250236846614886,Kununurra,"Kimberley, Western Australia"
2003-04-24,0.0,22.250236846614886,Kununurra,"Kimberley, Western Australia"
2003-04-25,0.0,22.250236846614886,Kununurra,"Kimberley, Western Australia"
2003-04-26,0.0,22.250236846614886,Kununurra,"Kimberley, Western Australia"
2003-04-27,0.0,22.250236846614886,Kununurra,"Kimberley, Western Australia"
2003-04-28,0.0,22.250236846614886,Kununurra,"Kimberley, Western Australia"
2003-04-29,0.0,22.250236846614886,Kununurra,"Kimberley, Western Australia"
2003-04-30,0.0,22.250236846614886,Kununurra,"Kimberley, Western Australia"
2003-05-01,0.0,9.677374576704459,Kununurra,"Kimberley, Western Australia"
2003-05-02,0.0,9.677374576704459,Kununurra,"Kimberley, Western Australia"
2003-05-03,0.0,9.677374576704459,Kununurra,"Kimberley, Western Australia"
2003-05-04,0.0,9.677374576704459,Kununurra,"Kimberley, Western Australia"
2003-05-05,0.0,9.677374576704459,Kununurra,"Kimberley, Western Australia"
2003-05-06,0.0,9.677374576704459,Kununurra,"Kimberley, Western Australia"
2003-05-07,0.0,9.677374576704459,Kununurra,"Kimberley, Western Australia"
2003-05-08,0.0,9.677374576704459,Kununurra,"Kimberley, Western Australia"
2003-05-09,0.0,9.677374576704459,Kununurra,"Kimberley, Western Australia"
2003-05-10,0.0,9.677374576704459,Kununurra,"Kimberley, Western Australia"
2003-05-11,0.0,9.677374576704459,Kununurra,"Kimberley, Western Australia"
2003-05-12,0.0,9.677374576704459,Kununurra,"Kimberley, Western Australia"
2003-05-13,0.0,9.677374576704459,Kununurra,"Kimberley, Western Australia"
2003-05-14,0.0,9.677374576704459,Kununurra,"Kimberley, Western Australia"
2003-05-15,0.0,9.677374576704459,Kununurra,"Kimberley, Western Australia"
2003-05-16,0.0,9.677374576704459,Kununurra,"Kimberley, Western Australia"
2003-05-17,0.0,9.677374576704459,Kununurra,"Kimberley, Western Australia"
2003-05-18,4.163700309014506,9.677374576704459,Kununurra,"Kimberley, Western Australia"
2003-05-19,0.0,9.677374576704459,Kununurra,"Kimberley, Western Australia"
2003-05-20,0.0,9.677374576704459,Kununurra,"Kimberley, Western Australia"
2003-05-21,0.0,9.677374576704459,Kununurra,"Kimberley, Western Australia"
2003-05-22,3.308725389432002,9.677374576704459,Kununurra,"Kimberley, Western Australia"
2003-05-23,0.0,9.677374576704459,Kununurra,"Kimberley, Western Australia"
2003-05-24,0.0,9.677374576704459,Kununurra,"Kimberley, Western Australia"
2003-05-25,0.7961194778722517,9.677374576704459,Kununurra,"Kimberley, Western Australia"
2003-05-26,1.4088294003857,9.677374576704459,Kununurra,"Kimberley, Western Australia"
2003-05-27,0.0,9.677374576704459,Kununurra,"Kimberley, Western Australia"
2003-05-28,0.0,9.677374576704459,Kununurra,"Kimberley, Western Australia"
2003-05-29,0.0,9.677374576704459,Kununurra,"Kimberley, Western Australia"
2003-05-30,0.0,9.677374576704459,Kununurra,"Kimberley, Western Australia"
2003-05-31,0.0,9.677374576704459,Kununurra,"Kimberley, Western Australia"
2003-06-01,0.0,31.85620734252147,Kununurra,"Kimberley, Western Australia"
2003-06-02,0.0,31.85620734252147,Kununurra,"Kimberley, Western Australia"
2003-06-03,0.0,31.85620734252147,Kununurra,"Kimberley, Western Australia"
2003-06-04,2.231983622222136,31.85620734252147,Kununurra,"Kimberley, Western Australia"
2003-06-05,5.563301585680958,31.85620734252147,Kununurra,"Kimberley, Western Australia"
2003-06-06,0.0,31.85620734252147,Kununurra,"Kimberley, Western Australia"
2003-06-07,0.0,31.85620734252147,Kununurra,"Kimberley, Western Australia"
2003-06-08,0.0,31.85620734252147,Kununurra,"Kimberley, Western Australia"
2003-06-09,7.6066999812015395,31.85620734252147,Kununurra,"Kimberley, Western Australia"
2003-06-10,0.0,31.85620734252147,Kununurra,"Kimberley, Western Australia"
2003-06-11,5.459389289306808,31.85620734252147,Kununurra,"Kimberley, Western Australia"
2003-06-12,0.0,31.85620734252147,Kununurra,"Kimberley, Western Australia"
2003-06-13,0.0,31.85620734252147,Kununurra,"Kimberley, Western Australia"
2003-06-14,0.0,31.85620734252147,Kununurra,"Kimberley, Western Australia"
2003-06-15,0.0,31.85620734252147,Kununurra,"Kimberley, Western Australia"
2003-06-16,0.0,31.85620734252147,Kununurra,"Kimberley, Western Australia"
2003-06-17,2.2614238471852586,31.85620734252147,Kununurra,"Kimberley, Western Australia"
2003-06-18,4.515085980567944,31.85620734252147,Kununurra,"Kimberley, Western Australia"
2003-06-19,0.0,31.85620734252147,Kununurra,"Kimberley, Western Australia"
2003-06-20,0.0,31.85620734252147,Kununurra,"Kimberley, Western Australia"
2003-06-21,0.0,31.85620734252147,Kununurra,"Kimberley, Western Australia"
2003-06-22,0.0,31.85620734252147,Kununurra,"Kimberley, Western Australia"
2003-06-23,4.218323036356825,31.85620734252147,Kununurra,"Kimberley, Western Australia"
2003-06-24,0.0,31.85620734252147,Kununurra,"Kimberley, Western Australia"
2003-06-25,0.0,31.85620734252147,Kununurra,"Kimberley, Western Australia"
2003-06-26,0.0,31.85620734252147,Kununurra,"Kimberley, Western Australia"
2003-06-27,0.0,31.85620734252147,Kununurra,"Kimberley, Western Australia"
2003-06-28,0.0,31.85620734252147,Kununurra,"Kimberley, Western Australia"
2003-06-29,0.0,31.85620734252147,Kununurra,"Kimberley, Western Australia"
2003-06-30,0.0,31.85620734252147,Kununurra,"Kimberley, Western Australia"
2003-07-01,0.0,57.63060448290078,Kununurra,"Kimberley, Western Australia"
2003-07-02,0.0,57.63060448290078,Kununurra,"Kimberley, Western Australia"
2003-07-03,0.0,57.63060448290078,Kununurra,"Kimberley, Western Australia"
2003-07-04,0.0,57.63060448290078,Kununurra,"Kimberley, Western Australia"
2003-07-05,0.0,57.63060448290078,Kununurra,"Kimberley, Western Australia"
2003-07-06,0.0,57.63060448290078,Kununurra,"Kimberley, Western Australia"
2003-07-07,0.0,57.63060448290078,Kununurra,"Kimberley, Western Australia"
2003-07-08,12.71761887179995,57.63060448290078,Kununurra,"Kimberley, Western Australia"
2003-07-09,0.0,57.63060448290078,Kununurra,"Kimberley, Western Australia"
2003-07-10,0.0,57.63060448290078,Kununurra,"Kimberley, Western Australia"
2003-07-11,0.0,57.63060448290078,Kununurra,"Kimberley, Western Australia"
2003-07-12,4.186358452502738,57.63060448290078,Kununurra,"Kimberley, Western Australia"
2003-07-13,0.0,57.63060448290078,Kununurra,"Kimberley, Western Australia"
2003-07-14,1.7676527387957903,57.63060448290078,Kununurra,"Kimberley, Western Australia"
2003-07-15,0.0,57.63060448290078,Kununurra,"Kimberley, Western Australia"
2003-07-16,14.92944841858953,57.63060448290078,Kununurra,"Kimberley, Western Australia"
2003-07-17,0.0,57.63060448290078,Kununurra,"Kimberley, Western Australia"
2003-07-18,0.0,57.63060448290078,Kununurra,"Kimberley, Western Australia"
2003-07-19,15.824749771571817,57.63060448290078,Kununurra,"Kimberley, Western Australia"
2003-07-20,0.0,57.63060448290078,Kununurra,"Kimberley, Western Australia"
2003-07-21,0.0,57.63060448290078,Kununurra,"Kimberley, Western Australia"
2003-07-22,3.1362735674478706,57.63060448290078,Kununurra,"Kimberley, Western Australia"
2003-07-23,0.0,57.63060448290078,Kununurra,"Kimberley, Western Australia"
2003-07-24,0.0,57.63060448290078,Kununurra,"Kimberley, Western Australia"
2003-07-25,0.0,57.63060448290078,Kununurra,"Kimberley, Western Australia"
2003-07-26,0.0,57.63060448290078,Kununurra,"Kimberley, Western Australia"
2003-07-27,0.0,57.63060448290078,Kununurra,"Kimberley, Western Australia"
2003-07-28,0.0,57.63060448290078,Kununurra,"Kimberley, Western Australia"
2003-07-29,5.068502662193085,57.63060448290078,Kununurra,"Kimberley, Western Australia"
2003-07-30,0.0,57.63060448290078,Kununurra,"Kimberley, Western Australia"
2003-07-31,0.0,57.63060448290078,Kununurra,"Kimberley, Western Australia"
2003-08-01,0.0,35.172444271456996,Kununurra,"Kimberley, Western Australia"
2003-08-02,0.0,35.172444271456996,Kununurra,"Kimberley, Western Australia"
2003-08-03,0.0,35.172444271456996,Kununurra,"Kimberley, Western Australia"
2003-08-04,0.0,35.172444271456996,Kununurra,"Kimberley, Western Australia"
2003-08-05,3.2446296157213403,35.172444271456996,Kununurra,"Kimberley, Western Australia"
2003-08-06,0.0,35.172444271456996,Kununurra,"Kimberley, Western Australia"
2003-08-07,0.0,35.172444271456996,Kununurra,"Kimberley, Western Australia"
2003-08-08,0.0,35.172444271456996,Kununurra,"Kimberley, Western Australia"
2003-08-09,0.0,35.172444271456996,Kununurra,"Kimberley, Western Australia"
2003-08-10,0.0,35.172444271456996,Kununurra,"Kimberley, Western Australia"
2003-08-11,0.0,35.172444271456996,Kununurra,"Kimberley, Western Australia"
2003-08-12,0.0,35.172444271456996,Kununurra,"Kimberley, Western Australia"
2003-08-13,6.9816990686977665,35.172444271456996,Kununurra,"Kimberley, Western Australia"
2003-08-14,0.0,35.172444271456996,Kununurra,"Kimberley, Western Australia"
2003-08-15,1.2274555439617008,35.172444271456996,Kununurra,"Kimberley, Western Australia"
2003-08-16,3.7622731164370276,35.172444271456996,Kununurra,"Kimberley, Western Australia"
2003-08-17,0.0,35.172444271456996,Kununurra,"Kimberley, Western Australia"
2003-08-18,2.7165856787687144,35.172444271456996,Kununurra,"Kimberley, Western Australia"
2003-08-19,11.106467820908087,35.172444271456996,Kununurra,"Kimberley, Western Australia"
2003-08-20,0.0,35.172444271456996,Kununurra,"Kimberley, Western Australia"
2003-08-21,0.0,35.172444271456996,Kununurra,"Kimberley, Western Australia"
2003-08-22,0.0,35.172444271456996,Kununurra,"Kimberley, Western Australia"
2003-08-23,0.0,35.172444271456996,Kununurra,"Kimberley, Western Australia"
2003-08-24,3.7979876915261155,35.172444271456996,Kununurra,"Kimberley, Western Australia"
2003-08-25,0.0,35.172444271456996,Kununurra,"Kimberley, Western Australia"
2003-08-26,0.0,35.172444271456996,Kununurra,"Kimberley, Western Australia"
2003-08-27,2.3353457354362424,35.172444271456996,Kununurra,"Kimberley, Western Australia"
2003-08-28,0.0,35.172444271456996,Kununurra,"Kimberley, Western Australia"
2003-08-29,0.0,35.172444271456996,Kununurra,"Kimberley, Western Australia"
2003-08-30,0.0,35.172444271456996,Kununurra,"Kimberley, Western Australia"
2003-08-31,0.0,35.172444271456996,Kununurra,"Kimberley, Western Australia"
2003-09-01,0.0,84.92508377154051,Kununurra,"Kimberley, Western Australia"
2003-09-02,0.0,84.92508377154051,Kununurra,"Kimberley, Western Australia"
2003-09-03,1.5927629829245546,84.92508377154051,Kununurra,"Kimberley, Western Australia"
2003-09-04,0.0,84.92508377154051,Kununurra,"Kimberley, Western Australia"
2003-09-05,4.257111751140009,84.92508377154051,Kununurra,"Kimberley, Western Australia"
2003-09-06,0.0,84.92508377154051,Kununurra,"Kimberley, Western Australia"
2003-09-07,0.0,84.92508377154051,Kununurra,"Kimberley, Western Australia"
2003-09-08,27.156539950833547,84.92508377154051,Kununurra,"Kimberley, Western Australia"
2003-09-09,0.0,84.92508377154051,Kununurra,"Kimberley, Western Australia"
2003-09-10,3.3835708290028825,84.92508377154051,Kununurra,"Kimberley, Western Australia"
2003-09-11,12.205913249709806,84.92508377154051,Kununurra,"Kimberley, Western Australia"
2003-09-12,1.5224009097053959,84.92508377154051,Kununurra,"Kimberley, Western Australia"
2003-09-13,0.0,84.92508377154051,Kununurra,"Kimberley, Western Australia"
2003-09-14,0.0,84.92508377154051,Kununurra,"Kimberley, Western Australia"
2003-09-15,0.0,84.92508377154051,Kununurra,"Kimberley, Western Australia"
2003-09-16,0.0,84.92508377154051,Kununurra,"Kimberley, Western Australia"
2003-09-17,11.762312090371616,84.92508377154051,Kununurra,"Kimberley, Western Australia"
2003-09-18,0.0,84.92508377154051,Kununurra,"Kimberley, Western Australia"
2003-09-19,0.0,84.92508377154051,Kununurra,"Kimberley, Western Australia"
2003-09-20,4.602594879929633,84.92508377154051,Kununurra,"Kimberley, Western Australia"
2003-09-21,0.0,84.92508377154051,Kununurra,"Kimberley, Western Australia"
2003-09-22,0.0,84.92508377154051,Kununurra,"Kimberley, Western Australia"
2003-09-23,0.0,84.92508377154051,Kununurra,"Kimberley, Western Australia"
2003-09-24,0.0,84.92508377154051,Kununurra,"Kimberley, Western Australia"
2003-09-25,0.0,84.92508377154051,Kununurra,"Kimberley, Western Australia"
2003-09-26,0.0,84.92508377154051,Kununurra,"Kimberley, Western Australia"
2003-09-27,9.36142377423924,84.92508377154051,Kununurra,"Kimberley, Western Australia"
2003-09-28,9.080453353683831,84.92508377154051,Kununurra,"Kimberley, Western Australia"
2003-09-29,0.0,84.92508377154051,Kununurra,"Kimberley, Western Australia"
2003-09-30,0.0,84.92508377154051,Kununurra,"Kimberley, Western Australia"
2003-10-01,1.5329342805101231,49.97551849427332,Kununurra,"Kimberley, Western Australia"
2003-10-02,0.0,49.97551849427332,Kununurra,"Kimberley, Western Australia"
2003-10-03,0.0,49.97551849427332,Kununurra,"Kimberley, Western Australia"
2003-10-04,0.0,49.97551849427332,Kununurra,"Kimberley, Western Australia"
2003-10-05,0.0,49.97551849427332,Kununurra,"Kimberley, Western Australia"
2003-10-06,0.0,49.97551849427332,Kununurra,"Kimberley, Western Australia"
2003-10-07,0.0,49.97551849427332,Kununurra,"Kimberley, Western Australia"
2003-10-08,6.804031711593886,49.97551849427332,Kununurra,"Kimberley, Western Australia"
2003-10-09,0.0,49.97551849427332,Kununurra,"Kimberley, Western Australia"
2003-10-10,0.0,49.97551849427332,Kununurra,"Kimberley, Western Australia"
2003-10-11,12.503032058656714,49.97551849427332,Kununurra,"Kimberley, Western Australia"
2003-10-12,0.0,49.97551849427332,Kununurra,"Kimberley, Western Australia"
2003-10-13,8.642611560022576,49.97551849427332,Kununurra,"Kimberley, Western Australia"
2003-10-14,0.0,49.97551849427332,Kununurra,"Kimberley, Western Australia"
2003-10-15,0.0,49.97551849427332,Kununurra,"Kimberley, Western Australia"
2003-10-16,0.0,49.97551849427332,Kununurra,"Kimberley, Western Australia"
2003-10-17,0.0,49.97551849427332,Kununurra,"Kimberley, Western Australia"
2003-10-18,0.0,49.97551849427332,Kununurra,"Kimberley, Western Australia"
2003-10-19,5.823320840503018,49.97551849427332,Kununurra,"Kimberley, Western Australia"
2003-10-20,0.0,49.97551849427332,Kununurra,"Kimberley, Western Australia"
2003-10-21,0.0,49.97551849427332,Kununurra,"Kimberley, Western Australia"
2003-10-22,0.0,49.97551849427332,Kununurra,"Kimberley, Western Australia"
2003-10-23,2.0210672305908264,49.97551849427332,Kununurra,"Kimberley, Western Australia"
2003-10-24,2.731557281092741,49.97551849427332,Kununurra,"Kimberley, Western Australia"
2003-10-25,0.0,49.97551849427332,Kununurra,"Kimberley, Western Australia"
2003-10-26,0.0,49.97551849427332,Kununurra,"Kimberley, Western Australia"
2003-10-27,0.0,49.97551849427332,Kununurra,"Kimberley, Western Australia"
2003-10-28,9.916963531303427,49.97551849427332,Kununurra,"Kimberley, Western Australia"
2003-10-29,0.0,49.97551849427332,Kununurra,"Kimberley, Western Australia"
2003-10-30,0.0,49.97551849427332,Kununurra,"Kimberley, Western Australia"
2003-10-31,0.0,49.97551849427332,Kununurra,"Kimberley, Western Australia"
2003-11-01,0.0,25.50771814265255,Kununurra,"Kimberley, Western Australia"
2003-11-02,0.0,25.50771814265255,Kununurra,"Kimberley, Western Australia"
2003-11-03,0.0,25.50771814265255,Kununurra,"Kimberley, Western Australia"
2003-11-04,0.0,25.50771814265255,Kununurra,"Kimberley, Western Australia"
2003-11-05,0.0,25.50771814265255,Kununurra,"Kimberley, Western Australia"
2003-11-06,0.0,25.50771814265255,Kununurra,"Kimberley, Western Australia"
2003-11-07,0.0,25.50771814265255,Kununurra,"Kimberley, Western Australia"
2003-11-08,0.0,25.50771814265255,Kununurra,"Kimberley, Western Australia"
2003-11-09,4.133411276546706,25.50771814265255,Kununurra,"Kimberley, Western Australia"
2003-11-10,0.0,25.50771814265255,Kununurra,"Kimberley, Western Australia"
2003-11-11,1.8777631837687343,25.50771814265255,Kununurra,"Kimberley, Western Australia"
2003-11-12,8.098705290106778,25.50771814265255,Kununurra,"Kimberley, Western Australia"
2003-11-13,0.0,25.50771814265255,Kununurra,"Kimberley, Western Australia"
2003-11-14,0.0,25.50771814265255,Kununurra,"Kimberley, Western Australia"
2003-11-15,0.0,25.50771814265255,Kununurra,"Kimberley, Western Australia"
2003-11-16,0.0,25.50771814265255,Kununurra,"Kimberley, Western Australia"
2003-11-17,0.0,25.50771814265255,Kununurra,"Kimberley, Western Australia"
2003-11-18,0.0,25.50771814265255,Kununurra,"Kimberley, Western Australia"
2003-11-19,3.201843510872022,25.50771814265255,Kununurra,"Kimberley, Western Australia"
2003-11-20,0.0,25.50771814265255,Kununurra,"Kimberley, Western Australia"
2003-11-21,2.556036697674097,25.50771814265255,Kununurra,"Kimberley, Western Australia"
2003-11-22,0.0,25.50771814265255,Kununurra,"Kimberley, Western Australia"
2003-11-23,0.0,25.50771814265255,Kununurra,"Kimberley, Western Australia"
2003-11-24,0.0,25.50771814265255,Kununurra,"Kimberley, Western Australia"
2003-11-25,0.0,25.50771814265255,Kununurra,"Kimberley, Western Australia"
2003-11-26,0.0,25.50771814265255,Kununurra,"Kimberley, Western Australia"
2003-11-27,1.635039521218674,25.50771814265255,Kununurra,"Kimberley, Western Australia"
2003-11-28,0.0,25.50771814265255,Kununurra,"Kimberley, Western Australia"
2003-11-29,0.0,25.50771814265255,Kununurra,"Kimberley, Western Australia"
2003-11-30,4.004918662465538,25.50771814265255,Kununurra,"Kimberley, Western Australia"
2003-12-01,0.0,72.04343529402027,Kununurra,"Kimberley, Western Australia"
2003-12-02,11.991374387923113,72.04343529402027,Kununurra,"Kimberley, Western Australia"
2003-12-03,0.0,72.04343529402027,Kununurra,"Kimberley, Western Australia"
2003-12-04,0.0,72.04343529402027,Kununurra,"Kimberley, Western Australia"
2003-12-05,0.0,72.04343529402027,Kununurra,"Kimberley, Western Australia"
2003-12-06,8.27332535856624,72.04343529402027,Kununurra,"Kimberley, Western Australia"
2003-12-07,0.0,72.04343529402027,Kununurra,"Kimberley, Western Australia"
2003-12-08,0.0,72.04343529402027,Kununurra,"Kimberley, Western Australia"
2003-12-09,0.0,72.04343529402027,Kununurra,"Kimberley, Western Australia"
2003-12-10,0.0,72.04343529402027,Kununurra,"Kimberley, Western Australia"
2003-12-11,0.0,72.04343529402027,Kununurra,"Kimberley, Western Australia"
2003-12-12,8.228427375231316,72.04343529402027,Kununurra,"Kimberley, Western Australia"
2003-12-13,0.0,72.04343529402027,Kununurra,"Kimberley, Western Australia"
2003-12-14,9.719425911817261,72.04343529402027,Kununurra,"Kimberley, Western Australia"
2003-12-15,0.0,72.04343529402027,Kununurra,"Kimberley, Western Australia"
2003-12-16,5.302368066338209,72.04343529402027,Kununurra,"Kimberley, Western Australia"
2003-12-17,0.0,72.04343529402027,Kununurra,"Kimberley, Western Australia"
2003-12-18,0.0,72.04343529402027,Kununurra,"Kimberley, Western Australia"
2003-12-19,0.0,72.04343529402027,Kununurra,"Kimberley, Western Australia"
2003-12-20,0.0,72.04343529402027,Kununurra,"Kimberley, Western Australia"
2003-12-21,0.0,72.04343529402027,Kununurra,"Kimberley, Western Australia"
2003-12-22,0.0,72.04343529402027,Kununurra,"Kimberley, Western Australia"
2003-12-23,0.0,72.04343529402027,Kununurra,"Kimberley, Western Australia"
2003-12-24,0.0,72.04343529402027,Kununurra,"Kimberley, Western Australia"
2003-12-25,7.775740400909012,72.04343529402027,Kununurra,"Kimberley, Western Australia"
2003-12-26,12.897870843105583,72.04343529402027,Kununurra,"Kimberley, Western Australia"
2003-12-27,0.0,72.04343529402027,Kununurra,"Kimberley, Western Australia"
2003-12-28,0.0,72.04343529402027,Kununurra,"Kimberley, Western Australia"
2003-12-29,4.301982657161999,72.04343529402027,Kununurra,"Kimberley, Western Australia"
2003-12-30,0.0,72.04343529402027,Kununurra,"Kimberley, Western Australia"
2003-12-31,3.5529202929675314,72.04343529402027,Kununurra,"Kimberley, Western Australia"
2004-01-01,0.0,55.91754524185437,Kununurra,"Kimberley, Western Australia"
2004-01-02,0.0,55.91754524185437,Kununurra,"Kimberley, Western Australia"
2004-01-03,9.901795085574904,55.91754524185437,Kununurra,"Kimberley, Western Australia"
2004-01-04,2.4027145977838544,55.91754524185437,Kununurra,"Kimberley, Western Australia"
2004-01-05,0.0,55.91754524185437,Kununurra,"Kimberley, Western Australia"
2004-01-06,0.0,55.91754524185437,Kununurra,"Kimberley, Western Australia"
2004-01-07,0.0,55.91754524185437,Kununurra,"Kimberley, Western Australia"
2004-01-08,3.6894052594540123,55.91754524185437,Kununurra,"Kimberley, Western Australia"
2004-01-09,0.0,55.91754524185437,Kununurra,"Kimberley, Western Australia"
2004-01-10,0.0,55.91754524185437,Kununurra,"Kimberley, Western Australia"
2004-01-11,0.0,55.91754524185437,Kununurra,"Kimberley, Western Australia"
2004-01-12,0.0,55.91754524185437,Kununurra,"Kimberley, Western Australia"
2004-01-13,0.0,55.91754524185437,Kununurra,"Kimberley, Western Australia"
2004-01-14,0.8004592136631177,55.91754524185437,Kununurra,"Kimberley, Western Australia"
2004-01-15,0.0,55.91754524185437,Kununurra,"Kimberley, Western Australia"
2004-01-16,0.0,55.91754524185437,Kununurra,"Kimberley, Western Australia"
2004-01-17,0.0,55.91754524185437,Kununurra,"Kimberley, Western Australia"
2004-01-18,0.0,55.91754524185437,Kununurra,"Kimberley, Western Australia"
2004-01-19,0.0,55.91754524185437,Kununurra,"Kimberley, Western Australia"
2004-01-20,0.0,55.91754524185437,Kununurra,"Kimberley, Western Australia"
2004-01-21,2.8784576109739346,55.91754524185437,Kununurra,"Kimberley, Western Australia"
2004-01-22,8.490577996314366,55.91754524185437,Kununurra,"Kimberley, Western Australia"
2004-01-23,0.0,55.91754524185437,Kununurra,"Kimberley, Western Australia"
2004-01-24,0.0,55.91754524185437,Kununurra,"Kimberley, Western Australia"
2004-01-25,12.648085455279162,55.91754524185437,Kununurra,"Kimberley, Western Australia"
2004-01-26,3.4040866741751454,55.91754524185437,Kununurra,"Kimberley, Western Australia"
2004-01-27,0.0,55.91754524185437,Kununurra,"Kimberley, Western Australia"
2004-01-28,0.0,55.91754524185437,Kununurra,"Kimberley, Western Australia"
2004-01-29,8.146522996865482,55.91754524185437,Kununurra,"Kimberley, Western Australia"
2004-01-30,0.0,55.91754524185437,Kununurra,"Kimberley, Western Australia"
2004-01-31,3.555440351770388,55.91754524185437,Kununurra,"Kimberley, Western Australia"
2004-02-01,11.333484026770225,25.546329118140807,Kununurra,"Kimberley, Western Australia"
2004-02-02,0.0,25.546329118140807,Kununurra,"Kimberley, Western Australia"
2004-02-03,0.0,25.546329118140807,Kununurra,"Kimberley, Western Australia"
2004-02-04,0.0,25.546329118140807,Kununurra,"Kimberley, Western Australia"
2004-02-05,0.0,25.546329118140807,Kununurra,"Kimberley, Western Australia"
2004-02-06,0.0,25.546329118140807,Kununurra,"Kimberley, Western Australia"
2004-02-07,0.0,25.546329118140807,Kununurra,"Kimberley, Western Australia"
2004-02-08,0.0,25.546329118140807,Kununurra,"Kimberley, Western Australia"
2004-02-09,0.0,25.546329118140807,Kununurra,"Kimberley, Western Australia"
2004-02-10,0.0,25.546329118140807,Kununurra,"Kimberley, Western Australia"
2004-02-11,0.0,25.546329118140807,Kununurra,"Kimberley, Western Australia"
2004-02-12,11.05472475389025,25.546329118140807,Kununurra,"Kimberley, Western Australia"
2004-02-13,0.0,25.546329118140807,Kununurra,"Kimberley, Western Australia"
2004-02-14,0.0,25.546329118140807,Kununurra,"Kimberley, Western Australia"
2004-02-15,0.0,25.546329118140807,Kununurra,"Kimberley, Western Australia"
2004-02-16,0.0,25.546329118140807,Kununurra,"Kimberley, Western Australia"
2004-02-17,0.0,25.546329118140807,Kununurra,"Kimberley, Western Australia"
2004-02-18,3.1581203374803324,25.546329118140807,Kununurra,"Kimberley, Western Australia"
2004-02-19,0.0,25.546329118140807,Kununurra,"Kimberley, Western Australia"
2004-02-20,0.0,25.546329118140807,Kununurra,"Kimberley, Western Australia"
2004-02-21,0.0,25.546329118140807,Kununurra,"Kimberley, Western Australia"
2004-02-22,0.0,25.546329118140807,Kununurra,"Kimberley, Western Australia"
2004-02-23,0.0,25.546329118140807,Kununurra,"Kimberley, Western Australia"
2004-02-24,0.0,25.546329118140807,Kununurra,"Kimberley, Western Australia"
2004-02-25,0.0,25.546329118140807,Kununurra,"Kimberley, Western Australia"
2004-02-26,0.0,25.546329118140807,Kununurra,"Kimberley, Western Australia"
2004-02-27,0.0,25.546329118140807,Kununurra,"Kimberley, Western Australia"
2004-02-28,0.0,25.546329118140807,Kununurra,"Kimberley, Western Australia"
2004-02-29,0.0,25.546329118140807,Kununurra,"Kimberley, Western Australia"
2004-03-01,0.0,34.29880618041619,Kununurra,"Kimberley, Western Australia"
2004-03-02,0.0,34.29880618041619,Kununurra,"Kimberley, Western Australia"
2004-03-03,0.0,34.29880618041619,Kununurra,"Kimberley, Western Australia"
2004-03-04,0.0,34.29880618041619,Kununurra,"Kimberley, Western Australia"
2004-03-05,0.0,34.29880618041619,Kununurra,"Kimberley, Western Australia"
2004-03-06,0.0,34.29880618041619,Kununurra,"Kimberley, Western Australia"
2004-03-07,0.0,34.29880618041619,Kununurra,"Kimberley, Western Australia"
2004-03-08,0.0,34.29880618041619,Kununurra,"Kimberley, Western Australia"
2004-03-09,6.325337368381687,34.29880618041619,Kununurra,"Kimberley, Western Australia"
2004-03-10,0.0,34.29880618041619,Kununurra,"Kimberley, Western Australia"
2004-03-11,0.0,34.29880618041619,Kununurra,"Kimberley, Western Australia"
2004-03-12,0.0,34.29880618041619,Kununurra,"Kimberley, Western Australia"
2004-03-13,3.767634125953428,34.29880618041619,Kununurra,"Kimberley, Western Australia"
2004-03-14,0.0,34.29880618041619,Kununurra,"Kimberley, Western Australia"
2004-03-15,0.0,34.29880618041619,Kununurra,"Kimberley, Western Australia"
2004-03-16,0.0,34.29880618041619,Kununurra,"Kimberley, Western Australia"
2004-03-17,2.8768222612283845,34.29880618041619,Kununurra,"Kimberley, Western Australia"
2004-03-18,4.439406628559177,34.29880618041619,Kununurra,"Kimberley, Western Australia"
2004-03-19,0.0,34.29880618041619,Kununurra,"Kimberley, Western Australia"
2004-03-20,0.0,34.29880618041619,Kununurra,"Kimberley, Western Australia"
2004-03-21,0.0,34.29880618041619,Kununurra,"Kimberley, Western Australia"
2004-03-22,0.0,34.29880618041619,Kununurra,"Kimberley, Western Australia"
2004-03-23,9.883263950996362,34.29880618041619,Kununurra,"Kimberley, Western Australia"
2004-03-24,0.0,34.29880618041619,Kununurra,"Kimberley, Western Australia"
2004-03-25,0.0,34.29880618041619,Kununurra,"Kimberley, Western Australia"
2004-03-26,0.0,34.29880618041619,Kununurra,"Kimberley, Western Australia"
2004-03-27,1.9336330141526887,34.29880618041619,Kununurra,"Kimberley, Western Australia"
2004-03-28,5.072708831144464,34.29880618041619,Kununurra,"Kimberley, Western Australia"
2004-03-29,0.0,34.29880618041619,Kununurra,"Kimberley, Western Australia"
2004-03-30,0.0,34.29880618041619,Kununurra,"Kimberley, Western Australia"
2004-03-31,0.0,34.29880618041619,Kununurra,"Kimberley, Western Australia"
2004-04-01,0.0,52.169566771608864,Kununurra,"Kimberley, Western Australia"
2004-04-02,1.6080093776334539,52.169566771608864,Kununurra,"Kimberley, Western Australia"
2004-04-03,0.0,52.169566771608864,Kununurra,"Kimberley, Western Australia"
2004-04-04,0.0,52.169566771608864,Kununurra,"Kimberley, Western Australia"
2004-04-05,0.0,52.169566771608864,Kununurra,"Kimberley, Western Australia"
2004-04-06,5.530919284934529,52.169566771608864,Kununurra,"Kimberley, Western Australia"
2004-04-07,0.0,52.169566771608864,Kununurra,"Kimberley, Western Australia"
2004-04-08,0.0,52.169566771608864,Kununurra,"Kimberley, Western Australia"
2004-04-09,0.0,52.169566771608864,Kununurra,"Kimberley, Western Australia"
2004-04-10,0.0,52.169566771608864,Kununurra,"Kimberley, Western Australia"
2004-04-11,8.100521267302838,52.169566771608864,Kununurra,"Kimberley, Western Australia"
2004-04-12,0.0,52.169566771608864,Kununurra,"Kimberley, Western Australia"
2004-04-13,3.9858468322887357,52.169566771608864,Kununurra,"Kimberley, Western Australia"
2004-04-14,0.0,52.169566771608864,Kununurra,"Kimberley, Western Australia"
2004-04-15,0.0,52.169566771608864,Kununurra,"Kimberley, Western Australia"
2004-04-16,0.0,52.169566771608864,Kununurra,"Kimberley, Western Australia"
2004-04-17,5.284379687049518,52.169566771608864,Kununurra,"Kimberley, Western Australia"
2004-04-18,0.0,52.169566771608864,Kununurra,"Kimberley, Western Australia"
2004-04-19,0.0,52.169566771608864,Kununurra,"Kimberley, Western Australia"
2004-04-20,0.0,52.169566771608864,Kununurra,"Kimberley, Western Australia"
2004-04-21,0.25238161392384717,52.169566771608864,Kununurra,"Kimberley, Western Australia"
2004-04-22,0.0,52.169566771608864,Kununurra,"Kimberley, Western Australia"
2004-04-23,23.827018543831095,52.169566771608864,Kununurra,"Kimberley, Western Australia"
2004-04-24,3.5804901646448455,52.169566771608864,Kununurra,"Kimberley, Western Australia"
2004-04-25,0.0,52.169566771608864,Kununurra,"Kimberley, Western Australia"
2004-04-26,0.0,52.169566771608864,Kununurra,"Kimberley, Western Australia"
2004-04-27,0.0,52.169566771608864,Kununurra,"Kimberley, Western Australia"
2004-04-28,0.0,52.169566771608864,Kununurra,"Kimberley, Western Australia"
2004-04-29,0.0,52.169566771608864,Kununurra,"Kimberley, Western Australia"
2004-04-30,0.0,52.169566771608864,Kununurra,"Kimberley, Western Australia"
2004-05-01,2.3862219713322217,45.4426869406423,Kununurra,"Kimberley, Western Australia"
2004-05-02,0.0,45.4426869406423,Kununurra,"Kimberley, Western Australia"
2004-05-03,0.0,45.4426869406423,Kununurra,"Kimberley, Western Australia"
2004-05-04,0.0,45.4426869406423,Kununurra,"Kimberley, Western Australia"
2004-05-05,0.0,45.4426869406423,Kununurra,"Kimberley, Western Australia"
2004-05-06,0.0,45.4426869406423,Kununurra,"Kimberley, Western Australia"
2004-05-07,0.0,45.4426869406423,Kununurra,"Kimberley, Western Australia"
2004-05-08,7.705403521822141,45.4426869406423,Kununurra,"Kimberley, Western Australia"
2004-05-09,0.0,45.4426869406423,Kununurra,"Kimberley, Western Australia"
2004-05-10,0.0,45.4426869406423,Kununurra,"Kimberley, Western Australia"
2004-05-11,1.6228931072241766,45.4426869406423,Kununurra,"Kimberley, Western Australia"
2004-05-12,0.0,45.4426869406423,Kununurra,"Kimberley, Western Australia"
2004-05-13,1.9077762599805537,45.4426869406423,Kununurra,"Kimberley, Western Australia"
2004-05-14,0.0,45.4426869406423,Kununurra,"Kimberley, Western Australia"
2004-05-15,0.0,45.4426869406423,Kununurra,"Kimberley, Western Australia"
2004-05-16,0.0,45.4426869406423,Kununurra,"Kimberley, Western Australia"
2004-05-17,0.0,45.4426869406423,Kununurra,"Kimberley, Western Australia"
2004-05-18,0.0,45.4426869406423,Kununurra,"Kimberley, Western Australia"
2004-05-19,0.0,45.4426869406423,Kununurra,"Kimberley, Western Australia"
2004-05-20,0.0,45.4426869406423,Kununurra,"Kimberley, Western Australia"
2004-05-21,2.5570593070706655,45.4426869406423,Kununurra,"Kimberley, Western Australia"
2004-05-22,5.209985607020839,45.4426869406423,Kununurra,"Kimberley, Western Australia"
2004-05-23,0.0,45.4426869406423,Kununurra,"Kimberley, Western Australia"
2004-05-24,0.0,45.4426869406423,Kununurra,"Kimberley, Western Australia"
2004-05-25,0.0,45.4426869406423,Kununurra,"Kimberley, Western Australia"
2004-05-26,0.0,45.4426869406423,Kununurra,"Kimberley, Western Australia"
2004-05-27,5.233203231250883,45.4426869406423,Kununurra,"Kimberley, Western Australia"
2004-05-28,0.0,45.4426869406423,Kununurra,"Kimberley, Western Australia"
2004-05-29,4.566047939396752,45.4426869406423,Kununurra,"Kimberley, Western Australia"
2004-05-30,0.0,45.4426869406423,Kununurra,"Kimberley, Western Australia"
2004-05-31,14.254095995544066,45.4426869406423,Kununurra,"Kimberley, Western Australia"
2004-06-01,0.0,27.215605072246095,Kununurra,"Kimberley, Western Australia"
2004-06-02,0.0,27.215605072246095,Kununurra,"Kimberley, Western Australia"
2004-06-03,2.7800563880840006,27.215605072246095,Kununurra,"Kimberley, Western Australia"
2004-06-04,0.0,27.215605072246095,Kununurra,"Kimberley, Western Australia"
2004-06-05,2.9056623617414514,27.215605072246095,Kununurra,"Kimberley, Western Australia"
2004-06-06,8.147406388512362,27.215605072246095,Kununurra,"Kimberley, Western Australia"
2004-06-07,0.0,27.215605072246095,Kununurra,"Kimberley, Western Australia"
2004-06-08,3.7632931162942427,27.215605072246095,Kununurra,"Kimberley, Western Australia"
2004-06-09,0.0,27.215605072246095,Kununurra,"Kimberley, Western Australia"
2004-06-10,0.0,27.215605072246095,Kununurra,"Kimberley, Western Australia"
2004-06-11,0.0,27.215605072246095,Kununurra,"Kimberley, Western Australia"
2004-06-12,0.0,27.215605072246095,Kununurra,"Kimberley, Western Australia"
2004-06-13,0.0,27.215605072246095,Kununurra,"Kimberley, Western Australia"
2004-06-14,0.0,27.215605072246095,Kununurra,"Kimberley, Western Australia"
2004-06-15,0.0,27.215605072246095,Kununurra,"Kimberley, Western Australia"
2004-06-16,1.1141139437039351,27.215605072246095,Kununurra,"Kimberley, Western Australia"
2004-06-17,1.4609622945549277,27.215605072246095,Kununurra,"Kimberley, Western Australia"
2004-06-18,0.0,27.215605072246095,Kununurra,"Kimberley, Western Australia"
2004-06-19,0.0,27.215605072246095,Kununurra,"Kimberley, Western Australia"
2004-06-20,4.366780797839504,27.215605072246095,Kununurra,"Kimberley, Western Australia"
2004-06-21,0.5399579609675169,27.215605072246095,Kununurra,"Kimberley, Western Australia"
2004-06-22,0.0,27.215605072246095,Kununurra,"Kimberley, Western Australia"
2004-06-23,0.0,27.215605072246095,Kununurra,"Kimberley, Western Australia"
2004-06-24,0.0,27.215605072246095,Kununurra,"Kimberley, Western Australia"
2004-06-25,0.0,27.215605072246095,Kununurra,"Kimberley, Western Australia"
2004-06-26,0.0,27.215605072246095,Kununurra,"Kimberley, Western Australia"
2004-06-27,0.0,27.215605072246095,Kununurra,"Kimberley, Western Australia"
2004-06-28,0.0,27.215605072246095,Kununurra,"Kimberley, Western Australia"
2004-06-29,0.0,27.215605072246095,Kununurra,"Kimberley, Western Australia"
2004-06-30,2.1373718205481564,27.215605072246095,Kununurra,"Kimberley, Western Australia"
2004-07-01,0.0,62.36198347604721,Kununurra,"Kimberley, Western Australia"
2004-07-02,0.0,62.36198347604721,Kununurra,"Kimberley, Western Australia"
2004-07-03,3.038274102336186,62.36198347604721,Kununurra,"Kimberley, Western Australia"
2004-07-04,0.0,62.36198347604721,Kununurra,"Kimberley, Western Australia"
2004-07-05,0.0,62.36198347604721,Kununurra,"Kimberley, Western Australia"
2004-07-06,0.0,62.36198347604721,Kununurra,"Kimberley, Western Australia"
2004-07-07,7.380773434876637,62.36198347604721,Kununurra,"Kimberley, Western Australia"
2004-07-08,4.112631655552655,62.36198347604721,Kununurra,"Kimberley, Western Australia"
2004-07-09,7.935069030749341,62.36198347604721,Kununurra,"Kimberley, Western Australia"
2004-07-10,0.0,62.36198347604721,Kununurra,"Kimberley, Western Australia"
2004-07-11,0.0,62.36198347604721,Kununurra,"Kimberley, Western Australia"
2004-07-12,0.0,62.36198347604721,Kununurra,"Kimberley, Western Australia"
2004-07-13,7.911427760084855,62.36198347604721,Kununurra,"Kimberley, Western Australia"
2004-07-14,0.0,62.36198347604721,Kununurra,"Kimberley, Western Australia"
2004-07-15,8.608843006139804,62.36198347604721,Kununurra,"Kimberley, Western Australia"
2004-07-16,0.0,62.36198347604721,Kununurra,"Kimberley, Western Australia"
2004-07-17,0.0,62.36198347604721,Kununurra,"Kimberley, Western Australia"
2004-07-18,0.0,62.36198347604721,Kununurra,"Kimberley, Western Australia"
2004-07-19,0.0,62.36198347604721,Kununurra,"Kimberley, Western Australia"
2004-07-20,0.0,62.36198347604721,Kununurra,"Kimberley, Western Australia"
2004-07-21,0.0,62.36198347604721,Kununurra,"Kimberley, Western Australia"
2004-07-22,0.0,62.36198347604721,Kununurra,"Kimberley, Western Australia"
2004-07-23,0.0,62.36198347604721,Kununurra,"Kimberley, Western Australia"
2004-07-24,0.0,62.36198347604721,Kununurra,"Kimberley, Western Australia"
2004-07-25,0.0,62.36198347604721,Kununurra,"Kimberley, Western Australia"
2004-07-26,0.0,62.36198347604721,Kununurra,"Kimberley, Western Australia"
2004-07-27,0.0,62.36198347604721,Kununurra,"Kimberley, Western Australia"
2004-07-28,0.0,62.36198347604721,Kununurra,"Kimberley, Western Australia"
2004-07-29,0.0,62.36198347604721,Kununurra,"Kimberley, Western Australia"
2004-07-30,7.335438783386146,62.36198347604721,Kununurra,"Kimberley, Western Australia"
2004-07-31,16.039525702921583,62.36198347604721,Kununurra,"Kimberley, Western Australia"
2004-08-01,0.0,44.52142329202067,Kununurra,"Kimberley, Western Australia"
2004-08-02,0.0,44.52142329202067,Kununurra,"Kimberley, Western Australia"
2004-08-03,7.382796438041755,44.52142329202067,Kununurra,"Kimberley, Western Australia"
2004-08-04,0.0,44.52142329202067,Kununurra,"Kimberley, Western Australia"
2004-08-05,0.0,44.52142329202067,Kununurra,"Kimberley, Western Australia"
2004-08-06,0.0,44.52142329202067,Kununurra,"Kimberley, Western Australia"
2004-08-07,0.0,44.52142329202067,Kununurra,"Kimberley, Western Australia"
2004-08-08,6.558788321254666,44.52142329202067,Kununurra,"Kimberley, Western Australia"
2004-08-09,2.8379109582704407,44.52142329202067,Kununurra,"Kimberley, Western Australia"
2004-08-10,0.0,44.52142329202067,Kununurra,"Kimberley, Western Australia"
2004-08-11,2.089383732702377,44.52142329202067,Kununurra,"Kimberley, Western Australia"
2004-08-12,6.007269537466529,44.52142329202067,Kununurra,"Kimberley, Western Australia"
2004-08-13,0.0,44.52142329202067,Kununurra,"Kimberley, Western Australia"
2004-08-14,0.0,44.52142329202067,Kununurra,"Kimberley, Western Australia"
2004-08-15,0.0,44.52142329202067,Kununurra,"Kimberley, Western Australia"
2004-08-16,0.0,44.52142329202067,Kununurra,"Kimberley, Western Australia"
2004-08-17,2.0616487540155775,44.52142329202067,Kununurra,"Kimberley, Western Australia"
2004-08-18,0.0,44.52142329202067,Kununurra,"Kimberley, Western Australia"
2004-08-19,9.909675145460232,44.52142329202067,Kununurra,"Kimberley, Western Australia"
2004-08-20,0.0,44.52142329202067,Kununurra,"Kimberley, Western Australia"
2004-08-21,1.6082312557841614,44.52142329202067,Kununurra,"Kimberley, Western Australia"
2004-08-22,0.0,44.52142329202067,Kununurra,"Kimberley, Western Australia"
2004-08-23,0.0,44.52142329202067,Kununurra,"Kimberley, Western Australia"
2004-08-24,0.0,44.52142329202067,Kununurra,"Kimberley, Western Australia"
2004-08-25,6.065719149024929,44.52142329202067,Kununurra,"Kimberley, Western Australia"
2004-08-26,0.0,44.52142329202067,Kununurra,"Kimberley, Western Australia"
2004-08-27,0.0,44.52142329202067,Kununurra,"Kimberley, Western Australia"
2004-08-28,0.0,44.52142329202067,Kununurra,"Kimberley, Western Australia"
2004-08-29,0.0,44.52142329202067,Kununurra,"Kimberley, Western Australia"
2004-08-30,0.0,44.52142329202067,Kununurra,"Kimberley, Western Australia"
2004-08-31,0.0,44.52142329202067,Kununurra,"Kimberley, Western Australia"
2004-09-01,6.361799050899966,29.17004136319965,Kununurra,"Kimberley, Western Australia"
2004-09-02,0.0,29.17004136319965,Kununurra,"Kimberley, Western Australia"
2004-09-03,0.0,29.17004136319965,Kununurra,"Kimberley, Western Australia"
2004-09-04,0.0,29.17004136319965,Kununurra,"Kimberley, Western Australia"
2004-09-05,0.0,29.17004136319965,Kununurra,"Kimberley, Western Australia"
2004-09-06,0.0,29.17004136319965,Kununurra,"Kimberley, Western Australia"
2004-09-07,0.0,29.17004136319965,Kununurra,"Kimberley, Western Australia"
2004-09-08,0.0,29.17004136319965,Kununurra,"Kimberley, Western Australia"
2004-09-09,0.0,29.17004136319965,Kununurra,"Kimberley, Western Australia"
2004-09-10,0.0,29.17004136319965,Kununurra,"Kimberley, Western Australia"
2004-09-11,0.0,29.17004136319965,Kununurra,"Kimberley, Western Australia"
2004-09-12,0.0,29.17004136319965,Kununurra,"Kimberley, Western Australia"
2004-09-13,0.0,29.17004136319965,Kununurra,"Kimberley, Western Australia"
2004-09-14,0.0,29.17004136319965,Kununurra,"Kimberley, Western Australia"
2004-09-15,0.0,29.17004136319965,Kununurra,"Kimberley, Western Australia"
2004-09-16,0.0,29.17004136319965,Kununurra,"Kimberley, Western Australia"
2004-09-17,0.0,29.17004136319965,Kununurra,"Kimberley, Western Australia"
2004-09-18,0.0,29.17004136319965,Kununurra,"Kimberley, Western Australia"
2004-09-19,0.0,29.17004136319965,Kununurra,"Kimberley, Western Australia"
2004-09-20,0.0,29.17004136319965,Kununurra,"Kimberley, Western Australia"
2004-09-21,0.0,29.17004136319965,Kununurra,"Kimberley, Western Australia"
2004-09-22,0.0,29.17004136319965,Kununurra,"Kimberley, Western Australia"
2004-09-23,14.945133793029292,29.17004136319965,Kununurra,"Kimberley, Western Australia"
2004-09-24,0.0,29.17004136319965,Kununurra,"Kimberley, Western Australia"
2004-09-25,0.0,29.17004136319965,Kununurra,"Kimberley, Western Australia"
2004-09-26,0.0,29.17004136319965,Kununurra,"Kimberley, Western Australia"
2004-09-27,0.0,29.17004136319965,Kununurra,"Kimberley, Western Australia"
2004-09-28,0.0,29.17004136319965,Kununurra,"Kimberley, Western Australia"
2004-09-29,0.0,29.17004136319965,Kununurra,"Kimberley, Western Australia"
2004-09-30,7.863108519270395,29.17004136319965,Kununurra,"Kimberley, Western Australia"
2004-10-01,0.0,27.152978410713445,Kununurra,"Kimberley, Western Australia"
2004-10-02,0.0,27.152978410713445,Kununurra,"Kimberley, Western Australia"
2004-10-03,0.0,27.152978410713445,Kununurra,"Kimberley, Western Australia"
2004-10-04,0.0,27.152978410713445,Kununurra,"Kimberley, Western Australia"
2004-10-05,0.0,27.152978410713445,Kununurra,"Kimberley, Western Australia"
2004-10-06,5.94223597123698,27.152978410713445,Kununurra,"Kimberley, Western Australia"
2004-10-07,0.0,27.152978410713445,Kununurra,"Kimberley, Western Australia"
2004-10-08,0.0,27.152978410713445,Kununurra,"Kimberley, Western Australia"
2004-10-09,0.0,27.152978410713445,Kununurra,"Kimberley, Western Australia"
2004-10-10,6.505204141148265,27.152978410713445,Kununurra,"Kimberley, Western Australia"
2004-10-11,0.0,27.152978410713445,Kununurra,"Kimberley, Western Australia"
2004-10-12,0.0,27.152978410713445,Kununurra,"Kimberley, Western Australia"
2004-10-13,1.4313397862243384,27.152978410713445,Kununurra,"Kimberley, Western Australia"
2004-10-14,0.0,27.152978410713445,Kununurra,"Kimberley, Western Australia"
2004-10-15,0.0,27.152978410713445,Kununurra,"Kimberley, Western Australia"
2004-10-16,0.0,27.152978410713445,Kununurra,"Kimberley, Western Australia"
2004-10-17,0.0,27.152978410713445,Kununurra,"Kimberley, Western Australia"
2004-10-18,4.504605251056034,27.152978410713445,Kununurra,"Kimberley, Western Australia"
2004-10-19,4.364619884710864,27.152978410713445,Kununurra,"Kimberley, Western Australia"
2004-10-20,0.0,27.152978410713445,Kununurra,"Kimberley, Western Australia"
2004-10-21,0.0,27.152978410713445,Kununurra,"Kimberley, Western Australia"
2004-10-22,0.0,27.152978410713445,Kununurra,"Kimberley, Western Australia"
2004-10-23,0.0,27.152978410713445,Kununurra,"Kimberley, Western Australia"
2004-10-24,0.0,27.152978410713445,Kununurra,"Kimberley, Western Australia"
2004-10-25,0.0,27.152978410713445,Kununurra,"Kimberley, Western Australia"
2004-10-26,0.9746097751568878,27.152978410713445,Kununurra,"Kimberley, Western Australia"
2004-10-27,0.0,27.152978410713445,Kununurra,"Kimberley, Western Australia"
2004-10-28,3.4303636011800736,27.152978410713445,Kununurra,"Kimberley, Western Australia"
2004-10-29,0.0,27.152978410713445,Kununurra,"Kimberley, Western Australia"
2004-10-30,0.0,27.152978410713445,Kununurra,"Kimberley, Western Australia"
2004-10-31,0.0,27.152978410713445,Kununurra,"Kimberley, Western Australia"
2004-11-01,0.0,36.19538138692898,Kununurra,"Kimberley, Western Australia"
2004-11-02,0.0,36.19538138692898,Kununurra,"Kimberley, Western Australia"
2004-11-03,0.0,36.19538138692898,Kununurra,"Kimberley, Western Australia"
2004-11-04,4.140092055134874,36.19538138692898,Kununurra,"Kimberley, Western Australia"
2004-11-05,2.518023076352601,36.19538138692898,Kununurra,"Kimberley, Western Australia"
2004-11-06,0.0,36.19538138692898,Kununurra,"Kimberley, Western Australia"
2004-11-07,0.0,36.19538138692898,Kununurra,"Kimberley, Western Australia"
2004-11-08,5.01994423851879,36.19538138692898,Kununurra,"Kimberley, Western Australia"
2004-11-09,0.0,36.19538138692898,Kununurra,"Kimberley, Western Australia"
2004-11-10,0.0,36.19538138692898,Kununurra,"Kimberley, Western Australia"
2004-11-11,5.479006563194444,36.19538138692898,Kununurra,"Kimberley, Western Australia"
2004-11-12,1.9226729937523794,36.19538138692898,Kununurra,"Kimberley, Western Australia"
2004-11-13,0.0,36.19538138692898,Kununurra,"Kimberley, Western Australia"
2004-11-14,0.0,36.19538138692898,Kununurra,"Kimberley, Western Australia"
2004-11-15,0.0,36.19538138692898,Kununurra,"Kimberley, Western Australia"
2004-11-16,2.2211834482482624,36.19538138692898,Kununurra,"Kimberley, Western Australia"
2004-11-17,0.0,36.19538138692898,Kununurra,"Kimberley, Western Australia"
2004-11-18,4.896650503124781,36.19538138692898,Kununurra,"Kimberley, Western Australia"
2004-11-19,0.0,36.19538138692898,Kununurra,"Kimberley, Western Australia"
2004-11-20,0.0,36.19538138692898,Kununurra,"Kimberley, Western Australia"
2004-11-21,0.0,36.19538138692898,Kununurra,"Kimberley, Western Australia"
2004-11-22,0.0,36.19538138692898,Kununurra,"Kimberley, Western Australia"
2004-11-23,0.0,36.19538138692898,Kununurra,"Kimberley, Western Australia"
2004-11-24,6.467930450437915,36.19538138692898,Kununurra,"Kimberley, Western Australia"
2004-11-25,0.0,36.19538138692898,Kununurra,"Kimberley, Western Australia"
2004-11-26,3.5298780581649343,36.19538138692898,Kununurra,"Kimberley, Western Australia"
2004-11-27,0.0,36.19538138692898,Kununurra,"Kimberley, Western Australia"
2004-11-28,0.0,36.19538138692898,Kununurra,"Kimberley, Western Australia"
2004-11-29,0.0,36.19538138692898,Kununurra,"Kimberley, Western Australia"
2004-11-30,0.0,36.19538138692898,Kununurra,"Kimberley, Western Australia"
2004-12-01,5.161752700785261,73.06867660655165,Kununurra,"Kimberley, Western Australia"
2004-12-02,4.027066909683842,73.06867660655165,Kununurra,"Kimberley, Western Australia"
2004-12-03,0.0,73.06867660655165,Kununurra,"Kimberley, Western Australia"
2004-12-04,0.0,73.06867660655165,Kununurra,"Kimberley, Western Australia"
2004-12-05,0.0,73.06867660655165,Kununurra,"Kimberley, Western Australia"
2004-12-06,0.0,73.06867660655165,Kununurra,"Kimberley, Western Australia"
2004-12-07,1.072019514513733,73.06867660655165,Kununurra,"Kimberley, Western Australia"
2004-12-08,0.0,73.06867660655165,Kununurra,"Kimberley, Western Australia"
2004-12-09,2.4928864425933153,73.06867660655165,Kununurra,"Kimberley, Western Australia"
2004-12-10,0.0,73.06867660655165,Kununurra,"Kimberley, Western Australia"
2004-12-11,9.824675566445933,73.06867660655165,Kununurra,"Kimberley, Western Australia"
2004-12-12,4.8074470580944055,73.06867660655165,Kununurra,"Kimberley, Western Australia"
2004-12-13,0.0,73.06867660655165,Kununurra,"Kimberley, Western Australia"
2004-12-14,6.540341144851546,73.06867660655165,Kununurra,"Kimberley, Western Australia"
2004-12-15,0.0,73.06867660655165,Kununurra,"Kimberley, Western Australia"
2004-12-16,0.0,73.06867660655165,Kununurra,"Kimberley, Western Australia"
2004-12-17,0.0,73.06867660655165,Kununurra,"Kimberley, Western Australia"
2004-12-18,0.0,73.06867660655165,Kununurra,"Kimberley, Western Australia"
2004-12-19,0.0,73.06867660655165,Kununurra,"Kimberley, Western Australia"
2004-12-20,2.8657028719607727,73.06867660655165,Kununurra,"Kimberley, Western Australia"
2004-12-21,0.0,73.06867660655165,Kununurra,"Kimberley, Western Australia"
2004-12-22,0.0,73.06867660655165,Kununurra,"Kimberley, Western Australia"
2004-12-23,0.0,73.06867660655165,Kununurra,"Kimberley, Western Australia"
2004-12-24,7.081305292669882,73.06867660655165,Kununurra,"Kimberley, Western Australia"
2004-12-25,0.0,73.06867660655165,Kununurra,"Kimberley, Western Australia"
2004-12-26,0.0,73.06867660655165,Kununurra,"Kimberley, Western Australia"
2004-12-27,0.0,73.06867660655165,Kununurra,"Kimberley, Western Australia"
2004-12-28,0.0,73.06867660655165,Kununurra,"Kimberley, Western Australia"
2004-12-29,13.866151709102283,73.06867660655165,Kununurra,"Kimberley, Western Australia"
2004-12-30,3.431533018008124,73.06867660655165,Kununurra,"Kimberley, Western Australia"
2004-12-31,11.897794377842551,73.06867660655165,Kununurra,"Kimberley, Western Australia"
2005-01-01,0.0,60.31761738075711,Kununurra,"Kimberley, Western Australia"
2005-01-02,5.507442115839561,60.31761738075711,Kununurra,"Kimberley, Western Australia"
2005-01-03,0.0,60.31761738075711,Kununurra,"Kimberley, Western Australia"
2005-01-04,0.0,60.31761738075711,Kununurra,"Kimberley, Western Australia"
2005-01-05,0.0,60.31761738075711,Kununurra,"Kimberley, Western Australia"
2005-01-06,0.0,60.31761738075711,Kununurra,"Kimberley, Western Australia"
2005-01-07,11.32105027760083,60.31761738075711,Kununurra,"Kimberley, Western Australia"
2005-01-08,0.0,60.31761738075711,Kununurra,"Kimberley, Western Australia"
2005-01-09,0.0,60.31761738075711,Kununurra,"Kimberley, Western Australia"
2005-01-10,0.0,60.31761738075711,Kununurra,"Kimberley, Western Australia"
2005-01-11,0.0,60.31761738075711,Kununurra,"Kimberley, Western Australia"
2005-01-12,0.0,60.31761738075711,Kununurra,"Kimberley, Western Australia"
2005-01-13,2.4776590735622346,60.31761738075711,Kununurra,"Kimberley, Western Australia"
2005-01-14,0.0,60.31761738075711,Kununurra,"Kimberley, Western Australia"
2005-01-15,7.41686392778269,60.31761738075711,Kununurra,"Kimberley, Western Australia"
2005-01-16,2.3328942091963665,60.31761738075711,Kununurra,"Kimberley, Western Australia"
2005-01-17,0.0,60.31761738075711,Kununurra,"Kimberley, Western Australia"
2005-01-18,0.0,60.31761738075711,Kununurra,"Kimberley, Western Australia"
2005-01-19,0.0,60.31761738075711,Kununurra,"Kimberley, Western Australia"
2005-01-20,0.0,60.31761738075711,Kununurra,"Kimberley, Western Australia"
2005-01-21,7.140817683497442,60.31761738075711,Kununurra,"Kimberley, Western Australia"
2005-01-22,0.0,60.31761738075711,Kununurra,"Kimberley, Western Australia"
2005-01-23,4.956225521918892,60.31761738075711,Kununurra,"Kimberley, Western Australia"
2005-01-24,9.546402414449503,60.31761738075711,Kununurra,"Kimberley, Western Australia"
2005-01-25,0.0,60.31761738075711,Kununurra,"Kimberley, Western Australia"
2005-01-26,0.0,60.31761738075711,Kununurra,"Kimberley, Western Australia"
2005-01-27,5.227560283215991,60.31761738075711,Kununurra,"Kimberley, Western Australia"
2005-01-28,4.390701873693604,60.31761738075711,Kununurra,"Kimberley, Western Australia"
2005-01-29,0.0,60.31761738075711,Kununurra,"Kimberley, Western Australia"
2005-01-30,0.0,60.31761738075711,Kununurra,"Kimberley, Western Australia"
2005-01-31,0.0,60.31761738075711,Kununurra,"Kimberley, Western Australia"
2005-02-01,0.0,35.29603058822065,Kununurra,"Kimberley, Western Australia"
2005-02-02,0.0,35.29603058822065,Kununurra,"Kimberley, Western Australia"
2005-02-03,0.0,35.29603058822065,Kununurra,"Kimberley, Western Australia"
2005-02-04,1.6955536540637264,35.29603058822065,Kununurra,"Kimberley, Western Australia"
2005-02-05,5.561765067302548,35.29603058822065,Kununurra,"Kimberley, Western Australia"
2005-02-06,0.0,35.29603058822065,Kununurra,"Kimberley, Western Australia"
2005-02-07,0.0,35.29603058822065,Kununurra,"Kimberley, Western Australia"
2005-02-08,0.0,35.29603058822065,Kununurra,"Kimberley, Western Australia"
2005-02-09,0.0,35.29603058822065,Kununurra,"Kimberley, Western Australia"
2005-02-10,0.0,35.29603058822065,Kununurra,"Kimberley, Western Australia"
2005-02-11,14.891737656981237,35.29603058822065,Kununurra,"Kimberley, Western Australia"
2005-02-12,0.0,35.29603058822065,Kununurra,"Kimberley, Western Australia"
2005-02-13,0.0,35.29603058822065,Kununurra,"Kimberley, Western Australia"
2005-02-14,0.0,35.29603058822065,Kununurra,"Kimberley, Western Australia"
2005-02-15,3.194502124253603,35.29603058822065,Kununurra,"Kimberley, Western Australia"
2005-02-16,0.0,35.29603058822065,Kununurra,"Kimberley, Western Australia"
2005-02-17,0.0,35.29603058822065,Kununurra,"Kimberley, Western Australia"
2005-02-18,0.0,35.29603058822065,Kununurra,"Kimberley, Western Australia"
2005-02-19,4.422726062268935,35.29603058822065,Kununurra,"Kimberley, Western Australia"
2005-02-20,0.0,35.29603058822065,Kununurra,"Kimberley, Western Australia"
2005-02-21,0.0,35.29603058822065,Kununurra,"Kimberley, Western Australia"
2005-02-22,0.0,35.29603058822065,Kununurra,"Kimberley, Western Australia"
2005-02-23,5.529746023350606,35.29603058822065,Kununurra,"Kimberley, Western Australia"
2005-02-24,0.0,35.29603058822065,Kununurra,"Kimberley, Western Australia"
2005-02-25,0.0,35.29603058822065,Kununurra,"Kimberley, Western Australia"
2005-02-26,0.0,35.29603058822065,Kununurra,"Kimberley, Western Australia"
2005-02-27,0.0,35.29603058822065,Kununurra,"Kimberley, Western Australia"
2005-02-28,0.0,35.29603058822065,Kununurra,"Kimberley, Western Australia"
2005-03-01,0.0,64.68293493344274,Kununurra,"Kimberley, Western Australia"
2005-03-02,0.0,64.68293493344274,Kununurra,"Kimberley, Western Australia"
2005-03-03,4.140898331341171,64.68293493344274,Kununurra,"Kimberley, Western Australia"
2005-03-04,0.0,64.68293493344274,Kununurra,"Kimberley, Western Australia"
2005-03-05,0.0,64.68293493344274,Kununurra,"Kimberley, Western Australia"
2005-03-06,0.0,64.68293493344274,Kununurra,"Kimberley, Western Australia"
2005-03-07,0.0,64.68293493344274,Kununurra,"Kimberley, Western Australia"
2005-03-08,0.0,64.68293493344274,Kununurra,"Kimberley, Western Australia"
2005-03-09,0.0,64.68293493344274,Kununurra,"Kimberley, Western Australia"
2005-03-10,0.0,64.68293493344274,Kununurra,"Kimberley, Western Australia"
2005-03-11,10.47487591443697,64.68293493344274,Kununurra,"Kimberley, Western Australia"
2005-03-12,0.0,64.68293493344274,Kununurra,"Kimberley, Western Australia"
2005-03-13,0.0,64.68293493344274,Kununurra,"Kimberley, Western Australia"
2005-03-14,0.0,64.68293493344274,Kununurra,"Kimberley, Western Australia"
2005-03-15,0.0,64.68293493344274,Kununurra,"Kimberley, Western Australia"
2005-03-16,0.0,64.68293493344274,Kununurra,"Kimberley, Western Australia"
2005-03-17,10.666708162535619,64.68293493344274,Kununurra,"Kimberley, Western Australia"
2005-03-18,0.0,64.68293493344274,Kununurra,"Kimberley, Western Australia"
2005-03-19,0.0,64.68293493344274,Kununurra,"Kimberley, Western Australia"
2005-03-20,0.0,64.68293493344274,Kununurra,"Kimberley, Western Australia"
2005-03-21,1.4800810163483606,64.68293493344274,Kununurra,"Kimberley, Western Australia"
2005-03-22,0.0,64.68293493344274,Kununurra,"Kimberley, Western Australia"
2005-03-23,2.777618811853841,64.68293493344274,Kununurra,"Kimberley, Western Australia"
2005-03-24,0.0,64.68293493344274,Kununurra,"Kimberley, Western Australia"
2005-03-25,13.234712633505005,64.68293493344274,Kununurra,"Kimberley, Western Australia"
2005-03-26,0.0,64.68293493344274,Kununurra,"Kimberley, Western Australia"
2005-03-27,0.0,64.68293493344274,Kununurra,"Kimberley, Western Australia"
2005-03-28,0.0,64.68293493344274,Kununurra,"Kimberley, Western Australia"
2005-03-29,0.0,64.68293493344274,Kununurra,"Kimberley, Western Australia"
2005-03-30,5.642540040972355,64.68293493344274,Kununurra,"Kimberley, Western Australia"
2005-03-31,16.26550002244942,64.68293493344274,Kununurra,"Kimberley, Western Australia"
2005-04-01,0.0,26.38740245756482,Kununurra,"Kimberley, Western Australia"
2005-04-02,0.0,26.38740245756482,Kununurra,"Kimberley, Western Australia"
2005-04-03,2.770471573128241,26.38740245756482,Kununurra,"Kimberley, Western Australia"
2005-04-04,8.884446384039144,26.38740245756482,Kununurra,"Kimberley, Western Australia"
2005-04-05,0.0,26.38740245756482,Kununurra,"Kimberley, Western Australia"
2005-04-06,1.3675042814687006,26.38740245756482,Kununurra,"Kimberley, Western Australia"
2005-04-07,0.0,26.38740245756482,Kununurra,"Kimberley, Western Australia"
2005-04-08,0.0,26.38740245756482,Kununurra,"Kimberley, Western Australia"
2005-04-09,0.0,26.38740245756482,Kununurra,"Kimberley, Western Australia"
2005-04-10,4.587564036097115,26.38740245756482,Kununurra,"Kimberley, Western Australia"
2005-04-11,1.3059179937837162,26.38740245756482,Kununurra,"Kimberley, Western Australia"
2005-04-12,0.0,26.38740245756482,Kununurra,"Kimberley, Western Australia"
2005-04-13,0.0,26.38740245756482,Kununurra,"Kimberley, Western Australia"
2005-04-14,0.0,26.38740245756482,Kununurra,"Kimberley, Western Australia"
2005-04-15,6.305909685888778,26.38740245756482,Kununurra,"Kimberley, Western Australia"
2005-04-16,0.0,26.38740245756482,Kununurra,"Kimberley, Western Australia"
2005-04-17,0.0,26.38740245756482,Kununurra,"Kimberley, Western Australia"
2005-04-18,0.0,26.38740245756482,Kununurra,"Kimberley, Western Australia"
2005-04-19,0.0,26.38740245756482,Kununurra,"Kimberley, Western Australia"
2005-04-20,0.0,26.38740245756482,Kununurra,"Kimberley, Western Australia"
2005-04-21,0.0,26.38740245756482,Kununurra,"Kimberley, Western Australia"
2005-04-22,0.0,26.38740245756482,Kununurra,"Kimberley, Western Australia"
2005-04-23,0.0,26.38740245756482,Kununurra,"Kimberley, Western Australia"
2005-04-24,0.0,26.38740245756482,Kununurra,"Kimberley, Western Australia"
2005-04-25,0.0,26.38740245756482,Kununurra,"Kimberley, Western Australia"
2005-04-26,0.0,26.38740245756482,Kununurra,"Kimberley, Western Australia"
2005-04-27,1.1655885031591278,26.38740245756482,Kununurra,"Kimberley, Western Australia"
2005-04-28,0.0,26.38740245756482,Kununurra,"Kimberley, Western Australia"
2005-04-29,0.0,26.38740245756482,Kununurra,"Kimberley, Western Australia"
2005-04-30,0.0,26.38740245756482,Kununurra,"Kimberley, Western Australia"
2005-05-01,0.0,29.545590782534042,Kununurra,"Kimberley, Western Australia"
2005-05-02,0.0,29.545590782534042,Kununurra,"Kimberley, Western Australia"
2005-05-03,0.0,29.545590782534042,Kununurra,"Kimberley, Western Australia"
2005-05-04,0.0,29.545590782534042,Kununurra,"Kimberley, Western Australia"
2005-05-05,6.8991851154533546,29.545590782534042,Kununurra,"Kimberley, Western Australia"
2005-05-06,0.0,29.545590782534042,Kununurra,"Kimberley, Western Australia"
2005-05-07,0.0,29.545590782534042,Kununurra,"Kimberley, Western Australia"
2005-05-08,0.0,29.545590782534042,Kununurra,"Kimberley, Western Australia"
2005-05-09,0.0,29.545590782534042,Kununurra,"Kimberley, Western Australia"
2005-05-10,0.0,29.545590782534042,Kununurra,"Kimberley, Western Australia"
2005-05-11,0.0,29.545590782534042,Kununurra,"Kimberley, Western Australia"
2005-05-12,0.0,29.545590782534042,Kununurra,"Kimberley, Western Australia"
2005-05-13,0.0,29.545590782534042,Kununurra,"Kimberley, Western Australia"
2005-05-14,0.0,29.545590782534042,Kununurra,"Kimberley, Western Australia"
2005-05-15,5.081855956294822,29.545590782534042,Kununurra,"Kimberley, Western Australia"
2005-05-16,0.0,29.545590782534042,Kununurra,"Kimberley, Western Australia"
2005-05-17,4.180754264465655,29.545590782534042,Kununurra,"Kimberley, Western Australia"
2005-05-18,0.0,29.545590782534042,Kununurra,"Kimberley, Western Australia"
2005-05-19,0.0,29.545590782534042,Kununurra,"Kimberley, Western Australia"
2005-05-20,3.475257751907731,29.545590782534042,Kununurra,"Kimberley, Western Australia"
2005-05-21,0.0,29.545590782534042,Kununurra,"Kimberley, Western Australia"
2005-05-22,7.663269893803683,29.545590782534042,Kununurra,"Kimberley, Western Australia"
2005-05-23,0.0,29.545590782534042,Kununurra,"Kimberley, Western Australia"
2005-05-24,0.0,29.545590782534042,Kununurra,"Kimberley, Western Australia"
2005-05-25,0.0,29.545590782534042,Kununurra,"Kimberley, Western Australia"
2005-05-26,0.0,29.545590782534042,Kununurra,"Kimberley, Western Australia"
2005-05-27,2.245267800608796,29.545590782534042,Kununurra,"Kimberley, Western Australia"
2005-05-28,0.0,29.545590782534042,Kununurra,"Kimberley, Western Australia"
2005-05-29,0.0,29.545590782534042,Kununurra,"Kimberley, Western Australia"
2005-05-30,0.0,29.545590782534042,Kununurra,"Kimberley, Western Australia"
2005-05-31,0.0,29.545590782534042,Kununurra,"Kimberley, Western Australia"
2005-06-01,3.0294336491263403,48.25731462436347,Kununurra,"Kimberley, Western Australia"
2005-06-02,0.0,48.25731462436347,Kununurra,"Kimberley, Western Australia"
2005-06-03,0.0,48.25731462436347,Kununurra,"Kimberley, Western Australia"
2005-06-04,0.0,48.25731462436347,Kununurra,"Kimberley, Western Australia"
2005-06-05,0.0,48.25731462436347,Kununurra,"Kimberley, Western Australia"
2005-06-06,16.189087391611363,48.25731462436347,Kununurra,"Kimberley, Western Australia"
2005-06-07,7.538676761767814,48.25731462436347,Kununurra,"Kimberley, Western Australia"
2005-06-08,0.0,48.25731462436347,Kununurra,"Kimberley, Western Australia"
2005-06-09,0.0,48.25731462436347,Kununurra,"Kimberley, Western Australia"
2005-06-10,0.0,48.25731462436347,Kununurra,"Kimberley, Western Australia"
2005-06-11,0.0,48.25731462436347,Kununurra,"Kimberley, Western Australia"
2005-06-12,0.0,48.25731462436347,Kununurra,"Kimberley, Western Australia"
2005-06-13,0.0,48.25731462436347,Kununurra,"Kimberley, Western Australia"
2005-06-14,0.0,48.25731462436347,Kununurra,"Kimberley, Western Australia"
2005-06-15,0.0,48.25731462436347,Kununurra,"Kimberley, Western Australia"
2005-06-16,0.0,48.25731462436347,Kununurra,"Kimberley, Western Australia"
2005-06-17,0.0,48.25731462436347,Kununurra,"Kimberley, Western Australia"
2005-06-18,5.049028745072569,48.25731462436347,Kununurra,"Kimberley, Western Australia"
2005-06-19,10.294793297935799,48.25731462436347,Kununurra,"Kimberley, Western Australia"
2005-06-20,0.0,48.25731462436347,Kununurra,"Kimberley, Western Australia"
2005-06-21,0.0,48.25731462436347,Kununurra,"Kimberley, Western Australia"
2005-06-22,3.088041611104832,48.25731462436347,Kununurra,"Kimberley, Western Australia"
2005-06-23,0.0,48.25731462436347,Kununurra,"Kimberley, Western Australia"
2005-06-24,0.0,48.25731462436347,Kununurra,"Kimberley, Western Australia"
2005-06-25,0.0,48.25731462436347,Kununurra,"Kimberley, Western Australia"
2005-06-26,0.0,48.25731462436347,Kununurra,"Kimberley, Western Australia"
2005-06-27,1.7191217606729463,48.25731462436347,Kununurra,"Kimberley, Western Australia"
2005-06-28,0.0,48.25731462436347,Kununurra,"Kimberley, Western Australia"
2005-06-29,1.3491314070718041,48.25731462436347,Kununurra,"Kimberley, Western Australia"
2005-06-30,0.0,48.25731462436347,Kununurra,"Kimberley, Western Australia"
2005-07-01,0.0,33.903728537084305,Kununurra,"Kimberley, Western Australia"
2005-07-02,0.0,33.903728537084305,Kununurra,"Kimberley, Western Australia"
2005-07-03,4.8175484159813635,33.903728537084305,Kununurra,"Kimberley, Western Australia"
2005-07-04,5.113401112723105,33.903728537084305,Kununurra,"Kimberley, Western Australia"
2005-07-05,10.462910280275679,33.903728537084305,Kununurra,"Kimberley, Western Australia"
2005-07-06,7.350780690077292,33.903728537084305,Kununurra,"Kimberley, Western Australia"
2005-07-07,0.0,33.903728537084305,Kununurra,"Kimberley, Western Australia"
2005-07-08,0.0,33.903728537084305,Kununurra,"Kimberley, Western Australia"
2005-07-09,0.0,33.903728537084305,Kununurra,"Kimberley, Western Australia"
2005-07-10,6.159088038026866,33.903728537084305,Kununurra,"Kimberley, Western Australia"
2005-07-11,0.0,33.903728537084305,Kununurra,"Kimberley, Western Australia"
2005-07-12,0.0,33.903728537084305,Kununurra,"Kimberley, Western Australia"
2005-07-13,0.0,33.903728537084305,Kununurra,"Kimberley, Western Australia"
2005-07-14,0.0,33.903728537084305,Kununurra,"Kimberley, Western Australia"
2005-07-15,0.0,33.903728537084305,Kununurra,"Kimberley, Western Australia"
2005-07-16,0.0,33.903728537084305,Kununurra,"Kimberley, Western Australia"
2005-07-17,0.0,33.903728537084305,Kununurra,"Kimberley, Western Australia"
2005-07-18,0.0,33.903728537084305,Kununurra,"Kimberley, Western Australia"
2005-07-19,0.0,33.903728537084305,Kununurra,"Kimberley, Western Australia"
2005-07-20,0.0,33.903728537084305,Kununurra,"Kimberley, Western Australia"
2005-07-21,0.0,33.903728537084305,Kununurra,"Kimberley, Western Australia"
2005-07-22,0.0,33.903728537084305,Kununurra,"Kimberley, Western Australia"
2005-07-23,0.0,33.903728537084305,Kununurra,"Kimberley, Western Australia"
2005-07-24,0.0,33.903728537084305,Kununurra,"Kimberley, Western Australia"
2005-07-25,0.0,33.903728537084305,Kununurra,"Kimberley, Western Australia"
2005-07-26,0.0,33.903728537084305,Kununurra,"Kimberley, Western Australia"
2005-07-27,0.0,33.903728537084305,Kununurra,"Kimberley, Western Australia"
2005-07-28,0.0,33.903728537084305,Kununurra,"Kimberley, Western Australia"
2005-07-29,0.0,33.903728537084305,Kununurra,"Kimberley, Western Australia"
2005-07-30,0.0,33.903728537084305,Kununurra,"Kimberley, Western Australia"
2005-07-31,0.0,33.903728537084305,Kununurra,"Kimberley, Western Australia"
2005-08-01,0.0,23.93635632381352,Kununurra,"Kimberley, Western Australia"
2005-08-02,0.0,23.93635632381352,Kununurra,"Kimberley, Western Australia"
2005-08-03,0.0,23.93635632381352,Kununurra,"Kimberley, Western Australia"
2005-08-04,0.0,23.93635632381352,Kununurra,"Kimberley, Western Australia"
2005-08-05,0.0,23.93635632381352,Kununurra,"Kimberley, Western Australia"
2005-08-06,0.0,23.93635632381352,Kununurra,"Kimberley, Western Australia"
2005-08-07,0.0,23.93635632381352,Kununurra,"Kimberley, Western Australia"
2005-08-08,0.0,23.93635632381352,Kununurra,"Kimberley, Western Australia"
2005-08-09,0.0,23.93635632381352,Kununurra,"Kimberley, Western Australia"
2005-08-10,0.0,23.93635632381352,Kununurra,"Kimberley, Western Australia"
2005-08-11,0.0,23.93635632381352,Kununurra,"Kimberley, Western Australia"
2005-08-12,4.598990813355884,23.93635632381352,Kununurra,"Kimberley, Western Australia"
2005-08-13,0.0,23.93635632381352,Kununurra,"Kimberley, Western Australia"
2005-08-14,0.0,23.93635632381352,Kununurra,"Kimberley, Western Australia"
2005-08-15,0.0,23.93635632381352,Kununurra,"Kimberley, Western Australia"
2005-08-16,0.0,23.93635632381352,Kununurra,"Kimberley, Western Australia"
2005-08-17,0.0,23.93635632381352,Kununurra,"Kimberley, Western Australia"
2005-08-18,0.0,23.93635632381352,Kununurra,"Kimberley, Western Australia"
2005-08-19,0.0,23.93635632381352,Kununurra,"Kimberley, Western Australia"
2005-08-20,0.0,23.93635632381352,Kununurra,"Kimberley, Western Australia"
2005-08-21,4.254693288281121,23.93635632381352,Kununurra,"Kimberley, Western Australia"
2005-08-22,2.928985397370756,23.93635632381352,Kununurra,"Kimberley, Western Australia"
2005-08-23,0.0,23.93635632381352,Kununurra,"Kimberley, Western Australia"
2005-08-24,1.5687105935651258,23.93635632381352,Kununurra,"Kimberley, Western Australia"
2005-08-25,2.12068676901637,23.93635632381352,Kununurra,"Kimberley, Western Australia"
2005-08-26,8.464289462224263,23.93635632381352,Kununurra,"Kimberley, Western Australia"
2005-08-27,0.0,23.93635632381352,Kununurra,"Kimberley, Western Australia"
2005-08-28,0.0,23.93635632381352,Kununurra,"Kimberley, Western Australia"
2005-08-29,0.0,23.93635632381352,Kununurra,"Kimberley, Western Australia"
2005-08-30,0.0,23.93635632381352,Kununurra,"Kimberley, Western Australia"
2005-08-31,0.0,23.93635632381352,Kununurra,"Kimberley, Western Australia"
2005-09-01,0.0,71.81088182589653,Kununurra,"Kimberley, Western Australia"
2005-09-02,0.0,71.81088182589653,Kununurra,"Kimberley, Western Australia"
2005-09-03,17.639554015626977,71.81088182589653,Kununurra,"Kimberley, Western Australia"
2005-09-04,0.0,71.81088182589653,Kununurra,"Kimberley, Western Australia"
2005-09-05,0.0,71.81088182589653,Kununurra,"Kimberley, Western Australia"
2005-09-06,0.0,71.81088182589653,Kununurra,"Kimberley, Western Australia"
2005-09-07,0.0,71.81088182589653,Kununurra,"Kimberley, Western Australia"
2005-09-08,0.0,71.81088182589653,Kununurra,"Kimberley, Western Australia"
2005-09-09,9.576822709768134,71.81088182589653,Kununurra,"Kimberley, Western Australia"
2005-09-10,0.0,71.81088182589653,Kununurra,"Kimberley, Western Australia"
2005-09-11,0.0,71.81088182589653,Kununurra,"Kimberley, Western Australia"
2005-09-12,0.0,71.81088182589653,Kununurra,"Kimberley, Western Australia"
2005-09-13,0.0,71.81088182589653,Kununurra,"Kimberley, Western Australia"
2005-09-14,0.0,71.81088182589653,Kununurra,"Kimberley, Western Australia"
2005-09-15,0.0,71.81088182589653,Kununurra,"Kimberley, Western Australia"
2005-09-16,9.826405689984378,71.81088182589653,Kununurra,"Kimberley, Western Australia"
2005-09-17,5.758979417703152,71.81088182589653,Kununurra,"Kimberley, Western Australia"
2005-09-18,13.51486413258321,71.81088182589653,Kununurra,"Kimberley, Western Australia"
2005-09-19,0.0,71.81088182589653,Kununurra,"Kimberley, Western Australia"
2005-09-20,0.0,71.81088182589653,Kununurra,"Kimberley, Western Australia"
2005-09-21,0.0,71.81088182589653,Kununurra,"Kimberley, Western Australia"
2005-09-22,0.0,71.81088182589653,Kununurra,"Kimberley, Western Australia"
2005-09-23,0.0,71.81088182589653,Kununurra,"Kimberley, Western Australia"
2005-09-24,2.167736538423125,71.81088182589653,Kununurra,"Kimberley, Western Australia"
2005-09-25,0.0,71.81088182589653,Kununurra,"Kimberley, Western Australia"
2005-09-26,0.0,71.81088182589653,Kununurra,"Kimberley, Western Australia"
2005-09-27,0.0,71.81088182589653,Kununurra,"Kimberley, Western Australia"
2005-09-28,0.0,71.81088182589653,Kununurra,"Kimberley, Western Australia"
2005-09-29,13.326519321807549,71.81088182589653,Kununurra,"Kimberley, Western Australia"
2005-09-30,0.0,71.81088182589653,Kununurra,"Kimberley, Western Australia"
2005-10-01,7.378844067632798,53.51568251420153,Kununurra,"Kimberley, Western Australia"
2005-10-02,0.0,53.51568251420153,Kununurra,"Kimberley, Western Australia"
2005-10-03,0.0,53.51568251420153,Kununurra,"Kimberley, Western Australia"
2005-10-04,9.731705835926993,53.51568251420153,Kununurra,"Kimberley, Western Australia"
2005-10-05,0.0,53.51568251420153,Kununurra,"Kimberley, Western Australia"
2005-10-06,0.0,53.51568251420153,Kununurra,"Kimberley, Western Australia"
2005-10-07,0.0,53.51568251420153,Kununurra,"Kimberley, Western Australia"
2005-10-08,0.0,53.51568251420153,Kununurra,"Kimberley, Western Australia"
2005-10-09,0.0,53.51568251420153,Kununurra,"Kimberley, Western Australia"
2005-10-10,0.0,53.51568251420153,Kununurra,"Kimberley, Western Australia"
2005-10-11,0.0,53.51568251420153,Kununurra,"Kimberley, Western Australia"
2005-10-12,0.0,53.51568251420153,Kununurra,"Kimberley, Western Australia"
2005-10-13,0.0,53.51568251420153,Kununurra,"Kimberley, Western Australia"
2005-10-14,0.0,53.51568251420153,Kununurra,"Kimberley, Western Australia"
2005-10-15,0.0,53.51568251420153,Kununurra,"Kimberley, Western Australia"
2005-10-16,0.0,53.51568251420153,Kununurra,"Kimberley, Western Australia"
2005-10-17,0.0,53.51568251420153,Kununurra,"Kimberley, Western Australia"
2005-10-18,0.0,53.51568251420153,Kununurra,"Kimberley, Western Australia"
2005-10-19,5.51227116013664,53.51568251420153,Kununurra,"Kimberley, Western Australia"
2005-10-20,0.0,53.51568251420153,Kununurra,"Kimberley, Western Australia"
2005-10-21,0.0,53.51568251420153,Kununurra,"Kimberley, Western Australia"
2005-10-22,12.100439139327046,53.51568251420153,Kununurra,"Kimberley, Western Australia"
2005-10-23,0.0,53.51568251420153,Kununurra,"Kimberley, Western Australia"
2005-10-24,0.0,53.51568251420153,Kununurra,"Kimberley, Western Australia"
2005-10-25,1.956722225984386,53.51568251420153,Kununurra,"Kimberley, Western Australia"
2005-10-26,0.0,53.51568251420153,Kununurra,"Kimberley, Western Australia"
2005-10-27,0.0,53.51568251420153,Kununurra,"Kimberley, Western Australia"
2005-10-28,11.614383968641441,53.51568251420153,Kununurra,"Kimberley, Western Australia"
2005-10-29,0.0,53.51568251420153,Kununurra,"Kimberley, Western Australia"
2005-10-30,5.221316116552229,53.51568251420153,Kununurra,"Kimberley, Western Australia"
2005-10-31,0.0,53.51568251420153,Kununurra,"Kimberley, Western Australia"
2005-11-01,0.0,21.745514009121017,Kununurra,"Kimberley, Western Australia"
2005-11-02,0.0,21.745514009121017,Kununurra,"Kimberley, Western Australia"
2005-11-03,5.566377937347547,21.745514009121017,Kununurra,"Kimberley, Western Australia"
2005-11-04,0.0,21.745514009121017,Kununurra,"Kimberley, Western Australia"
2005-11-05,0.0,21.745514009121017,Kununurra,"Kimberley, Western Australia"
2005-11-06,0.0,21.745514009121017,Kununurra,"Kimberley, Western Australia"
2005-11-07,0.0,21.745514009121017,Kununurra,"Kimberley, Western Australia"
2005-11-08,0.0,21.745514009121017,Kununurra,"Kimberley, Western Australia"
2005-11-09,0.0,21.745514009121017,Kununurra,"Kimberley, Western Australia"
2005-11-10,0.0,21.745514009121017,Kununurra,"Kimberley, Western Australia"
2005-11-11,0.0,21.745514009121017,Kununurra,"Kimberley, Western Australia"
2005-11-12,0.0,21.745514009121017,Kununurra,"Kimberley, Western Australia"
2005-11-13,0.0,21.745514009121017,Kununurra,"Kimberley, Western Australia"
2005-11-14,0.0,21.745514009121017,Kununurra,"Kimberley, Western Australia"
2005-11-15,0.0,21.745514009121017,Kununurra,"Kimberley, Western Australia"
2005-11-16,0.0,21.745514009121017,Kununurra,"Kimberley, Western Australia"
2005-11-17,0.0,21.745514009121017,Kununurra,"Kimberley, Western Australia"
2005-11-18,2.3574076870141862,21.745514009121017,Kununurra,"Kimberley, Western Australia"
2005-11-19,1.7060730719016477,21.745514009121017,Kununurra,"Kimberley, Western Australia"
2005-11-20,0.0,21.745514009121017,Kununurra,"Kimberley, Western Australia"
2005-11-21,0.0,21.745514009121017,Kununurra,"Kimberley, Western Australia"
2005-11-22,0.0,21.745514009121017,Kununurra,"Kimberley, Western Australia"
2005-11-23,0.0,21.745514009121017,Kununurra,"Kimberley, Western Australia"
2005-11-24,0.0,21.745514009121017,Kununurra,"Kimberley, Western Australia"
2005-11-25,0.0,21.745514009121017,Kununurra,"Kimberley, Western Australia"
2005-11-26,0.0,21.745514009121017,Kununurra,"Kimberley, Western Australia"
2005-11-27,3.57077358226807,21.745514009121017,Kununurra,"Kimberley, Western Australia"
2005-11-28,0.0,21.745514009121017,Kununurra,"Kimberley, Western Australia"
2005-11-29,8.544881730589568,21.745514009121017,Kununurra,"Kimberley, Western Australia"
2005-11-30,0.0,21.745514009121017,Kununurra,"Kimberley, Western Australia"
2005-12-01,0.0,59.159484093703696,Kununurra,"Kimberley, Western Australia"
2005-12-02,0.0,59.159484093703696,Kununurra,"Kimberley, Western Australia"
2005-12-03,0.0,59.159484093703696,Kununurra,"Kimberley, Western Australia"
2005-12-04,6.21103363222177,59.159484093703696,Kununurra,"Kimberley, Western Australia"
2005-12-05,8.896030157087246,59.159484093703696,Kununurra,"Kimberley, Western Australia"
2005-12-06,8.519791979751417,59.159484093703696,Kununurra,"Kimberley, Western Australia"
2005-12-07,0.0,59.159484093703696,Kununurra,"Kimberley, Western Australia"
2005-12-08,0.0,59.159484093703696,Kununurra,"Kimberley, Western Australia"
2005-12-09,0.0,59.159484093703696,Kununurra,"Kimberley, Western Australia"
2005-12-10,0.0,59.159484093703696,Kununurra,"Kimberley, Western Australia"
2005-12-11,0.0,59.159484093703696,Kununurra,"Kimberley, Western Australia"
2005-12-12,0.0,59.159484093703696,Kununurra,"Kimberley, Western Australia"
2005-12-13,5.684904138416051,59.159484093703696,Kununurra,"Kimberley, Western Australia"
2005-12-14,1.619233721423007,59.159484093703696,Kununurra,"Kimberley, Western Australia"
2005-12-15,0.0,59.159484093703696,Kununurra,"Kimberley, Western Australia"
2005-12-16,2.2498068652635226,59.159484093703696,Kununurra,"Kimberley, Western Australia"
2005-12-17,0.0,59.159484093703696,Kununurra,"Kimberley, Western Australia"
2005-12-18,0.0,59.159484093703696,Kununurra,"Kimberley, Western Australia"
2005-12-19,0.0,59.159484093703696,Kununurra,"Kimberley, Western Australia"
2005-12-20,0.0,59.159484093703696,Kununurra,"Kimberley, Western Australia"
2005-12-21,4.231953053413301,59.159484093703696,Kununurra,"Kimberley, Western Australia"
2005-12-22,0.0,59.159484093703696,Kununurra,"Kimberley, Western Australia"
2005-12-23,8.07512799055147,59.159484093703696,Kununurra,"Kimberley, Western Australia"
2005-12-24,10.925100870707404,59.159484093703696,Kununurra,"Kimberley, Western Australia"
2005-12-25,1.496819341914114,59.159484093703696,Kununurra,"Kimberley, Western Australia"
2005-12-26,0.0,59.159484093703696,Kununurra,"Kimberley, Western Australia"
2005-12-27,0.0,59.159484093703696,Kununurra,"Kimberley, Western Australia"
2005-12-28,1.2496823429543937,59.159484093703696,Kununurra,"Kimberley, Western Australia"
2005-12-29,0.0,59.159484093703696,Kununurra,"Kimberley, Western Australia"
2005-12-30,0.0,59.159484093703696,Kununurra,"Kimberley, Western Australia"
2005-12-31,0.0,59.159484093703696,Kununurra,"Kimberley, Western Australia"
2006-01-01,0.0,49.804592780335945,Kununurra,"Kimberley, Western Australia"
2006-01-02,0.0,49.804592780335945,Kununurra,"Kimberley, Western Australia"
2006-01-03,0.0,49.804592780335945,Kununurra,"Kimberley, Western Australia"
2006-01-04,5.636945397075984,49.804592780335945,Kununurra,"Kimberley, Western Australia"
2006-01-05,0.0,49.804592780335945,Kununurra,"Kimberley, Western Australia"
2006-01-06,7.834742714397452,49.804592780335945,Kununurra,"Kimberley, Western Australia"
2006-01-07,0.0,49.804592780335945,Kununurra,"Kimberley, Western Australia"
2006-01-08,1.0741347676933815,49.804592780335945,Kununurra,"Kimberley, Western Australia"
2006-01-09,0.0,49.804592780335945,Kununurra,"Kimberley, Western Australia"
2006-01-10,0.0,49.804592780335945,Kununurra,"Kimberley, Western Australia"
2006-01-11,0.0,49.804592780335945,Kununurra,"Kimberley, Western Australia"
2006-01-12,0.0,49.804592780335945,Kununurra,"Kimberley, Western Australia"
2006-01-13,0.0,49.804592780335945,Kununurra,"Kimberley, Western Australia"
2006-01-14,0.0,49.804592780335945,Kununurra,"Kimberley, Western Australia"
2006-01-15,3.7877191095211913,49.804592780335945,Kununurra,"Kimberley, Western Australia"
2006-01-16,0.0,49.804592780335945,Kununurra,"Kimberley, Western Australia"
2006-01-17,0.0,49.804592780335945,Kununurra,"Kimberley, Western Australia"
2006-01-18,3.6656785044274134,49.804592780335945,Kununurra,"Kimberley, Western Australia"
2006-01-19,3.494015519608414,49.804592780335945,Kununurra,"Kimberley, Western Australia"
2006-01-20,0.0,49.804592780335945,Kununurra,"Kimberley, Western Australia"
2006-01-21,0.0,49.804592780335945,Kununurra,"Kimberley, Western Australia"
2006-01-22,0.0,49.804592780335945,Kununurra,"Kimberley, Western Australia"
2006-01-23,0.0,49.804592780335945,Kununurra,"Kimberley, Western Australia"
2006-01-24,6.103653223948309,49.804592780335945,Kununurra,"Kimberley, Western Australia"
2006-01-25,0.0,49.804592780335945,Kununurra,"Kimberley, Western Australia"
2006-01-26,7.522348507850493,49.804592780335945,Kununurra,"Kimberley, Western Australia"
2006-01-27,0.9680679153450208,49.804592780335945,Kununurra,"Kimberley, Western Australia"
2006-01-28,0.0,49.804592780335945,Kununurra,"Kimberley, Western Australia"
2006-01-29,8.661321123336897,49.804592780335945,Kununurra,"Kimberley, Western Australia"
2006-01-30,1.0559659971313864,49.804592780335945,Kununurra,"Kimberley, Western Australia"
2006-01-31,0.0,49.804592780335945,Kununurra,"Kimberley, Western Australia"
2006-02-01,2.1641888359346897,58.821940290047905,Kununurra,"Kimberley, Western Australia"
2006-02-02,3.799827872988925,58.821940290047905,Kununurra,"Kimberley, Western Australia"
2006-02-03,0.0,58.821940290047905,Kununurra,"Kimberley, Western Australia"
2006-02-04,0.0,58.821940290047905,Kununurra,"Kimberley, Western Australia"
2006-02-05,0.0,58.821940290047905,Kununurra,"Kimberley, Western Australia"
2006-02-06,0.0,58.821940290047905,Kununurra,"Kimberley, Western Australia"
2006-02-07,0.0,58.821940290047905,Kununurra,"Kimberley, Western Australia"
2006-02-08,0.0,58.821940290047905,Kununurra,"Kimberley, Western Australia"
2006-02-09,2.7163590900232433,58.821940290047905,Kununurra,"Kimberley, Western Australia"
2006-02-10,0.0,58.821940290047905,Kununurra,"Kimberley, Western Australia"
2006-02-11,0.0,58.821940290047905,Kununurra,"Kimberley, Western Australia"
2006-02-12,0.0,58.821940290047905,Kununurra,"Kimberley, Western Australia"
2006-02-13,0.0,58.821940290047905,Kununurra,"Kimberley, Western Australia"
2006-02-14,0.0,58.821940290047905,Kununurra,"Kimberley, Western Australia"
2006-02-15,4.069914332903827,58.821940290047905,Kununurra,"Kimberley, Western Australia"
2006-02-16,0.0,58.821940290047905,Kununurra,"Kimberley, Western Australia"
2006-02-17,0.0,58.821940290047905,Kununurra,"Kimberley, Western Australia"
2006-02-18,20.180142811248558,58.821940290047905,Kununurra,"Kimberley, Western Australia"
2006-02-19,8.999274621029524,58.821940290047905,Kununurra,"Kimberley, Western Australia"
2006-02-20,4.506731522389826,58.821940290047905,Kununurra,"Kimberley, Western Australia"
2006-02-21,3.85796983451615,58.821940290047905,Kununurra,"Kimberley, Western Australia"
2006-02-22,0.0,58.821940290047905,Kununurra,"Kimberley, Western Australia"
2006-02-23,0.25016634419054495,58.821940290047905,Kununurra,"Kimberley, Western Australia"
2006-02-24,6.073795546325801,58.821940290047905,Kununurra,"Kimberley, Western Australia"
2006-02-25,0.0,58.821940290047905,Kununurra,"Kimberley, Western Australia"
2006-02-26,0.0,58.821940290047905,Kununurra,"Kimberley, Western Australia"
2006-02-27,2.2035694784968167,58.821940290047905,Kununurra,"Kimberley, Western Australia"
2006-02-28,0.0,58.821940290047905,Kununurra,"Kimberley, Western Australia"
2006-03-01,8.45670320887424,72.05204595912677,Kununurra,"Kimberley, Western Australia"
2006-03-02,6.956722989307874,72.05204595912677,Kununurra,"Kimberley, Western Australia"
2006-03-03,0.0,72.05204595912677,Kununurra,"Kimberley, Western Australia"
2006-03-04,28.02762157795491,72.05204595912677,Kununurra,"Kimberley, Western Australia"
2006-03-05,0.0,72.05204595912677,Kununurra,"Kimberley, Western Australia"
2006-03-06,2.8576505767910594,72.05204595912677,Kununurra,"Kimberley, Western Australia"
2006-03-07,0.0,72.05204595912677,Kununurra,"Kimberley, Western Australia"
2006-03-08,0.0,72.05204595912677,Kununurra,"Kimberley, Western Australia"
2006-03-09,0.0,72.05204595912677,Kununurra,"Kimberley, Western Australia"
2006-03-10,0.0,72.05204595912677,Kununurra,"Kimberley, Western Australia"
2006-03-11,0.0,72.05204595912677,Kununurra,"Kimberley, Western Australia"
2006-03-12,0.0,72.05204595912677,Kununurra,"Kimberley, Western Australia"
2006-03-13,0.0,72.05204595912677,Kununurra,"Kimberley, Western Australia"
2006-03-14,0.0,72.05204595912677,Kununurra,"Kimberley, Western Australia"
2006-03-15,0.0,72.05204595912677,Kununurra,"Kimberley, Western Australia"
2006-03-16,5.261554756308237,72.05204595912677,Kununurra,"Kimberley, Western Australia"
2006-03-17,3.950838379858851,72.05204595912677,Kununurra,"Kimberley, Western Australia"
2006-03-18,0.0,72.05204595912677,Kununurra,"Kimberley, Western Australia"
2006-03-19,0.0,72.05204595912677,Kununurra,"Kimberley, Western Australia"
2006-03-20,0.0,72.05204595912677,Kununurra,"Kimberley, Western Australia"
2006-03-21,0.0,72.05204595912677,Kununurra,"Kimberley, Western Australia"
2006-03-22,0.0,72.05204595912677,Kununurra,"Kimberley, Western Australia"
2006-03-23,0.0,72.05204595912677,Kununurra,"Kimberley, Western Australia"
2006-03-24,0.0,72.05204595912677,Kununurra,"Kimberley, Western Australia"
2006-03-25,0.0,72.05204595912677,Kununurra,"Kimberley, Western Australia"
2006-03-26,11.851537852132092,72.05204595912677,Kununurra,"Kimberley, Western Australia"
2006-03-27,2.7813182806633794,72.05204595912677,Kununurra,"Kimberley, Western Australia"
2006-03-28,1.9080983372361215,72.05204595912677,Kununurra,"Kimberley, Western Australia"
2006-03-29,0.0,72.05204595912677,Kununurra,"Kimberley, Western Australia"
2006-03-30,0.0,72.05204595912677,Kununurra,"Kimberley, Western Australia"
2006-03-31,0.0,72.05204595912677,Kununurra,"Kimberley, Western Australia"
2006-04-01,0.0,15.74171524189738,Kununurra,"Kimberley, Western Australia"
2006-04-02,0.0,15.74171524189738,Kununurra,"Kimberley, Western Australia"
2006-04-03,0.0,15.74171524189738,Kununurra,"Kimberley, Western Australia"
2006-04-04,0.0,15.74171524189738,Kununurra,"Kimberley, Western Australia"
2006-04-05,0.0,15.74171524189738,Kununurra,"Kimberley, Western Australia"
2006-04-06,11.450521825998276,15.74171524189738,Kununurra,"Kimberley, Western Australia"
2006-04-07,0.0,15.74171524189738,Kununurra,"Kimberley, Western Australia"
2006-04-08,0.0,15.74171524189738,Kununurra,"Kimberley, Western Australia"
2006-04-09,0.0,15.74171524189738,Kununurra,"Kimberley, Western Australia"
2006-04-10,0.0,15.74171524189738,Kununurra,"Kimberley, Western Australia"
2006-04-11,0.0,15.74171524189738,Kununurra,"Kimberley, Western Australia"
2006-04-12,0.0,15.74171524189738,Kununurra,"Kimberley, Western Australia"
2006-04-13,0.0,15.74171524189738,Kununurra,"Kimberley, Western Australia"
2006-04-14,0.0,15.74171524189738,Kununurra,"Kimberley, Western Australia"
2006-04-15,0.0,15.74171524189738,Kununurra,"Kimberley, Western Australia"
2006-04-16,0.0,15.74171524189738,Kununurra,"Kimberley, Western Australia"
2006-04-17,0.2537113658783971,15.74171524189738,Kununurra,"Kimberley, Western Australia"
2006-04-18,0.0,15.74171524189738,Kununurra,"Kimberley, Western Australia"
2006-04-19,0.0,15.74171524189738,Kununurra,"Kimberley, Western Australia"
2006-04-20,0.0,15.74171524189738,Kununurra,"Kimberley, Western Australia"
2006-04-21,0.0,15.74171524189738,Kununurra,"Kimberley, Western Australia"
2006-04-22,0.0,15.74171524189738,Kununurra,"Kimberley, Western Australia"
2006-04-23,0.0,15.74171524189738,Kununurra,"Kimberley, Western Australia"
2006-04-24,0.0,15.74171524189738,Kununurra,"Kimberley, Western Australia"
2006-04-25,0.0,15.74171524189738,Kununurra,"Kimberley, Western Australia"
2006-04-26,0.0,15.74171524189738,Kununurra,"Kimberley, Western Australia"
2006-04-27,0.0,15.74171524189738,Kununurra,"Kimberley, Western Australia"
2006-04-28,0.0,15.74171524189738,Kununurra,"Kimberley, Western Australia"
2006-04-29,4.0374820500207065,15.74171524189738,Kununurra,"Kimberley, Western Australia"
2006-04-30,0.0,15.74171524189738,Kununurra,"Kimberley, Western Australia"
2006-05-01,3.0714955211868005,50.632695625291625,Kununurra,"Kimberley, Western Australia"
2006-05-02,0.0,50.632695625291625,Kununurra,"Kimberley, Western Australia"
2006-05-03,8.718647844429878,50.632695625291625,Kununurra,"Kimberley, Western Australia"
2006-05-04,0.0,50.632695625291625,Kununurra,"Kimberley, Western Australia"
2006-05-05,0.0,50.632695625291625,Kununurra,"Kimberley, Western Australia"
2006-05-06,0.0,50.632695625291625,Kununurra,"Kimberley, Western Australia"
2006-05-07,1.8096769036081022,50.632695625291625,Kununurra,"Kimberley, Western Australia"
2006-05-08,0.0,50.632695625291625,Kununurra,"Kimberley, Western Australia"
2006-05-09,0.0,50.632695625291625,Kununurra,"Kimberley, Western Australia"
2006-05-10,0.0,50.632695625291625,Kununurra,"Kimberley, Western Australia"
2006-05-11,0.0,50.632695625291625,Kununurra,"Kimberley, Western Australia"
2006-05-12,0.0,50.632695625291625,Kununurra,"Kimberley, Western Australia"
2006-05-13,0.0,50.632695625291625,Kununurra,"Kimberley, Western Australia"
2006-05-14,0.0,50.632695625291625,Kununurra,"Kimberley, Western Australia"
2006-05-15,0.0,50.632695625291625,Kununurra,"Kimberley, Western Australia"
2006-05-16,0.0,50.632695625291625,Kununurra,"Kimberley, Western Australia"
2006-05-17,0.0,50.632695625291625,Kununurra,"Kimberley, Western Australia"
2006-05-18,0.0,50.632695625291625,Kununurra,"Kimberley, Western Australia"
2006-05-19,0.0,50.632695625291625,Kununurra,"Kimberley, Western Australia"
2006-05-20,0.0,50.632695625291625,Kununurra,"Kimberley, Western Australia"
2006-05-21,0.0,50.632695625291625,Kununurra,"Kimberley, Western Australia"
2006-05-22,14.075184891837354,50.632695625291625,Kununurra,"Kimberley, Western Australia"
2006-05-23,2.4185346835455297,50.632695625291625,Kununurra,"Kimberley, Western Australia"
2006-05-24,0.0,50.632695625291625,Kununurra,"Kimberley, Western Australia"
2006-05-25,0.0,50.632695625291625,Kununurra,"Kimberley, Western Australia"
2006-05-26,0.0,50.632695625291625,Kununurra,"Kimberley, Western Australia"
2006-05-27,0.0,50.632695625291625,Kununurra,"Kimberley, Western Australia"
2006-05-28,12.176775798902,50.632695625291625,Kununurra,"Kimberley, Western Australia"
2006-05-29,1.1147959294883165,50.632695625291625,Kununurra,"Kimberley, Western Australia"
2006-05-30,0.0,50.632695625291625,Kununurra,"Kimberley, Western Australia"
2006-05-31,7.247584052293645,50.632695625291625,Kununurra,"Kimberley, Western Australia"
2006-06-01,0.0,52.21904402997598,Kununurra,"Kimberley, Western Australia"
2006-06-02,0.376736774682899,52.21904402997598,Kununurra,"Kimberley, Western Australia"
2006-06-03,0.0,52.21904402997598,Kununurra,"Kimberley, Western Australia"
2006-06-04,0.0,52.21904402997598,Kununurra,"Kimberley, Western Australia"
2006-06-05,4.49806415410334,52.21904402997598,Kununurra,"Kimberley, Western Australia"
2006-06-06,0.0,52.21904402997598,Kununurra,"Kimberley, Western Australia"
2006-06-07,0.0,52.21904402997598,Kununurra,"Kimberley, Western Australia"
2006-06-08,0.0,52.21904402997598,Kununurra,"Kimberley, Western Australia"
2006-06-09,0.0,52.21904402997598,Kununurra,"Kimberley, Western Australia"
2006-06-10,0.0,52.21904402997598,Kununurra,"Kimberley, Western Australia"
2006-06-11,20.853684838241204,52.21904402997598,Kununurra,"Kimberley, Western Australia"
2006-06-12,6.279843154263325,52.21904402997598,Kununurra,"Kimberley, Western Australia"
2006-06-13,10.868860131203142,52.21904402997598,Kununurra,"Kimberley, Western Australia"
2006-06-14,1.4283274024572328,52.21904402997598,Kununurra,"Kimberley, Western Australia"
2006-06-15,4.192520005088694,52.21904402997598,Kununurra,"Kimberley, Western Australia"
2006-06-16,0.0,52.21904402997598,Kununurra,"Kimberley, Western Australia"
2006-06-17,0.0,52.21904402997598,Kununurra,"Kimberley, Western Australia"
2006-06-18,0.0,52.21904402997598,Kununurra,"Kimberley, Western Australia"
2006-06-19,0.0,52.21904402997598,Kununurra,"Kimberley, Western Australia"
2006-06-20,0.0,52.21904402997598,Kununurra,"Kimberley, Western Australia"
2006-06-21,0.0,52.21904402997598,Kununurra,"Kimberley, Western Australia"
2006-06-22,0.0,52.21904402997598,Kununurra,"Kimberley, Western Australia"
2006-06-23,0.0,52.21904402997598,Kununurra,"Kimberley, Western Australia"
2006-06-24,0.0,52.21904402997598,Kununurra,"Kimberley, Western Australia"
2006-06-25,3.721007569936148,52.21904402997598,Kununurra,"Kimberley, Western Australia"
2006-06-26,0.0,52.21904402997598,Kununurra,"Kimberley, Western Australia"
2006-06-27,0.0,52.21904402997598,Kununurra,"Kimberley, Western Australia"
2006-06-28,0.0,52.21904402997598,Kununurra,"Kimberley, Western Australia"
2006-06-29,0.0,52.21904402997598,Kununurra,"Kimberley, Western Australia"
2006-06-30,0.0,52.21904402997598,Kununurra,"Kimberley, Western Australia"
2006-07-01,0.0,67.07826106255735,Kununurra,"Kimberley, Western Australia"
2006-07-02,0.0,67.07826106255735,Kununurra,"Kimberley, Western Australia"
2006-07-03,0.0,67.07826106255735,Kununurra,"Kimberley, Western Australia"
2006-07-04,5.488330690269224,67.07826106255735,Kununurra,"Kimberley, Western Australia"
2006-07-05,2.2159672851311236,67.07826106255735,Kununurra,"Kimberley, Western Australia"
2006-07-06,1.454182250663236,67.07826106255735,Kununurra,"Kimberley, Western Australia"
2006-07-07,4.9590669835691585,67.07826106255735,Kununurra,"Kimberley, Western Australia"
2006-07-08,0.0,67.07826106255735,Kununurra,"Kimberley, Western Australia"
2006-07-09,0.0,67.07826106255735,Kununurra,"Kimberley, Western Australia"
2006-07-10,2.286547591334596,67.07826106255735,Kununurra,"Kimberley, Western Australia"
2006-07-11,0.0,67.07826106255735,Kununurra,"Kimberley, Western Australia"
2006-07-12,0.0,67.07826106255735,Kununurra,"Kimberley, Western Australia"
2006-07-13,0.0,67.07826106255735,Kununurra,"Kimberley, Western Australia"
2006-07-14,0.0,67.07826106255735,Kununurra,"Kimberley, Western Australia"
2006-07-15,0.0,67.07826106255735,Kununurra,"Kimberley, Western Australia"
2006-07-16,2.202592539243512,67.07826106255735,Kununurra,"Kimberley, Western Australia"
2006-07-17,9.948813997867848,67.07826106255735,Kununurra,"Kimberley, Western Australia"
2006-07-18,0.40784344319439636,67.07826106255735,Kununurra,"Kimberley, Western Australia"
2006-07-19,0.0,67.07826106255735,Kununurra,"Kimberley, Western Australia"
2006-07-20,6.708144882488108,67.07826106255735,Kununurra,"Kimberley, Western Australia"
2006-07-21,16.41958142812757,67.07826106255735,Kununurra,"Kimberley, Western Australia"
2006-07-22,0.0,67.07826106255735,Kununurra,"Kimberley, Western Australia"
2006-07-23,0.0,67.07826106255735,Kununurra,"Kimberley, Western Australia"
2006-07-24,0.0,67.07826106255735,Kununurra,"Kimberley, Western Australia"
2006-07-25,3.2117622564851374,67.07826106255735,Kununurra,"Kimberley, Western Australia"
2006-07-26,4.657458074007807,67.07826106255735,Kununurra,"Kimberley, Western Australia"
2006-07-27,4.162432961508631,67.07826106255735,Kununurra,"Kimberley, Western Australia"
2006-07-28,2.9555366786669945,67.07826106255735,Kununurra,"Kimberley, Western Australia"
2006-07-29,0.0,67.07826106255735,Kununurra,"Kimberley, Western Australia"
2006-07-30,0.0,67.07826106255735,Kununurra,"Kimberley, Western Australia"
2006-07-31,0.0,67.07826106255735,Kununurra,"Kimberley, Western Australia"
2006-08-01,9.742609794681474,35.59356059879543,Kununurra,"Kimberley, Western Australia"
2006-08-02,0.0,35.59356059879543,Kununurra,"Kimberley, Western Australia"
2006-08-03,0.0,35.59356059879543,Kununurra,"Kimberley, Western Australia"
2006-08-04,0.0,35.59356059879543,Kununurra,"Kimberley, Western Australia"
2006-08-05,3.5381228095993627,35.59356059879543,Kununurra,"Kimberley, Western Australia"
2006-08-06,0.0,35.59356059879543,Kununurra,"Kimberley, Western Australia"
2006-08-07,0.0,35.59356059879543,Kununurra,"Kimberley, Western Australia"
2006-08-08,0.0,35.59356059879543,Kununurra,"Kimberley, Western Australia"
2006-08-09,0.0,35.59356059879543,Kununurra,"Kimberley, Western Australia"
2006-08-10,4.745436616251497,35.59356059879543,Kununurra,"Kimberley, Western Australia"
2006-08-11,0.0,35.59356059879543,Kununurra,"Kimberley, Western Australia"
2006-08-12,0.0,35.59356059879543,Kununurra,"Kimberley, Western Australia"
2006-08-13,0.0,35.59356059879543,Kununurra,"Kimberley, Western Australia"
2006-08-14,0.0,35.59356059879543,Kununurra,"Kimberley, Western Australia"
2006-08-15,0.0,35.59356059879543,Kununurra,"Kimberley, Western Australia"
2006-08-16,0.0,35.59356059879543,Kununurra,"Kimberley, Western Australia"
2006-08-17,0.0,35.59356059879543,Kununurra,"Kimberley, Western Australia"
2006-08-18,0.0,35.59356059879543,Kununurra,"Kimberley, Western Australia"
2006-08-19,9.497500545365915,35.59356059879543,Kununurra,"Kimberley, Western Australia"
2006-08-20,0.0,35.59356059879543,Kununurra,"Kimberley, Western Australia"
2006-08-21,0.0,35.59356059879543,Kununurra,"Kimberley, Western Australia"
2006-08-22,3.4741140704376834,35.59356059879543,Kununurra,"Kimberley, Western Australia"
2006-08-23,0.0,35.59356059879543,Kununurra,"Kimberley, Western Australia"
2006-08-24,0.0,35.59356059879543,Kununurra,"Kimberley, Western Australia"
2006-08-25,3.9599780718544784,35.59356059879543,Kununurra,"Kimberley, Western Australia"
2006-08-26,0.635798690605019,35.59356059879543,Kununurra,"Kimberley, Western Australia"
2006-08-27,0.0,35.59356059879543,Kununurra,"Kimberley, Western Australia"
2006-08-28,0.0,35.59356059879543,Kununurra,"Kimberley, Western Australia"
2006-08-29,0.0,35.59356059879543,Kununurra,"Kimberley, Western Australia"
2006-08-30,0.0,35.59356059879543,Kununurra,"Kimberley, Western Australia"
2006-08-31,0.0,35.59356059879543,Kununurra,"Kimberley, Western Australia"
2006-09-01,0.0,15.38744087047725,Kununurra,"Kimberley, Western Australia"
2006-09-02,0.0,15.38744087047725,Kununurra,"Kimberley, Western Australia"
2006-09-03,1.9221502249106361,15.38744087047725,Kununurra,"Kimberley, Western Australia"
2006-09-04,0.0,15.38744087047725,Kununurra,"Kimberley, Western Australia"
2006-09-05,0.0,15.38744087047725,Kununurra,"Kimberley, Western Australia"
2006-09-06,0.0,15.38744087047725,Kununurra,"Kimberley, Western Australia"
2006-09-07,5.275314106931127,15.38744087047725,Kununurra,"Kimberley, Western Australia"
2006-09-08,0.0,15.38744087047725,Kununurra,"Kimberley, Western Australia"
2006-09-09,0.0,15.38744087047725,Kununurra,"Kimberley, Western Australia"
2006-09-10,0.0,15.38744087047725,Kununurra,"Kimberley, Western Australia"
2006-09-11,0.0,15.38744087047725,Kununurra,"Kimberley, Western Australia"
2006-09-12,0.0,15.38744087047725,Kununurra,"Kimberley, Western Australia"
2006-09-13,0.0,15.38744087047725,Kununurra,"Kimberley, Western Australia"
2006-09-14,0.0,15.38744087047725,Kununurra,"Kimberley, Western Australia"
2006-09-15,0.0,15.38744087047725,Kununurra,"Kimberley, Western Australia"
2006-09-16,0.0,15.38744087047725,Kununurra,"Kimberley, Western Australia"
2006-09-17,0.0,15.38744087047725,Kununurra,"Kimberley, Western Australia"
2006-09-18,7.162159181832591,15.38744087047725,Kununurra,"Kimberley, Western Australia"
2006-09-19,1.0278173568028945,15.38744087047725,Kununurra,"Kimberley, Western Australia"
2006-09-20,0.0,15.38744087047725,Kununurra,"Kimberley, Western Australia"
2006-09-21,0.0,15.38744087047725,Kununurra,"Kimberley, Western Australia"
2006-09-22,0.0,15.38744087047725,Kununurra,"Kimberley, Western Australia"
2006-09-23,0.0,15.38744087047725,Kununurra,"Kimberley, Western Australia"
2006-09-24,0.0,15.38744087047725,Kununurra,"Kimberley, Western Australia"
2006-09-25,0.0,15.38744087047725,Kununurra,"Kimberley, Western Australia"
2006-09-26,0.0,15.38744087047725,Kununurra,"Kimberley, Western Australia"
2006-09-27,0.0,15.38744087047725,Kununurra,"Kimberley, Western Australia"
2006-09-28,0.0,15.38744087047725,Kununurra,"Kimberley, Western Australia"
2006-09-29,0.0,15.38744087047725,Kununurra,"Kimberley, Western Australia"
2006-09-30,0.0,15.38744087047725,Kununurra,"Kimberley, Western Australia"
2006-10-01,10.875334019734499,72.83843383924257,Kununurra,"Kimberley, Western Australia"
2006-10-02,3.4553369758917647,72.83843383924257,Kununurra,"Kimberley, Western Australia"
2006-10-03,0.0,72.83843383924257,Kununurra,"Kimberley, Western Australia"
2006-10-04,8.427836936420283,72.83843383924257,Kununurra,"Kimberley, Western Australia"
2006-10-05,2.481785659196131,72.83843383924257,Kununurra,"Kimberley, Western Australia"
2006-10-06,0.0,72.83843383924257,Kununurra,"Kimberley, Western Australia"
2006-10-07,4.859668083371596,72.83843383924257,Kununurra,"Kimberley, Western Australia"
2006-10-08,0.0,72.83843383924257,Kununurra,"Kimberley, Western Australia"
2006-10-09,0.0,72.83843383924257,Kununurra,"Kimberley, Western Australia"
2006-10-10,0.0,72.83843383924257,Kununurra,"Kimberley, Western Australia"
2006-10-11,4.062007123663911,72.83843383924257,Kununurra,"Kimberley, Western Australia"
2006-10-12,3.528116161659525,72.83843383924257,Kununurra,"Kimberley, Western Australia"
2006-10-13,0.0,72.83843383924257,Kununurra,"Kimberley, Western Australia"
2006-10-14,0.0,72.83843383924257,Kununurra,"Kimberley, Western Australia"
2006-10-15,20.527708470243944,72.83843383924257,Kununurra,"Kimberley, Western Australia"
2006-10-16,2.2485911409359205,72.83843383924257,Kununurra,"Kimberley, Western Australia"
2006-10-17,0.0,72.83843383924257,Kununurra,"Kimberley, Western Australia"
2006-10-18,0.0,72.83843383924257,Kununurra,"Kimberley, Western Australia"
2006-10-19,5.5049965857843794,72.83843383924257,Kununurra,"Kimberley, Western Australia"
2006-10-20,0.0,72.83843383924257,Kununurra,"Kimberley, Western Australia"
2006-10-21,0.0,72.83843383924257,Kununurra,"Kimberley, Western Australia"
2006-10-22,5.415760624748027,72.83843383924257,Kununurra,"Kimberley, Western Australia"
2006-10-23,1.4512920575925934,72.83843383924257,Kununurra,"Kimberley, Western Australia"
2006-10-24,0.0,72.83843383924257,Kununurra,"Kimberley, Western Australia"
2006-10-25,0.0,72.83843383924257,Kununurra,"Kimberley, Western Australia"
2006-10-26,0.0,72.83843383924257,Kununurra,"Kimberley, Western Australia"
2006-10-27,0.0,72.83843383924257,Kununurra,"Kimberley, Western Australia"
2006-10-28,0.0,72.83843383924257,Kununurra,"Kimberley, Western Australia"
2006-10-29,0.0,72.83843383924257,Kununurra,"Kimberley, Western Australia"
2006-10-30,0.0,72.83843383924257,Kununurra,"Kimberley, Western Australia"
2006-10-31,0.0,72.83843383924257,Kununurra,"Kimberley, Western Australia"
2006-11-01,0.0,38.06065501121483,Kununurra,"Kimberley, Western Australia"
2006-11-02,0.0,38.06065501121483,Kununurra,"Kimberley, Western Australia"
2006-11-03,0.0,38.06065501121483,Kununurra,"Kimberley, Western Australia"
2006-11-04,0.0,38.06065501121483,Kununurra,"Kimberley, Western Australia"
2006-11-05,0.0,38.06065501121483,Kununurra,"Kimberley, Western Australia"
2006-11-06,0.0,38.06065501121483,Kununurra,"Kimberley, Western Australia"
2006-11-07,0.0,38.06065501121483,Kununurra,"Kimberley, Western Australia"
2006-11-08,0.0,38.06065501121483,Kununurra,"Kimberley, Western Australia"
2006-11-09,0.0,38.06065501121483,Kununurra,"Kimberley, Western Australia"
2006-11-10,8.135771634621674,38.06065501121483,Kununurra,"Kimberley, Western Australia"
2006-11-11,0.0,38.06065501121483,Kununurra,"Kimberley, Western Australia"
2006-11-12,0.0,38.06065501121483,Kununurra,"Kimberley, Western Australia"
2006-11-13,9.516044029051304,38.06065501121483,Kununurra,"Kimberley, Western Australia"
2006-11-14,0.0,38.06065501121483,Kununurra,"Kimberley, Western Australia"
2006-11-15,0.0,38.06065501121483,Kununurra,"Kimberley, Western Australia"
2006-11-16,0.0,38.06065501121483,Kununurra,"Kimberley, Western Australia"
2006-11-17,8.81439596771585,38.06065501121483,Kununurra,"Kimberley, Western Australia"
2006-11-18,0.0,38.06065501121483,Kununurra,"Kimberley, Western Australia"
2006-11-19,0.37562915617142223,38.06065501121483,Kununurra,"Kimberley, Western Australia"
2006-11-20,4.4490720278265545,38.06065501121483,Kununurra,"Kimberley, Western Australia"
2006-11-21,0.0,38.06065501121483,Kununurra,"Kimberley, Western Australia"
2006-11-22,0.20207234718143402,38.06065501121483,Kununurra,"Kimberley, Western Australia"
2006-11-23,3.1997123547685096,38.06065501121483,Kununurra,"Kimberley, Western Australia"
2006-11-24,0.0,38.06065501121483,Kununurra,"Kimberley, Western Australia"
2006-11-25,0.0,38.06065501121483,Kununurra,"Kimberley, Western Australia"
2006-11-26,0.0,38.06065501121483,Kununurra,"Kimberley, Western Australia"
2006-11-27,0.0,38.06065501121483,Kununurra,"Kimberley, Western Australia"
2006-11-28,3.36795749387808,38.06065501121483,Kununurra,"Kimberley, Western Australia"
2006-11-29,0.0,38.06065501121483,Kununurra,"Kimberley, Western Australia"
2006-11-30,0.0,38.06065501121483,Kununurra,"Kimberley, Western Australia"
2006-12-01,0.0,50.34034720669922,Kununurra,"Kimberley, Western Australia"
2006-12-02,0.0,50.34034720669922,Kununurra,"Kimberley, Western Australia"
2006-12-03,0.0,50.34034720669922,Kununurra,"Kimberley, Western Australia"
2006-12-04,0.0,50.34034720669922,Kununurra,"Kimberley, Western Australia"
2006-12-05,3.969997212999829,50.34034720669922,Kununurra,"Kimberley, Western Australia"
2006-12-06,0.0,50.34034720669922,Kununurra,"Kimberley, Western Australia"
2006-12-07,0.0,50.34034720669922,Kununurra,"Kimberley, Western Australia"
2006-12-08,0.0,50.34034720669922,Kununurra,"Kimberley, Western Australia"
2006-12-09,4.509264580750463,50.34034720669922,Kununurra,"Kimberley, Western Australia"
2006-12-10,0.0,50.34034720669922,Kununurra,"Kimberley, Western Australia"
2006-12-11,10.350686909407951,50.34034720669922,Kununurra,"Kimberley, Western Australia"
2006-12-12,0.0,50.34034720669922,Kununurra,"Kimberley, Western Australia"
2006-12-13,0.0,50.34034720669922,Kununurra,"Kimberley, Western Australia"
2006-12-14,0.0,50.34034720669922,Kununurra,"Kimberley, Western Australia"
2006-12-15,0.0,50.34034720669922,Kununurra,"Kimberley, Western Australia"
2006-12-16,6.965216343174387,50.34034720669922,Kununurra,"Kimberley, Western Australia"
2006-12-17,0.0,50.34034720669922,Kununurra,"Kimberley, Western Australia"
2006-12-18,0.0,50.34034720669922,Kununurra,"Kimberley, Western Australia"
2006-12-19,1.8417838930064243,50.34034720669922,Kununurra,"Kimberley, Western Australia"
2006-12-20,0.0,50.34034720669922,Kununurra,"Kimberley, Western Australia"
2006-12-21,0.0,50.34034720669922,Kununurra,"Kimberley, Western Australia"
2006-12-22,3.6725198213588754,50.34034720669922,Kununurra,"Kimberley, Western Australia"
2006-12-23,0.0,50.34034720669922,Kununurra,"Kimberley, Western Australia"
2006-12-24,0.0,50.34034720669922,Kununurra,"Kimberley, Western Australia"
2006-12-25,8.384050971458414,50.34034720669922,Kununurra,"Kimberley, Western Australia"
2006-12-26,0.0,50.34034720669922,Kununurra,"Kimberley, Western Australia"
2006-12-27,0.0,50.34034720669922,Kununurra,"Kimberley, Western Australia"
2006-12-28,0.0,50.34034720669922,Kununurra,"Kimberley, Western Australia"
2006-12-29,0.0,50.34034720669922,Kununurra,"Kimberley, Western Australia"
2006-12-30,0.0,50.34034720669922,Kununurra,"Kimberley, Western Australia"
2006-12-31,10.646827474542874,50.34034720669922,Kununurra,"Kimberley, Western Australia"
2007-01-01,0.0,28.154629182863623,Kununurra,"Kimberley, Western Australia"
2007-01-02,0.0,28.154629182863623,Kununurra,"Kimberley, Western Australia"
2007-01-03,0.0,28.154629182863623,Kununurra,"Kimberley, Western Australia"
2007-01-04,0.0,28.154629182863623,Kununurra,"Kimberley, Western Australia"
2007-01-05,0.0,28.154629182863623,Kununurra,"Kimberley, Western Australia"
2007-01-06,0.0,28.154629182863623,Kununurra,"Kimberley, Western Australia"
2007-01-07,1.812356960386556,28.154629182863623,Kununurra,"Kimberley, Western Australia"
2007-01-08,0.0,28.154629182863623,Kununurra,"Kimberley, Western Australia"
2007-01-09,0.0,28.154629182863623,Kununurra,"Kimberley, Western Australia"
2007-01-10,0.0,28.154629182863623,Kununurra,"Kimberley, Western Australia"
2007-01-11,4.935074191222054,28.154629182863623,Kununurra,"Kimberley, Western Australia"
2007-01-12,0.0,28.154629182863623,Kununurra,"Kimberley, Western Australia"
2007-01-13,0.0,28.154629182863623,Kununurra,"Kimberley, Western Australia"
2007-01-14,8.60130340274865,28.154629182863623,Kununurra,"Kimberley, Western Australia"
2007-01-15,0.0,28.154629182863623,Kununurra,"Kimberley, Western Australia"
2007-01-16,0.0,28.154629182863623,Kununurra,"Kimberley, Western Australia"
2007-01-17,0.0,28.154629182863623,Kununurra,"Kimberley, Western Australia"
2007-01-18,0.0,28.154629182863623,Kununurra,"Kimberley, Western Australia"
2007-01-19,0.0,28.154629182863623,Kununurra,"Kimberley, Western Australia"
2007-01-20,0.0,28.154629182863623,Kununurra,"Kimberley, Western Australia"
2007-01-21,1.7381148865995029,28.154629182863623,Kununurra,"Kimberley, Western Australia"
2007-01-22,0.0,28.154629182863623,Kununurra,"Kimberley, Western Australia"
2007-01-23,0.0,28.154629182863623,Kununurra,"Kimberley, Western Australia"
2007-01-24,0.0,28.154629182863623,Kununurra,"Kimberley, Western Australia"
2007-01-25,4.365373021210068,28.154629182863623,Kununurra,"Kimberley, Western Australia"
2007-01-26,5.439270189551622,28.154629182863623,Kununurra,"Kimberley, Western Australia"
2007-01-27,1.2631365311451714,28.154629182863623,Kununurra,"Kimberley, Western Australia"
2007-01-28,0.0,28.154629182863623,Kununurra,"Kimberley, Western Australia"
2007-01-29,0.0,28.154629182863623,Kununurra,"Kimberley, Western Australia"
2007-01-30,0.0,28.154629182863623,Kununurra,"Kimberley, Western Australia"
2007-01-31,0.0,28.154629182863623,Kununurra,"Kimberley, Western Australia"
2007-02-01,0.0,52.96649553437756,Kununurra,"Kimberley, Western Australia"
2007-02-02,0.0,52.96649553437756,Kununurra,"Kimberley, Western Australia"
2007-02-03,0.0,52.96649553437756,Kununurra,"Kimberley, Western Australia"
2007-02-04,0.0,52.96649553437756,Kununurra,"Kimberley, Western Australia"
2007-02-05,0.0,52.96649553437756,Kununurra,"Kimberley, Western Australia"
2007-02-06,0.0,52.96649553437756,Kununurra,"Kimberley, Western Australia"
2007-02-07,0.0,52.96649553437756,Kununurra,"Kimberley, Western Australia"
2007-02-08,0.0,52.96649553437756,Kununurra,"Kimberley, Western Australia"
2007-02-09,0.0,52.96649553437756,Kununurra,"Kimberley, Western Australia"
2007-02-10,6.102088173086212,52.96649553437756,Kununurra,"Kimberley, Western Australia"
2007-02-11,9.040914697200645,52.96649553437756,Kununurra,"Kimberley, Western Australia"
2007-02-12,0.0,52.96649553437756,Kununurra,"Kimberley, Western Australia"
2007-02-13,0.0,52.96649553437756,Kununurra,"Kimberley, Western Australia"
2007-02-14,0.0,52.96649553437756,Kununurra,"Kimberley, Western Australia"
2007-02-15,8.508697383218944,52.96649553437756,Kununurra,"Kimberley, Western Australia"
2007-02-16,6.063773890539598,52.96649553437756,Kununurra,"Kimberley, Western Australia"
2007-02-17,15.98209742772703,52.96649553437756,Kununurra,"Kimberley, Western Australia"
2007-02-18,7.2689239626051325,52.96649553437756,Kununurra,"Kimberley, Western Australia"
2007-02-19,0.0,52.96649553437756,Kununurra,"Kimberley, Western Australia"
2007-02-20,0.0,52.96649553437756,Kununurra,"Kimberley, Western Australia"
2007-02-21,0.0,52.96649553437756,Kununurra,"Kimberley, Western Australia"
2007-02-22,0.0,52.96649553437756,Kununurra,"Kimberley, Western Australia"
2007-02-23,0.0,52.96649553437756,Kununurra,"Kimberley, Western Australia"
2007-02-24,0.0,52.96649553437756,Kununurra,"Kimberley, Western Australia"
2007-02-25,0.0,52.96649553437756,Kununurra,"Kimberley, Western Australia"
2007-02-26,0.0,52.96649553437756,Kununurra,"Kimberley, Western Australia"
2007-02-27,0.0,52.96649553437756,Kununurra,"Kimberley, Western Australia"
2007-02-28,0.0,52.96649553437756,Kununurra,"Kimberley, Western Australia"
2007-03-01,0.0,58.150794439672076,Kununurra,"Kimberley, Western Australia"
2007-03-02,0.0,58.150794439672076,Kununurra,"Kimberley, Western Australia"
2007-03-03,0.0,58.150794439672076,Kununurra,"Kimberley, Western Australia"
2007-03-04,0.0,58.150794439672076,Kununurra,"Kimberley, Western Australia"
2007-03-05,0.0,58.150794439672076,Kununurra,"Kimberley, Western Australia"
2007-03-06,7.57990935704481,58.150794439672076,Kununurra,"Kimberley, Western Australia"
2007-03-07,0.0,58.150794439672076,Kununurra,"Kimberley, Western Australia"
2007-03-08,10.200702951090758,58.150794439672076,Kununurra,"Kimberley, Western Australia"
2007-03-09,0.0,58.150794439672076,Kununurra,"Kimberley, Western Australia"
2007-03-10,0.0,58.150794439672076,Kununurra,"Kimberley, Western Australia"
2007-03-11,7.30826451954152,58.150794439672076,Kununurra,"Kimberley, Western Australia"
2007-03-12,0.0,58.150794439672076,Kununurra,"Kimberley, Western Australia"
2007-03-13,0.0,58.150794439672076,Kununurra,"Kimberley, Western Australia"
2007-03-14,0.0,58.150794439672076,Kununurra,"Kimberley, Western Australia"
2007-03-15,0.0,58.150794439672076,Kununurra,"Kimberley, Western Australia"
2007-03-16,0.0,58.150794439672076,Kununurra,"Kimberley, Western Australia"
2007-03-17,0.0,58.150794439672076,Kununurra,"Kimberley, Western Australia"
2007-03-18,0.0,58.150794439672076,Kununurra,"Kimberley, Western Australia"
2007-03-19,0.0,58.150794439672076,Kununurra,"Kimberley, Western Australia"
2007-03-20,0.0,58.150794439672076,Kununurra,"Kimberley, Western Australia"
2007-03-21,3.5282793361689926,58.150794439672076,Kununurra,"Kimberley, Western Australia"
2007-03-22,0.0,58.150794439672076,Kununurra,"Kimberley, Western Australia"
2007-03-23,0.0,58.150794439672076,Kununurra,"Kimberley, Western Australia"
2007-03-24,7.742336189889885,58.150794439672076,Kununurra,"Kimberley, Western Australia"
2007-03-25,0.0,58.150794439672076,Kununurra,"Kimberley, Western Australia"
2007-03-26,13.987700178655931,58.150794439672076,Kununurra,"Kimberley, Western Australia"
2007-03-27,0.0,58.150794439672076,Kununurra,"Kimberley, Western Australia"
2007-03-28,0.0,58.150794439672076,Kununurra,"Kimberley, Western Australia"
2007-03-29,7.803601907280178,58.150794439672076,Kununurra,"Kimberley, Western Australia"
2007-03-30,0.0,58.150794439672076,Kununurra,"Kimberley, Western Australia"
2007-03-31,0.0,58.150794439672076,Kununurra,"Kimberley, Western Australia"
2007-04-01,0.0,46.43005625886351,Kununurra,"Kimberley, Western Australia"
2007-04-02,0.0,46.43005625886351,Kununurra,"Kimberley, Western Australia"
2007-04-03,4.773598328072449,46.43005625886351,Kununurra,"Kimberley, Western Australia"
2007-04-04,0.0,46.43005625886351,Kununurra,"Kimberley, Western Australia"
2007-04-05,0.0,46.43005625886351,Kununurra,"Kimberley, Western Australia"
2007-04-06,0.0,46.43005625886351,Kununurra,"Kimberley, Western Australia"
2007-04-07,0.0,46.43005625886351,Kununurra,"Kimberley, Western Australia"
2007-04-08,0.0,46.43005625886351,Kununurra,"Kimberley, Western Australia"
2007-04-09,16.881594942350347,46.43005625886351,Kununurra,"Kimberley, Western Australia"
2007-04-10,0.0,46.43005625886351,Kununurra,"Kimberley, Western Australia"
2007-04-11,0.0,46.43005625886351,Kununurra,"Kimberley, Western Australia"
2007-04-12,0.0,46.43005625886351,Kununurra,"Kimberley, Western Australia"
2007-04-13,3.5663293893326578,46.43005625886351,Kununurra,"Kimberley, Western Australia"
2007-04-14,0.0,46.43005625886351,Kununurra,"Kimberley, Western Australia"
2007-04-15,1.0663961642528437,46.43005625886351,Kununurra,"Kimberley, Western Australia"
2007-04-16,5.7893266588828345,46.43005625886351,Kununurra,"Kimberley, Western Australia"
2007-04-17,0.0,46.43005625886351,Kununurra,"Kimberley, Western Australia"
2007-04-18,2.2896858525864663,46.43005625886351,Kununurra,"Kimberley, Western Australia"
2007-04-19,0.0,46.43005625886351,Kununurra,"Kimberley, Western Australia"
2007-04-20,0.0,46.43005625886351,Kununurra,"Kimberley, Western Australia"
2007-04-21,0.0,46.43005625886351,Kununurra,"Kimberley, Western Australia"
2007-04-22,0.0,46.43005625886351,Kununurra,"Kimberley, Western Australia"
2007-04-23,0.0,46.43005625886351,Kununurra,"Kimberley, Western Australia"
2007-04-24,1.9180038806506288,46.43005625886351,Kununurra,"Kimberley, Western Australia"
2007-04-25,0.0,46.43005625886351,Kununurra,"Kimberley, Western Australia"
2007-04-26,10.14512104273528,46.43005625886351,Kununurra,"Kimberley, Western Australia"
2007-04-27,0.0,46.43005625886351,Kununurra,"Kimberley, Western Australia"
2007-04-28,0.0,46.43005625886351,Kununurra,"Kimberley, Western Australia"
2007-04-29,0.0,46.43005625886351,Kununurra,"Kimberley, Western Australia"
2007-04-30,0.0,46.43005625886351,Kununurra,"Kimberley, Western Australia"
2007-05-01,0.0,4.732079626453402,Kununurra,"Kimberley, Western Australia"
2007-05-02,0.0,4.732079626453402,Kununurra,"Kimberley, Western Australia"
2007-05-03,0.0,4.732079626453402,Kununurra,"Kimberley, Western Australia"
2007-05-04,0.0,4.732079626453402,Kununurra,"Kimberley, Western Australia"
2007-05-05,0.0,4.732079626453402,Kununurra,"Kimberley, Western Australia"
2007-05-06,0.0,4.732079626453402,Kununurra,"Kimberley, Western Australia"
2007-05-07,0.0,4.732079626453402,Kununurra,"Kimberley, Western Australia"
2007-05-08,0.0,4.732079626453402,Kununurra,"Kimberley, Western Australia"
2007-05-09,0.0,4.732079626453402,Kununurra,"Kimberley, Western Australia"
2007-05-10,0.0,4.732079626453402,Kununurra,"Kimberley, Western Australia"
2007-05-11,0.0,4.732079626453402,Kununurra,"Kimberley, Western Australia"
2007-05-12,0.0,4.732079626453402,Kununurra,"Kimberley, Western Australia"
2007-05-13,0.0,4.732079626453402,Kununurra,"Kimberley, Western Australia"
2007-05-14,0.0,4.732079626453402,Kununurra,"Kimberley, Western Australia"
2007-05-15,0.0,4.732079626453402,Kununurra,"Kimberley, Western Australia"
2007-05-16,0.0,4.732079626453402,Kununurra,"Kimberley, Western Australia"
2007-05-17,0.0,4.732079626453402,Kununurra,"Kimberley, Western Australia"
2007-05-18,3.3839695408483608,4.732079626453402,Kununurra,"Kimberley, Western Australia"
2007-05-19,0.0,4.732079626453402,Kununurra,"Kimberley, Western Australia"
2007-05-20,0.0,4.732079626453402,Kununurra,"Kimberley, Western Australia"
2007-05-21,0.0,4.732079626453402,Kununurra,"Kimberley, Western Australia"
2007-05-22,0.0,4.732079626453402,Kununurra,"Kimberley, Western Australia"
2007-05-23,0.0,4.732079626453402,Kununurra,"Kimberley, Western Australia"
2007-05-24,0.0,4.732079626453402,Kununurra,"Kimberley, Western Australia"
2007-05-25,0.0,4.732079626453402,Kununurra,"Kimberley, Western Australia"
2007-05-26,0.0,4.732079626453402,Kununurra,"Kimberley, Western Australia"
2007-05-27,0.0,4.732079626453402,Kununurra,"Kimberley, Western Australia"
2007-05-28,1.3481100856050414,4.732079626453402,Kununurra,"Kimberley, Western Australia"
2007-05-29,0.0,4.732079626453402,Kununurra,"Kimberley, Western Australia"
2007-05-30,0.0,4.732079626453402,Kununurra,"Kimberley, Western Australia"
2007-05-31,0.0,4.732079626453402,Kununurra,"Kimberley, Western Australia"
2007-06-01,5.501051246980934,24.533366852293696,Kununurra,"Kimberley, Western Australia"
2007-06-02,0.0,24.533366852293696,Kununurra,"Kimberley, Western Australia"
2007-06-03,0.0,24.533366852293696,Kununurra,"Kimberley, Western Australia"
2007-06-04,0.0,24.533366852293696,Kununurra,"Kimberley, Western Australia"
2007-06-05,0.0,24.533366852293696,Kununurra,"Kimberley, Western Australia"
2007-06-06,0.0,24.533366852293696,Kununurra,"Kimberley, Western Australia"
2007-06-07,4.724743053708195,24.533366852293696,Kununurra,"Kimberley, Western Australia"
2007-06-08,0.0,24.533366852293696,Kununurra,"Kimberley, Western Australia"
2007-06-09,0.0,24.533366852293696,Kununurra,"Kimberley, Western Australia"
2007-06-10,0.0,24.533366852293696,Kununurra,"Kimberley, Western Australia"
2007-06-11,0.0,24.533366852293696,Kununurra,"Kimberley, Western Australia"
2007-06-12,4.6525716636251975,24.533366852293696,Kununurra,"Kimberley, Western Australia"
2007-06-13,0.0,24.533366852293696,Kununurra,"Kimberley, Western Australia"
2007-06-14,0.0,24.533366852293696,Kununurra,"Kimberley, Western Australia"
2007-06-15,0.9809007587840253,24.533366852293696,Kununurra,"Kimberley, Western Australia"
2007-06-16,0.0,24.533366852293696,Kununurra,"Kimberley, Western Australia"
2007-06-17,0.0,24.533366852293696,Kununurra,"Kimberley, Western Australia"
2007-06-18,0.0,24.533366852293696,Kununurra,"Kimberley, Western Australia"
2007-06-19,0.0,24.533366852293696,Kununurra,"Kimberley, Western Australia"
2007-06-20,0.0,24.533366852293696,Kununurra,"Kimberley, Western Australia"
2007-06-21,0.0,24.533366852293696,Kununurra,"Kimberley, Western Australia"
2007-06-22,0.0,24.533366852293696,Kununurra,"Kimberley, Western Australia"
2007-06-23,0.0,24.533366852293696,Kununurra,"Kimberley, Western Australia"
2007-06-24,8.674100129195343,24.533366852293696,Kununurra,"Kimberley, Western Australia"
2007-06-25,0.0,24.533366852293696,Kununurra,"Kimberley, Western Australia"
2007-06-26,0.0,24.533366852293696,Kununurra,"Kimberley, Western Australia"
2007-06-27,0.0,24.533366852293696,Kununurra,"Kimberley, Western Australia"
2007-06-28,0.0,24.533366852293696,Kununurra,"Kimberley, Western Australia"
2007-06-29,0.0,24.533366852293696,Kununurra,"Kimberley, Western Australia"
2007-06-30,0.0,24.533366852293696,Kununurra,"Kimberley, Western Australia"
2007-07-01,0.0,30.342092813090225,Kununurra,"Kimberley, Western Australia"
2007-07-02,2.208143588673397,30.342092813090225,Kununurra,"Kimberley, Western Australia"
2007-07-03,0.0,30.342092813090225,Kununurra,"Kimberley, Western Australia"
2007-07-04,0.0,30.342092813090225,Kununurra,"Kimberley, Western Australia"
2007-07-05,0.0,30.342092813090225,Kununurra,"Kimberley, Western Australia"
2007-07-06,0.0,30.342092813090225,Kununurra,"Kimberley, Western Australia"
2007-07-07,0.0,30.342092813090225,Kununurra,"Kimberley, Western Australia"
2007-07-08,0.0,30.342092813090225,Kununurra,"Kimberley, Western Australia"
2007-07-09,0.0,30.342092813090225,Kununurra,"Kimberley, Western Australia"
2007-07-10,0.0,30.342092813090225,Kununurra,"Kimberley, Western Australia"
2007-07-11,0.0,30.342092813090225,Kununurra,"Kimberley, Western Australia"
2007-07-12,0.0,30.342092813090225,Kununurra,"Kimberley, Western Australia"
2007-07-13,0.0,30.342092813090225,Kununurra,"Kimberley, Western Australia"
2007-07-14,0.0,30.342092813090225,Kununurra,"Kimberley, Western Australia"
2007-07-15,4.803669252466678,30.342092813090225,Kununurra,"Kimberley, Western Australia"
2007-07-16,0.0,30.342092813090225,Kununurra,"Kimberley, Western Australia"
2007-07-17,0.0,30.342092813090225,Kununurra,"Kimberley, Western Australia"
2007-07-18,2.8159868817818854,30.342092813090225,Kununurra,"Kimberley, Western Australia"
2007-07-19,0.0,30.342092813090225,Kununurra,"Kimberley, Western Australia"
2007-07-20,0.0,30.342092813090225,Kununurra,"Kimberley, Western Australia"
2007-07-21,2.2153104479430934,30.342092813090225,Kununurra,"Kimberley, Western Australia"
2007-07-22,13.352924325676966,30.342092813090225,Kununurra,"Kimberley, Western Australia"
2007-07-23,0.0,30.342092813090225,Kununurra,"Kimberley, Western Australia"
2007-07-24,0.0,30.342092813090225,Kununurra,"Kimberley, Western Australia"
2007-07-25,4.946058316548204,30.342092813090225,Kununurra,"Kimberley, Western Australia"
2007-07-26,0.0,30.342092813090225,Kununurra,"Kimberley, Western Australia"
2007-07-27,0.0,30.342092813090225,Kununurra,"Kimberley, Western Australia"
2007-07-28,0.0,30.342092813090225,Kununurra,"Kimberley, Western Australia"
2007-07-29,0.0,30.342092813090225,Kununurra,"Kimberley, Western Australia"
2007-07-30,0.0,30.342092813090225,Kununurra,"Kimberley, Western Australia"
2007-07-31,0.0,30.342092813090225,Kununurra,"Kimberley, Western Australia"
2007-08-01,0.0,39.71916214041114,Kununurra,"Kimberley, Western Australia"
2007-08-02,0.0,39.71916214041114,Kununurra,"Kimberley, Western Australia"
2007-08-03,0.0,39.71916214041114,Kununurra,"Kimberley, Western Australia"
2007-08-04,1.7801800660280587,39.71916214041114,Kununurra,"Kimberley, Western Australia"
2007-08-05,4.542432680994588,39.71916214041114,Kununurra,"Kimberley, Western Australia"
2007-08-06,8.470218484447184,39.71916214041114,Kununurra,"Kimberley, Western Australia"
2007-08-07,0.0,39.71916214041114,Kununurra,"Kimberley, Western Australia"
2007-08-08,10.098699419559212,39.71916214041114,Kununurra,"Kimberley, Western Australia"
2007-08-09,0.0,39.71916214041114,Kununurra,"Kimberley, Western Australia"
2007-08-10,0.0,39.71916214041114,Kununurra,"Kimberley, Western Australia"
2007-08-11,0.0,39.71916214041114,Kununurra,"Kimberley, Western Australia"
2007-08-12,1.9887116068134176,39.71916214041114,Kununurra,"Kimberley, Western Australia"
2007-08-13,0.0,39.71916214041114,Kununurra,"Kimberley, Western Australia"
2007-08-14,0.0,39.71916214041114,Kununurra,"Kimberley, Western Australia"
2007-08-15,0.9181195181488497,39.71916214041114,Kununurra,"Kimberley, Western Australia"
2007-08-16,0.0,39.71916214041114,Kununurra,"Kimberley, Western Australia"
2007-08-17,0.0,39.71916214041114,Kununurra,"Kimberley, Western Australia"
2007-08-18,0.0,39.71916214041114,Kununurra,"Kimberley, Western Australia"
2007-08-19,0.0,39.71916214041114,Kununurra,"Kimberley, Western Australia"
2007-08-20,0.0,39.71916214041114,Kununurra,"Kimberley, Western Australia"
2007-08-21,0.0,39.71916214041114,Kununurra,"Kimberley, Western Australia"
2007-08-22,4.708038803653217,39.71916214041114,Kununurra,"Kimberley, Western Australia"
2007-08-23,0.0,39.71916214041114,Kununurra,"Kimberley, Western Australia"
2007-08-24,0.0,39.71916214041114,Kununurra,"Kimberley, Western Australia"
2007-08-25,0.0,39.71916214041114,Kununurra,"Kimberley, Western Australia"
2007-08-26,2.3904556181659338,39.71916214041114,Kununurra,"Kimberley, Western Australia"
2007-08-27,4.822305942600686,39.71916214041114,Kununurra,"Kimberley, Western Australia"
2007-08-28,0.0,39.71916214041114,Kununurra,"Kimberley, Western Australia"
2007-08-29,0.0,39.71916214041114,Kununurra,"Kimberley, Western Australia"
2007-08-30,0.0,39.71916214041114,Kununurra,"Kimberley, Western Australia"
2007-08-31,0.0,39.71916214041114,Kununurra,"Kimberley, Western Australia"
2007-09-01,11.03540065100845,25.518107585926153,Kununurra,"Kimberley, Western Australia"
2007-09-02,0.0,25.518107585926153,Kununurra,"Kimberley, Western Australia"
2007-09-03,0.0,25.518107585926153,Kununurra,"Kimberley, Western Australia"
2007-09-04,0.0,25.518107585926153,Kununurra,"Kimberley, Western Australia"
2007-09-05,0.0,25.518107585926153,Kununurra,"Kimberley, Western Australia"
2007-09-06,0.0,25.518107585926153,Kununurra,"Kimberley, Western Australia"
2007-09-07,0.0,25.518107585926153,Kununurra,"Kimberley, Western Australia"
2007-09-08,0.0,25.518107585926153,Kununurra,"Kimberley, Western Australia"
2007-09-09,0.0,25.518107585926153,Kununurra,"Kimberley, Western Australia"
2007-09-10,0.0,25.518107585926153,Kununurra,"Kimberley, Western Australia"
2007-09-11,0.0,25.518107585926153,Kununurra,"Kimberley, Western Australia"
2007-09-12,0.0,25.518107585926153,Kununurra,"Kimberley, Western Australia"
2007-09-13,0.0,25.518107585926153,Kununurra,"Kimberley, Western Australia"
2007-09-14,0.0,25.518107585926153,Kununurra,"Kimberley, Western Australia"
2007-09-15,0.0,25.518107585926153,Kununurra,"Kimberley, Western Australia"
2007-09-16,1.259486962978943,25.518107585926153,Kununurra,"Kimberley, Western Australia"
2007-09-17,0.0,25.518107585926153,Kununurra,"Kimberley, Western Australia"
2007-09-18,0.0,25.518107585926153,Kununurra,"Kimberley, Western Australia"
2007-09-19,6.357902109643421,25.518107585926153,Kununurra,"Kimberley, Western Australia"
2007-09-20,0.0,25.518107585926153,Kununurra,"Kimberley, Western Australia"
2007-09-21,0.0,25.518107585926153,Kununurra,"Kimberley, Western Australia"
2007-09-22,0.0,25.518107585926153,Kununurra,"Kimberley, Western Australia"
2007-09-23,1.676938159444478,25.518107585926153,Kununurra,"Kimberley, Western Australia"
2007-09-24,0.0,25.518107585926153,Kununurra,"Kimberley, Western Australia"
2007-09-25,0.0,25.518107585926153,Kununurra,"Kimberley, Western Australia"
2007-09-26,0.0,25.518107585926153,Kununurra,"Kimberley, Western Australia"
2007-09-27,0.0,25.518107585926153,Kununurra,"Kimberley, Western Australia"
2007-09-28,0.0,25.518107585926153,Kununurra,"Kimberley, Western Australia"
2007-09-29,0.0,25.518107585926153,Kununurra,"Kimberley, Western Australia"
2007-09-30,5.1883797028508605,25.518107585926153,Kununurra,"Kimberley, Western Australia"
2007-10-01,9.611219261174817,67.33500689637727,Kununurra,"Kimberley, Western Australia"
2007-10-02,0.0,67.33500689637727,Kununurra,"Kimberley, Western Australia"
2007-10-03,2.9306945670583895,67.33500689637727,Kununurra,"Kimberley, Western Australia"
2007-10-04,8.430953907479005,67.33500689637727,Kununurra,"Kimberley, Western Australia"
2007-10-05,3.434494420493154,67.33500689637727,Kununurra,"Kimberley, Western Australia"
2007-10-06,0.0,67.33500689637727,Kununurra,"Kimberley, Western Australia"
2007-10-07,0.0,67.33500689637727,Kununurra,"Kimberley, Western Australia"
2007-10-08,0.0,67.33500689637727,Kununurra,"Kimberley, Western Australia"
2007-10-09,0.0,67.33500689637727,Kununurra,"Kimberley, Western Australia"
2007-10-10,0.0,67.33500689637727,Kununurra,"Kimberley, Western Australia"
2007-10-11,0.0,67.33500689637727,Kununurra,"Kimberley, Western Australia"
2007-10-12,0.0,67.33500689637727,Kununurra,"Kimberley, Western Australia"
2007-10-13,0.0,67.33500689637727,Kununurra,"Kimberley, Western Australia"
2007-10-14,0.0,67.33500689637727,Kununurra,"Kimberley, Western Australia"
2007-10-15,0.0,67.33500689637727,Kununurra,"Kimberley, Western Australia"
2007-10-16,0.0,67.33500689637727,Kununurra,"Kimberley, Western Australia"
2007-10-17,0.0,67.33500689637727,Kununurra,"Kimberley, Western Australia"
2007-10-18,0.0,67.33500689637727,Kununurra,"Kimberley, Western Australia"
2007-10-19,6.0154652019884765,67.33500689637727,Kununurra,"Kimberley, Western Australia"
2007-10-20,14.162827184125169,67.33500689637727,Kununurra,"Kimberley, Western Australia"
2007-10-21,0.0,67.33500689637727,Kununurra,"Kimberley, Western Australia"
2007-10-22,9.930094083093692,67.33500689637727,Kununurra,"Kimberley, Western Australia"
2007-10-23,0.0,67.33500689637727,Kununurra,"Kimberley, Western Australia"
2007-10-24,1.3942818454738102,67.33500689637727,Kununurra,"Kimberley, Western Australia"
2007-10-25,0.0,67.33500689637727,Kununurra,"Kimberley, Western Australia"
2007-10-26,4.0458009263239685,67.33500689637727,Kununurra,"Kimberley, Western Australia"
2007-10-27,3.281486343827593,67.33500689637727,Kununurra,"Kimberley, Western Australia"
2007-10-28,0.0,67.33500689637727,Kununurra,"Kimberley, Western Australia"
2007-10-29,0.0,67.33500689637727,Kununurra,"Kimberley, Western Australia"
2007-10-30,0.0,67.33500689637727,Kununurra,"Kimberley, Western Australia"
2007-10-31,4.097689155339188,67.33500689637727,Kununurra,"Kimberley, Western Australia"
2007-11-01,0.0,28.660590570285603,Kununurra,"Kimberley, Western Australia"
2007-11-02,0.0,28.660590570285603,Kununurra,"Kimberley, Western Australia"
2007-11-03,1.847422231792388,28.660590570285603,Kununurra,"Kimberley, Western Australia"
2007-11-04,0.0,28.660590570285603,Kununurra,"Kimberley, Western Australia"
2007-11-05,0.0,28.660590570285603,Kununurra,"Kimberley, Western Australia"
2007-11-06,0.0,28.660590570285603,Kununurra,"Kimberley, Western Australia"
2007-11-07,0.0,28.660590570285603,Kununurra,"Kimberley, Western Australia"
2007-11-08,0.0,28.660590570285603,Kununurra,"Kimberley, Western Australia"
2007-11-09,0.0,28.660590570285603,Kununurra,"Kimberley, Western Australia"
2007-11-10,0.0,28.660590570285603,Kununurra,"Kimberley, Western Australia"
2007-11-11,0.0,28.660590570285603,Kununurra,"Kimberley, Western Australia"
2007-11-12,0.0,28.660590570285603,Kununurra,"Kimberley, Western Australia"
2007-11-13,0.0,28.660590570285603,Kununurra,"Kimberley, Western Australia"
2007-11-14,0.0,28.660590570285603,Kununurra,"Kimberley, Western Australia"
2007-11-15,4.670912048220765,28.660590570285603,Kununurra,"Kimberley, Western Australia"
2007-11-16,0.0,28.660590570285603,Kununurra,"Kimberley, Western Australia"
2007-11-17,0.0,28.660590570285603,Kununurra,"Kimberley, Western Australia"
2007-11-18,0.0,28.660590570285603,Kununurra,"Kimberley, Western Australia"
2007-11-19,0.0,28.660590570285603,Kununurra,"Kimberley, Western Australia"
2007-11-20,0.0,28.660590570285603,Kununurra,"Kimberley, Western Australia"
2007-11-21,0.0,28.660590570285603,Kununurra,"Kimberley, Western Australia"
2007-11-22,0.0,28.660590570285603,Kununurra,"Kimberley, Western Australia"
2007-11-23,0.3852800058695074,28.660590570285603,Kununurra,"Kimberley, Western Australia"
2007-11-24,14.098831147992577,28.660590570285603,Kununurra,"Kimberley, Western Australia"
2007-11-25,0.0,28.660590570285603,Kununurra,"Kimberley, Western Australia"
2007-11-26,0.0,28.660590570285603,Kununurra,"Kimberley, Western Australia"
2007-11-27,0.0,28.660590570285603,Kununurra,"Kimberley, Western Australia"
2007-11-28,6.726676478586585,28.660590570285603,Kununurra,"Kimberley, Western Australia"
2007-11-29,0.9314686578237786,28.660590570285603,Kununurra,"Kimberley, Western Australia"
2007-11-30,0.0,28.660590570285603,Kununurra,"Kimberley, Western Australia"
2007-12-01,1.4551926352737516,53.6446383386328,Kununurra,"Kimberley, Western Australia"
2007-12-02,0.0,53.6446383386328,Kununurra,"Kimberley, Western Australia"
2007-12-03,0.0,53.6446383386328,Kununurra,"Kimberley, Western Australia"
2007-12-04,2.5818385908237005,53.6446383386328,Kununurra,"Kimberley, Western Australia"
2007-12-05,12.223306129308277,53.6446383386328,Kununurra,"Kimberley, Western Australia"
2007-12-06,7.995288723881943,53.6446383386328,Kununurra,"Kimberley, Western Australia"
2007-12-07,0.0,53.6446383386328,Kununurra,"Kimberley, Western Australia"
2007-12-08,0.0,53.6446383386328,Kununurra,"Kimberley, Western Australia"
2007-12-09,3.4100268516084915,53.6446383386328,Kununurra,"Kimberley, Western Australia"
2007-12-10,0.0,53.6446383386328,Kununurra,"Kimberley, Western Australia"
2007-12-11,0.0,53.6446383386328,Kununurra,"Kimberley, Western Australia"
2007-12-12,0.0,53.6446383386328,Kununurra,"Kimberley, Western Australia"
2007-12-13,4.590267171776091,53.6446383386328,Kununurra,"Kimberley, Western Australia"
2007-12-14,0.0,53.6446383386328,Kununurra,"Kimberley, Western Australia"
2007-12-15,0.0,53.6446383386328,Kununurra,"Kimberley, Western Australia"
2007-12-16,0.0,53.6446383386328,Kununurra,"Kimberley, Western Australia"
2007-12-17,0.0,53.6446383386328,Kununurra,"Kimberley, Western Australia"
2007-12-18,14.963348910794776,53.6446383386328,Kununurra,"Kimberley, Western Australia"
2007-12-19,0.0,53.6446383386328,Kununurra,"Kimberley, Western Australia"
2007-12-20,0.0,53.6446383386328,Kununurra,"Kimberley, Western Australia"
2007-12-21,0.0,53.6446383386328,Kununurra,"Kimberley, Western Australia"
2007-12-22,0.0,53.6446383386328,Kununurra,"Kimberley, Western Australia"
2007-12-23,6.425369325165773,53.6446383386328,Kununurra,"Kimberley, Western Australia"
2007-12-24,0.0,53.6446383386328,Kununurra,"Kimberley, Western Australia"
2007-12-25,0.0,53.6446383386328,Kununurra,"Kimberley, Western Australia"
2007-12-26,0.0,53.6446383386328,Kununurra,"Kimberley, Western Australia"
2007-12-27,0.0,53.6446383386328,Kununurra,"Kimberley, Western Australia"
2007-12-28,0.0,53.6446383386328,Kununurra,"Kimberley, Western Australia"
2007-12-29,0.0,53.6446383386328,Kununurra,"Kimberley, Western Australia"
2007-12-30,0.0,53.6446383386328,Kununurra,"Kimberley, Western Australia"
2007-12-31,0.0,53.6446383386328,Kununurra,"Kimberley, Western Australia"
2008-01-01,0.0,44.89350555366504,Kununurra,"Kimberley, Western Australia"
2008-01-02,0.0,44.89350555366504,Kununurra,"Kimberley, Western Australia"
2008-01-03,0.0,44.89350555366504,Kununurra,"Kimberley, Western Australia"
2008-01-04,14.756188481563674,44.89350555366504,Kununurra,"Kimberley, Western Australia"
2008-01-05,0.0,44.89350555366504,Kununurra,"Kimberley, Western Australia"
2008-01-06,0.0,44.89350555366504,Kununurra,"Kimberley, Western Australia"
2008-01-07,0.0,44.89350555366504,Kununurra,"Kimberley, Western Australia"
2008-01-08,2.698513374726972,44.89350555366504,Kununurra,"Kimberley, Western Australia"
2008-01-09,0.0,44.89350555366504,Kununurra,"Kimberley, Western Australia"
2008-01-10,11.930862540578687,44.89350555366504,Kununurra,"Kimberley, Western Australia"
2008-01-11,0.0,44.89350555366504,Kununurra,"Kimberley, Western Australia"
2008-01-12,3.1642554968963204,44.89350555366504,Kununurra,"Kimberley, Western Australia"
2008-01-13,0.0,44.89350555366504,Kununurra,"Kimberley, Western Australia"
2008-01-14,0.0,44.89350555366504,Kununurra,"Kimberley, Western Australia"
2008-01-15,0.0,44.89350555366504,Kununurra,"Kimberley, Western Australia"
2008-01-16,0.0,44.89350555366504,Kununurra,"Kimberley, Western Australia"
2008-01-17,0.0,44.89350555366504,Kununurra,"Kimberley, Western Australia"
2008-01-18,0.0,44.89350555366504,Kununurra,"Kimberley, Western Australia"
2008-01-19,0.0,44.89350555366504,Kununurra,"Kimberley, Western Australia"
2008-01-20,0.0,44.89350555366504,Kununurra,"Kimberley, Western Australia"
2008-01-21,0.0,44.89350555366504,Kununurra,"Kimberley, Western Australia"
2008-01-22,0.0,44.89350555366504,Kununurra,"Kimberley, Western Australia"
2008-01-23,0.0,44.89350555366504,Kununurra,"Kimberley, Western Australia"
2008-01-24,1.851945370180597,44.89350555366504,Kununurra,"Kimberley, Western Australia"
2008-01-25,2.677159191726626,44.89350555366504,Kununurra,"Kimberley, Western Australia"
2008-01-26,0.0,44.89350555366504,Kununurra,"Kimberley, Western Australia"
2008-01-27,0.0,44.89350555366504,Kununurra,"Kimberley, Western Australia"
2008-01-28,0.48040369194036137,44.89350555366504,Kununurra,"Kimberley, Western Australia"
2008-01-29,0.0,44.89350555366504,Kununurra,"Kimberley, Western Australia"
2008-01-30,0.0,44.89350555366504,Kununurra,"Kimberley, Western Australia"
2008-01-31,7.334177406051798,44.89350555366504,Kununurra,"Kimberley, Western Australia"
2008-02-01,0.0,60.423201116040204,Kununurra,"Kimberley, Western Australia"
2008-02-02,0.0,60.423201116040204,Kununurra,"Kimberley, Western Australia"
2008-02-03,0.0,60.423201116040204,Kununurra,"Kimberley, Western Australia"
2008-02-04,0.0,60.423201116040204,Kununurra,"Kimberley, Western Australia"
2008-02-05,0.0,60.423201116040204,Kununurra,"Kimberley, Western Australia"
2008-02-06,0.0,60.423201116040204,Kununurra,"Kimberley, Western Australia"
2008-02-07,0.0,60.423201116040204,Kununurra,"Kimberley, Western Australia"
2008-02-08,9.239149177272944,60.423201116040204,Kununurra,"Kimberley, Western Australia"
2008-02-09,0.0,60.423201116040204,Kununurra,"Kimberley, Western Australia"
2008-02-10,3.248114882398299,60.423201116040204,Kununurra,"Kimberley, Western Australia"
2008-02-11,3.321241386523862,60.423201116040204,Kununurra,"Kimberley, Western Australia"
2008-02-12,0.0,60.423201116040204,Kununurra,"Kimberley, Western Australia"
2008-02-13,0.0,60.423201116040204,Kununurra,"Kimberley, Western Australia"
2008-02-14,6.981957308662885,60.423201116040204,Kununurra,"Kimberley, Western Australia"
2008-02-15,0.0,60.423201116040204,Kununurra,"Kimberley, Western Australia"
2008-02-16,10.994303182120477,60.423201116040204,Kununurra,"Kimberley, Western Australia"
2008-02-17,0.0,60.423201116040204,Kununurra,"Kimberley, Western Australia"
2008-02-18,5.019414276578242,60.423201116040204,Kununurra,"Kimberley, Western Australia"
2008-02-19,0.0,60.423201116040204,Kununurra,"Kimberley, Western Australia"
2008-02-20,0.0,60.423201116040204,Kununurra,"Kimberley, Western Australia"
2008-02-21,0.0,60.423201116040204,Kununurra,"Kimberley, Western Australia"
2008-02-22,0.0,60.423201116040204,Kununurra,"Kimberley, Western Australia"
2008-02-23,0.0,60.423201116040204,Kununurra,"Kimberley, Western Australia"
2008-02-24,0.0,60.423201116040204,Kununurra,"Kimberley, Western Australia"
2008-02-25,0.0,60.423201116040204,Kununurra,"Kimberley, Western Australia"
2008-02-26,10.97447384178179,60.423201116040204,Kununurra,"Kimberley, Western Australia"
2008-02-27,10.644547060701704,60.423201116040204,Kununurra,"Kimberley, Western Australia"
2008-02-28,0.0,60.423201116040204,Kununurra,"Kimberley, Western Australia"
2008-02-29,0.0,60.423201116040204,Kununurra,"Kimberley, Western Australia"
2008-03-01,8.961906730595608,97.97184448551785,Kununurra,"Kimberley, Western Australia"
2008-03-02,0.0,97.97184448551785,Kununurra,"Kimberley, Western Australia"
2008-03-03,0.0,97.97184448551785,Kununurra,"Kimberley, Western Australia"
2008-03-04,9.475523836984232,97.97184448551785,Kununurra,"Kimberley, Western Australia"
2008-03-05,2.865669206739766,97.97184448551785,Kununurra,"Kimberley, Western Australia"
2008-03-06,15.186175982356783,97.97184448551785,Kununurra,"Kimberley, Western Australia"
2008-03-07,0.0,97.97184448551785,Kununurra,"Kimberley, Western Australia"
2008-03-08,0.0,97.97184448551785,Kununurra,"Kimberley, Western Australia"
2008-03-09,0.0,97.97184448551785,Kununurra,"Kimberley, Western Australia"
2008-03-10,0.0,97.97184448551785,Kununurra,"Kimberley, Western Australia"
2008-03-11,13.87410701948465,97.97184448551785,Kununurra,"Kimberley, Western Australia"
2008-03-12,0.0,97.97184448551785,Kununurra,"Kimberley, Western Australia"
2008-03-13,0.0,97.97184448551785,Kununurra,"Kimberley, Western Australia"
2008-03-14,0.0,97.97184448551785,Kununurra,"Kimberley, Western Australia"
2008-03-15,0.0,97.97184448551785,Kununurra,"Kimberley, Western Australia"
2008-03-16,0.0,97.97184448551785,Kununurra,"Kimberley, Western Australia"
2008-03-17,0.0,97.97184448551785,Kununurra,"Kimberley, Western Australia"
2008-03-18,16.08850298099871,97.97184448551785,Kununurra,"Kimberley, Western Australia"
2008-03-19,0.0,97.97184448551785,Kununurra,"Kimberley, Western Australia"
2008-03-20,0.0,97.97184448551785,Kununurra,"Kimberley, Western Australia"
2008-03-21,0.0,97.97184448551785,Kununurra,"Kimberley, Western Australia"
2008-03-22,0.0,97.97184448551785,Kununurra,"Kimberley, Western Australia"
2008-03-23,0.0,97.97184448551785,Kununurra,"Kimberley, Western Australia"
2008-03-24,0.0,97.97184448551785,Kununurra,"Kimberley, Western Australia"
2008-03-25,1.7621643701502359,97.97184448551785,Kununurra,"Kimberley, Western Australia"
2008-03-26,0.0,97.97184448551785,Kununurra,"Kimberley, Western Australia"
2008-03-27,20.471169503352062,97.97184448551785,Kununurra,"Kimberley, Western Australia"
2008-03-28,0.0,97.97184448551785,Kununurra,"Kimberley, Western Australia"
2008-03-29,9.2866248548558,97.97184448551785,Kununurra,"Kimberley, Western Australia"
2008-03-30,0.0,97.97184448551785,Kununurra,"Kimberley, Western Australia"
2008-03-31,0.0,97.97184448551785,Kununurra,"Kimberley, Western Australia"
2008-04-01,0.0,56.79851234756859,Kununurra,"Kimberley, Western Australia"
2008-04-02,0.0,56.79851234756859,Kununurra,"Kimberley, Western Australia"
2008-04-03,0.0,56.79851234756859,Kununurra,"Kimberley, Western Australia"
2008-04-04,0.0,56.79851234756859,Kununurra,"Kimberley, Western Australia"
2008-04-05,0.0,56.79851234756859,Kununurra,"Kimberley, Western Australia"
2008-04-06,0.0,56.79851234756859,Kununurra,"Kimberley, Western Australia"
2008-04-07,0.0,56.79851234756859,Kununurra,"Kimberley, Western Australia"
2008-04-08,0.0,56.79851234756859,Kununurra,"Kimberley, Western Australia"
2008-04-09,0.0,56.79851234756859,Kununurra,"Kimberley, Western Australia"
2008-04-10,0.0,56.79851234756859,Kununurra,"Kimberley, Western Australia"
2008-04-11,0.0,56.79851234756859,Kununurra,"Kimberley, Western Australia"
2008-04-12,0.0,56.79851234756859,Kununurra,"Kimberley, Western Australia"
2008-04-13,0.0,56.79851234756859,Kununurra,"Kimberley, Western Australia"
2008-04-14,6.863325838552744,56.79851234756859,Kununurra,"Kimberley, Western Australia"
2008-04-15,5.192090208314008,56.79851234756859,Kununurra,"Kimberley, Western Australia"
2008-04-16,0.0,56.79851234756859,Kununurra,"Kimberley, Western Australia"
2008-04-17,0.0,56.79851234756859,Kununurra,"Kimberley, Western Australia"
2008-04-18,0.0,56.79851234756859,Kununurra,"Kimberley, Western Australia"
2008-04-19,0.0,56.79851234756859,Kununurra,"Kimberley, Western Australia"
2008-04-20,0.0,56.79851234756859,Kununurra,"Kimberley, Western Australia"
2008-04-21,0.0,56.79851234756859,Kununurra,"Kimberley, Western Australia"
2008-04-22,0.0,56.79851234756859,Kununurra,"Kimberley, Western Australia"
2008-04-23,0.0,56.79851234756859,Kununurra,"Kimberley, Western Australia"
2008-04-24,28.0322595888749,56.79851234756859,Kununurra,"Kimberley, Western Australia"
2008-04-25,7.988027401227344,56.79851234756859,Kununurra,"Kimberley, Western Australia"
2008-04-26,0.0,56.79851234756859,Kununurra,"Kimberley, Western Australia"
2008-04-27,0.0,56.79851234756859,Kununurra,"Kimberley, Western Australia"
2008-04-28,5.7421026913559325,56.79851234756859,Kununurra,"Kimberley, Western Australia"
2008-04-29,2.980706619243656,56.79851234756859,Kununurra,"Kimberley, Western Australia"
2008-04-30,0.0,56.79851234756859,Kununurra,"Kimberley, Western Australia"
2008-05-01,4.862348534754773,40.49651444208385,Kununurra,"Kimberley, Western Australia"
2008-05-02,0.0,40.49651444208385,Kununurra,"Kimberley, Western Australia"
2008-05-03,4.561097427963397,40.49651444208385,Kununurra,"Kimberley, Western Australia"
2008-05-04,0.0,40.49651444208385,Kununurra,"Kimberley, Western Australia"
2008-05-05,0.0,40.49651444208385,Kununurra,"Kimberley, Western Australia"
2008-05-06,0.0,40.49651444208385,Kununurra,"Kimberley, Western Australia"
2008-05-07,0.0,40.49651444208385,Kununurra,"Kimberley, Western Australia"
2008-05-08,0.0,40.49651444208385,Kununurra,"Kimberley, Western Australia"
2008-05-09,6.890066580943323,40.49651444208385,Kununurra,"Kimberley, Western Australia"
2008-05-10,11.474976786904357,40.49651444208385,Kununurra,"Kimberley, Western Australia"
2008-05-11,0.0,40.49651444208385,Kununurra,"Kimberley, Western Australia"
2008-05-12,0.0,40.49651444208385,Kununurra,"Kimberley, Western Australia"
2008-05-13,0.0,40.49651444208385,Kununurra,"Kimberley, Western Australia"
2008-05-14,0.0,40.49651444208385,Kununurra,"Kimberley, Western Australia"
2008-05-15,0.0,40.49651444208385,Kununurra,"Kimberley, Western Australia"
2008-05-16,2.4400777769662527,40.49651444208385,Kununurra,"Kimberley, Western Australia"
2008-05-17,5.798396703616721,40.49651444208385,Kununurra,"Kimberley, Western Australia"
2008-05-18,0.0,40.49651444208385,Kununurra,"Kimberley, Western Australia"
2008-05-19,0.0,40.49651444208385,Kununurra,"Kimberley, Western Australia"
2008-05-20,0.0,40.49651444208385,Kununurra,"Kimberley, Western Australia"
2008-05-21,0.0,40.49651444208385,Kununurra,"Kimberley, Western Australia"
2008-05-22,0.0,40.49651444208385,Kununurra,"Kimberley, Western Australia"
2008-05-23,0.0,40.49651444208385,Kununurra,"Kimberley, Western Australia"
2008-05-24,0.0,40.49651444208385,Kununurra,"Kimberley, Western Australia"
2008-05-25,4.46955063093503,40.49651444208385,Kununurra,"Kimberley, Western Australia"
2008-05-26,0.0,40.49651444208385,Kununurra,"Kimberley, Western Australia"
2008-05-27,0.0,40.49651444208385,Kununurra,"Kimberley, Western Australia"
2008-05-28,0.0,40.49651444208385,Kununurra,"Kimberley, Western Australia"
2008-05-29,0.0,40.49651444208385,Kununurra,"Kimberley, Western Australia"
2008-05-30,0.0,40.49651444208385,Kununurra,"Kimberley, Western Australia"
2008-05-31,0.0,40.49651444208385,Kununurra,"Kimberley, Western Australia"
2008-06-01,0.0,28.987738542532988,Kununurra,"Kimberley, Western Australia"
2008-06-02,0.0,28.987738542532988,Kununurra,"Kimberley, Western Australia"
2008-06-03,4.85864654572547,28.987738542532988,Kununurra,"Kimberley, Western Australia"
2008-06-04,0.0,28.987738542532988,Kununurra,"Kimberley, Western Australia"
2008-06-05,0.0,28.987738542532988,Kununurra,"Kimberley, Western Australia"
2008-06-06,0.0,28.987738542532988,Kununurra,"Kimberley, Western Australia"
2008-06-07,0.0,28.987738542532988,Kununurra,"Kimberley, Western Australia"
2008-06-08,0.0,28.987738542532988,Kununurra,"Kimberley, Western Australia"
2008-06-09,0.0,28.987738542532988,Kununurra,"Kimberley, Western Australia"
2008-06-10,0.0,28.987738542532988,Kununurra,"Kimberley, Western Australia"
2008-06-11,4.436203165554679,28.987738542532988,Kununurra,"Kimberley, Western Australia"
2008-06-12,0.0,28.987738542532988,Kununurra,"Kimberley, Western Australia"
2008-06-13,0.0,28.987738542532988,Kununurra,"Kimberley, Western Australia"
2008-06-14,0.0,28.987738542532988,Kununurra,"Kimberley, Western Australia"
2008-06-15,0.0,28.987738542532988,Kununurra,"Kimberley, Western Australia"
2008-06-16,0.0,28.987738542532988,Kununurra,"Kimberley, Western Australia"
2008-06-17,8.10701957525352,28.987738542532988,Kununurra,"Kimberley, Western Australia"
2008-06-18,0.0,28.987738542532988,Kununurra,"Kimberley, Western Australia"
2008-06-19,0.0,28.987738542532988,Kununurra,"Kimberley, Western Australia"
2008-06-20,0.0,28.987738542532988,Kununurra,"Kimberley, Western Australia"
2008-06-21,0.0,28.987738542532988,Kununurra,"Kimberley, Western Australia"
2008-06-22,0.0,28.987738542532988,Kununurra,"Kimberley, Western Australia"
2008-06-23,0.0,28.987738542532988,Kununurra,"Kimberley, Western Australia"
2008-06-24,0.0,28.987738542532988,Kununurra,"Kimberley, Western Australia"
2008-06-25,2.0700126640473386,28.987738542532988,Kununurra,"Kimberley, Western Australia"
2008-06-26,0.0,28.987738542532988,Kununurra,"Kimberley, Western Australia"
2008-06-27,0.6466761596505923,28.987738542532988,Kununurra,"Kimberley, Western Australia"
2008-06-28,0.0,28.987738542532988,Kununurra,"Kimberley, Western Australia"
2008-06-29,0.0,28.987738542532988,Kununurra,"Kimberley, Western Australia"
2008-06-30,8.869180432301384,28.987738542532988,Kununurra,"Kimberley, Western Australia"
2008-07-01,0.0,28.724585377043862,Kununurra,"Kimberley, Western Australia"
2008-07-02,0.0,28.724585377043862,Kununurra,"Kimberley, Western Australia"
2008-07-03,0.0,28.724585377043862,Kununurra,"Kimberley, Western Australia"
2008-07-04,0.0,28.724585377043862,Kununurra,"Kimberley, Western Australia"
2008-07-05,0.0,28.724585377043862,Kununurra,"Kimberley, Western Australia"
2008-07-06,0.0,28.724585377043862,Kununurra,"Kimberley, Western Australia"
2008-07-07,0.0,28.724585377043862,Kununurra,"Kimberley, Western Australia"
2008-07-08,0.0,28.724585377043862,Kununurra,"Kimberley, Western Australia"
2008-07-09,0.0,28.724585377043862,Kununurra,"Kimberley, Western Australia"
2008-07-10,0.0,28.724585377043862,Kununurra,"Kimberley, Western Australia"
2008-07-11,0.0,28.724585377043862,Kununurra,"Kimberley, Western Australia"
2008-07-12,0.0,28.724585377043862,Kununurra,"Kimberley, Western Australia"
2008-07-13,0.0,28.724585377043862,Kununurra,"Kimberley, Western Australia"
2008-07-14,0.0,28.724585377043862,Kununurra,"Kimberley, Western Australia"
2008-07-15,0.0,28.724585377043862,Kununurra,"Kimberley, Western Australia"
2008-07-16,0.0,28.724585377043862,Kununurra,"Kimberley, Western Australia"
2008-07-17,3.5906568518449324,28.724585377043862,Kununurra,"Kimberley, Western Australia"
2008-07-18,0.0,28.724585377043862,Kununurra,"Kimberley, Western Australia"
2008-07-19,0.0,28.724585377043862,Kununurra,"Kimberley, Western Australia"
2008-07-20,2.4182642226346953,28.724585377043862,Kununurra,"Kimberley, Western Australia"
2008-07-21,0.0,28.724585377043862,Kununurra,"Kimberley, Western Australia"
2008-07-22,8.310346221109672,28.724585377043862,Kununurra,"Kimberley, Western Australia"
2008-07-23,8.276822436976634,28.724585377043862,Kununurra,"Kimberley, Western Australia"
2008-07-24,0.0,28.724585377043862,Kununurra,"Kimberley, Western Australia"
2008-07-25,0.0,28.724585377043862,Kununurra,"Kimberley, Western Australia"
2008-07-26,0.0,28.724585377043862,Kununurra,"Kimberley, Western Australia"
2008-07-27,6.128495644477929,28.724585377043862,Kununurra,"Kimberley, Western Australia"
2008-07-28,0.0,28.724585377043862,Kununurra,"Kimberley, Western Australia"
2008-07-29,0.0,28.724585377043862,Kununurra,"Kimberley, Western Australia"
2008-07-30,0.0,28.724585377043862,Kununurra,"Kimberley, Western Australia"
2008-07-31,0.0,28.724585377043862,Kununurra,"Kimberley, Western Australia"
2008-08-01,0.0,36.66882503651205,Kununurra,"Kimberley, Western Australia"
2008-08-02,0.0,36.66882503651205,Kununurra,"Kimberley, Western Australia"
2008-08-03,3.7152158814121554,36.66882503651205,Kununurra,"Kimberley, Western Australia"
2008-08-04,5.761651339758323,36.66882503651205,Kununurra,"Kimberley, Western Australia"
2008-08-05,4.933944491303398,36.66882503651205,Kununurra,"Kimberley, Western Australia"
2008-08-06,0.0,36.66882503651205,Kununurra,"Kimberley, Western Australia"
2008-08-07,0.0,36.66882503651205,Kununurra,"Kimberley, Western Australia"
2008-08-08,0.0,36.66882503651205,Kununurra,"Kimberley, Western Australia"
2008-08-09,0.0,36.66882503651205,Kununurra,"Kimberley, Western Australia"
2008-08-10,3.4048338987838864,36.66882503651205,Kununurra,"Kimberley, Western Australia"
2008-08-11,0.0,36.66882503651205,Kununurra,"Kimberley, Western Australia"
2008-08-12,0.0,36.66882503651205,Kununurra,"Kimberley, Western Australia"
2008-08-13,0.0,36.66882503651205,Kununurra,"Kimberley, Western Australia"
2008-08-14,0.0,36.66882503651205,Kununurra,"Kimberley, Western Australia"
2008-08-15,3.3437657038128945,36.66882503651205,Kununurra,"Kimberley, Western Australia"
2008-08-16,0.0,36.66882503651205,Kununurra,"Kimberley, Western Australia"
2008-08-17,0.0,36.66882503651205,Kununurra,"Kimberley, Western Australia"
2008-08-18,4.014043450070769,36.66882503651205,Kununurra,"Kimberley, Western Australia"
2008-08-19,0.0,36.66882503651205,Kununurra,"Kimberley, Western Australia"
2008-08-20,0.0,36.66882503651205,Kununurra,"Kimberley, Western Australia"
2008-08-21,7.582988381604653,36.66882503651205,Kununurra,"Kimberley, Western Australia"
2008-08-22,3.9123818897659643,36.66882503651205,Kununurra,"Kimberley, Western Australia"
2008-08-23,0.0,36.66882503651205,Kununurra,"Kimberley, Western Australia"
2008-08-24,0.0,36.66882503651205,Kununurra,"Kimberley, Western Australia"
2008-08-25,0.0,36.66882503651205,Kununurra,"Kimberley, Western Australia"
2008-08-26,0.0,36.66882503651205,Kununurra,"Kimberley, Western Australia"
2008-08-27,0.0,36.66882503651205,Kununurra,"Kimberley, Western Australia"
2008-08-28,0.0,36.66882503651205,Kununurra,"Kimberley, Western Australia"
2008-08-29,0.0,36.66882503651205,Kununurra,"Kimberley, Western Australia"
2008-08-30,0.0,36.66882503651205,Kununurra,"Kimberley, Western Australia"
2008-08-31,0.0,36.66882503651205,Kununurra,"Kimberley, Western Australia"
2008-09-01,0.0,57.369805849630104,Kununurra,"Kimberley, Western Australia"
2008-09-02,5.019991955511191,57.369805849630104,Kununurra,"Kimberley, Western Australia"
2008-09-03,0.0,57.369805849630104,Kununurra,"Kimberley, Western Australia"
2008-09-04,0.0,57.369805849630104,Kununurra,"Kimberley, Western Australia"
2008-09-05,0.0,57.369805849630104,Kununurra,"Kimberley, Western Australia"
2008-09-06,0.0,57.369805849630104,Kununurra,"Kimberley, Western Australia"
2008-09-07,0.0,57.369805849630104,Kununurra,"Kimberley, Western Australia"
2008-09-08,2.6294007951509104,57.369805849630104,Kununurra,"Kimberley, Western Australia"
2008-09-09,4.610039384352411,57.369805849630104,Kununurra,"Kimberley, Western Australia"
2008-09-10,0.0,57.369805849630104,Kununurra,"Kimberley, Western Australia"
2008-09-11,0.0,57.369805849630104,Kununurra,"Kimberley, Western Australia"
2008-09-12,0.0,57.369805849630104,Kununurra,"Kimberley, Western Australia"
2008-09-13,3.946159360268549,57.369805849630104,Kununurra,"Kimberley, Western Australia"
2008-09-14,4.369234909102513,57.369805849630104,Kununurra,"Kimberley, Western Australia"
2008-09-15,0.0,57.369805849630104,Kununurra,"Kimberley, Western Australia"
2008-09-16,0.0,57.369805849630104,Kununurra,"Kimberley, Western Australia"
2008-09-17,0.0,57.369805849630104,Kununurra,"Kimberley, Western Australia"
2008-09-18,0.0,57.369805849630104,Kununurra,"Kimberley, Western Australia"
2008-09-19,0.0,57.369805849630104,Kununurra,"Kimberley, Western Australia"
2008-09-20,0.0,57.369805849630104,Kununurra,"Kimberley, Western Australia"
2008-09-21,0.0,57.369805849630104,Kununurra,"Kimberley, Western Australia"
2008-09-22,10.926213596467111,57.369805849630104,Kununurra,"Kimberley, Western Australia"
2008-09-23,7.283667660246463,57.369805849630104,Kununurra,"Kimberley, Western Australia"
2008-09-24,0.0,57.369805849630104,Kununurra,"Kimberley, Western Australia"
2008-09-25,0.0,57.369805849630104,Kununurra,"Kimberley, Western Australia"
2008-09-26,0.0,57.369805849630104,Kununurra,"Kimberley, Western Australia"
2008-09-27,0.0,57.369805849630104,Kununurra,"Kimberley, Western Australia"
2008-09-28,0.0,57.369805849630104,Kununurra,"Kimberley, Western Australia"
2008-09-29,0.0,57.369805849630104,Kununurra,"Kimberley, Western Australia"
2008-09-30,18.585098188530957,57.369805849630104,Kununurra,"Kimberley, Western Australia"
2008-10-01,0.0,47.77080778402237,Kununurra,"Kimberley, Western Australia"
2008-10-02,0.0,47.77080778402237,Kununurra,"Kimberley, Western Australia"
2008-10-03,0.0,47.77080778402237,Kununurra,"Kimberley, Western Australia"
2008-10-04,0.0,47.77080778402237,Kununurra,"Kimberley, Western Australia"
2008-10-05,0.0,47.77080778402237,Kununurra,"Kimberley, Western Australia"
2008-10-06,0.0,47.77080778402237,Kununurra,"Kimberley, Western Australia"
2008-10-07,0.0,47.77080778402237,Kununurra,"Kimberley, Western Australia"
2008-10-08,0.0,47.77080778402237,Kununurra,"Kimberley, Western Australia"
2008-10-09,0.0,47.77080778402237,Kununurra,"Kimberley, Western Australia"
2008-10-10,12.900446917644487,47.77080778402237,Kununurra,"Kimberley, Western Australia"
2008-10-11,0.0,47.77080778402237,Kununurra,"Kimberley, Western Australia"
2008-10-12,0.0,47.77080778402237,Kununurra,"Kimberley, Western Australia"
2008-10-13,0.0,47.77080778402237,Kununurra,"Kimberley, Western Australia"
2008-10-14,4.341442023596075,47.77080778402237,Kununurra,"Kimberley, Western Australia"
2008-10-15,5.029429973985939,47.77080778402237,Kununurra,"Kimberley, Western Australia"
2008-10-16,0.0,47.77080778402237,Kununurra,"Kimberley, Western Australia"
2008-10-17,4.978203049916073,47.77080778402237,Kununurra,"Kimberley, Western Australia"
2008-10-18,0.0,47.77080778402237,Kununurra,"Kimberley, Western Australia"
2008-10-19,0.0,47.77080778402237,Kununurra,"Kimberley, Western Australia"
2008-10-20,2.9852336547718363,47.77080778402237,Kununurra,"Kimberley, Western Australia"
2008-10-21,8.092965411921053,47.77080778402237,Kununurra,"Kimberley, Western Australia"
2008-10-22,0.0,47.77080778402237,Kununurra,"Kimberley, Western Australia"
2008-10-23,0.0,47.77080778402237,Kununurra,"Kimberley, Western Australia"
2008-10-24,2.042114640459448,47.77080778402237,Kununurra,"Kimberley, Western Australia"
2008-10-25,0.7228406723141264,47.77080778402237,Kununurra,"Kimberley, Western Australia"
2008-10-26,0.0,47.77080778402237,Kununurra,"Kimberley, Western Australia"
2008-10-27,0.0,47.77080778402237,Kununurra,"Kimberley, Western Australia"
2008-10-28,0.0,47.77080778402237,Kununurra,"Kimberley, Western Australia"
2008-10-29,0.0,47.77080778402237,Kununurra,"Kimberley, Western Australia"
2008-10-30,6.678131439413329,47.77080778402237,Kununurra,"Kimberley, Western Australia"
2008-10-31,0.0,47.77080778402237,Kununurra,"Kimberley, Western Australia"
2008-11-01,3.491886410539114,43.88919466262698,Kununurra,"Kimberley, Western Australia"
2008-11-02,0.0,43.88919466262698,Kununurra,"Kimberley, Western Australia"
2008-11-03,4.357007903779222,43.88919466262698,Kununurra,"Kimberley, Western Australia"
2008-11-04,0.0,43.88919466262698,Kununurra,"Kimberley, Western Australia"
2008-11-05,7.612168200815655,43.88919466262698,Kununurra,"Kimberley, Western Australia"
2008-11-06,0.0,43.88919466262698,Kununurra,"Kimberley, Western Australia"
2008-11-07,0.0,43.88919466262698,Kununurra,"Kimberley, Western Australia"
2008-11-08,0.0,43.88919466262698,Kununurra,"Kimberley, Western Australia"
2008-11-09,0.0,43.88919466262698,Kununurra,"Kimberley, Western Australia"
2008-11-10,0.0,43.88919466262698,Kununurra,"Kimberley, Western Australia"
2008-11-11,2.973117873798226,43.88919466262698,Kununurra,"Kimberley, Western Australia"
2008-11-12,2.712074132870451,43.88919466262698,Kununurra,"Kimberley, Western Australia"
2008-11-13,0.0,43.88919466262698,Kununurra,"Kimberley, Western Australia"
2008-11-14,3.023590110111648,43.88919466262698,Kununurra,"Kimberley, Western Australia"
2008-11-15,4.701822505904362,43.88919466262698,Kununurra,"Kimberley, Western Australia"
2008-11-16,0.0,43.88919466262698,Kununurra,"Kimberley, Western Australia"
2008-11-17,0.0,43.88919466262698,Kununurra,"Kimberley, Western Australia"
2008-11-18,0.0,43.88919466262698,Kununurra,"Kimberley, Western Australia"
2008-11-19,3.3479196833493,43.88919466262698,Kununurra,"Kimberley, Western Australia"
2008-11-20,0.0,43.88919466262698,Kununurra,"Kimberley, Western Australia"
2008-11-21,9.00337557897547,43.88919466262698,Kununurra,"Kimberley, Western Australia"
2008-11-22,0.0,43.88919466262698,Kununurra,"Kimberley, Western Australia"
2008-11-23,0.0,43.88919466262698,Kununurra,"Kimberley, Western Australia"
2008-11-24,0.0,43.88919466262698,Kununurra,"Kimberley, Western Australia"
2008-11-25,0.0,43.88919466262698,Kununurra,"Kimberley, Western Australia"
2008-11-26,0.0,43.88919466262698,Kununurra,"Kimberley, Western Australia"
2008-11-27,0.0,43.88919466262698,Kununurra,"Kimberley, Western Australia"
2008-11-28,0.0,43.88919466262698,Kununurra,"Kimberley, Western Australia"
2008-11-29,2.6662322624835313,43.88919466262698,Kununurra,"Kimberley, Western Australia"
2008-11-30,0.0,43.88919466262698,Kununurra,"Kimberley, Western Australia"
2008-12-01,19.057239020825744,63.45775391863292,Kununurra,"Kimberley, Western Australia"
2008-12-02,0.0,63.45775391863292,Kununurra,"Kimberley, Western Australia"
2008-12-03,0.0,63.45775391863292,Kununurra,"Kimberley, Western Australia"
2008-12-04,0.0,63.45775391863292,Kununurra,"Kimberley, Western Australia"
2008-12-05,0.0,63.45775391863292,Kununurra,"Kimberley, Western Australia"
2008-12-06,6.415676191473668,63.45775391863292,Kununurra,"Kimberley, Western Australia"
2008-12-07,0.0,63.45775391863292,Kununurra,"Kimberley, Western Australia"
2008-12-08,0.0,63.45775391863292,Kununurra,"Kimberley, Western Australia"
2008-12-09,0.0,63.45775391863292,Kununurra,"Kimberley, Western Australia"
2008-12-10,1.2400918678930624,63.45775391863292,Kununurra,"Kimberley, Western Australia"
2008-12-11,5.139106725069784,63.45775391863292,Kununurra,"Kimberley, Western Australia"
2008-12-12,0.0,63.45775391863292,Kununurra,"Kimberley, Western Australia"
2008-12-13,5.074437207102339,63.45775391863292,Kununurra,"Kimberley, Western Australia"
2008-12-14,0.0,63.45775391863292,Kununurra,"Kimberley, Western Australia"
2008-12-15,0.0,63.45775391863292,Kununurra,"Kimberley, Western Australia"
2008-12-16,0.0,63.45775391863292,Kununurra,"Kimberley, Western Australia"
2008-12-17,0.0,63.45775391863292,Kununurra,"Kimberley, Western Australia"
2008-12-18,0.0,63.45775391863292,Kununurra,"Kimberley, Western Australia"
2008-12-19,0.0,63.45775391863292,Kununurra,"Kimberley, Western Australia"
2008-12-20,0.0,63.45775391863292,Kununurra,"Kimberley, Western Australia"
2008-12-21,0.0,63.45775391863292,Kununurra,"Kimberley, Western Australia"
2008-12-22,5.083773997569845,63.45775391863292,Kununurra,"Kimberley, Western Australia"
2008-12-23,0.0,63.45775391863292,Kununurra,"Kimberley, Western Australia"
2008-12-24,0.0,63.45775391863292,Kununurra,"Kimberley, Western Australia"
2008-12-25,6.724018753010896,63.45775391863292,Kununurra,"Kimberley, Western Australia"
2008-12-26,0.0,63.45775391863292,Kununurra,"Kimberley, Western Australia"
2008-12-27,7.2470697296809945,63.45775391863292,Kununurra,"Kimberley, Western Australia"
2008-12-28,0.0,63.45775391863292,Kununurra,"Kimberley, Western Australia"
2008-12-29,0.0,63.45775391863292,Kununurra,"Kimberley, Western Australia"
2008-12-30,1.1688535596827996,63.45775391863292,Kununurra,"Kimberley, Western Australia"
2008-12-31,6.307486866323784,63.45775391863292,Kununurra,"Kimberley, Western Australia"
2009-01-01,5.0115081049864765,54.90560557610609,Kununurra,"Kimberley, Western Australia"
2009-01-02,0.0,54.90560557610609,Kununurra,"Kimberley, Western Australia"
2009-01-03,0.0,54.90560557610609,Kununurra,"Kimberley, Western Australia"
2009-01-04,0.0,54.90560557610609,Kununurra,"Kimberley, Western Australia"
2009-01-05,0.0,54.90560557610609,Kununurra,"Kimberley, Western Australia"
2009-01-06,2.5494162211918527,54.90560557610609,Kununurra,"Kimberley, Western Australia"
2009-01-07,0.0,54.90560557610609,Kununurra,"Kimberley, Western Australia"
2009-01-08,2.223776188605263,54.90560557610609,Kununurra,"Kimberley, Western Australia"
2009-01-09,10.950188630515164,54.90560557610609,Kununurra,"Kimberley, Western Australia"
2009-01-10,11.469772190790405,54.90560557610609,Kununurra,"Kimberley, Western Australia"
2009-01-11,0.0,54.90560557610609,Kununurra,"Kimberley, Western Australia"
2009-01-12,0.0,54.90560557610609,Kununurra,"Kimberley, Western Australia"
2009-01-13,0.0,54.90560557610609,Kununurra,"Kimberley, Western Australia"
2009-01-14,0.0,54.90560557610609,Kununurra,"Kimberley, Western Australia"
2009-01-15,0.0,54.90560557610609,Kununurra,"Kimberley, Western Australia"
2009-01-16,0.0,54.90560557610609,Kununurra,"Kimberley, Western Australia"
2009-01-17,0.0,54.90560557610609,Kununurra,"Kimberley, Western Australia"
2009-01-18,0.0,54.90560557610609,Kununurra,"Kimberley, Western Australia"
2009-01-19,3.006453667740476,54.90560557610609,Kununurra,"Kimberley, Western Australia"
2009-01-20,0.0,54.90560557610609,Kununurra,"Kimberley, Western Australia"
2009-01-21,0.0,54.90560557610609,Kununurra,"Kimberley, Western Australia"
2009-01-22,0.0,54.90560557610609,Kununurra,"Kimberley, Western Australia"
2009-01-23,3.3272343798237882,54.90560557610609,Kununurra,"Kimberley, Western Australia"
2009-01-24,3.888104749104069,54.90560557610609,Kununurra,"Kimberley, Western Australia"
2009-01-25,5.01757356457018,54.90560557610609,Kununurra,"Kimberley, Western Australia"
2009-01-26,0.0,54.90560557610609,Kununurra,"Kimberley, Western Australia"
2009-01-27,0.0,54.90560557610609,Kununurra,"Kimberley, Western Australia"
2009-01-28,7.4615778787784155,54.90560557610609,Kununurra,"Kimberley, Western Australia"
2009-01-29,0.0,54.90560557610609,Kununurra,"Kimberley, Western Australia"
2009-01-30,0.0,54.90560557610609,Kununurra,"Kimberley, Western Australia"
2009-01-31,0.0,54.90560557610609,Kununurra,"Kimberley, Western Australia"
2009-02-01,0.0,54.73277099483374,Kununurra,"Kimberley, Western Australia"
2009-02-02,7.670529312676327,54.73277099483374,Kununurra,"Kimberley, Western Australia"
2009-02-03,0.0,54.73277099483374,Kununurra,"Kimberley, Western Australia"
2009-02-04,0.0,54.73277099483374,Kununurra,"Kimberley, Western Australia"
2009-02-05,0.0,54.73277099483374,Kununurra,"Kimberley, Western Australia"
2009-02-06,13.655122502937004,54.73277099483374,Kununurra,"Kimberley, Western Australia"
2009-02-07,0.0,54.73277099483374,Kununurra,"Kimberley, Western Australia"
2009-02-08,0.0,54.73277099483374,Kununurra,"Kimberley, Western Australia"
2009-02-09,0.0,54.73277099483374,Kununurra,"Kimberley, Western Australia"
2009-02-10,8.618519614999835,54.73277099483374,Kununurra,"Kimberley, Western Australia"
2009-02-11,0.0,54.73277099483374,Kununurra,"Kimberley, Western Australia"
2009-02-12,0.0,54.73277099483374,Kununurra,"Kimberley, Western Australia"
2009-02-13,0.0,54.73277099483374,Kununurra,"Kimberley, Western Australia"
2009-02-14,0.0,54.73277099483374,Kununurra,"Kimberley, Western Australia"
2009-02-15,6.899564870916839,54.73277099483374,Kununurra,"Kimberley, Western Australia"
2009-02-16,0.0,54.73277099483374,Kununurra,"Kimberley, Western Australia"
2009-02-17,0.0,54.73277099483374,Kununurra,"Kimberley, Western Australia"
2009-02-18,14.56723807848238,54.73277099483374,Kununurra,"Kimberley, Western Australia"
2009-02-19,0.0,54.73277099483374,Kununurra,"Kimberley, Western Australia"
2009-02-20,0.0,54.73277099483374,Kununurra,"Kimberley, Western Australia"
2009-02-21,0.0,54.73277099483374,Kununurra,"Kimberley, Western Australia"
2009-02-22,0.0,54.73277099483374,Kununurra,"Kimberley, Western Australia"
2009-02-23,0.0,54.73277099483374,Kununurra,"Kimberley, Western Australia"
2009-02-24,0.0,54.73277099483374,Kununurra,"Kimberley, Western Australia"
2009-02-25,0.0,54.73277099483374,Kununurra,"Kimberley, Western Australia"
2009-02-26,0.0,54.73277099483374,Kununurra,"Kimberley, Western Australia"
2009-02-27,0.0,54.73277099483374,Kununurra,"Kimberley, Western Australia"
2009-02-28,3.321796614821359,54.73277099483374,Kununurra,"Kimberley, Western Australia"
2009-03-01,0.0,87.37464483034917,Kununurra,"Kimberley, Western Australia"
2009-03-02,0.0,87.37464483034917,Kununurra,"Kimberley, Western Australia"
2009-03-03,6.1963190475606655,87.37464483034917,Kununurra,"Kimberley, Western Australia"
2009-03-04,0.0,87.37464483034917,Kununurra,"Kimberley, Western Australia"
2009-03-05,0.0,87.37464483034917,Kununurra,"Kimberley, Western Australia"
2009-03-06,0.0,87.37464483034917,Kununurra,"Kimberley, Western Australia"
2009-03-07,17.76746387066119,87.37464483034917,Kununurra,"Kimberley, Western Australia"
2009-03-08,5.621269218653685,87.37464483034917,Kununurra,"Kimberley, Western Australia"
2009-03-09,0.0,87.37464483034917,Kununurra,"Kimberley, Western Australia"
2009-03-10,0.0,87.37464483034917,Kununurra,"Kimberley, Western Australia"
2009-03-11,17.18767696462491,87.37464483034917,Kununurra,"Kimberley, Western Australia"
2009-03-12,0.0,87.37464483034917,Kununurra,"Kimberley, Western Australia"
2009-03-13,7.096056169306028,87.37464483034917,Kununurra,"Kimberley, Western Australia"
2009-03-14,13.719814714710694,87.37464483034917,Kununurra,"Kimberley, Western Australia"
2009-03-15,0.0,87.37464483034917,Kununurra,"Kimberley, Western Australia"
2009-03-16,0.0,87.37464483034917,Kununurra,"Kimberley, Western Australia"
2009-03-17,0.0,87.37464483034917,Kununurra,"Kimberley, Western Australia"
2009-03-18,0.0,87.37464483034917,Kununurra,"Kimberley, Western Australia"
2009-03-19,2.961990602761914,87.37464483034917,Kununurra,"Kimberley, Western Australia"
2009-03-20,0.0,87.37464483034917,Kununurra,"Kimberley, Western Australia"
2009-03-21,5.706716250103222,87.37464483034917,Kununurra,"Kimberley, Western Australia"
2009-03-22,11.117337991966862,87.37464483034917,Kununurra,"Kimberley, Western Australia"
2009-03-23,0.0,87.37464483034917,Kununurra,"Kimberley, Western Australia"
2009-03-24,0.0,87.37464483034917,Kununurra,"Kimberley, Western Australia"
2009-03-25,0.0,87.37464483034917,Kununurra,"Kimberley, Western Australia"
2009-03-26,0.0,87.37464483034917,Kununurra,"Kimberley, Western Australia"
2009-03-27,0.0,87.37464483034917,Kununurra,"Kimberley, Western Australia"
2009-03-28,0.0,87.37464483034917,Kununurra,"Kimberley, Western Australia"
2009-03-29,0.0,87.37464483034917,Kununurra,"Kimberley, Western Australia"
2009-03-30,0.0,87.37464483034917,Kununurra,"Kimberley, Western Australia"
2009-03-31,0.0,87.37464483034917,Kununurra,"Kimberley, Western Australia"
2009-04-01,6.141774955666735,44.737226909376425,Kununurra,"Kimberley, Western Australia"
2009-04-02,6.425335136549525,44.737226909376425,Kununurra,"Kimberley, Western Australia"
2009-04-03,0.0,44.737226909376425,Kununurra,"Kimberley, Western Australia"
2009-04-04,0.0,44.737226909376425,Kununurra,"Kimberley, Western Australia"
2009-04-05,0.0,44.737226909376425,Kununurra,"Kimberley, Western Australia"
2009-04-06,0.0,44.737226909376425,Kununurra,"Kimberley, Western Australia"
2009-04-07,0.0,44.737226909376425,Kununurra,"Kimberley, Western Australia"
2009-04-08,5.528584518920966,44.737226909376425,Kununurra,"Kimberley, Western Australia"
2009-04-09,0.0,44.737226909376425,Kununurra,"Kimberley, Western Australia"
2009-04-10,0.0,44.737226909376425,Kununurra,"Kimberley, Western Australia"
2009-04-11,5.88036470166832,44.737226909376425,Kununurra,"Kimberley, Western Australia"
2009-04-12,0.0,44.737226909376425,Kununurra,"Kimberley, Western Australia"
2009-04-13,0.0,44.737226909376425,Kununurra,"Kimberley, Western Australia"
2009-04-14,0.0,44.737226909376425,Kununurra,"Kimberley, Western Australia"
2009-04-15,1.687111484467719,44.737226909376425,Kununurra,"Kimberley, Western Australia"
2009-04-16,0.0,44.737226909376425,Kununurra,"Kimberley, Western Australia"
2009-04-17,0.0,44.737226909376425,Kununurra,"Kimberley, Western Australia"
2009-04-18,5.594523262226806,44.737226909376425,Kununurra,"Kimberley, Western Australia"
2009-04-19,0.0,44.737226909376425,Kununurra,"Kimberley, Western Australia"
2009-04-20,0.0,44.737226909376425,Kununurra,"Kimberley, Western Australia"
2009-04-21,0.0,44.737226909376425,Kununurra,"Kimberley, Western Australia"
2009-04-22,0.0,44.737226909376425,Kununurra,"Kimberley, Western Australia"
2009-04-23,0.0,44.737226909376425,Kununurra,"Kimberley, Western Australia"
2009-04-24,10.354322548885182,44.737226909376425,Kununurra,"Kimberley, Western Australia"
2009-04-25,0.0,44.737226909376425,Kununurra,"Kimberley, Western Australia"
2009-04-26,0.0,44.737226909376425,Kununurra,"Kimberley, Western Australia"
2009-04-27,0.0,44.737226909376425,Kununurra,"Kimberley, Western Australia"
2009-04-28,0.0,44.737226909376425,Kununurra,"Kimberley, Western Australia"
2009-04-29,0.0,44.737226909376425,Kununurra,"Kimberley, Western Australia"
2009-04-30,3.1252103009911703,44.737226909376425,Kununurra,"Kimberley, Western Australia"
2009-05-01,0.0,45.0052860111391,Kununurra,"Kimberley, Western Australia"
2009-05-02,0.291369710697215,45.0052860111391,Kununurra,"Kimberley, Western Australia"
2009-05-03,0.0,45.0052860111391,Kununurra,"Kimberley, Western Australia"
2009-05-04,0.0,45.0052860111391,Kununurra,"Kimberley, Western Australia"
2009-05-05,4.452325111961105,45.0052860111391,Kununurra,"Kimberley, Western Australia"
2009-05-06,0.0,45.0052860111391,Kununurra,"Kimberley, Western Australia"
2009-05-07,0.0,45.0052860111391,Kununurra,"Kimberley, Western Australia"
2009-05-08,9.988850166747003,45.0052860111391,Kununurra,"Kimberley, Western Australia"
2009-05-09,0.0,45.0052860111391,Kununurra,"Kimberley, Western Australia"
2009-05-10,0.0,45.0052860111391,Kununurra,"Kimberley, Western Australia"
2009-05-11,0.0,45.0052860111391,Kununurra,"Kimberley, Western Australia"
2009-05-12,0.0,45.0052860111391,Kununurra,"Kimberley, Western Australia"
2009-05-13,0.0,45.0052860111391,Kununurra,"Kimberley, Western Australia"
2009-05-14,4.061796637330629,45.0052860111391,Kununurra,"Kimberley, Western Australia"
2009-05-15,0.0,45.0052860111391,Kununurra,"Kimberley, Western Australia"
2009-05-16,0.0,45.0052860111391,Kununurra,"Kimberley, Western Australia"
2009-05-17,0.0,45.0052860111391,Kununurra,"Kimberley, Western Australia"
2009-05-18,10.033108059075724,45.0052860111391,Kununurra,"Kimberley, Western Australia"
2009-05-19,0.0,45.0052860111391,Kununurra,"Kimberley, Western Australia"
2009-05-20,9.519020739976675,45.0052860111391,Kununurra,"Kimberley, Western Australia"
2009-05-21,0.0,45.0052860111391,Kununurra,"Kimberley, Western Australia"
2009-05-22,0.0,45.0052860111391,Kununurra,"Kimberley, Western Australia"
2009-05-23,0.0,45.0052860111391,Kununurra,"Kimberley, Western Australia"
2009-05-24,0.0,45.0052860111391,Kununurra,"Kimberley, Western Australia"
2009-05-25,0.0,45.0052860111391,Kununurra,"Kimberley, Western Australia"
2009-05-26,0.0,45.0052860111391,Kununurra,"Kimberley, Western Australia"
2009-05-27,0.0,45.0052860111391,Kununurra,"Kimberley, Western Australia"
2009-05-28,0.0,45.0052860111391,Kununurra,"Kimberley, Western Australia"
2009-05-29,2.444922579311828,45.0052860111391,Kununurra,"Kimberley, Western Australia"
2009-05-30,0.0,45.0052860111391,Kununurra,"Kimberley, Western Australia"
2009-05-31,4.213893006038923,45.0052860111391,Kununurra,"Kimberley, Western Australia"
2009-06-01,0.0,28.339275490214,Kununurra,"Kimberley, Western Australia"
2009-06-02,0.0,28.339275490214,Kununurra,"Kimberley, Western Australia"
2009-06-03,14.254256019801133,28.339275490214,Kununurra,"Kimberley, Western Australia"
2009-06-04,0.0,28.339275490214,Kununurra,"Kimberley, Western Australia"
2009-06-05,4.20007812617547,28.339275490214,Kununurra,"Kimberley, Western Australia"
2009-06-06,0.0,28.339275490214,Kununurra,"Kimberley, Western Australia"
2009-06-07,0.0,28.339275490214,Kununurra,"Kimberley, Western Australia"
2009-06-08,0.0,28.339275490214,Kununurra,"Kimberley, Western Australia"
2009-06-09,3.7060867670666786,28.339275490214,Kununurra,"Kimberley, Western Australia"
2009-06-10,0.0,28.339275490214,Kununurra,"Kimberley, Western Australia"
2009-06-11,0.0,28.339275490214,Kununurra,"Kimberley, Western Australia"
2009-06-12,0.0,28.339275490214,Kununurra,"Kimberley, Western Australia"
2009-06-13,0.0,28.339275490214,Kununurra,"Kimberley, Western Australia"
2009-06-14,0.0,28.339275490214,Kununurra,"Kimberley, Western Australia"
2009-06-15,0.0,28.339275490214,Kununurra,"Kimberley, Western Australia"
2009-06-16,0.0,28.339275490214,Kununurra,"Kimberley, Western Australia"
2009-06-17,0.0,28.339275490214,Kununurra,"Kimberley, Western Australia"
2009-06-18,0.0,28.339275490214,Kununurra,"Kimberley, Western Australia"
2009-06-19,0.0,28.339275490214,Kununurra,"Kimberley, Western Australia"
2009-06-20,0.0,28.339275490214,Kununurra,"Kimberley, Western Australia"
2009-06-21,0.0,28.339275490214,Kununurra,"Kimberley, Western Australia"
2009-06-22,0.0,28.339275490214,Kununurra,"Kimberley, Western Australia"
2009-06-23,0.0,28.339275490214,Kununurra,"Kimberley, Western Australia"
2009-06-24,0.0,28.339275490214,Kununurra,"Kimberley, Western Australia"
2009-06-25,6.1788545771707195,28.339275490214,Kununurra,"Kimberley, Western Australia"
2009-06-26,0.0,28.339275490214,Kununurra,"Kimberley, Western Australia"
2009-06-27,0.0,28.339275490214,Kununurra,"Kimberley, Western Australia"
2009-06-28,0.0,28.339275490214,Kununurra,"Kimberley, Western Australia"
2009-06-29,0.0,28.339275490214,Kununurra,"Kimberley, Western Australia"
2009-06-30,0.0,28.339275490214,Kununurra,"Kimberley, Western Australia"
2009-07-01,0.0,28.054058902346814,Kununurra,"Kimberley, Western Australia"
2009-07-02,0.0,28.054058902346814,Kununurra,"Kimberley, Western Australia"
2009-07-03,0.0,28.054058902346814,Kununurra,"Kimberley, Western Australia"
2009-07-04,0.0,28.054058902346814,Kununurra,"Kimberley, Western Australia"
2009-07-05,0.0,28.054058902346814,Kununurra,"Kimberley, Western Australia"
2009-07-06,0.0,28.054058902346814,Kununurra,"Kimberley, Western Australia"
2009-07-07,0.0,28.054058902346814,Kununurra,"Kimberley, Western Australia"
2009-07-08,0.0,28.054058902346814,Kununurra,"Kimberley, Western Australia"
2009-07-09,0.0,28.054058902346814,Kununurra,"Kimberley, Western Australia"
2009-07-10,0.0,28.054058902346814,Kununurra,"Kimberley, Western Australia"
2009-07-11,3.6758672429851695,28.054058902346814,Kununurra,"Kimberley, Western Australia"
2009-07-12,0.0,28.054058902346814,Kununurra,"Kimberley, Western Australia"
2009-07-13,0.0,28.054058902346814,Kununurra,"Kimberley, Western Australia"
2009-07-14,0.0,28.054058902346814,Kununurra,"Kimberley, Western Australia"
2009-07-15,0.0,28.054058902346814,Kununurra,"Kimberley, Western Australia"
2009-07-16,0.0,28.054058902346814,Kununurra,"Kimberley, Western Australia"
2009-07-17,10.305659865228613,28.054058902346814,Kununurra,"Kimberley, Western Australia"
2009-07-18,0.0,28.054058902346814,Kununurra,"Kimberley, Western Australia"
2009-07-19,4.3830096228937006,28.054058902346814,Kununurra,"Kimberley, Western Australia"
2009-07-20,0.0,28.054058902346814,Kununurra,"Kimberley, Western Australia"
2009-07-21,5.120585600792062,28.054058902346814,Kununurra,"Kimberley, Western Australia"
2009-07-22,0.0,28.054058902346814,Kununurra,"Kimberley, Western Australia"
2009-07-23,4.568936570447268,28.054058902346814,Kununurra,"Kimberley, Western Australia"
2009-07-24,0.0,28.054058902346814,Kununurra,"Kimberley, Western Australia"
2009-07-25,0.0,28.054058902346814,Kununurra,"Kimberley, Western Australia"
2009-07-26,0.0,28.054058902346814,Kununurra,"Kimberley, Western Australia"
2009-07-27,0.0,28.054058902346814,Kununurra,"Kimberley, Western Australia"
2009-07-28,0.0,28.054058902346814,Kununurra,"Kimberley, Western Australia"
2009-07-29,0.0,28.054058902346814,Kununurra,"Kimberley, Western Australia"
2009-07-30,0.0,28.054058902346814,Kununurra,"Kimberley, Western Australia"
2009-07-31,0.0,28.054058902346814,Kununurra,"Kimberley, Western Australia"
2009-08-01,0.0,42.87786601244781,Kununurra,"Kimberley, Western Australia"
2009-08-02,0.0,42.87786601244781,Kununurra,"Kimberley, Western Australia"
2009-08-03,2.5244541009177435,42.87786601244781,Kununurra,"Kimberley, Western Australia"
2009-08-04,0.0,42.87786601244781,Kununurra,"Kimberley, Western Australia"
2009-08-05,0.0,42.87786601244781,Kununurra,"Kimberley, Western Australia"
2009-08-06,0.0,42.87786601244781,Kununurra,"Kimberley, Western Australia"
2009-08-07,2.95510072255389,42.87786601244781,Kununurra,"Kimberley, Western Australia"
2009-08-08,0.0,42.87786601244781,Kununurra,"Kimberley, Western Australia"
2009-08-09,0.0,42.87786601244781,Kununurra,"Kimberley, Western Australia"
2009-08-10,3.5552469029153504,42.87786601244781,Kununurra,"Kimberley, Western Australia"
2009-08-11,0.0,42.87786601244781,Kununurra,"Kimberley, Western Australia"
2009-08-12,6.554102248168496,42.87786601244781,Kununurra,"Kimberley, Western Australia"
2009-08-13,0.0,42.87786601244781,Kununurra,"Kimberley, Western Australia"
2009-08-14,0.0,42.87786601244781,Kununurra,"Kimberley, Western Australia"
2009-08-15,0.0,42.87786601244781,Kununurra,"Kimberley, Western Australia"
2009-08-16,0.0,42.87786601244781,Kununurra,"Kimberley, Western Australia"
2009-08-17,0.0,42.87786601244781,Kununurra,"Kimberley, Western Australia"
2009-08-18,0.0,42.87786601244781,Kununurra,"Kimberley, Western Australia"
2009-08-19,0.0,42.87786601244781,Kununurra,"Kimberley, Western Australia"
2009-08-20,20.991008618141134,42.87786601244781,Kununurra,"Kimberley, Western Australia"
2009-08-21,0.0,42.87786601244781,Kununurra,"Kimberley, Western Australia"
2009-08-22,0.0,42.87786601244781,Kununurra,"Kimberley, Western Australia"
2009-08-23,0.0,42.87786601244781,Kununurra,"Kimberley, Western Australia"
2009-08-24,3.109925506460195,42.87786601244781,Kununurra,"Kimberley, Western Australia"
2009-08-25,3.188027913291007,42.87786601244781,Kununurra,"Kimberley, Western Australia"
2009-08-26,0.0,42.87786601244781,Kununurra,"Kimberley, Western Australia"
2009-08-27,0.0,42.87786601244781,Kununurra,"Kimberley, Western Australia"
2009-08-28,0.0,42.87786601244781,Kununurra,"Kimberley, Western Australia"
2009-08-29,0.0,42.87786601244781,Kununurra,"Kimberley, Western Australia"
2009-08-30,0.0,42.87786601244781,Kununurra,"Kimberley, Western Australia"
2009-08-31,0.0,42.87786601244781,Kununurra,"Kimberley, Western Australia"
2009-09-01,6.690596735062778,49.4563035849543,Kununurra,"Kimberley, Western Australia"
2009-09-02,11.041627679675734,49.4563035849543,Kununurra,"Kimberley, Western Australia"
2009-09-03,4.311632256392585,49.4563035849543,Kununurra,"Kimberley, Western Australia"
2009-09-04,2.7794636510106683,49.4563035849543,Kununurra,"Kimberley, Western Australia"
2009-09-05,0.0,49.4563035849543,Kununurra,"Kimberley, Western Australia"
2009-09-06,0.0,49.4563035849543,Kununurra,"Kimberley, Western Australia"
2009-09-07,0.0,49.4563035849543,Kununurra,"Kimberley, Western Australia"
2009-09-08,0.0,49.4563035849543,Kununurra,"Kimberley, Western Australia"
2009-09-09,0.0,49.4563035849543,Kununurra,"Kimberley, Western Australia"
2009-09-10,0.7891936381283705,49.4563035849543,Kununurra,"Kimberley, Western Australia"
2009-09-11,0.0,49.4563035849543,Kununurra,"Kimberley, Western Australia"
2009-09-12,0.0,49.4563035849543,Kununurra,"Kimberley, Western Australia"
2009-09-13,0.0,49.4563035849543,Kununurra,"Kimberley, Western Australia"
2009-09-14,0.0,49.4563035849543,Kununurra,"Kimberley, Western Australia"
2009-09-15,13.352222449302758,49.4563035849543,Kununurra,"Kimberley, Western Australia"
2009-09-16,0.0,49.4563035849543,Kununurra,"Kimberley, Western Australia"
2009-09-17,0.6044075846042063,49.4563035849543,Kununurra,"Kimberley, Western Australia"
2009-09-18,2.63114856236502,49.4563035849543,Kununurra,"Kimberley, Western Australia"
2009-09-19,0.0,49.4563035849543,Kununurra,"Kimberley, Western Australia"
2009-09-20,0.0,49.4563035849543,Kununurra,"Kimberley, Western Australia"
2009-09-21,0.0,49.4563035849543,Kununurra,"Kimberley, Western Australia"
2009-09-22,0.0,49.4563035849543,Kununurra,"Kimberley, Western Australia"
2009-09-23,0.0,49.4563035849543,Kununurra,"Kimberley, Western Australia"
2009-09-24,7.25601102841218,49.4563035849543,Kununurra,"Kimberley, Western Australia"
2009-09-25,0.0,49.4563035849543,Kununurra,"Kimberley, Western Australia"
2009-09-26,0.0,49.4563035849543,Kununurra,"Kimberley, Western Australia"
2009-09-27,0.0,49.4563035849543,Kununurra,"Kimberley, Western Australia"
2009-09-28,0.0,49.4563035849543,Kununurra,"Kimberley, Western Australia"
2009-09-29,0.0,49.4563035849543,Kununurra,"Kimberley, Western Australia"
2009-09-30,0.0,49.4563035849543,Kununurra,"Kimberley, Western Australia"
2009-10-01,0.0,83.53797951901338,Kununurra,"Kimberley, Western Australia"
2009-10-02,0.0,83.53797951901338,Kununurra,"Kimberley, Western Australia"
2009-10-03,7.093816957985508,83.53797951901338,Kununurra,"Kimberley, Western Australia"
2009-10-04,2.2828606205845654,83.53797951901338,Kununurra,"Kimberley, Western Australia"
2009-10-05,0.0,83.53797951901338,Kununurra,"Kimberley, Western Australia"
2009-10-06,0.0,83.53797951901338,Kununurra,"Kimberley, Western Australia"
2009-10-07,0.0,83.53797951901338,Kununurra,"Kimberley, Western Australia"
2009-10-08,8.22721899846664,83.53797951901338,Kununurra,"Kimberley, Western Australia"
2009-10-09,0.0,83.53797951901338,Kununurra,"Kimberley, Western Australia"
2009-10-10,0.0,83.53797951901338,Kununurra,"Kimberley, Western Australia"
2009-10-11,3.556453999319703,83.53797951901338,Kununurra,"Kimberley, Western Australia"
2009-10-12,7.752565753932453,83.53797951901338,Kununurra,"Kimberley, Western Australia"
2009-10-13,2.6280574315415257,83.53797951901338,Kununurra,"Kimberley, Western Australia"
2009-10-14,3.9088928101132234,83.53797951901338,Kununurra,"Kimberley, Western Australia"
2009-10-15,1.990228023696638,83.53797951901338,Kununurra,"Kimberley, Western Australia"
2009-10-16,4.512147564128853,83.53797951901338,Kununurra,"Kimberley, Western Australia"
2009-10-17,0.0,83.53797951901338,Kununurra,"Kimberley, Western Australia"
2009-10-18,0.0,83.53797951901338,Kununurra,"Kimberley, Western Australia"
2009-10-19,0.0,83.53797951901338,Kununurra,"Kimberley, Western Australia"
2009-10-20,0.0,83.53797951901338,Kununurra,"Kimberley, Western Australia"
2009-10-21,0.0,83.53797951901338,Kununurra,"Kimberley, Western Australia"
2009-10-22,3.4371682427237173,83.53797951901338,Kununurra,"Kimberley, Western Australia"
2009-10-23,0.0,83.53797951901338,Kununurra,"Kimberley, Western Australia"
2009-10-24,0.0,83.53797951901338,Kununurra,"Kimberley, Western Australia"
2009-10-25,7.568967742046755,83.53797951901338,Kununurra,"Kimberley, Western Australia"
2009-10-26,0.0,83.53797951901338,Kununurra,"Kimberley, Western Australia"
2009-10-27,12.356135512024835,83.53797951901338,Kununurra,"Kimberley, Western Australia"
2009-10-28,0.0,83.53797951901338,Kununurra,"Kimberley, Western Australia"
2009-10-29,0.0,83.53797951901338,Kununurra,"Kimberley, Western Australia"
2009-10-30,0.0,83.53797951901338,Kununurra,"Kimberley, Western Australia"
2009-10-31,18.22346586244896,83.53797951901338,Kununurra,"Kimberley, Western Australia"
2009-11-01,3.913779539893868,76.55914623054348,Kununurra,"Kimberley, Western Australia"
2009-11-02,0.0,76.55914623054348,Kununurra,"Kimberley, Western Australia"
2009-11-03,21.89764785293385,76.55914623054348,Kununurra,"Kimberley, Western Australia"
2009-11-04,0.0,76.55914623054348,Kununurra,"Kimberley, Western Australia"
2009-11-05,0.0,76.55914623054348,Kununurra,"Kimberley, Western Australia"
2009-11-06,8.977975584398182,76.55914623054348,Kununurra,"Kimberley, Western Australia"
2009-11-07,6.018205338533464,76.55914623054348,Kununurra,"Kimberley, Western Australia"
2009-11-08,3.721456722933703,76.55914623054348,Kununurra,"Kimberley, Western Australia"
2009-11-09,0.0,76.55914623054348,Kununurra,"Kimberley, Western Australia"
2009-11-10,0.0,76.55914623054348,Kununurra,"Kimberley, Western Australia"
2009-11-11,0.0,76.55914623054348,Kununurra,"Kimberley, Western Australia"
2009-11-12,0.0,76.55914623054348,Kununurra,"Kimberley, Western Australia"
2009-11-13,0.0,76.55914623054348,Kununurra,"Kimberley, Western Australia"
2009-11-14,0.0,76.55914623054348,Kununurra,"Kimberley, Western Australia"
2009-11-15,0.0,76.55914623054348,Kununurra,"Kimberley, Western Australia"
2009-11-16,0.0,76.55914623054348,Kununurra,"Kimberley, Western Australia"
2009-11-17,0.0,76.55914623054348,Kununurra,"Kimberley, Western Australia"
2009-11-18,0.0,76.55914623054348,Kununurra,"Kimberley, Western Australia"
2009-11-19,0.0,76.55914623054348,Kununurra,"Kimberley, Western Australia"
2009-11-20,0.0,76.55914623054348,Kununurra,"Kimberley, Western Australia"
2009-11-21,0.0,76.55914623054348,Kununurra,"Kimberley, Western Australia"
2009-11-22,12.424474221483845,76.55914623054348,Kununurra,"Kimberley, Western Australia"
2009-11-23,6.271971335609794,76.55914623054348,Kununurra,"Kimberley, Western Australia"
2009-11-24,0.0,76.55914623054348,Kununurra,"Kimberley, Western Australia"
2009-11-25,0.0,76.55914623054348,Kununurra,"Kimberley, Western Australia"
2009-11-26,0.0,76.55914623054348,Kununurra,"Kimberley, Western Australia"
2009-11-27,13.333635634756767,76.55914623054348,Kununurra,"Kimberley, Western Australia"
2009-11-28,0.0,76.55914623054348,Kununurra,"Kimberley, Western Australia"
2009-11-29,0.0,76.55914623054348,Kununurra,"Kimberley, Western Australia"
2009-11-30,0.0,76.55914623054348,Kununurra,"Kimberley, Western Australia"
2009-12-01,0.0,17.09105403288252,Kununurra,"Kimberley, Western Australia"
2009-12-02,1.8939103921766585,17.09105403288252,Kununurra,"Kimberley, Western Australia"
2009-12-03,0.0,17.09105403288252,Kununurra,"Kimberley, Western Australia"
2009-12-04,0.0,17.09105403288252,Kununurra,"Kimberley, Western Australia"
2009-12-05,0.0,17.09105403288252,Kununurra,"Kimberley, Western Australia"
2009-12-06,1.7534006245332048,17.09105403288252,Kununurra,"Kimberley, Western Australia"
2009-12-07,0.0,17.09105403288252,Kununurra,"Kimberley, Western Australia"
2009-12-08,0.0,17.09105403288252,Kununurra,"Kimberley, Western Australia"
2009-12-09,0.0,17.09105403288252,Kununurra,"Kimberley, Western Australia"
2009-12-10,0.0,17.09105403288252,Kununurra,"Kimberley, Western Australia"
2009-12-11,0.0,17.09105403288252,Kununurra,"Kimberley, Western Australia"
2009-12-12,0.0,17.09105403288252,Kununurra,"Kimberley, Western Australia"
2009-12-13,0.0,17.09105403288252,Kununurra,"Kimberley, Western Australia"
2009-12-14,0.0,17.09105403288252,Kununurra,"Kimberley, Western Australia"
2009-12-15,0.0,17.09105403288252,Kununurra,"Kimberley, Western Australia"
2009-12-16,0.0,17.09105403288252,Kununurra,"Kimberley, Western Australia"
2009-12-17,0.0,17.09105403288252,Kununurra,"Kimberley, Western Australia"
2009-12-18,5.273188526555996,17.09105403288252,Kununurra,"Kimberley, Western Australia"
2009-12-19,0.0,17.09105403288252,Kununurra,"Kimberley, Western Australia"
2009-12-20,0.0,17.09105403288252,Kununurra,"Kimberley, Western Australia"
2009-12-21,0.0,17.09105403288252,Kununurra,"Kimberley, Western Australia"
2009-12-22,0.0,17.09105403288252,Kununurra,"Kimberley, Western Australia"
2009-12-23,0.0,17.09105403288252,Kununurra,"Kimberley, Western Australia"
2009-12-24,0.0,17.09105403288252,Kununurra,"Kimberley, Western Australia"
2009-12-25,0.0,17.09105403288252,Kununurra,"Kimberley, Western Australia"
2009-12-26,0.0,17.09105403288252,Kununurra,"Kimberley, Western Australia"
2009-12-27,0.0,17.09105403288252,Kununurra,"Kimberley, Western Australia"
2009-12-28,8.170554489616663,17.09105403288252,Kununurra,"Kimberley, Western Australia"
2009-12-29,0.0,17.09105403288252,Kununurra,"Kimberley, Western Australia"
2009-12-30,0.0,17.09105403288252,Kununurra,"Kimberley, Western Australia"
2009-12-31,0.0,17.09105403288252,Kununurra,"Kimberley, Western Australia"
2010-01-01,0.0,65.23300658703208,Kununurra,"Kimberley, Western Australia"
2010-01-02,0.0,65.23300658703208,Kununurra,"Kimberley, Western Australia"
2010-01-03,0.0,65.23300658703208,Kununurra,"Kimberley, Western Australia"
2010-01-04,0.0,65.23300658703208,Kununurra,"Kimberley, Western Australia"
2010-01-05,0.0,65.23300658703208,Kununurra,"Kimberley, Western Australia"
2010-01-06,0.0,65.23300658703208,Kununurra,"Kimberley, Western Australia"
2010-01-07,9.745268087312859,65.23300658703208,Kununurra,"Kimberley, Western Australia"
2010-01-08,0.0,65.23300658703208,Kununurra,"Kimberley, Western Australia"
2010-01-09,0.0,65.23300658703208,Kununurra,"Kimberley, Western Australia"
2010-01-10,0.0,65.23300658703208,Kununurra,"Kimberley, Western Australia"
2010-01-11,0.0,65.23300658703208,Kununurra,"Kimberley, Western Australia"
2010-01-12,4.0512103981518095,65.23300658703208,Kununurra,"Kimberley, Western Australia"
2010-01-13,2.508081814699156,65.23300658703208,Kununurra,"Kimberley, Western Australia"
2010-01-14,2.309946735306767,65.23300658703208,Kununurra,"Kimberley, Western Australia"
2010-01-15,0.0,65.23300658703208,Kununurra,"Kimberley, Western Australia"
2010-01-16,8.153291120395803,65.23300658703208,Kununurra,"Kimberley, Western Australia"
2010-01-17,0.0,65.23300658703208,Kununurra,"Kimberley, Western Australia"
2010-01-18,2.998197866607085,65.23300658703208,Kununurra,"Kimberley, Western Australia"
2010-01-19,0.0,65.23300658703208,Kununurra,"Kimberley, Western Australia"
2010-01-20,0.0,65.23300658703208,Kununurra,"Kimberley, Western Australia"
2010-01-21,8.038937670472636,65.23300658703208,Kununurra,"Kimberley, Western Australia"
2010-01-22,6.4651740471574755,65.23300658703208,Kununurra,"Kimberley, Western Australia"
2010-01-23,0.0,65.23300658703208,Kununurra,"Kimberley, Western Australia"
2010-01-24,0.0,65.23300658703208,Kununurra,"Kimberley, Western Australia"
2010-01-25,15.864947252865985,65.23300658703208,Kununurra,"Kimberley, Western Australia"
2010-01-26,2.573722608372697,65.23300658703208,Kununurra,"Kimberley, Western Australia"
2010-01-27,0.0,65.23300658703208,Kununurra,"Kimberley, Western Australia"
2010-01-28,0.0,65.23300658703208,Kununurra,"Kimberley, Western Australia"
2010-01-29,0.0,65.23300658703208,Kununurra,"Kimberley, Western Australia"
2010-01-30,2.524228985689808,65.23300658703208,Kununurra,"Kimberley, Western Australia"
2010-01-31,0.0,65.23300658703208,Kununurra,"Kimberley, Western Australia"
2010-02-01,21.496010364889358,64.19992804762506,Kununurra,"Kimberley, Western Australia"
2010-02-02,0.0,64.19992804762506,Kununurra,"Kimberley, Western Australia"
2010-02-03,0.154938255119681,64.19992804762506,Kununurra,"Kimberley, Western Australia"
2010-02-04,0.0,64.19992804762506,Kununurra,"Kimberley, Western Australia"
2010-02-05,0.0,64.19992804762506,Kununurra,"Kimberley, Western Australia"
2010-02-06,0.0,64.19992804762506,Kununurra,"Kimberley, Western Australia"
2010-02-07,0.0,64.19992804762506,Kununurra,"Kimberley, Western Australia"
2010-02-08,0.0,64.19992804762506,Kununurra,"Kimberley, Western Australia"
2010-02-09,2.5513314084614453,64.19992804762506,Kununurra,"Kimberley, Western Australia"
2010-02-10,0.0,64.19992804762506,Kununurra,"Kimberley, Western Australia"
2010-02-11,0.0,64.19992804762506,Kununurra,"Kimberley, Western Australia"
2010-02-12,0.0,64.19992804762506,Kununurra,"Kimberley, Western Australia"
2010-02-13,0.0,64.19992804762506,Kununurra,"Kimberley, Western Australia"
2010-02-14,0.0,64.19992804762506,Kununurra,"Kimberley, Western Australia"
2010-02-15,0.0,64.19992804762506,Kununurra,"Kimberley, Western Australia"
2010-02-16,6.742656939939454,64.19992804762506,Kununurra,"Kimberley, Western Australia"
2010-02-17,21.298771295637955,64.19992804762506,Kununurra,"Kimberley, Western Australia"
2010-02-18,0.0,64.19992804762506,Kununurra,"Kimberley, Western Australia"
2010-02-19,4.922735730981712,64.19992804762506,Kununurra,"Kimberley, Western Australia"
2010-02-20,0.0,64.19992804762506,Kununurra,"Kimberley, Western Australia"
2010-02-21,0.0,64.19992804762506,Kununurra,"Kimberley, Western Australia"
2010-02-22,0.0,64.19992804762506,Kununurra,"Kimberley, Western Australia"
2010-02-23,0.0,64.19992804762506,Kununurra,"Kimberley, Western Australia"
2010-02-24,0.0,64.19992804762506,Kununurra,"Kimberley, Western Australia"
2010-02-25,7.0334840525954645,64.19992804762506,Kununurra,"Kimberley, Western Australia"
2010-02-26,0.0,64.19992804762506,Kununurra,"Kimberley, Western Australia"
2010-02-27,0.0,64.19992804762506,Kununurra,"Kimberley, Western Australia"
2010-02-28,0.0,64.19992804762506,Kununurra,"Kimberley, Western Australia"
2010-03-01,13.070775859529956,60.82140424972483,Kununurra,"Kimberley, Western Australia"
2010-03-02,1.6923355629500008,60.82140424972483,Kununurra,"Kimberley, Western Australia"
2010-03-03,6.689675928027885,60.82140424972483,Kununurra,"Kimberley, Western Australia"
2010-03-04,0.0,60.82140424972483,Kununurra,"Kimberley, Western Australia"
2010-03-05,0.0,60.82140424972483,Kununurra,"Kimberley, Western Australia"
2010-03-06,4.856377340703385,60.82140424972483,Kununurra,"Kimberley, Western Australia"
2010-03-07,0.0,60.82140424972483,Kununurra,"Kimberley, Western Australia"
2010-03-08,0.0,60.82140424972483,Kununurra,"Kimberley, Western Australia"
2010-03-09,0.0,60.82140424972483,Kununurra,"Kimberley, Western Australia"
2010-03-10,0.0,60.82140424972483,Kununurra,"Kimberley, Western Australia"
2010-03-11,6.677676995737226,60.82140424972483,Kununurra,"Kimberley, Western Australia"
2010-03-12,0.0,60.82140424972483,Kununurra,"Kimberley, Western Australia"
2010-03-13,4.831983112598174,60.82140424972483,Kununurra,"Kimberley, Western Australia"
2010-03-14,0.0,60.82140424972483,Kununurra,"Kimberley, Western Australia"
2010-03-15,0.0,60.82140424972483,Kununurra,"Kimberley, Western Australia"
2010-03-16,0.0,60.82140424972483,Kununurra,"Kimberley, Western Australia"
2010-03-17,0.0,60.82140424972483,Kununurra,"Kimberley, Western Australia"
2010-03-18,0.0,60.82140424972483,Kununurra,"Kimberley, Western Australia"
2010-03-19,0.0,60.82140424972483,Kununurra,"Kimberley, Western Australia"
2010-03-20,5.308809235916367,60.82140424972483,Kununurra,"Kimberley, Western Australia"
2010-03-21,0.0,60.82140424972483,Kununurra,"Kimberley, Western Australia"
2010-03-22,7.823980098163384,60.82140424972483,Kununurra,"Kimberley, Western Australia"
2010-03-23,0.0,60.82140424972483,Kununurra,"Kimberley, Western Australia"
2010-03-24,0.0,60.82140424972483,Kununurra,"Kimberley, Western Australia"
2010-03-25,0.0,60.82140424972483,Kununurra,"Kimberley, Western Australia"
2010-03-26,3.096637796310379,60.82140424972483,Kununurra,"Kimberley, Western Australia"
2010-03-27,0.0,60.82140424972483,Kununurra,"Kimberley, Western Australia"
2010-03-28,0.0,60.82140424972483,Kununurra,"Kimberley, Western Australia"
2010-03-29,0.0,60.82140424972483,Kununurra,"Kimberley, Western Australia"
2010-03-30,6.773152319788075,60.82140424972483,Kununurra,"Kimberley, Western Australia"
2010-03-31,0.0,60.82140424972483,Kununurra,"Kimberley, Western Australia"
2010-04-01,0.0,60.45354558576757,Kununurra,"Kimberley, Western Australia"
2010-04-02,0.9089793280704399,60.45354558576757,Kununurra,"Kimberley, Western Australia"
2010-04-03,0.0,60.45354558576757,Kununurra,"Kimberley, Western Australia"
2010-04-04,0.0,60.45354558576757,Kununurra,"Kimberley, Western Australia"
2010-04-05,7.21277117814126,60.45354558576757,Kununurra,"Kimberley, Western Australia"
2010-04-06,5.995244286880891,60.45354558576757,Kununurra,"Kimberley, Western Australia"
2010-04-07,0.0,60.45354558576757,Kununurra,"Kimberley, Western Australia"
2010-04-08,0.0,60.45354558576757,Kununurra,"Kimberley, Western Australia"
2010-04-09,0.0,60.45354558576757,Kununurra,"Kimberley, Western Australia"
2010-04-10,3.834194309366084,60.45354558576757,Kununurra,"Kimberley, Western Australia"
2010-04-11,0.0,60.45354558576757,Kununurra,"Kimberley, Western Australia"
2010-04-12,0.0,60.45354558576757,Kununurra,"Kimberley, Western Australia"
2010-04-13,0.0,60.45354558576757,Kununurra,"Kimberley, Western Australia"
2010-04-14,8.173586487737266,60.45354558576757,Kununurra,"Kimberley, Western Australia"
2010-04-15,8.043077857670063,60.45354558576757,Kununurra,"Kimberley, Western Australia"
2010-04-16,0.0,60.45354558576757,Kununurra,"Kimberley, Western Australia"
2010-04-17,8.150032674474447,60.45354558576757,Kununurra,"Kimberley, Western Australia"
2010-04-18,0.054976116642144586,60.45354558576757,Kununurra,"Kimberley, Western Australia"
2010-04-19,0.0,60.45354558576757,Kununurra,"Kimberley, Western Australia"
2010-04-20,9.876016054789368,60.45354558576757,Kununurra,"Kimberley, Western Australia"
2010-04-21,0.0,60.45354558576757,Kununurra,"Kimberley, Western Australia"
2010-04-22,8.204667291995609,60.45354558576757,Kununurra,"Kimberley, Western Australia"
2010-04-23,0.0,60.45354558576757,Kununurra,"Kimberley, Western Australia"
2010-04-24,0.0,60.45354558576757,Kununurra,"Kimberley, Western Australia"
2010-04-25,0.0,60.45354558576757,Kununurra,"Kimberley, Western Australia"
2010-04-26,0.0,60.45354558576757,Kununurra,"Kimberley, Western Australia"
2010-04-27,0.0,60.45354558576757,Kununurra,"Kimberley, Western Australia"
2010-04-28,0.0,60.45354558576757,Kununurra,"Kimberley, Western Australia"
2010-04-29,0.0,60.45354558576757,Kununurra,"Kimberley, Western Australia"
2010-04-30,0.0,60.45354558576757,Kununurra,"Kimberley, Western Australia"
2010-05-01,10.096659051401794,58.26717831527098,Kununurra,"Kimberley, Western Australia"
2010-05-02,0.0,58.26717831527098,Kununurra,"Kimberley, Western Australia"
2010-05-03,0.0,58.26717831527098,Kununurra,"Kimberley, Western Australia"
2010-05-04,2.572370935208292,58.26717831527098,Kununurra,"Kimberley, Western Australia"
2010-05-05,10.906441681167896,58.26717831527098,Kununurra,"Kimberley, Western Australia"
2010-05-06,0.0,58.26717831527098,Kununurra,"Kimberley, Western Australia"
2010-05-07,0.0,58.26717831527098,Kununurra,"Kimberley, Western Australia"
2010-05-08,0.0,58.26717831527098,Kununurra,"Kimberley, Western Australia"
2010-05-09,0.0,58.26717831527098,Kununurra,"Kimberley, Western Australia"
2010-05-10,0.0,58.26717831527098,Kununurra,"Kimberley, Western Australia"
2010-05-11,12.52517005207744,58.26717831527098,Kununurra,"Kimberley, Western Australia"
2010-05-12,0.0,58.26717831527098,Kununurra,"Kimberley, Western Australia"
2010-05-13,2.675926935897572,58.26717831527098,Kununurra,"Kimberley, Western Australia"
2010-05-14,0.0,58.26717831527098,Kununurra,"Kimberley, Western Australia"
2010-05-15,0.0,58.26717831527098,Kununurra,"Kimberley, Western Australia"
2010-05-16,0.0,58.26717831527098,Kununurra,"Kimberley, Western Australia"
2010-05-17,0.0,58.26717831527098,Kununurra,"Kimberley, Western Australia"
2010-05-18,0.0,58.26717831527098,Kununurra,"Kimberley, Western Australia"
2010-05-19,0.0,58.26717831527098,Kununurra,"Kimberley, Western Australia"
2010-05-20,9.75292860212706,58.26717831527098,Kununurra,"Kimberley, Western Australia"
2010-05-21,0.0,58.26717831527098,Kununurra,"Kimberley, Western Australia"
2010-05-22,0.0,58.26717831527098,Kununurra,"Kimberley, Western Australia"
2010-05-23,5.889590123333672,58.26717831527098,Kununurra,"Kimberley, Western Australia"
2010-05-24,0.0,58.26717831527098,Kununurra,"Kimberley, Western Australia"
2010-05-25,0.0,58.26717831527098,Kununurra,"Kimberley, Western Australia"
2010-05-26,1.5473033335735558,58.26717831527098,Kununurra,"Kimberley, Western Australia"
2010-05-27,0.0,58.26717831527098,Kununurra,"Kimberley, Western Australia"
2010-05-28,0.0,58.26717831527098,Kununurra,"Kimberley, Western Australia"
2010-05-29,0.0,58.26717831527098,Kununurra,"Kimberley, Western Australia"
2010-05-30,0.0,58.26717831527098,Kununurra,"Kimberley, Western Australia"
2010-05-31,2.3007876004836993,58.26717831527098,Kununurra,"Kimberley, Western Australia"
2010-06-01,0.0,50.526928479085605,Kununurra,"Kimberley, Western Australia"
2010-06-02,0.0,50.526928479085605,Kununurra,"Kimberley, Western Australia"
2010-06-03,0.0,50.526928479085605,Kununurra,"Kimberley, Western Australia"
2010-06-04,0.0,50.526928479085605,Kununurra,"Kimberley, Western Australia"
2010-06-05,0.0,50.526928479085605,Kununurra,"Kimberley, Western Australia"
2010-06-06,14.996500654402606,50.526928479085605,Kununurra,"Kimberley, Western Australia"
2010-06-07,0.0,50.526928479085605,Kununurra,"Kimberley, Western Australia"
2010-06-08,0.0,50.526928479085605,Kununurra,"Kimberley, Western Australia"
2010-06-09,0.0,50.526928479085605,Kununurra,"Kimberley, Western Australia"
2010-06-10,0.0,50.526928479085605,Kununurra,"Kimberley, Western Australia"
2010-06-11,0.0,50.526928479085605,Kununurra,"Kimberley, Western Australia"
2010-06-12,0.0,50.526928479085605,Kununurra,"Kimberley, Western Australia"
2010-06-13,0.0,50.526928479085605,Kununurra,"Kimberley, Western Australia"
2010-06-14,0.0,50.526928479085605,Kununurra,"Kimberley, Western Australia"
2010-06-15,0.0,50.526928479085605,Kununurra,"Kimberley, Western Australia"
2010-06-16,0.0,50.526928479085605,Kununurra,"Kimberley, Western Australia"
2010-06-17,0.0,50.526928479085605,Kununurra,"Kimberley, Western Australia"
2010-06-18,0.0,50.526928479085605,Kununurra,"Kimberley, Western Australia"
2010-06-19,0.0,50.526928479085605,Kununurra,"Kimberley, Western Australia"
2010-06-20,0.0,50.526928479085605,Kununurra,"Kimberley, Western Australia"
2010-06-21,0.0,50.526928479085605,Kununurra,"Kimberley, Western Australia"
2010-06-22,6.206309982258906,50.526928479085605,Kununurra,"Kimberley, Western Australia"
2010-06-23,0.0,50.526928479085605,Kununurra,"Kimberley, Western Australia"
2010-06-24,0.0,50.526928479085605,Kununurra,"Kimberley, Western Australia"
2010-06-25,0.0,50.526928479085605,Kununurra,"Kimberley, Western Australia"
2010-06-26,7.305451273563989,50.526928479085605,Kununurra,"Kimberley, Western Australia"
2010-06-27,6.654585665214146,50.526928479085605,Kununurra,"Kimberley, Western Australia"
2010-06-28,0.0,50.526928479085605,Kununurra,"Kimberley, Western Australia"
2010-06-29,13.125200887302189,50.526928479085605,Kununurra,"Kimberley, Western Australia"
2010-06-30,2.2388800163437677,50.526928479085605,Kununurra,"Kimberley, Western Australia"
2010-07-01,0.0,52.91151582017393,Kununurra,"Kimberley, Western Australia"
2010-07-02,0.0,52.91151582017393,Kununurra,"Kimberley, Western Australia"
2010-07-03,0.0,52.91151582017393,Kununurra,"Kimberley, Western Australia"
2010-07-04,0.0,52.91151582017393,Kununurra,"Kimberley, Western Australia"
2010-07-05,0.0,52.91151582017393,Kununurra,"Kimberley, Western Australia"
2010-07-06,0.0,52.91151582017393,Kununurra,"Kimberley, Western Australia"
2010-07-07,0.0,52.91151582017393,Kununurra,"Kimberley, Western Australia"
2010-07-08,0.0,52.91151582017393,Kununurra,"Kimberley, Western Australia"
2010-07-09,0.0,52.91151582017393,Kununurra,"Kimberley, Western Australia"
2010-07-10,5.964627725184258,52.91151582017393,Kununurra,"Kimberley, Western Australia"
2010-07-11,9.30891964764273,52.91151582017393,Kununurra,"Kimberley, Western Australia"
2010-07-12,0.0,52.91151582017393,Kununurra,"Kimberley, Western Australia"
2010-07-13,5.212902716873307,52.91151582017393,Kununurra,"Kimberley, Western Australia"
2010-07-14,5.329165065350602,52.91151582017393,Kununurra,"Kimberley, Western Australia"
2010-07-15,10.699986369937793,52.91151582017393,Kununurra,"Kimberley, Western Australia"
2010-07-16,0.0,52.91151582017393,Kununurra,"Kimberley, Western Australia"
2010-07-17,0.0,52.91151582017393,Kununurra,"Kimberley, Western Australia"
2010-07-18,0.0,52.91151582017393,Kununurra,"Kimberley, Western Australia"
2010-07-19,5.214388873447768,52.91151582017393,Kununurra,"Kimberley, Western Australia"
2010-07-20,0.0,52.91151582017393,Kununurra,"Kimberley, Western Australia"
2010-07-21,0.0,52.91151582017393,Kununurra,"Kimberley, Western Australia"
2010-07-22,2.187781179416794,52.91151582017393,Kununurra,"Kimberley, Western Australia"
2010-07-23,0.0,52.91151582017393,Kununurra,"Kimberley, Western Australia"
2010-07-24,2.4875440810804093,52.91151582017393,Kununurra,"Kimberley, Western Australia"
2010-07-25,2.155896350113322,52.91151582017393,Kununurra,"Kimberley, Western Australia"
2010-07-26,0.0,52.91151582017393,Kununurra,"Kimberley, Western Australia"
2010-07-27,0.0,52.91151582017393,Kununurra,"Kimberley, Western Australia"
2010-07-28,0.0,52.91151582017393,Kununurra,"Kimberley, Western Australia"
2010-07-29,0.0,52.91151582017393,Kununurra,"Kimberley, Western Australia"
2010-07-30,0.0,52.91151582017393,Kununurra,"Kimberley, Western Australia"
2010-07-31,4.3503038111269525,52.91151582017393,Kununurra,"Kimberley, Western Australia"
2010-08-01,7.40536593105967,61.381375030961706,Kununurra,"Kimberley, Western Australia"
2010-08-02,11.691663907232508,61.381375030961706,Kununurra,"Kimberley, Western Australia"
2010-08-03,2.0055447099058394,61.381375030961706,Kununurra,"Kimberley, Western Australia"
2010-08-04,2.1041981604547146,61.381375030961706,Kununurra,"Kimberley, Western Australia"
2010-08-05,0.0,61.381375030961706,Kununurra,"Kimberley, Western Australia"
2010-08-06,0.0,61.381375030961706,Kununurra,"Kimberley, Western Australia"
2010-08-07,4.920590817944424,61.381375030961706,Kununurra,"Kimberley, Western Australia"
2010-08-08,0.0,61.381375030961706,Kununurra,"Kimberley, Western Australia"
2010-08-09,3.425482038270472,61.381375030961706,Kununurra,"Kimberley, Western Australia"
2010-08-10,0.0,61.381375030961706,Kununurra,"Kimberley, Western Australia"
2010-08-11,0.0,61.381375030961706,Kununurra,"Kimberley, Western Australia"
2010-08-12,0.0,61.381375030961706,Kununurra,"Kimberley, Western Australia"
2010-08-13,0.0,61.381375030961706,Kununurra,"Kimberley, Western Australia"
2010-08-14,0.0,61.381375030961706,Kununurra,"Kimberley, Western Australia"
2010-08-15,7.779656127073604,61.381375030961706,Kununurra,"Kimberley, Western Australia"
2010-08-16,0.0,61.381375030961706,Kununurra,"Kimberley, Western Australia"
2010-08-17,0.0,61.381375030961706,Kununurra,"Kimberley, Western Australia"
2010-08-18,0.0,61.381375030961706,Kununurra,"Kimberley, Western Australia"
2010-08-19,1.8967571741330214,61.381375030961706,Kununurra,"Kimberley, Western Australia"
2010-08-20,0.0,61.381375030961706,Kununurra,"Kimberley, Western Australia"
2010-08-21,2.749693623113461,61.381375030961706,Kununurra,"Kimberley, Western Australia"
2010-08-22,0.0,61.381375030961706,Kununurra,"Kimberley, Western Australia"
2010-08-23,0.0,61.381375030961706,Kununurra,"Kimberley, Western Australia"
2010-08-24,0.0,61.381375030961706,Kununurra,"Kimberley, Western Australia"
2010-08-25,0.0,61.381375030961706,Kununurra,"Kimberley, Western Australia"
2010-08-26,0.0,61.381375030961706,Kununurra,"Kimberley, Western Australia"
2010-08-27,0.0,61.381375030961706,Kununurra,"Kimberley, Western Australia"
2010-08-28,5.222743254925204,61.381375030961706,Kununurra,"Kimberley, Western Australia"
2010-08-29,0.0,61.381375030961706,Kununurra,"Kimberley, Western Australia"
2010-08-30,3.5054475910318548,61.381375030961706,Kununurra,"Kimberley, Western Australia"
2010-08-31,8.674231695816932,61.381375030961706,Kununurra,"Kimberley, Western Australia"
2010-09-01,0.0,24.661862333690756,Kununurra,"Kimberley, Western Australia"
2010-09-02,0.0,24.661862333690756,Kununurra,"Kimberley, Western Australia"
2010-09-03,0.0,24.661862333690756,Kununurra,"Kimberley, Western Australia"
2010-09-04,2.233997221621393,24.661862333690756,Kununurra,"Kimberley, Western Australia"
2010-09-05,0.0,24.661862333690756,Kununurra,"Kimberley, Western Australia"
2010-09-06,2.721789174807778,24.661862333690756,Kununurra,"Kimberley, Western Australia"
2010-09-07,0.0,24.661862333690756,Kununurra,"Kimberley, Western Australia"
2010-09-08,0.0,24.661862333690756,Kununurra,"Kimberley, Western Australia"
2010-09-09,0.0,24.661862333690756,Kununurra,"Kimberley, Western Australia"
2010-09-10,0.0,24.661862333690756,Kununurra,"Kimberley, Western Australia"
2010-09-11,0.0,24.661862333690756,Kununurra,"Kimberley, Western Australia"
2010-09-12,0.0,24.661862333690756,Kununurra,"Kimberley, Western Australia"
2010-09-13,0.0,24.661862333690756,Kununurra,"Kimberley, Western Australia"
2010-09-14,0.0,24.661862333690756,Kununurra,"Kimberley, Western Australia"
2010-09-15,0.0,24.661862333690756,Kununurra,"Kimberley, Western Australia"
2010-09-16,6.62316136754392,24.661862333690756,Kununurra,"Kimberley, Western Australia"
2010-09-17,0.0,24.661862333690756,Kununurra,"Kimberley, Western Australia"
2010-09-18,0.0,24.661862333690756,Kununurra,"Kimberley, Western Australia"
2010-09-19,5.7775979165515245,24.661862333690756,Kununurra,"Kimberley, Western Australia"
2010-09-20,4.373241688885052,24.661862333690756,Kununurra,"Kimberley, Western Australia"
2010-09-21,2.9320749642810897,24.661862333690756,Kununurra,"Kimberley, Western Australia"
2010-09-22,0.0,24.661862333690756,Kununurra,"Kimberley, Western Australia"
2010-09-23,0.0,24.661862333690756,Kununurra,"Kimberley, Western Australia"
2010-09-24,0.0,24.661862333690756,Kununurra,"Kimberley, Western Australia"
2010-09-25,0.0,24.661862333690756,Kununurra,"Kimberley, Western Australia"
2010-09-26,0.0,24.661862333690756,Kununurra,"Kimberley, Western Australia"
2010-09-27,0.0,24.661862333690756,Kununurra,"Kimberley, Western Australia"
2010-09-28,0.0,24.661862333690756,Kununurra,"Kimberley, Western Australia"
2010-09-29,0.0,24.661862333690756,Kununurra,"Kimberley, Western Australia"
2010-09-30,0.0,24.661862333690756,Kununurra,"Kimberley, Western Australia"
2010-10-01,0.0,43.26253583365184,Kununurra,"Kimberley, Western Australia"
2010-10-02,0.0,43.26253583365184,Kununurra,"Kimberley, Western Australia"
2010-10-03,0.0,43.26253583365184,Kununurra,"Kimberley, Western Australia"
2010-10-04,7.163847581807859,43.26253583365184,Kununurra,"Kimberley, Western Australia"
2010-10-05,0.0,43.26253583365184,Kununurra,"Kimberley, Western Australia"
2010-10-06,8.251836590377103,43.26253583365184,Kununurra,"Kimberley, Western Australia"
2010-10-07,0.0,43.26253583365184,Kununurra,"Kimberley, Western Australia"
2010-10-08,0.8453379077650909,43.26253583365184,Kununurra,"Kimberley, Western Australia"
2010-10-09,0.0,43.26253583365184,Kununurra,"Kimberley, Western Australia"
2010-10-10,9.223442589697374,43.26253583365184,Kununurra,"Kimberley, Western Australia"
2010-10-11,2.17008946213101,43.26253583365184,Kununurra,"Kimberley, Western Australia"
2010-10-12,0.0,43.26253583365184,Kununurra,"Kimberley, Western Australia"
2010-10-13,0.0,43.26253583365184,Kununurra,"Kimberley, Western Australia"
2010-10-14,0.0,43.26253583365184,Kununurra,"Kimberley, Western Australia"
2010-10-15,0.0,43.26253583365184,Kununurra,"Kimberley, Western Australia"
2010-10-16,0.0,43.26253583365184,Kununurra,"Kimberley, Western Australia"
2010-10-17,0.0,43.26253583365184,Kununurra,"Kimberley, Western Australia"
2010-10-18,0.0,43.26253583365184,Kununurra,"Kimberley, Western Australia"
2010-10-19,0.0,43.26253583365184,Kununurra,"Kimberley, Western Australia"
2010-10-20,0.0,43.26253583365184,Kununurra,"Kimberley, Western Australia"
2010-10-21,0.0,43.26253583365184,Kununurra,"Kimberley, Western Australia"
2010-10-22,0.0,43.26253583365184,Kununurra,"Kimberley, Western Australia"
2010-10-23,0.0,43.26253583365184,Kununurra,"Kimberley, Western Australia"
2010-10-24,0.0,43.26253583365184,Kununurra,"Kimberley, Western Australia"
2010-10-25,0.0,43.26253583365184,Kununurra,"Kimberley, Western Australia"
2010-10-26,0.0,43.26253583365184,Kununurra,"Kimberley, Western Australia"
2010-10-27,0.0,43.26253583365184,Kununurra,"Kimberley, Western Australia"
2010-10-28,1.0645403509960363,43.26253583365184,Kununurra,"Kimberley, Western Australia"
2010-10-29,0.0,43.26253583365184,Kununurra,"Kimberley, Western Australia"
2010-10-30,13.047896886439261,43.26253583365184,Kununurra,"Kimberley, Western Australia"
2010-10-31,1.495544464438101,43.26253583365184,Kununurra,"Kimberley, Western Australia"
2010-11-01,11.373661306422962,56.034420571092355,Kununurra,"Kimberley, Western Australia"
2010-11-02,0.0,56.034420571092355,Kununurra,"Kimberley, Western Australia"
2010-11-03,0.0,56.034420571092355,Kununurra,"Kimberley, Western Australia"
2010-11-04,0.0,56.034420571092355,Kununurra,"Kimberley, Western Australia"
2010-11-05,0.0,56.034420571092355,Kununurra,"Kimberley, Western Australia"
2010-11-06,0.0,56.034420571092355,Kununurra,"Kimberley, Western Australia"
2010-11-07,0.0,56.034420571092355,Kununurra,"Kimberley, Western Australia"
2010-11-08,0.0,56.034420571092355,Kununurra,"Kimberley, Western Australia"
2010-11-09,0.0,56.034420571092355,Kununurra,"Kimberley, Western Australia"
2010-11-10,16.016853124409167,56.034420571092355,Kununurra,"Kimberley, Western Australia"
2010-11-11,0.0,56.034420571092355,Kununurra,"Kimberley, Western Australia"
2010-11-12,0.0,56.034420571092355,Kununurra,"Kimberley, Western Australia"
2010-11-13,0.0,56.034420571092355,Kununurra,"Kimberley, Western Australia"
2010-11-14,9.823157906768143,56.034420571092355,Kununurra,"Kimberley, Western Australia"
2010-11-15,0.0,56.034420571092355,Kununurra,"Kimberley, Western Australia"
2010-11-16,0.0,56.034420571092355,Kununurra,"Kimberley, Western Australia"
2010-11-17,14.274060204924453,56.034420571092355,Kununurra,"Kimberley, Western Australia"
2010-11-18,0.0,56.034420571092355,Kununurra,"Kimberley, Western Australia"
2010-11-19,0.0,56.034420571092355,Kununurra,"Kimberley, Western Australia"
2010-11-20,0.0,56.034420571092355,Kununurra,"Kimberley, Western Australia"
2010-11-21,1.1397373095356702,56.034420571092355,Kununurra,"Kimberley, Western Australia"
2010-11-22,0.0,56.034420571092355,Kununurra,"Kimberley, Western Australia"
2010-11-23,0.0,56.034420571092355,Kununurra,"Kimberley, Western Australia"
2010-11-24,0.0,56.034420571092355,Kununurra,"Kimberley, Western Australia"
2010-11-25,0.0,56.034420571092355,Kununurra,"Kimberley, Western Australia"
2010-11-26,0.0,56.034420571092355,Kununurra,"Kimberley, Western Australia"
2010-11-27,0.0,56.034420571092355,Kununurra,"Kimberley, Western Australia"
2010-11-28,0.0,56.034420571092355,Kununurra,"Kimberley, Western Australia"
2010-11-29,3.4069507190319634,56.034420571092355,Kununurra,"Kimberley, Western Australia"
2010-11-30,0.0,56.034420571092355,Kununurra,"Kimberley, Western Australia"
2010-12-01,0.0,48.71537016354232,Kununurra,"Kimberley, Western Australia"
2010-12-02,0.0,48.71537016354232,Kununurra,"Kimberley, Western Australia"
2010-12-03,0.0,48.71537016354232,Kununurra,"Kimberley, Western Australia"
2010-12-04,0.0,48.71537016354232,Kununurra,"Kimberley, Western Australia"
2010-12-05,7.206180452667905,48.71537016354232,Kununurra,"Kimberley, Western Australia"
2010-12-06,9.833431036546324,48.71537016354232,Kununurra,"Kimberley, Western Australia"
2010-12-07,0.0,48.71537016354232,Kununurra,"Kimberley, Western Australia"
2010-12-08,0.0,48.71537016354232,Kununurra,"Kimberley, Western Australia"
2010-12-09,0.0,48.71537016354232,Kununurra,"Kimberley, Western Australia"
2010-12-10,0.0,48.71537016354232,Kununurra,"Kimberley, Western Australia"
2010-12-11,3.029280136563082,48.71537016354232,Kununurra,"Kimberley, Western Australia"
2010-12-12,0.0,48.71537016354232,Kununurra,"Kimberley, Western Australia"
2010-12-13,11.589508294609045,48.71537016354232,Kununurra,"Kimberley, Western Australia"
2010-12-14,0.0,48.71537016354232,Kununurra,"Kimberley, Western Australia"
2010-12-15,0.0,48.71537016354232,Kununurra,"Kimberley, Western Australia"
2010-12-16,5.064102406966329,48.71537016354232,Kununurra,"Kimberley, Western Australia"
2010-12-17,0.0,48.71537016354232,Kununurra,"Kimberley, Western Australia"
2010-12-18,0.0,48.71537016354232,Kununurra,"Kimberley, Western Australia"
2010-12-19,0.0,48.71537016354232,Kununurra,"Kimberley, Western Australia"
2010-12-20,0.0,48.71537016354232,Kununurra,"Kimberley, Western Australia"
2010-12-21,0.0,48.71537016354232,Kununurra,"Kimberley, Western Australia"
2010-12-22,0.0,48.71537016354232,Kununurra,"Kimberley, Western Australia"
2010-12-23,0.0,48.71537016354232,Kununurra,"Kimberley, Western Australia"
2010-12-24,1.5512573761289845,48.71537016354232,Kununurra,"Kimberley, Western Australia"
2010-12-25,0.0,48.71537016354232,Kununurra,"Kimberley, Western Australia"
2010-12-26,0.0,48.71537016354232,Kununurra,"Kimberley, Western Australia"
2010-12-27,0.0,48.71537016354232,Kununurra,"Kimberley, Western Australia"
2010-12-28,0.0,48.71537016354232,Kununurra,"Kimberley, Western Australia"
2010-12-29,0.0,48.71537016354232,Kununurra,"Kimberley, Western Australia"
2010-12-30,0.0,48.71537016354232,Kununurra,"Kimberley, Western Australia"
2010-12-31,10.441610460060643,48.71537016354232,Kununurra,"Kimberley, Western Australia"
2011-01-01,0.0,35.39502002059787,Kununurra,"Kimberley, Western Australia"
2011-01-02,0.0,35.39502002059787,Kununurra,"Kimberley, Western Australia"
2011-01-03,0.0,35.39502002059787,Kununurra,"Kimberley, Western Australia"
2011-01-04,0.0,35.39502002059787,Kununurra,"Kimberley, Western Australia"
2011-01-05,1.4017455419232938,35.39502002059787,Kununurra,"Kimberley, Western Australia"
2011-01-06,0.0,35.39502002059787,Kununurra,"Kimberley, Western Australia"
2011-01-07,0.0,35.39502002059787,Kununurra,"Kimberley, Western Australia"
2011-01-08,0.0,35.39502002059787,Kununurra,"Kimberley, Western Australia"
2011-01-09,0.0,35.39502002059787,Kununurra,"Kimberley, Western Australia"
2011-01-10,0.6080447072141758,35.39502002059787,Kununurra,"Kimberley, Western Australia"
2011-01-11,0.0,35.39502002059787,Kununurra,"Kimberley, Western Australia"
2011-01-12,1.917598715449362,35.39502002059787,Kununurra,"Kimberley, Western Australia"
2011-01-13,0.0,35.39502002059787,Kununurra,"Kimberley, Western Australia"
2011-01-14,3.7146487979925826,35.39502002059787,Kununurra,"Kimberley, Western Australia"
2011-01-15,5.639784409374043,35.39502002059787,Kununurra,"Kimberley, Western Australia"
2011-01-16,0.0,35.39502002059787,Kununurra,"Kimberley, Western Australia"
2011-01-17,0.0,35.39502002059787,Kununurra,"Kimberley, Western Australia"
2011-01-18,0.0,35.39502002059787,Kununurra,"Kimberley, Western Australia"
2011-01-19,7.931514953922608,35.39502002059787,Kununurra,"Kimberley, Western Australia"
2011-01-20,0.0,35.39502002059787,Kununurra,"Kimberley, Western Australia"
2011-01-21,0.0,35.39502002059787,Kununurra,"Kimberley, Western Australia"
2011-01-22,5.2832757780175195,35.39502002059787,Kununurra,"Kimberley, Western Australia"
2011-01-23,0.0,35.39502002059787,Kununurra,"Kimberley, Western Australia"
2011-01-24,4.3869507547926405,35.39502002059787,Kununurra,"Kimberley, Western Australia"
2011-01-25,0.0,35.39502002059787,Kununurra,"Kimberley, Western Australia"
2011-01-26,2.3684529538347583,35.39502002059787,Kununurra,"Kimberley, Western Australia"
2011-01-27,0.0,35.39502002059787,Kununurra,"Kimberley, Western Australia"
2011-01-28,0.0,35.39502002059787,Kununurra,"Kimberley, Western Australia"
2011-01-29,2.1430034080768854,35.39502002059787,Kununurra,"Kimberley, Western Australia"
2011-01-30,0.0,35.39502002059787,Kununurra,"Kimberley, Western Australia"
2011-01-31,0.0,35.39502002059787,Kununurra,"Kimberley, Western Australia"
2011-02-01,5.012086151609855,105.65177361626789,Kununurra,"Kimberley, Western Australia"
2011-02-02,7.311560800935125,105.65177361626789,Kununurra,"Kimberley, Western Australia"
2011-02-03,12.156232958460834,105.65177361626789,Kununurra,"Kimberley, Western Australia"
2011-02-04,5.058753400382409,105.65177361626789,Kununurra,"Kimberley, Western Australia"
2011-02-05,8.651317935963295,105.65177361626789,Kununurra,"Kimberley, Western Australia"
2011-02-06,0.0,105.65177361626789,Kununurra,"Kimberley, Western Australia"
2011-02-07,0.0,105.65177361626789,Kununurra,"Kimberley, Western Australia"
2011-02-08,0.808733666975923,105.65177361626789,Kununurra,"Kimberley, Western Australia"
2011-02-09,0.0,105.65177361626789,Kununurra,"Kimberley, Western Australia"
2011-02-10,7.375293125753048,105.65177361626789,Kununurra,"Kimberley, Western Australia"
2011-02-11,0.0,105.65177361626789,Kununurra,"Kimberley, Western Australia"
2011-02-12,0.0,105.65177361626789,Kununurra,"Kimberley, Western Australia"
2011-02-13,1.7622330156919768,105.65177361626789,Kununurra,"Kimberley, Western Australia"
2011-02-14,0.0,105.65177361626789,Kununurra,"Kimberley, Western Australia"
2011-02-15,6.895466230604354,105.65177361626789,Kununurra,"Kimberley, Western Australia"
2011-02-16,0.0,105.65177361626789,Kununurra,"Kimberley, Western Australia"
2011-02-17,0.0,105.65177361626789,Kununurra,"Kimberley, Western Australia"
2011-02-18,0.0,105.65177361626789,Kununurra,"Kimberley, Western Australia"
2011-02-19,0.0,105.65177361626789,Kununurra,"Kimberley, Western Australia"
2011-02-20,17.858446049628448,105.65177361626789,Kununurra,"Kimberley, Western Australia"
2011-02-21,6.171845823669337,105.65177361626789,Kununurra,"Kimberley, Western Australia"
2011-02-22,0.0,105.65177361626789,Kununurra,"Kimberley, Western Australia"
2011-02-23,2.7135271702918216,105.65177361626789,Kununurra,"Kimberley, Western Australia"
2011-02-24,0.0,105.65177361626789,Kununurra,"Kimberley, Western Australia"
2011-02-25,7.76609096867281,105.65177361626789,Kununurra,"Kimberley, Western Australia"
2011-02-26,4.1335554993593515,105.65177361626789,Kununurra,"Kimberley, Western Australia"
2011-02-27,10.356592159078877,105.65177361626789,Kununurra,"Kimberley, Western Australia"
2011-02-28,1.620038659190427,105.65177361626789,Kununurra,"Kimberley, Western Australia"
2011-03-01,5.631851793656048,77.0034881833913,Kununurra,"Kimberley, Western Australia"
2011-03-02,0.0,77.0034881833913,Kununurra,"Kimberley, Western Australia"
2011-03-03,0.0,77.0034881833913,Kununurra,"Kimberley, Western Australia"
2011-03-04,5.117229531597831,77.0034881833913,Kununurra,"Kimberley, Western Australia"
2011-03-05,0.0,77.0034881833913,Kununurra,"Kimberley, Western Australia"
2011-03-06,0.0,77.0034881833913,Kununurra,"Kimberley, Western Australia"
2011-03-07,4.428100086891997,77.0034881833913,Kununurra,"Kimberley, Western Australia"
2011-03-08,0.0,77.0034881833913,Kununurra,"Kimberley, Western Australia"
2011-03-09,0.0,77.0034881833913,Kununurra,"Kimberley, Western Australia"
2011-03-10,3.8764585864250893,77.0034881833913,Kununurra,"Kimberley, Western Australia"
2011-03-11,5.109695498788378,77.0034881833913,Kununurra,"Kimberley, Western Australia"
2011-03-12,14.679363711311183,77.0034881833913,Kununurra,"Kimberley, Western Australia"
2011-03-13,0.0,77.0034881833913,Kununurra,"Kimberley, Western Australia"
2011-03-14,0.0,77.0034881833913,Kununurra,"Kimberley, Western Australia"
2011-03-15,0.0,77.0034881833913,Kununurra,"Kimberley, Western Australia"
2011-03-16,0.0,77.0034881833913,Kununurra,"Kimberley, Western Australia"
2011-03-17,0.0,77.0034881833913,Kununurra,"Kimberley, Western Australia"
2011-03-18,0.0,77.0034881833913,Kununurra,"Kimberley, Western Australia"
2011-03-19,0.0,77.0034881833913,Kununurra,"Kimberley, Western Australia"
2011-03-20,11.689379965075501,77.0034881833913,Kununurra,"Kimberley, Western Australia"
2011-03-21,0.0,77.0034881833913,Kununurra,"Kimberley, Western Australia"
2011-03-22,0.0,77.0034881833913,Kununurra,"Kimberley, Western Australia"
2011-03-23,10.315735584623287,77.0034881833913,Kununurra,"Kimberley, Western Australia"
2011-03-24,5.529541618797697,77.0034881833913,Kununurra,"Kimberley, Western Australia"
2011-03-25,0.0,77.0034881833913,Kununurra,"Kimberley, Western Australia"
2011-03-26,6.212313632066351,77.0034881833913,Kununurra,"Kimberley, Western Australia"
2011-03-27,0.0,77.0034881833913,Kununurra,"Kimberley, Western Australia"
2011-03-28,0.0,77.0034881833913,Kununurra,"Kimberley, Western Australia"
2011-03-29,0.0,77.0034881833913,Kununurra,"Kimberley, Western Australia"
2011-03-30,4.413818174157935,77.0034881833913,Kununurra,"Kimberley, Western Australia"
2011-03-31,0.0,77.0034881833913,Kununurra,"Kimberley, Western Australia"
2011-04-01,0.0,40.36168941319039,Kununurra,"Kimberley, Western Australia"
2011-04-02,0.0,40.36168941319039,Kununurra,"Kimberley, Western Australia"
2011-04-03,0.0,40.36168941319039,Kununurra,"Kimberley, Western Australia"
2011-04-04,3.0864600758108685,40.36168941319039,Kununurra,"Kimberley, Western Australia"
2011-04-05,0.0,40.36168941319039,Kununurra,"Kimberley, Western Australia"
2011-04-06,0.0,40.36168941319039,Kununurra,"Kimberley, Western Australia"
2011-04-07,4.194015118020576,40.36168941319039,Kununurra,"Kimberley, Western Australia"
2011-04-08,0.0,40.36168941319039,Kununurra,"Kimberley, Western Australia"
2011-04-09,0.0,40.36168941319039,Kununurra,"Kimberley, Western Australia"
2011-04-10,0.0,40.36168941319039,Kununurra,"Kimberley, Western Australia"
2011-04-11,10.700030635628,40.36168941319039,Kununurra,"Kimberley, Western Australia"
2011-04-12,0.0,40.36168941319039,Kununurra,"Kimberley, Western Australia"
2011-04-13,0.0,40.36168941319039,Kununurra,"Kimberley, Western Australia"
2011-04-14,0.0,40.36168941319039,Kununurra,"Kimberley, Western Australia"
2011-04-15,0.0,40.36168941319039,Kununurra,"Kimberley, Western Australia"
2011-04-16,0.0,40.36168941319039,Kununurra,"Kimberley, Western Australia"
2011-04-17,0.0,40.36168941319039,Kununurra,"Kimberley, Western Australia"
2011-04-18,0.0,40.36168941319039,Kununurra,"Kimberley, Western Australia"
2011-04-19,7.267951856466453,40.36168941319039,Kununurra,"Kimberley, Western Australia"
2011-04-20,2.972531885805145,40.36168941319039,Kununurra,"Kimberley, Western Australia"
2011-04-21,1.0628446148777873,40.36168941319039,Kununurra,"Kimberley, Western Australia"
2011-04-22,0.0,40.36168941319039,Kununurra,"Kimberley, Western Australia"
2011-04-23,0.0,40.36168941319039,Kununurra,"Kimberley, Western Australia"
2011-04-24,0.0,40.36168941319039,Kununurra,"Kimberley, Western Australia"
2011-04-25,0.78461402044142,40.36168941319039,Kununurra,"Kimberley, Western Australia"
2011-04-26,0.0,40.36168941319039,Kununurra,"Kimberley, Western Australia"
2011-04-27,0.0,40.36168941319039,Kununurra,"Kimberley, Western Australia"
2011-04-28,9.184819436988189,40.36168941319039,Kununurra,"Kimberley, Western Australia"
2011-04-29,1.1084217691519516,40.36168941319039,Kununurra,"Kimberley, Western Australia"
2011-04-30,0.0,40.36168941319039,Kununurra,"Kimberley, Western Australia"
2011-05-01,0.0,27.91529653047106,Kununurra,"Kimberley, Western Australia"
2011-05-02,14.68253961756946,27.91529653047106,Kununurra,"Kimberley, Western Australia"
2011-05-03,0.0,27.91529653047106,Kununurra,"Kimberley, Western Australia"
2011-05-04,0.0,27.91529653047106,Kununurra,"Kimberley, Western Australia"
2011-05-05,0.0,27.91529653047106,Kununurra,"Kimberley, Western Australia"
2011-05-06,0.0,27.91529653047106,Kununurra,"Kimberley, Western Australia"
2011-05-07,0.0,27.91529653047106,Kununurra,"Kimberley, Western Australia"
2011-05-08,0.0,27.91529653047106,Kununurra,"Kimberley, Western Australia"
2011-05-09,0.0,27.91529653047106,Kununurra,"Kimberley, Western Australia"
2011-05-10,0.0,27.91529653047106,Kununurra,"Kimberley, Western Australia"
2011-05-11,0.0,27.91529653047106,Kununurra,"Kimberley, Western Australia"
2011-05-12,0.0,27.91529653047106,Kununurra,"Kimberley, Western Australia"
2011-05-13,0.0,27.91529653047106,Kununurra,"Kimberley, Western Australia"
2011-05-14,0.0,27.91529653047106,Kununurra,"Kimberley, Western Australia"
2011-05-15,0.0,27.91529653047106,Kununurra,"Kimberley, Western Australia"
2011-05-16,4.68852922649193,27.91529653047106,Kununurra,"Kimberley, Western Australia"
2011-05-17,0.0,27.91529653047106,Kununurra,"Kimberley, Western Australia"
2011-05-18,0.0,27.91529653047106,Kununurra,"Kimberley, Western Australia"
2011-05-19,0.0,27.91529653047106,Kununurra,"Kimberley, Western Australia"
2011-05-20,0.0,27.91529653047106,Kununurra,"Kimberley, Western Australia"
2011-05-21,0.0,27.91529653047106,Kununurra,"Kimberley, Western Australia"
2011-05-22,0.0,27.91529653047106,Kununurra,"Kimberley, Western Australia"
2011-05-23,0.0,27.91529653047106,Kununurra,"Kimberley, Western Australia"
2011-05-24,0.0,27.91529653047106,Kununurra,"Kimberley, Western Australia"
2011-05-25,0.0,27.91529653047106,Kununurra,"Kimberley, Western Australia"
2011-05-26,0.0,27.91529653047106,Kununurra,"Kimberley, Western Australia"
2011-05-27,0.0,27.91529653047106,Kununurra,"Kimberley, Western Australia"
2011-05-28,5.689198871389416,27.91529653047106,Kununurra,"Kimberley, Western Australia"
2011-05-29,0.0,27.91529653047106,Kununurra,"Kimberley, Western Australia"
2011-05-30,2.8550288150202525,27.91529653047106,Kununurra,"Kimberley, Western Australia"
2011-05-31,0.0,27.91529653047106,Kununurra,"Kimberley, Western Australia"
2011-06-01,0.0,29.79309785450876,Kununurra,"Kimberley, Western Australia"
2011-06-02,0.0,29.79309785450876,Kununurra,"Kimberley, Western Australia"
2011-06-03,1.4779506631458452,29.79309785450876,Kununurra,"Kimberley, Western Australia"
2011-06-04,0.0,29.79309785450876,Kununurra,"Kimberley, Western Australia"
2011-06-05,0.0,29.79309785450876,Kununurra,"Kimberley, Western Australia"
2011-06-06,0.0,29.79309785450876,Kununurra,"Kimberley, Western Australia"
2011-06-07,7.593981695055837,29.79309785450876,Kununurra,"Kimberley, Western Australia"
2011-06-08,0.0,29.79309785450876,Kununurra,"Kimberley, Western Australia"
2011-06-09,0.0,29.79309785450876,Kununurra,"Kimberley, Western Australia"
2011-06-10,0.0,29.79309785450876,Kununurra,"Kimberley, Western Australia"
2011-06-11,0.0,29.79309785450876,Kununurra,"Kimberley, Western Australia"
2011-06-12,0.0,29.79309785450876,Kununurra,"Kimberley, Western Australia"
2011-06-13,0.0,29.79309785450876,Kununurra,"Kimberley, Western Australia"
2011-06-14,2.6155922135555745,29.79309785450876,Kununurra,"Kimberley, Western Australia"
2011-06-15,0.0,29.79309785450876,Kununurra,"Kimberley, Western Australia"
2011-06-16,0.0,29.79309785450876,Kununurra,"Kimberley, Western Australia"
2011-06-17,11.121137856224383,29.79309785450876,Kununurra,"Kimberley, Western Australia"
2011-06-18,0.0,29.79309785450876,Kununurra,"Kimberley, Western Australia"
2011-06-19,0.0,29.79309785450876,Kununurra,"Kimberley, Western Australia"
2011-06-20,0.0,29.79309785450876,Kununurra,"Kimberley, Western Australia"
2011-06-21,0.0,29.79309785450876,Kununurra,"Kimberley, Western Australia"
2011-06-22,1.460411834786505,29.79309785450876,Kununurra,"Kimberley, Western Australia"
2011-06-23,0.0,29.79309785450876,Kununurra,"Kimberley, Western Australia"
2011-06-24,0.0,29.79309785450876,Kununurra,"Kimberley, Western Australia"
2011-06-25,4.430632088017733,29.79309785450876,Kununurra,"Kimberley, Western Australia"
2011-06-26,1.09339150372288,29.79309785450876,Kununurra,"Kimberley, Western Australia"
2011-06-27,0.0,29.79309785450876,Kununurra,"Kimberley, Western Australia"
2011-06-28,0.0,29.79309785450876,Kununurra,"Kimberley, Western Australia"
2011-06-29,0.0,29.79309785450876,Kununurra,"Kimberley, Western Australia"
2011-06-30,0.0,29.79309785450876,Kununurra,"Kimberley, Western Australia"
2011-07-01,0.0,83.01468557141706,Kununurra,"Kimberley, Western Australia"
2011-07-02,0.0,83.01468557141706,Kununurra,"Kimberley, Western Australia"
2011-07-03,0.0,83.01468557141706,Kununurra,"Kimberley, Western Australia"
2011-07-04,0.0,83.01468557141706,Kununurra,"Kimberley, Western Australia"
2011-07-05,2.5217990009000726,83.01468557141706,Kununurra,"Kimberley, Western Australia"
2011-07-06,0.0,83.01468557141706,Kununurra,"Kimberley, Western Australia"
2011-07-07,0.0,83.01468557141706,Kununurra,"Kimberley, Western Australia"
2011-07-08,0.0,83.01468557141706,Kununurra,"Kimberley, Western Australia"
2011-07-09,0.0,83.01468557141706,Kununurra,"Kimberley, Western Australia"
2011-07-10,0.0,83.01468557141706,Kununurra,"Kimberley, Western Australia"
2011-07-11,14.809102486425239,83.01468557141706,Kununurra,"Kimberley, Western Australia"
2011-07-12,0.0,83.01468557141706,Kununurra,"Kimberley, Western Australia"
2011-07-13,0.0,83.01468557141706,Kununurra,"Kimberley, Western Australia"
2011-07-14,0.9325211912404416,83.01468557141706,Kununurra,"Kimberley, Western Australia"
2011-07-15,6.580507341529273,83.01468557141706,Kununurra,"Kimberley, Western Australia"
2011-07-16,7.308952421095177,83.01468557141706,Kununurra,"Kimberley, Western Australia"
2011-07-17,2.031264820172009,83.01468557141706,Kununurra,"Kimberley, Western Australia"
2011-07-18,0.0,83.01468557141706,Kununurra,"Kimberley, Western Australia"
2011-07-19,0.0,83.01468557141706,Kununurra,"Kimberley, Western Australia"
2011-07-20,0.0,83.01468557141706,Kununurra,"Kimberley, Western Australia"
2011-07-21,2.184348851350106,83.01468557141706,Kununurra,"Kimberley, Western Australia"
2011-07-22,15.288925974228487,83.01468557141706,Kununurra,"Kimberley, Western Australia"
2011-07-23,0.0,83.01468557141706,Kununurra,"Kimberley, Western Australia"
2011-07-24,8.689645718687,83.01468557141706,Kununurra,"Kimberley, Western Australia"
2011-07-25,0.0,83.01468557141706,Kununurra,"Kimberley, Western Australia"
2011-07-26,0.0,83.01468557141706,Kununurra,"Kimberley, Western Australia"
2011-07-27,3.923591788335458,83.01468557141706,Kununurra,"Kimberley, Western Australia"
2011-07-28,0.0,83.01468557141706,Kununurra,"Kimberley, Western Australia"
2011-07-29,0.0,83.01468557141706,Kununurra,"Kimberley, Western Australia"
2011-07-30,0.0,83.01468557141706,Kununurra,"Kimberley, Western Australia"
2011-07-31,18.744025977453795,83.01468557141706,Kununurra,"Kimberley, Western Australia"
2011-08-01,0.0,46.90515286822593,Kununurra,"Kimberley, Western Australia"
2011-08-02,0.0,46.90515286822593,Kununurra,"Kimberley, Western Australia"
2011-08-03,0.0,46.90515286822593,Kununurra,"Kimberley, Western Australia"
2011-08-04,0.0,46.90515286822593,Kununurra,"Kimberley, Western Australia"
2011-08-05,0.0,46.90515286822593,Kununurra,"Kimberley, Western Australia"
2011-08-06,0.0,46.90515286822593,Kununurra,"Kimberley, Western Australia"
2011-08-07,4.532356348803195,46.90515286822593,Kununurra,"Kimberley, Western Australia"
2011-08-08,0.0,46.90515286822593,Kununurra,"Kimberley, Western Australia"
2011-08-09,0.0,46.90515286822593,Kununurra,"Kimberley, Western Australia"
2011-08-10,0.0,46.90515286822593,Kununurra,"Kimberley, Western Australia"
2011-08-11,1.6390708366821718,46.90515286822593,Kununurra,"Kimberley, Western Australia"
2011-08-12,0.0,46.90515286822593,Kununurra,"Kimberley, Western Australia"
2011-08-13,8.545700163053132,46.90515286822593,Kununurra,"Kimberley, Western Australia"
2011-08-14,0.0,46.90515286822593,Kununurra,"Kimberley, Western Australia"
2011-08-15,3.8816693416930095,46.90515286822593,Kununurra,"Kimberley, Western Australia"
2011-08-16,0.0,46.90515286822593,Kununurra,"Kimberley, Western Australia"
2011-08-17,0.0,46.90515286822593,Kununurra,"Kimberley, Western Australia"
2011-08-18,0.0,46.90515286822593,Kununurra,"Kimberley, Western Australia"
2011-08-19,0.0,46.90515286822593,Kununurra,"Kimberley, Western Australia"
2011-08-20,0.0,46.90515286822593,Kununurra,"Kimberley, Western Australia"
2011-08-21,0.0,46.90515286822593,Kununurra,"Kimberley, Western Australia"
2011-08-22,5.5590593836121,46.90515286822593,Kununurra,"Kimberley, Western Australia"
2011-08-23,0.0,46.90515286822593,Kununurra,"Kimberley, Western Australia"
2011-08-24,0.0,46.90515286822593,Kununurra,"Kimberley, Western Australia"
2011-08-25,11.945945083431262,46.90515286822593,Kununurra,"Kimberley, Western Australia"
2011-08-26,0.0,46.90515286822593,Kununurra,"Kimberley, Western Australia"
2011-08-27,4.990347992626521,46.90515286822593,Kununurra,"Kimberley, Western Australia"
2011-08-28,5.811003718324541,46.90515286822593,Kununurra,"Kimberley, Western Australia"
2011-08-29,0.0,46.90515286822593,Kununurra,"Kimberley, Western Australia"
2011-08-30,0.0,46.90515286822593,Kununurra,"Kimberley, Western Australia"
2011-08-31,0.0,46.90515286822593,Kununurra,"Kimberley, Western Australia"
2011-09-01,0.0,20.828678174158625,Kununurra,"Kimberley, Western Australia"
2011-09-02,2.1778859963490538,20.828678174158625,Kununurra,"Kimberley, Western Australia"
2011-09-03,0.0,20.828678174158625,Kununurra,"Kimberley, Western Australia"
2011-09-04,0.0,20.828678174158625,Kununurra,"Kimberley, Western Australia"
2011-09-05,0.0,20.828678174158625,Kununurra,"Kimberley, Western Australia"
2011-09-06,0.0,20.828678174158625,Kununurra,"Kimberley, Western Australia"
2011-09-07,0.0,20.828678174158625,Kununurra,"Kimberley, Western Australia"
2011-09-08,0.0,20.828678174158625,Kununurra,"Kimberley, Western Australia"
2011-09-09,0.0,20.828678174158625,Kununurra,"Kimberley, Western Australia"
2011-09-10,0.0,20.828678174158625,Kununurra,"Kimberley, Western Australia"
2011-09-11,0.0,20.828678174158625,Kununurra,"Kimberley, Western Australia"
2011-09-12,0.0,20.828678174158625,Kununurra,"Kimberley, Western Australia"
2011-09-13,0.0,20.828678174158625,Kununurra,"Kimberley, Western Australia"
2011-09-14,0.0,20.828678174158625,Kununurra,"Kimberley, Western Australia"
2011-09-15,2.207191629004716,20.828678174158625,Kununurra,"Kimberley, Western Australia"
2011-09-16,0.0,20.828678174158625,Kununurra,"Kimberley, Western Australia"
2011-09-17,0.0,20.828678174158625,Kununurra,"Kimberley, Western Australia"
2011-09-18,1.7092843195413239,20.828678174158625,Kununurra,"Kimberley, Western Australia"
2011-09-19,0.0,20.828678174158625,Kununurra,"Kimberley, Western Australia"
2011-09-20,0.0,20.828678174158625,Kununurra,"Kimberley, Western Australia"
2011-09-21,0.0,20.828678174158625,Kununurra,"Kimberley, Western Australia"
2011-09-22,0.0,20.828678174158625,Kununurra,"Kimberley, Western Australia"
2011-09-23,0.0,20.828678174158625,Kununurra,"Kimberley, Western Australia"
2011-09-24,4.161539404576748,20.828678174158625,Kununurra,"Kimberley, Western Australia"
2011-09-25,0.0,20.828678174158625,Kununurra,"Kimberley, Western Australia"
2011-09-26,3.5416871991740075,20.828678174158625,Kununurra,"Kimberley, Western Australia"
2011-09-27,0.0,20.828678174158625,Kununurra,"Kimberley, Western Australia"
2011-09-28,0.0,20.828678174158625,Kununurra,"Kimberley, Western Australia"
2011-09-29,1.1993481215862754,20.828678174158625,Kununurra,"Kimberley, Western Australia"
2011-09-30,5.8317415039265,20.828678174158625,Kununurra,"Kimberley, Western Australia"
2011-10-01,9.221923731196977,86.15443813415561,Kununurra,"Kimberley, Western Australia"
2011-10-02,0.0,86.15443813415561,Kununurra,"Kimberley, Western Australia"
2011-10-03,4.949235697422477,86.15443813415561,Kununurra,"Kimberley, Western Australia"
2011-10-04,0.0,86.15443813415561,Kununurra,"Kimberley, Western Australia"
2011-10-05,0.0,86.15443813415561,Kununurra,"Kimberley, Western Australia"
2011-10-06,0.0,86.15443813415561,Kununurra,"Kimberley, Western Australia"
2011-10-07,0.0,86.15443813415561,Kununurra,"Kimberley, Western Australia"
2011-10-08,5.622854682941067,86.15443813415561,Kununurra,"Kimberley, Western Australia"
2011-10-09,0.0,86.15443813415561,Kununurra,"Kimberley, Western Australia"
2011-10-10,8.739675141136349,86.15443813415561,Kununurra,"Kimberley, Western Australia"
2011-10-11,6.212866606828349,86.15443813415561,Kununurra,"Kimberley, Western Australia"
2011-10-12,3.212822457659739,86.15443813415561,Kununurra,"Kimberley, Western Australia"
2011-10-13,0.0,86.15443813415561,Kununurra,"Kimberley, Western Australia"
2011-10-14,0.0,86.15443813415561,Kununurra,"Kimberley, Western Australia"
2011-10-15,0.0,86.15443813415561,Kununurra,"Kimberley, Western Australia"
2011-10-16,0.0,86.15443813415561,Kununurra,"Kimberley, Western Australia"
2011-10-17,6.271799449167807,86.15443813415561,Kununurra,"Kimberley, Western Australia"
2011-10-18,9.84557197805509,86.15443813415561,Kununurra,"Kimberley, Western Australia"
2011-10-19,0.0,86.15443813415561,Kununurra,"Kimberley, Western Australia"
2011-10-20,0.0,86.15443813415561,Kununurra,"Kimberley, Western Australia"
2011-10-21,0.0,86.15443813415561,Kununurra,"Kimberley, Western Australia"
2011-10-22,0.0,86.15443813415561,Kununurra,"Kimberley, Western Australia"
2011-10-23,0.0,86.15443813415561,Kununurra,"Kimberley, Western Australia"
2011-10-24,11.88604017488948,86.15443813415561,Kununurra,"Kimberley, Western Australia"
2011-10-25,0.0,86.15443813415561,Kununurra,"Kimberley, Western Australia"
2011-10-26,13.188168559836484,86.15443813415561,Kununurra,"Kimberley, Western Australia"
2011-10-27,0.0,86.15443813415561,Kununurra,"Kimberley, Western Australia"
2011-10-28,0.0,86.15443813415561,Kununurra,"Kimberley, Western Australia"
2011-10-29,2.3871139985168535,86.15443813415561,Kununurra,"Kimberley, Western Australia"
2011-10-30,4.616365656504943,86.15443813415561,Kununurra,"Kimberley, Western Australia"
2011-10-31,0.0,86.15443813415561,Kununurra,"Kimberley, Western Australia"
2011-11-01,0.0,76.36757413994312,Kununurra,"Kimberley, Western Australia"
2011-11-02,10.619402225690576,76.36757413994312,Kununurra,"Kimberley, Western Australia"
2011-11-03,0.0,76.36757413994312,Kununurra,"Kimberley, Western Australia"
2011-11-04,1.535343072956271,76.36757413994312,Kununurra,"Kimberley, Western Australia"
2011-11-05,0.0,76.36757413994312,Kununurra,"Kimberley, Western Australia"
2011-11-06,0.0,76.36757413994312,Kununurra,"Kimberley, Western Australia"
2011-11-07,0.0,76.36757413994312,Kununurra,"Kimberley, Western Australia"
2011-11-08,3.4830558838634245,76.36757413994312,Kununurra,"Kimberley, Western Australia"
2011-11-09,0.0,76.36757413994312,Kununurra,"Kimberley, Western Australia"
2011-11-10,1.0397540069150246,76.36757413994312,Kununurra,"Kimberley, Western Australia"
2011-11-11,0.0,76.36757413994312,Kununurra,"Kimberley, Western Australia"
2011-11-12,0.0,76.36757413994312,Kununurra,"Kimberley, Western Australia"
2011-11-13,0.9311827622530726,76.36757413994312,Kununurra,"Kimberley, Western Australia"
2011-11-14,6.466012085212379,76.36757413994312,Kununurra,"Kimberley, Western Australia"
2011-11-15,2.6732424894223468,76.36757413994312,Kununurra,"Kimberley, Western Australia"
2011-11-16,0.0,76.36757413994312,Kununurra,"Kimberley, Western Australia"
2011-11-17,0.0,76.36757413994312,Kununurra,"Kimberley, Western Australia"
2011-11-18,8.040583106814047,76.36757413994312,Kununurra,"Kimberley, Western Australia"
2011-11-19,5.159416880811451,76.36757413994312,Kununurra,"Kimberley, Western Australia"
2011-11-20,0.0,76.36757413994312,Kununurra,"Kimberley, Western Australia"
2011-11-21,0.0,76.36757413994312,Kununurra,"Kimberley, Western Australia"
2011-11-22,0.0,76.36757413994312,Kununurra,"Kimberley, Western Australia"
2011-11-23,0.0,76.36757413994312,Kununurra,"Kimberley, Western Australia"
2011-11-24,5.772998693716372,76.36757413994312,Kununurra,"Kimberley, Western Australia"
2011-11-25,3.3694134506732203,76.36757413994312,Kununurra,"Kimberley, Western Australia"
2011-11-26,9.963808634859202,76.36757413994312,Kununurra,"Kimberley, Western Australia"
2011-11-27,0.0,76.36757413994312,Kununurra,"Kimberley, Western Australia"
2011-11-28,6.791420035849692,76.36757413994312,Kununurra,"Kimberley, Western Australia"
2011-11-29,3.9955819559802372,76.36757413994312,Kununurra,"Kimberley, Western Australia"
2011-11-30,6.5263588549258,76.36757413994312,Kununurra,"Kimberley, Western Australia"
2011-12-01,0.0,56.47602923345504,Kununurra,"Kimberley, Western Australia"
2011-12-02,2.250372657094356,56.47602923345504,Kununurra,"Kimberley, Western Australia"
2011-12-03,0.0,56.47602923345504,Kununurra,"Kimberley, Western Australia"
2011-12-04,5.283900319081373,56.47602923345504,Kununurra,"Kimberley, Western Australia"
2011-12-05,0.0,56.47602923345504,Kununurra,"Kimberley, Western Australia"
2011-12-06,0.0,56.47602923345504,Kununurra,"Kimberley, Western Australia"
2011-12-07,2.0047541782171456,56.47602923345504,Kununurra,"Kimberley, Western Australia"
2011-12-08,0.0,56.47602923345504,Kununurra,"Kimberley, Western Australia"
2011-12-09,0.0,56.47602923345504,Kununurra,"Kimberley, Western Australia"
2011-12-10,0.0,56.47602923345504,Kununurra,"Kimberley, Western Australia"
2011-12-11,0.0,56.47602923345504,Kununurra,"Kimberley, Western Australia"
2011-12-12,0.0,56.47602923345504,Kununurra,"Kimberley, Western Australia"
2011-12-13,0.0,56.47602923345504,Kununurra,"Kimberley, Western Australia"
2011-12-14,0.0,56.47602923345504,Kununurra,"Kimberley, Western Australia"
2011-12-15,14.553407704468343,56.47602923345504,Kununurra,"Kimberley, Western Australia"
2011-12-16,0.0,56.47602923345504,Kununurra,"Kimberley, Western Australia"
2011-12-17,0.0,56.47602923345504,Kununurra,"Kimberley, Western Australia"
2011-12-18,8.641420975503557,56.47602923345504,Kununurra,"Kimberley, Western Australia"
2011-12-19,0.0,56.47602923345504,Kununurra,"Kimberley, Western Australia"
2011-12-20,1.5935623669885772,56.47602923345504,Kununurra,"Kimberley, Western Australia"
2011-12-21,0.0,56.47602923345504,Kununurra,"Kimberley, Western Australia"
2011-12-22,0.0,56.47602923345504,Kununurra,"Kimberley, Western Australia"
2011-12-23,0.0,56.47602923345504,Kununurra,"Kimberley, Western Australia"
2011-12-24,0.0,56.47602923345504,Kununurra,"Kimberley, Western Australia"
2011-12-25,0.0,56.47602923345504,Kununurra,"Kimberley, Western Australia"
2011-12-26,0.0,56.47602923345504,Kununurra,"Kimberley, Western Australia"
2011-12-27,0.0,56.47602923345504,Kununurra,"Kimberley, Western Australia"
2011-12-28,6.190860859055574,56.47602923345504,Kununurra,"Kimberley, Western Australia"
2011-12-29,0.0,56.47602923345504,Kununurra,"Kimberley, Western Australia"
2011-12-30,0.0,56.47602923345504,Kununurra,"Kimberley, Western Australia"
2011-12-31,15.957750173046115,56.47602923345504,Kununurra,"Kimberley, Western Australia"
2012-01-01,0.0,43.39189144939781,Kununurra,"Kimberley, Western Australia"
2012-01-02,0.0,43.39189144939781,Kununurra,"Kimberley, Western Australia"
2012-01-03,0.0,43.39189144939781,Kununurra,"Kimberley, Western Australia"
2012-01-04,0.0,43.39189144939781,Kununurra,"Kimberley, Western Australia"
2012-01-05,9.443077500513821,43.39189144939781,Kununurra,"Kimberley, Western Australia"
2012-01-06,15.865764852077753,43.39189144939781,Kununurra,"Kimberley, Western Australia"
2012-01-07,3.255627226606749,43.39189144939781,Kununurra,"Kimberley, Western Australia"
2012-01-08,0.0,43.39189144939781,Kununurra,"Kimberley, Western Australia"
2012-01-09,0.0,43.39189144939781,Kununurra,"Kimberley, Western Australia"
2012-01-10,0.0,43.39189144939781,Kununurra,"Kimberley, Western Australia"
2012-01-11,5.494526955202989,43.39189144939781,Kununurra,"Kimberley, Western Australia"
2012-01-12,2.5123027387208934,43.39189144939781,Kununurra,"Kimberley, Western Australia"
2012-01-13,0.0,43.39189144939781,Kununurra,"Kimberley, Western Australia"
2012-01-14,0.0,43.39189144939781,Kununurra,"Kimberley, Western Australia"
2012-01-15,0.0,43.39189144939781,Kununurra,"Kimberley, Western Australia"
2012-01-16,0.0,43.39189144939781,Kununurra,"Kimberley, Western Australia"
2012-01-17,0.0,43.39189144939781,Kununurra,"Kimberley, Western Australia"
2012-01-18,0.0,43.39189144939781,Kununurra,"Kimberley, Western Australia"
2012-01-19,0.0,43.39189144939781,Kununurra,"Kimberley, Western Australia"
2012-01-20,0.0,43.39189144939781,Kununurra,"Kimberley, Western Australia"
2012-01-21,0.0,43.39189144939781,Kununurra,"Kimberley, Western Australia"
2012-01-22,0.0,43.39189144939781,Kununurra,"Kimberley, Western Australia"
2012-01-23,0.0,43.39189144939781,Kununurra,"Kimberley, Western Australia"
2012-01-24,0.0,43.39189144939781,Kununurra,"Kimberley, Western Australia"
2012-01-25,6.820592176275603,43.39189144939781,Kununurra,"Kimberley, Western Australia"
2012-01-26,0.0,43.39189144939781,Kununurra,"Kimberley, Western Australia"
2012-01-27,0.0,43.39189144939781,Kununurra,"Kimberley, Western Australia"
2012-01-28,0.0,43.39189144939781,Kununurra,"Kimberley, Western Australia"
2012-01-29,0.0,43.39189144939781,Kununurra,"Kimberley, Western Australia"
2012-01-30,0.0,43.39189144939781,Kununurra,"Kimberley, Western Australia"
2012-01-31,0.0,43.39189144939781,Kununurra,"Kimberley, Western Australia"
2012-02-01,0.7662541086865435,46.31835035029333,Kununurra,"Kimberley, Western Australia"
2012-02-02,0.0,46.31835035029333,Kununurra,"Kimberley, Western Australia"
2012-02-03,0.0,46.31835035029333,Kununurra,"Kimberley, Western Australia"
2012-02-04,0.0,46.31835035029333,Kununurra,"Kimberley, Western Australia"
2012-02-05,0.0,46.31835035029333,Kununurra,"Kimberley, Western Australia"
2012-02-06,0.0,46.31835035029333,Kununurra,"Kimberley, Western Australia"
2012-02-07,0.0,46.31835035029333,Kununurra,"Kimberley, Western Australia"
2012-02-08,0.0,46.31835035029333,Kununurra,"Kimberley, Western Australia"
2012-02-09,8.74914432113816,46.31835035029333,Kununurra,"Kimberley, Western Australia"
2012-02-10,0.0,46.31835035029333,Kununurra,"Kimberley, Western Australia"
2012-02-11,0.0,46.31835035029333,Kununurra,"Kimberley, Western Australia"
2012-02-12,8.842202848810839,46.31835035029333,Kununurra,"Kimberley, Western Australia"
2012-02-13,0.0,46.31835035029333,Kununurra,"Kimberley, Western Australia"
2012-02-14,0.0,46.31835035029333,Kununurra,"Kimberley, Western Australia"
2012-02-15,0.0,46.31835035029333,Kununurra,"Kimberley, Western Australia"
2012-02-16,0.0,46.31835035029333,Kununurra,"Kimberley, Western Australia"
2012-02-17,0.0,46.31835035029333,Kununurra,"Kimberley, Western Australia"
2012-02-18,0.0,46.31835035029333,Kununurra,"Kimberley, Western Australia"
2012-02-19,0.0,46.31835035029333,Kununurra,"Kimberley, Western Australia"
2012-02-20,13.073536260646101,46.31835035029333,Kununurra,"Kimberley, Western Australia"
2012-02-21,0.0,46.31835035029333,Kununurra,"Kimberley, Western Australia"
2012-02-22,0.0,46.31835035029333,Kununurra,"Kimberley, Western Australia"
2012-02-23,0.0,46.31835035029333,Kununurra,"Kimberley, Western Australia"
2012-02-24,7.039440705793895,46.31835035029333,Kununurra,"Kimberley, Western Australia"
2012-02-25,0.0,46.31835035029333,Kununurra,"Kimberley, Western Australia"
2012-02-26,3.9329554007432863,46.31835035029333,Kununurra,"Kimberley, Western Australia"
2012-02-27,0.0,46.31835035029333,Kununurra,"Kimberley, Western Australia"
2012-02-28,3.9148167044745015,46.31835035029333,Kununurra,"Kimberley, Western Australia"
2012-02-29,0.0,46.31835035029333,Kununurra,"Kimberley, Western Australia"
2012-03-01,8.462253975770192,84.14438098067255,Kununurra,"Kimberley, Western Australia"
2012-03-02,0.0,84.14438098067255,Kununurra,"Kimberley, Western Australia"
2012-03-03,0.0,84.14438098067255,Kununurra,"Kimberley, Western Australia"
2012-03-04,0.0,84.14438098067255,Kununurra,"Kimberley, Western Australia"
2012-03-05,0.0,84.14438098067255,Kununurra,"Kimberley, Western Australia"
2012-03-06,0.0,84.14438098067255,Kununurra,"Kimberley, Western Australia"
2012-03-07,0.0,84.14438098067255,Kununurra,"Kimberley, Western Australia"
2012-03-08,0.0,84.14438098067255,Kununurra,"Kimberley, Western Australia"
2012-03-09,6.899201818760768,84.14438098067255,Kununurra,"Kimberley, Western Australia"
2012-03-10,1.7565596269348518,84.14438098067255,Kununurra,"Kimberley, Western Australia"
2012-03-11,5.225172616787548,84.14438098067255,Kununurra,"Kimberley, Western Australia"
2012-03-12,0.0,84.14438098067255,Kununurra,"Kimberley, Western Australia"
2012-03-13,0.0,84.14438098067255,Kununurra,"Kimberley, Western Australia"
2012-03-14,15.947131278966552,84.14438098067255,Kununurra,"Kimberley, Western Australia"
2012-03-15,0.0,84.14438098067255,Kununurra,"Kimberley, Western Australia"
2012-03-16,8.672572708631353,84.14438098067255,Kununurra,"Kimberley, Western Australia"
2012-03-17,0.0,84.14438098067255,Kununurra,"Kimberley, Western Australia"
2012-03-18,7.560844303631082,84.14438098067255,Kununurra,"Kimberley, Western Australia"
2012-03-19,0.0,84.14438098067255,Kununurra,"Kimberley, Western Australia"
2012-03-20,0.0,84.14438098067255,Kununurra,"Kimberley, Western Australia"
2012-03-21,0.0,84.14438098067255,Kununurra,"Kimberley, Western Australia"
2012-03-22,2.7859468940944936,84.14438098067255,Kununurra,"Kimberley, Western Australia"
2012-03-23,0.0,84.14438098067255,Kununurra,"Kimberley, Western Australia"
2012-03-24,13.781555729127227,84.14438098067255,Kununurra,"Kimberley, Western Australia"
2012-03-25,0.0,84.14438098067255,Kununurra,"Kimberley, Western Australia"
2012-03-26,0.0,84.14438098067255,Kununurra,"Kimberley, Western Australia"
2012-03-27,3.655247062882279,84.14438098067255,Kununurra,"Kimberley, Western Australia"
2012-03-28,0.0,84.14438098067255,Kununurra,"Kimberley, Western Australia"
2012-03-29,9.397894965086202,84.14438098067255,Kununurra,"Kimberley, Western Australia"
2012-03-30,0.0,84.14438098067255,Kununurra,"Kimberley, Western Australia"
2012-03-31,0.0,84.14438098067255,Kununurra,"Kimberley, Western Australia"
2012-04-01,0.0,38.61686982820816,Kununurra,"Kimberley, Western Australia"
2012-04-02,0.0,38.61686982820816,Kununurra,"Kimberley, Western Australia"
2012-04-03,0.0,38.61686982820816,Kununurra,"Kimberley, Western Australia"
2012-04-04,0.0,38.61686982820816,Kununurra,"Kimberley, Western Australia"
2012-04-05,0.0,38.61686982820816,Kununurra,"Kimberley, Western Australia"
2012-04-06,0.0,38.61686982820816,Kununurra,"Kimberley, Western Australia"
2012-04-07,4.476848780184559,38.61686982820816,Kununurra,"Kimberley, Western Australia"
2012-04-08,0.0,38.61686982820816,Kununurra,"Kimberley, Western Australia"
2012-04-09,3.6036130342803467,38.61686982820816,Kununurra,"Kimberley, Western Australia"
2012-04-10,0.0,38.61686982820816,Kununurra,"Kimberley, Western Australia"
2012-04-11,0.0,38.61686982820816,Kununurra,"Kimberley, Western Australia"
2012-04-12,0.0,38.61686982820816,Kununurra,"Kimberley, Western Australia"
2012-04-13,0.0,38.61686982820816,Kununurra,"Kimberley, Western Australia"
2012-04-14,0.0,38.61686982820816,Kununurra,"Kimberley, Western Australia"
2012-04-15,0.0,38.61686982820816,Kununurra,"Kimberley, Western Australia"
2012-04-16,0.0,38.61686982820816,Kununurra,"Kimberley, Western Australia"
2012-04-17,0.0,38.61686982820816,Kununurra,"Kimberley, Western Australia"
2012-04-18,0.0,38.61686982820816,Kununurra,"Kimberley, Western Australia"
2012-04-19,0.0,38.61686982820816,Kununurra,"Kimberley, Western Australia"
2012-04-20,0.0,38.61686982820816,Kununurra,"Kimberley, Western Australia"
2012-04-21,0.0,38.61686982820816,Kununurra,"Kimberley, Western Australia"
2012-04-22,10.83164721859508,38.61686982820816,Kununurra,"Kimberley, Western Australia"
2012-04-23,2.2000860131363353,38.61686982820816,Kununurra,"Kimberley, Western Australia"
2012-04-24,0.0,38.61686982820816,Kununurra,"Kimberley, Western Australia"
2012-04-25,0.0,38.61686982820816,Kununurra,"Kimberley, Western Australia"
2012-04-26,1.7505756237333756,38.61686982820816,Kununurra,"Kimberley, Western Australia"
2012-04-27,7.964995891018633,38.61686982820816,Kununurra,"Kimberley, Western Australia"
2012-04-28,5.424766950779501,38.61686982820816,Kununurra,"Kimberley, Western Australia"
2012-04-29,0.0,38.61686982820816,Kununurra,"Kimberley, Western Australia"
2012-04-30,2.364336316480328,38.61686982820816,Kununurra,"Kimberley, Western Australia"
2012-05-01,0.0,40.66042747381267,Kununurra,"Kimberley, Western Australia"
2012-05-02,0.0,40.66042747381267,Kununurra,"Kimberley, Western Australia"
2012-05-03,0.0,40.66042747381267,Kununurra,"Kimberley, Western Australia"
2012-05-04,0.0,40.66042747381267,Kununurra,"Kimberley, Western Australia"
2012-05-05,0.0,40.66042747381267,Kununurra,"Kimberley, Western Australia"
2012-05-06,0.0,40.66042747381267,Kununurra,"Kimberley, Western Australia"
2012-05-07,0.0,40.66042747381267,Kununurra,"Kimberley, Western Australia"
2012-05-08,0.0,40.66042747381267,Kununurra,"Kimberley, Western Australia"
2012-05-09,0.0,40.66042747381267,Kununurra,"Kimberley, Western Australia"
2012-05-10,0.0,40.66042747381267,Kununurra,"Kimberley, Western Australia"
2012-05-11,0.0,40.66042747381267,Kununurra,"Kimberley, Western Australia"
2012-05-12,0.0,40.66042747381267,Kununurra,"Kimberley, Western Australia"
2012-05-13,0.0,40.66042747381267,Kununurra,"Kimberley, Western Australia"
2012-05-14,0.0,40.66042747381267,Kununurra,"Kimberley, Western Australia"
2012-05-15,0.0,40.66042747381267,Kununurra,"Kimberley, Western Australia"
2012-05-16,0.0,40.66042747381267,Kununurra,"Kimberley, Western Australia"
2012-05-17,0.0,40.66042747381267,Kununurra,"Kimberley, Western Australia"
2012-05-18,10.264446958460328,40.66042747381267,Kununurra,"Kimberley, Western Australia"
2012-05-19,0.0,40.66042747381267,Kununurra,"Kimberley, Western Australia"
2012-05-20,0.0,40.66042747381267,Kununurra,"Kimberley, Western Australia"
2012-05-21,0.0,40.66042747381267,Kununurra,"Kimberley, Western Australia"
2012-05-22,0.0,40.66042747381267,Kununurra,"Kimberley, Western Australia"
2012-05-23,1.4037514684992227,40.66042747381267,Kununurra,"Kimberley, Western Australia"
2012-05-24,0.0,40.66042747381267,Kununurra,"Kimberley, Western Australia"
2012-05-25,24.03227758909479,40.66042747381267,Kununurra,"Kimberley, Western Australia"
2012-05-26,2.522283582839792,40.66042747381267,Kununurra,"Kimberley, Western Australia"
2012-05-27,0.0,40.66042747381267,Kununurra,"Kimberley, Western Australia"
2012-05-28,0.0,40.66042747381267,Kununurra,"Kimberley, Western Australia"
2012-05-29,0.0,40.66042747381267,Kununurra,"Kimberley, Western Australia"
2012-05-30,0.0,40.66042747381267,Kununurra,"Kimberley, Western Australia"
2012-05-31,2.437667874918538,40.66042747381267,Kununurra,"Kimberley, Western Australia"
2012-06-01,0.0,20.267136401552676,Kununurra,"Kimberley, Western Australia"
2012-06-02,3.110360654354931,20.267136401552676,Kununurra,"Kimberley, Western Australia"
2012-06-03,0.0,20.267136401552676,Kununurra,"Kimberley, Western Australia"
2012-06-04,0.0,20.267136401552676,Kununurra,"Kimberley, Western Australia"
2012-06-05,0.0,20.267136401552676,Kununurra,"Kimberley, Western Australia"
2012-06-06,0.0,20.267136401552676,Kununurra,"Kimberley, Western Australia"
2012-06-07,0.0,20.267136401552676,Kununurra,"Kimberley, Western Australia"
2012-06-08,0.0,20.267136401552676,Kununurra,"Kimberley, Western Australia"
2012-06-09,0.0,20.267136401552676,Kununurra,"Kimberley, Western Australia"
2012-06-10,0.0,20.267136401552676,Kununurra,"Kimberley, Western Australia"
2012-06-11,0.0,20.267136401552676,Kununurra,"Kimberley, Western Australia"
2012-06-12,0.0,20.267136401552676,Kununurra,"Kimberley, Western Australia"
2012-06-13,0.0,20.267136401552676,Kununurra,"Kimberley, Western Australia"
2012-06-14,0.0,20.267136401552676,Kununurra,"Kimberley, Western Australia"
2012-06-15,0.0,20.267136401552676,Kununurra,"Kimberley, Western Australia"
2012-06-16,0.0,20.267136401552676,Kununurra,"Kimberley, Western Australia"
2012-06-17,0.0,20.267136401552676,Kununurra,"Kimberley, Western Australia"
2012-06-18,7.48095492502565,20.267136401552676,Kununurra,"Kimberley, Western Australia"
2012-06-19,0.0,20.267136401552676,Kununurra,"Kimberley, Western Australia"
2012-06-20,0.0,20.267136401552676,Kununurra,"Kimberley, Western Australia"
2012-06-21,0.0,20.267136401552676,Kununurra,"Kimberley, Western Australia"
2012-06-22,0.0,20.267136401552676,Kununurra,"Kimberley, Western Australia"
2012-06-23,0.0,20.267136401552676,Kununurra,"Kimberley, Western Australia"
2012-06-24,0.0,20.267136401552676,Kununurra,"Kimberley, Western Australia"
2012-06-25,0.0,20.267136401552676,Kununurra,"Kimberley, Western Australia"
2012-06-26,0.0,20.267136401552676,Kununurra,"Kimberley, Western Australia"
2012-06-27,6.501510475331048,20.267136401552676,Kununurra,"Kimberley, Western Australia"
2012-06-28,0.0,20.267136401552676,Kununurra,"Kimberley, Western Australia"
2012-06-29,0.0,20.267136401552676,Kununurra,"Kimberley, Western Australia"
2012-06-30,3.1743103468410454,20.267136401552676,Kununurra,"Kimberley, Western Australia"
2012-07-01,14.116170394449664,26.84205111514763,Kununurra,"Kimberley, Western Australia"
2012-07-02,0.0,26.84205111514763,Kununurra,"Kimberley, Western Australia"
2012-07-03,0.0,26.84205111514763,Kununurra,"Kimberley, Western Australia"
2012-07-04,0.0,26.84205111514763,Kununurra,"Kimberley, Western Australia"
2012-07-05,0.0,26.84205111514763,Kununurra,"Kimberley, Western Australia"
2012-07-06,0.0,26.84205111514763,Kununurra,"Kimberley, Western Australia"
2012-07-07,4.229008908294798,26.84205111514763,Kununurra,"Kimberley, Western Australia"
2012-07-08,0.0,26.84205111514763,Kununurra,"Kimberley, Western Australia"
2012-07-09,0.0,26.84205111514763,Kununurra,"Kimberley, Western Australia"
2012-07-10,0.0,26.84205111514763,Kununurra,"Kimberley, Western Australia"
2012-07-11,0.0,26.84205111514763,Kununurra,"Kimberley, Western Australia"
2012-07-12,0.0,26.84205111514763,Kununurra,"Kimberley, Western Australia"
2012-07-13,0.0,26.84205111514763,Kununurra,"Kimberley, Western Australia"
2012-07-14,0.0,26.84205111514763,Kununurra,"Kimberley, Western Australia"
2012-07-15,6.1492529108235985,26.84205111514763,Kununurra,"Kimberley, Western Australia"
2012-07-16,0.0,26.84205111514763,Kununurra,"Kimberley, Western Australia"
2012-07-17,0.0,26.84205111514763,Kununurra,"Kimberley, Western Australia"
2012-07-18,0.0,26.84205111514763,Kununurra,"Kimberley, Western Australia"
2012-07-19,0.0,26.84205111514763,Kununurra,"Kimberley, Western Australia"
2012-07-20,0.0,26.84205111514763,Kununurra,"Kimberley, Western Australia"
2012-07-21,0.0,26.84205111514763,Kununurra,"Kimberley, Western Australia"
2012-07-22,2.34761890157957,26.84205111514763,Kununurra,"Kimberley, Western Australia"
2012-07-23,0.0,26.84205111514763,Kununurra,"Kimberley, Western Australia"
2012-07-24,0.0,26.84205111514763,Kununurra,"Kimberley, Western Australia"
2012-07-25,0.0,26.84205111514763,Kununurra,"Kimberley, Western Australia"
2012-07-26,0.0,26.84205111514763,Kununurra,"Kimberley, Western Australia"
2012-07-27,0.0,26.84205111514763,Kununurra,"Kimberley, Western Australia"
2012-07-28,0.0,26.84205111514763,Kununurra,"Kimberley, Western Australia"
2012-07-29,0.0,26.84205111514763,Kununurra,"Kimberley, Western Australia"
2012-07-30,0.0,26.84205111514763,Kununurra,"Kimberley, Western Australia"
2012-07-31,0.0,26.84205111514763,Kununurra,"Kimberley, Western Australia"
2012-08-01,0.0,74.37293510079736,Kununurra,"Kimberley, Western Australia"
2012-08-02,0.0,74.37293510079736,Kununurra,"Kimberley, Western Australia"
2012-08-03,0.0,74.37293510079736,Kununurra,"Kimberley, Western Australia"
2012-08-04,0.0,74.37293510079736,Kununurra,"Kimberley, Western Australia"
2012-08-05,0.0,74.37293510079736,Kununurra,"Kimberley, Western Australia"
2012-08-06,0.0,74.37293510079736,Kununurra,"Kimberley, Western Australia"
2012-08-07,5.225745525260864,74.37293510079736,Kununurra,"Kimberley, Western Australia"
2012-08-08,3.571250446140178,74.37293510079736,Kununurra,"Kimberley, Western Australia"
2012-08-09,0.0,74.37293510079736,Kununurra,"Kimberley, Western Australia"
2012-08-10,0.0,74.37293510079736,Kununurra,"Kimberley, Western Australia"
2012-08-11,0.0,74.37293510079736,Kununurra,"Kimberley, Western Australia"
2012-08-12,3.130800377814186,74.37293510079736,Kununurra,"Kimberley, Western Australia"
2012-08-13,0.0,74.37293510079736,Kununurra,"Kimberley, Western Australia"
2012-08-14,0.0,74.37293510079736,Kununurra,"Kimberley, Western Australia"
2012-08-15,7.861119284817404,74.37293510079736,Kununurra,"Kimberley, Western Australia"
2012-08-16,0.0,74.37293510079736,Kununurra,"Kimberley, Western Australia"
2012-08-17,10.041720220691262,74.37293510079736,Kununurra,"Kimberley, Western Australia"
2012-08-18,10.181839328941951,74.37293510079736,Kununurra,"Kimberley, Western Australia"
2012-08-19,1.377851590670848,74.37293510079736,Kununurra,"Kimberley, Western Australia"
2012-08-20,0.0,74.37293510079736,Kununurra,"Kimberley, Western Australia"
2012-08-21,6.673863802788902,74.37293510079736,Kununurra,"Kimberley, Western Australia"
2012-08-22,0.0,74.37293510079736,Kununurra,"Kimberley, Western Australia"
2012-08-23,6.978175565218459,74.37293510079736,Kununurra,"Kimberley, Western Australia"
2012-08-24,4.267348425604042,74.37293510079736,Kununurra,"Kimberley, Western Australia"
2012-08-25,0.0,74.37293510079736,Kununurra,"Kimberley, Western Australia"
2012-08-26,0.0,74.37293510079736,Kununurra,"Kimberley, Western Australia"
2012-08-27,15.063220532849272,74.37293510079736,Kununurra,"Kimberley, Western Australia"
2012-08-28,0.0,74.37293510079736,Kununurra,"Kimberley, Western Australia"
2012-08-29,0.0,74.37293510079736,Kununurra,"Kimberley, Western Australia"
2012-08-30,0.0,74.37293510079736,Kununurra,"Kimberley, Western Australia"
2012-08-31,0.0,74.37293510079736,Kununurra,"Kimberley, Western Australia"
2012-09-01,0.0,73.76242936279164,Kununurra,"Kimberley, Western Australia"
2012-09-02,0.0,73.76242936279164,Kununurra,"Kimberley, Western Australia"
2012-09-03,5.9556553538797585,73.76242936279164,Kununurra,"Kimberley, Western Australia"
2012-09-04,0.0,73.76242936279164,Kununurra,"Kimberley, Western Australia"
2012-09-05,0.0,73.76242936279164,Kununurra,"Kimberley, Western Australia"
2012-09-06,1.2097541094534736,73.76242936279164,Kununurra,"Kimberley, Western Australia"
2012-09-07,5.883848761233051,73.76242936279164,Kununurra,"Kimberley, Western Australia"
2012-09-08,0.0,73.76242936279164,Kununurra,"Kimberley, Western Australia"
2012-09-09,5.263496212330294,73.76242936279164,Kununurra,"Kimberley, Western Australia"
2012-09-10,0.0,73.76242936279164,Kununurra,"Kimberley, Western Australia"
2012-09-11,0.0,73.76242936279164,Kununurra,"Kimberley, Western Australia"
2012-09-12,0.0,73.76242936279164,Kununurra,"Kimberley, Western Australia"
2012-09-13,6.894454414981167,73.76242936279164,Kununurra,"Kimberley, Western Australia"
2012-09-14,0.0,73.76242936279164,Kununurra,"Kimberley, Western Australia"
2012-09-15,7.742235668992505,73.76242936279164,Kununurra,"Kimberley, Western Australia"
2012-09-16,11.984397457021476,73.76242936279164,Kununurra,"Kimberley, Western Australia"
2012-09-17,0.0,73.76242936279164,Kununurra,"Kimberley, Western Australia"
2012-09-18,0.0,73.76242936279164,Kununurra,"Kimberley, Western Australia"
2012-09-19,2.9109803082287784,73.76242936279164,Kununurra,"Kimberley, Western Australia"
2012-09-20,0.0,73.76242936279164,Kununurra,"Kimberley, Western Australia"
2012-09-21,0.0,73.76242936279164,Kununurra,"Kimberley, Western Australia"
2012-09-22,1.5909406420842962,73.76242936279164,Kununurra,"Kimberley, Western Australia"
2012-09-23,0.0,73.76242936279164,Kununurra,"Kimberley, Western Australia"
2012-09-24,0.0,73.76242936279164,Kununurra,"Kimberley, Western Australia"
2012-09-25,0.0,73.76242936279164,Kununurra,"Kimberley, Western Australia"
2012-09-26,0.0,73.76242936279164,Kununurra,"Kimberley, Western Australia"
2012-09-27,10.215141040316203,73.76242936279164,Kununurra,"Kimberley, Western Australia"
2012-09-28,0.0,73.76242936279164,Kununurra,"Kimberley, Western Australia"
2012-09-29,14.11152539427064,73.76242936279164,Kununurra,"Kimberley, Western Australia"
2012-09-30,0.0,73.76242936279164,Kununurra,"Kimberley, Western Australia"
2012-10-01,8.887158454975907,18.178177611906463,Kununurra,"Kimberley, Western Australia"
2012-10-02,0.0,18.178177611906463,Kununurra,"Kimberley, Western Australia"
2012-10-03,0.0,18.178177611906463,Kununurra,"Kimberley, Western Australia"
2012-10-04,0.0,18.178177611906463,Kununurra,"Kimberley, Western Australia"
2012-10-05,0.0,18.178177611906463,Kununurra,"Kimberley, Western Australia"
2012-10-06,0.0,18.178177611906463,Kununurra,"Kimberley, Western Australia"
2012-10-07,0.0,18.178177611906463,Kununurra,"Kimberley, Western Australia"
2012-10-08,0.0,18.178177611906463,Kununurra,"Kimberley, Western Australia"
2012-10-09,0.0,18.178177611906463,Kununurra,"Kimberley, Western Australia"
2012-10-10,0.0,18.178177611906463,Kununurra,"Kimberley, Western Australia"
2012-10-11,0.0,18.178177611906463,Kununurra,"Kimberley, Western Australia"
2012-10-12,2.183560424126904,18.178177611906463,Kununurra,"Kimberley, Western Australia"
2012-10-13,0.0,18.178177611906463,Kununurra,"Kimberley, Western Australia"
2012-10-14,0.0,18.178177611906463,Kununurra,"Kimberley, Western Australia"
2012-10-15,0.0,18.178177611906463,Kununurra,"Kimberley, Western Australia"
2012-10-16,2.340834399218579,18.178177611906463,Kununurra,"Kimberley, Western Australia"
2012-10-17,0.0,18.178177611906463,Kununurra,"Kimberley, Western Australia"
2012-10-18,0.0,18.178177611906463,Kununurra,"Kimberley, Western Australia"
2012-10-19,0.0,18.178177611906463,Kununurra,"Kimberley, Western Australia"
2012-10-20,0.0,18.178177611906463,Kununurra,"Kimberley, Western Australia"
2012-10-21,0.0,18.178177611906463,Kununurra,"Kimberley, Western Australia"
2012-10-22,0.0,18.178177611906463,Kununurra,"Kimberley, Western Australia"
2012-10-23,0.0,18.178177611906463,Kununurra,"Kimberley, Western Australia"
2012-10-24,0.0,18.178177611906463,Kununurra,"Kimberley, Western Australia"
2012-10-25,0.0,18.178177611906463,Kununurra,"Kimberley, Western Australia"
2012-10-26,0.0,18.178177611906463,Kununurra,"Kimberley, Western Australia"
2012-10-27,0.0,18.178177611906463,Kununurra,"Kimberley, Western Australia"
2012-10-28,0.0,18.178177611906463,Kununurra,"Kimberley, Western Australia"
2012-10-29,0.0,18.178177611906463,Kununurra,"Kimberley, Western Australia"
2012-10-30,0.0,18.178177611906463,Kununurra,"Kimberley, Western Australia"
2012-10-31,4.766624333585072,18.178177611906463,Kununurra,"Kimberley, Western Australia"
2012-11-01,0.0,37.51884331640852,Kununurra,"Kimberley, Western Australia"
2012-11-02,0.0,37.51884331640852,Kununurra,"Kimberley, Western Australia"
2012-11-03,0.0,37.51884331640852,Kununurra,"Kimberley, Western Australia"
2012-11-04,0.0,37.51884331640852,Kununurra,"Kimberley, Western Australia"
2012-11-05,0.0,37.51884331640852,Kununurra,"Kimberley, Western Australia"
2012-11-06,0.0,37.51884331640852,Kununurra,"Kimberley, Western Australia"
2012-11-07,0.0,37.51884331640852,Kununurra,"Kimberley, Western Australia"
2012-11-08,12.932318412307533,37.51884331640852,Kununurra,"Kimberley, Western Australia"
2012-11-09,0.0,37.51884331640852,Kununurra,"Kimberley, Western Australia"
2012-11-10,5.261347570209269,37.51884331640852,Kununurra,"Kimberley, Western Australia"
2012-11-11,0.0,37.51884331640852,Kununurra,"Kimberley, Western Australia"
2012-11-12,0.0,37.51884331640852,Kununurra,"Kimberley, Western Australia"
2012-11-13,5.778986208731045,37.51884331640852,Kununurra,"Kimberley, Western Australia"
2012-11-14,0.0,37.51884331640852,Kununurra,"Kimberley, Western Australia"
2012-11-15,0.0,37.51884331640852,Kununurra,"Kimberley, Western Australia"
2012-11-16,1.2290591140222877,37.51884331640852,Kununurra,"Kimberley, Western Australia"
2012-11-17,0.0,37.51884331640852,Kununurra,"Kimberley, Western Australia"
2012-11-18,0.0,37.51884331640852,Kununurra,"Kimberley, Western Australia"
2012-11-19,1.7406893114961488,37.51884331640852,Kununurra,"Kimberley, Western Australia"
2012-11-20,0.0,37.51884331640852,Kununurra,"Kimberley, Western Australia"
2012-11-21,0.0,37.51884331640852,Kununurra,"Kimberley, Western Australia"
2012-11-22,7.171820792660993,37.51884331640852,Kununurra,"Kimberley, Western Australia"
2012-11-23,0.0,37.51884331640852,Kununurra,"Kimberley, Western Australia"
2012-11-24,0.0,37.51884331640852,Kununurra,"Kimberley, Western Australia"
2012-11-25,0.0,37.51884331640852,Kununurra,"Kimberley, Western Australia"
2012-11-26,0.0,37.51884331640852,Kununurra,"Kimberley, Western Australia"
2012-11-27,0.0,37.51884331640852,Kununurra,"Kimberley, Western Australia"
2012-11-28,3.404621906981248,37.51884331640852,Kununurra,"Kimberley, Western Australia"
2012-11-29,0.0,37.51884331640852,Kununurra,"Kimberley, Western Australia"
2012-11-30,0.0,37.51884331640852,Kununurra,"Kimberley, Western Australia"
2012-12-01,0.0,32.73203273441387,Kununurra,"Kimberley, Western Australia"
2012-12-02,0.0,32.73203273441387,Kununurra,"Kimberley, Western Australia"
2012-12-03,0.0,32.73203273441387,Kununurra,"Kimberley, Western Australia"
2012-12-04,0.0,32.73203273441387,Kununurra,"Kimberley, Western Australia"
2012-12-05,0.0,32.73203273441387,Kununurra,"Kimberley, Western Australia"
2012-12-06,0.0,32.73203273441387,Kununurra,"Kimberley, Western Australia"
2012-12-07,0.0,32.73203273441387,Kununurra,"Kimberley, Western Australia"
2012-12-08,0.0,32.73203273441387,Kununurra,"Kimberley, Western Australia"
2012-12-09,0.0,32.73203273441387,Kununurra,"Kimberley, Western Australia"
2012-12-10,0.0,32.73203273441387,Kununurra,"Kimberley, Western Australia"
2012-12-11,0.0,32.73203273441387,Kununurra,"Kimberley, Western Australia"
2012-12-12,5.765193574374015,32.73203273441387,Kununurra,"Kimberley, Western Australia"
2012-12-13,0.0,32.73203273441387,Kununurra,"Kimberley, Western Australia"
2012-12-14,0.0,32.73203273441387,Kununurra,"Kimberley, Western Australia"
2012-12-15,0.0,32.73203273441387,Kununurra,"Kimberley, Western Australia"
2012-12-16,0.0,32.73203273441387,Kununurra,"Kimberley, Western Australia"
2012-12-17,0.0,32.73203273441387,Kununurra,"Kimberley, Western Australia"
2012-12-18,0.0,32.73203273441387,Kununurra,"Kimberley, Western Australia"
2012-12-19,0.0,32.73203273441387,Kununurra,"Kimberley, Western Australia"
2012-12-20,12.878566275322907,32.73203273441387,Kununurra,"Kimberley, Western Australia"
2012-12-21,0.0,32.73203273441387,Kununurra,"Kimberley, Western Australia"
2012-12-22,4.913081312114009,32.73203273441387,Kununurra,"Kimberley, Western Australia"
2012-12-23,0.0,32.73203273441387,Kununurra,"Kimberley, Western Australia"
2012-12-24,0.0,32.73203273441387,Kununurra,"Kimberley, Western Australia"
2012-12-25,2.571054795503281,32.73203273441387,Kununurra,"Kimberley, Western Australia"
2012-12-26,0.0,32.73203273441387,Kununurra,"Kimberley, Western Australia"
2012-12-27,0.0,32.73203273441387,Kununurra,"Kimberley, Western Australia"
2012-12-28,3.7295760820736126,32.73203273441387,Kununurra,"Kimberley, Western Australia"
2012-12-29,0.0,32.73203273441387,Kununurra,"Kimberley, Western Australia"
2012-12-30,0.0,32.73203273441387,Kununurra,"Kimberley, Western Australia"
2012-12-31,2.8745606950260423,32.73203273441387,Kununurra,"Kimberley, Western Australia"
2013-01-01,0.0,68.9055376614424,Kununurra,"Kimberley, Western Australia"
2013-01-02,0.0,68.9055376614424,Kununurra,"Kimberley, Western Australia"
2013-01-03,6.78617987742129,68.9055376614424,Kununurra,"Kimberley, Western Australia"
2013-01-04,0.0,68.9055376614424,Kununurra,"Kimberley, Western Australia"
2013-01-05,0.0,68.9055376614424,Kununurra,"Kimberley, Western Australia"
2013-01-06,2.335801260896946,68.9055376614424,Kununurra,"Kimberley, Western Australia"
2013-01-07,0.0,68.9055376614424,Kununurra,"Kimberley, Western Australia"
2013-01-08,3.163565475220378,68.9055376614424,Kununurra,"Kimberley, Western Australia"
2013-01-09,12.441039787287407,68.9055376614424,Kununurra,"Kimberley, Western Australia"
2013-01-10,0.0,68.9055376614424,Kununurra,"Kimberley, Western Australia"
2013-01-11,0.0,68.9055376614424,Kununurra,"Kimberley, Western Australia"
2013-01-12,0.0,68.9055376614424,Kununurra,"Kimberley, Western Australia"
2013-01-13,0.0,68.9055376614424,Kununurra,"Kimberley, Western Australia"
2013-01-14,0.0,68.9055376614424,Kununurra,"Kimberley, Western Australia"
2013-01-15,0.0,68.9055376614424,Kununurra,"Kimberley, Western Australia"
2013-01-16,13.786169736709674,68.9055376614424,Kununurra,"Kimberley, Western Australia"
2013-01-17,0.0,68.9055376614424,Kununurra,"Kimberley, Western Australia"
2013-01-18,0.0,68.9055376614424,Kununurra,"Kimberley, Western Australia"
2013-01-19,0.0,68.9055376614424,Kununurra,"Kimberley, Western Australia"
2013-01-20,9.725349473752958,68.9055376614424,Kununurra,"Kimberley, Western Australia"
2013-01-21,0.0,68.9055376614424,Kununurra,"Kimberley, Western Australia"
2013-01-22,0.0,68.9055376614424,Kununurra,"Kimberley, Western Australia"
2013-01-23,0.0,68.9055376614424,Kununurra,"Kimberley, Western Australia"
2013-01-24,0.0,68.9055376614424,Kununurra,"Kimberley, Western Australia"
2013-01-25,0.0,68.9055376614424,Kununurra,"Kimberley, Western Australia"
2013-01-26,8.241069105218667,68.9055376614424,Kununurra,"Kimberley, Western Australia"
2013-01-27,9.97261388104584,68.9055376614424,Kununurra,"Kimberley, Western Australia"
2013-01-28,0.0,68.9055376614424,Kununurra,"Kimberley, Western Australia"
2013-01-29,0.0,68.9055376614424,Kununurra,"Kimberley, Western Australia"
2013-01-30,2.453749063889237,68.9055376614424,Kununurra,"Kimberley, Western Australia"
2013-01-31,0.0,68.9055376614424,Kununurra,"Kimberley, Western Australia"
2013-02-01,0.0,28.776718758145474,Kununurra,"Kimberley, Western Australia"
2013-02-02,0.0,28.776718758145474,Kununurra,"Kimberley, Western Australia"
2013-02-03,1.570946618382659,28.776718758145474,Kununurra,"Kimberley, Western Australia"
2013-02-04,0.0,28.776718758145474,Kununurra,"Kimberley, Western Australia"
2013-02-05,0.0,28.776718758145474,Kununurra,"Kimberley, Western Australia"
2013-02-06,0.0,28.776718758145474,Kununurra,"Kimberley, Western Australia"
2013-02-07,0.0,28.776718758145474,Kununurra,"Kimberley, Western Australia"
2013-02-08,0.8366344608060948,28.776718758145474,Kununurra,"Kimberley, Western Australia"
2013-02-09,0.0,28.776718758145474,Kununurra,"Kimberley, Western Australia"
2013-02-10,0.0,28.776718758145474,Kununurra,"Kimberley, Western Australia"
2013-02-11,0.0,28.776718758145474,Kununurra,"Kimberley, Western Australia"
2013-02-12,0.0,28.776718758145474,Kununurra,"Kimberley, Western Australia"
2013-02-13,7.752226340539345,28.776718758145474,Kununurra,"Kimberley, Western Australia"
2013-02-14,0.0,28.776718758145474,Kununurra,"Kimberley, Western Australia"
2013-02-15,0.0,28.776718758145474,Kununurra,"Kimberley, Western Australia"
2013-02-16,0.0,28.776718758145474,Kununurra,"Kimberley, Western Australia"
2013-02-17,0.0,28.776718758145474,Kununurra,"Kimberley, Western Australia"
2013-02-18,0.0,28.776718758145474,Kununurra,"Kimberley, Western Australia"
2013-02-19,4.175717476156657,28.776718758145474,Kununurra,"Kimberley, Western Australia"
2013-02-20,8.959131318804648,28.776718758145474,Kununurra,"Kimberley, Western Australia"
2013-02-21,0.0,28.776718758145474,Kununurra,"Kimberley, Western Australia"
2013-02-22,0.0,28.776718758145474,Kununurra,"Kimberley, Western Australia"
2013-02-23,5.482062543456071,28.776718758145474,Kununurra,"Kimberley, Western Australia"
2013-02-24,0.0,28.776718758145474,Kununurra,"Kimberley, Western Australia"
2013-02-25,0.0,28.776718758145474,Kununurra,"Kimberley, Western Australia"
2013-02-26,0.0,28.776718758145474,Kununurra,"Kimberley, Western Australia"
2013-02-27,0.0,28.776718758145474,Kununurra,"Kimberley, Western Australia"
2013-02-28,0.0,28.776718758145474,Kununurra,"Kimberley, Western Australia"
2013-03-01,13.217847535316182,61.610319653856855,Kununurra,"Kimberley, Western Australia"
2013-03-02,10.472878568863353,61.610319653856855,Kununurra,"Kimberley, Western Australia"
2013-03-03,5.566498925940449,61.610319653856855,Kununurra,"Kimberley, Western Australia"
2013-03-04,0.0,61.610319653856855,Kununurra,"Kimberley, Western Australia"
2013-03-05,9.364698884771133,61.610319653856855,Kununurra,"Kimberley, Western Australia"
2013-03-06,3.453985500117332,61.610319653856855,Kununurra,"Kimberley, Western Australia"
2013-03-07,0.0,61.610319653856855,Kununurra,"Kimberley, Western Australia"
2013-03-08,0.0,61.610319653856855,Kununurra,"Kimberley, Western Australia"
2013-03-09,0.0,61.610319653856855,Kununurra,"Kimberley, Western Australia"
2013-03-10,0.0,61.610319653856855,Kununurra,"Kimberley, Western Australia"
2013-03-11,0.0,61.610319653856855,Kununurra,"Kimberley, Western Australia"
2013-03-12,0.0,61.610319653856855,Kununurra,"Kimberley, Western Australia"
2013-03-13,0.0,61.610319653856855,Kununurra,"Kimberley, Western Australia"
2013-03-14,0.0,61.610319653856855,Kununurra,"Kimberley, Western Australia"
2013-03-15,0.0,61.610319653856855,Kununurra,"Kimberley, Western Australia"
2013-03-16,0.0,61.610319653856855,Kununurra,"Kimberley, Western Australia"
2013-03-17,0.0,61.610319653856855,Kununurra,"Kimberley, Western Australia"
2013-03-18,0.0,61.610319653856855,Kununurra,"Kimberley, Western Australia"
2013-03-19,0.0,61.610319653856855,Kununurra,"Kimberley, Western Australia"
2013-03-20,0.0,61.610319653856855,Kununurra,"Kimberley, Western Australia"
2013-03-21,2.216176476493081,61.610319653856855,Kununurra,"Kimberley, Western Australia"
2013-03-22,0.0,61.610319653856855,Kununurra,"Kimberley, Western Australia"
2013-03-23,0.0,61.610319653856855,Kununurra,"Kimberley, Western Australia"
2013-03-24,0.0,61.610319653856855,Kununurra,"Kimberley, Western Australia"
2013-03-25,0.0,61.610319653856855,Kununurra,"Kimberley, Western Australia"
2013-03-26,0.0,61.610319653856855,Kununurra,"Kimberley, Western Australia"
2013-03-27,0.0,61.610319653856855,Kununurra,"Kimberley, Western Australia"
2013-03-28,5.760850192321469,61.610319653856855,Kununurra,"Kimberley, Western Australia"
2013-03-29,0.0,61.610319653856855,Kununurra,"Kimberley, Western Australia"
2013-03-30,0.0,61.610319653856855,Kununurra,"Kimberley, Western Australia"
2013-03-31,11.557383570033855,61.610319653856855,Kununurra,"Kimberley, Western Australia"
2013-04-01,0.0,12.046091414089862,Kununurra,"Kimberley, Western Australia"
2013-04-02,0.0,12.046091414089862,Kununurra,"Kimberley, Western Australia"
2013-04-03,2.228230764630219,12.046091414089862,Kununurra,"Kimberley, Western Australia"
2013-04-04,0.0,12.046091414089862,Kununurra,"Kimberley, Western Australia"
2013-04-05,0.0,12.046091414089862,Kununurra,"Kimberley, Western Australia"
2013-04-06,0.0,12.046091414089862,Kununurra,"Kimberley, Western Australia"
2013-04-07,0.0,12.046091414089862,Kununurra,"Kimberley, Western Australia"
2013-04-08,0.0,12.046091414089862,Kununurra,"Kimberley, Western Australia"
2013-04-09,0.0,12.046091414089862,Kununurra,"Kimberley, Western Australia"
2013-04-10,0.0,12.046091414089862,Kununurra,"Kimberley, Western Australia"
2013-04-11,0.0,12.046091414089862,Kununurra,"Kimberley, Western Australia"
2013-04-12,0.0,12.046091414089862,Kununurra,"Kimberley, Western Australia"
2013-04-13,0.0,12.046091414089862,Kununurra,"Kimberley, Western Australia"
2013-04-14,0.0,12.046091414089862,Kununurra,"Kimberley, Western Australia"
2013-04-15,0.0,12.046091414089862,Kununurra,"Kimberley, Western Australia"
2013-04-16,0.0,12.046091414089862,Kununurra,"Kimberley, Western Australia"
2013-04-17,6.969553645241833,12.046091414089862,Kununurra,"Kimberley, Western Australia"
2013-04-18,0.0,12.046091414089862,Kununurra,"Kimberley, Western Australia"
2013-04-19,0.0,12.046091414089862,Kununurra,"Kimberley, Western Australia"
2013-04-20,0.0,12.046091414089862,Kununurra,"Kimberley, Western Australia"
2013-04-21,0.0,12.046091414089862,Kununurra,"Kimberley, Western Australia"
2013-04-22,0.0,12.046091414089862,Kununurra,"Kimberley, Western Australia"
2013-04-23,0.0,12.046091414089862,Kununurra,"Kimberley, Western Australia"
2013-04-24,0.0,12.046091414089862,Kununurra,"Kimberley, Western Australia"
2013-04-25,0.0,12.046091414089862,Kununurra,"Kimberley, Western Australia"
2013-04-26,0.0,12.046091414089862,Kununurra,"Kimberley, Western Australia"
2013-04-27,0.0,12.046091414089862,Kununurra,"Kimberley, Western Australia"
2013-04-28,0.0,12.046091414089862,Kununurra,"Kimberley, Western Australia"
2013-04-29,2.8483070042178102,12.046091414089862,Kununurra,"Kimberley, Western Australia"
2013-04-30,0.0,12.046091414089862,Kununurra,"Kimberley, Western Australia"
2013-05-01,0.0,8.176663235191166,Kununurra,"Kimberley, Western Australia"
2013-05-02,0.0,8.176663235191166,Kununurra,"Kimberley, Western Australia"
2013-05-03,0.0,8.176663235191166,Kununurra,"Kimberley, Western Australia"
2013-05-04,0.0,8.176663235191166,Kununurra,"Kimberley, Western Australia"
2013-05-05,0.0,8.176663235191166,Kununurra,"Kimberley, Western Australia"
2013-05-06,0.0,8.176663235191166,Kununurra,"Kimberley, Western Australia"
2013-05-07,0.0,8.176663235191166,Kununurra,"Kimberley, Western Australia"
2013-05-08,0.0,8.176663235191166,Kununurra,"Kimberley, Western Australia"
2013-05-09,0.0,8.176663235191166,Kununurra,"Kimberley, Western Australia"
2013-05-10,0.0,8.176663235191166,Kununurra,"Kimberley, Western Australia"
2013-05-11,0.0,8.176663235191166,Kununurra,"Kimberley, Western Australia"
2013-05-12,0.0,8.176663235191166,Kununurra,"Kimberley, Western Australia"
2013-05-13,0.0,8.176663235191166,Kununurra,"Kimberley, Western Australia"
2013-05-14,0.0,8.176663235191166,Kununurra,"Kimberley, Western Australia"
2013-05-15,0.0,8.176663235191166,Kununurra,"Kimberley, Western Australia"
2013-05-16,0.0,8.176663235191166,Kununurra,"Kimberley, Western Australia"
2013-05-17,0.0,8.176663235191166,Kununurra,"Kimberley, Western Australia"
2013-05-18,0.0,8.176663235191166,Kununurra,"Kimberley, Western Australia"
2013-05-19,0.0,8.176663235191166,Kununurra,"Kimberley, Western Australia"
2013-05-20,0.0,8.176663235191166,Kununurra,"Kimberley, Western Australia"
2013-05-21,5.826503243622222,8.176663235191166,Kununurra,"Kimberley, Western Australia"
2013-05-22,2.350159991568944,8.176663235191166,Kununurra,"Kimberley, Western Australia"
2013-05-23,0.0,8.176663235191166,Kununurra,"Kimberley, Western Australia"
2013-05-24,0.0,8.176663235191166,Kununurra,"Kimberley, Western Australia"
2013-05-25,0.0,8.176663235191166,Kununurra,"Kimberley, Western Australia"
2013-05-26,0.0,8.176663235191166,Kununurra,"Kimberley, Western Australia"
2013-05-27,0.0,8.176663235191166,Kununurra,"Kimberley, Western Australia"
2013-05-28,0.0,8.176663235191166,Kununurra,"Kimberley, Western Australia"
2013-05-29,0.0,8.176663235191166,Kununurra,"Kimberley, Western Australia"
2013-05-30,0.0,8.176663235191166,Kununurra,"Kimberley, Western Australia"
2013-05-31,0.0,8.176663235191166,Kununurra,"Kimberley, Western Australia"
2013-06-01,0.0,57.74010702629878,Kununurra,"Kimberley, Western Australia"
2013-06-02,19.908541480100702,57.74010702629878,Kununurra,"Kimberley, Western Australia"
2013-06-03,0.0,57.74010702629878,Kununurra,"Kimberley, Western Australia"
2013-06-04,1.9738184208113208,57.74010702629878,Kununurra,"Kimberley, Western Australia"
2013-06-05,0.0,57.74010702629878,Kununurra,"Kimberley, Western Australia"
2013-06-06,0.0,57.74010702629878,Kununurra,"Kimberley, Western Australia"
2013-06-07,0.0,57.74010702629878,Kununurra,"Kimberley, Western Australia"
2013-06-08,0.0,57.74010702629878,Kununurra,"Kimberley, Western Australia"
2013-06-09,1.4529022517391177,57.74010702629878,Kununurra,"Kimberley, Western Australia"
2013-06-10,0.0,57.74010702629878,Kununurra,"Kimberley, Western Australia"
2013-06-11,0.0,57.74010702629878,Kununurra,"Kimberley, Western Australia"
2013-06-12,3.72429411842585,57.74010702629878,Kununurra,"Kimberley, Western Australia"
2013-06-13,0.0,57.74010702629878,Kununurra,"Kimberley, Western Australia"
2013-06-14,1.4176210985336737,57.74010702629878,Kununurra,"Kimberley, Western Australia"
2013-06-15,10.938170608586798,57.74010702629878,Kununurra,"Kimberley, Western Australia"
2013-06-16,0.0,57.74010702629878,Kununurra,"Kimberley, Western Australia"
2013-06-17,0.0,57.74010702629878,Kununurra,"Kimberley, Western Australia"
2013-06-18,0.0,57.74010702629878,Kununurra,"Kimberley, Western Australia"
2013-06-19,0.0,57.74010702629878,Kununurra,"Kimberley, Western Australia"
2013-06-20,5.85863293867189,57.74010702629878,Kununurra,"Kimberley, Western Australia"
2013-06-21,0.0,57.74010702629878,Kununurra,"Kimberley, Western Australia"
2013-06-22,2.1565992358502277,57.74010702629878,Kununurra,"Kimberley, Western Australia"
2013-06-23,0.0,57.74010702629878,Kununurra,"Kimberley, Western Australia"
2013-06-24,0.0,57.74010702629878,Kununurra,"Kimberley, Western Australia"
2013-06-25,0.0,57.74010702629878,Kununurra,"Kimberley, Western Australia"
2013-06-26,0.5270907463929679,57.74010702629878,Kununurra,"Kimberley, Western Australia"
2013-06-27,5.314118221408091,57.74010702629878,Kununurra,"Kimberley, Western Australia"
2013-06-28,0.0,57.74010702629878,Kununurra,"Kimberley, Western Australia"
2013-06-29,0.0,57.74010702629878,Kununurra,"Kimberley, Western Australia"
2013-06-30,4.468317905778144,57.74010702629878,Kununurra,"Kimberley, Western Australia"
2013-07-01,0.0,41.026777339012334,Kununurra,"Kimberley, Western Australia"
2013-07-02,14.805661723906418,41.026777339012334,Kununurra,"Kimberley, Western Australia"
2013-07-03,2.2540049703327765,41.026777339012334,Kununurra,"Kimberley, Western Australia"
2013-07-04,0.0,41.026777339012334,Kununurra,"Kimberley, Western Australia"
2013-07-05,0.0,41.026777339012334,Kununurra,"Kimberley, Western Australia"
2013-07-06,0.0,41.026777339012334,Kununurra,"Kimberley, Western Australia"
2013-07-07,0.0,41.026777339012334,Kununurra,"Kimberley, Western Australia"
2013-07-08,1.6556671861298056,41.026777339012334,Kununurra,"Kimberley, Western Australia"
2013-07-09,0.0,41.026777339012334,Kununurra,"Kimberley, Western Australia"
2013-07-10,0.0,41.026777339012334,Kununurra,"Kimberley, Western Australia"
2013-07-11,0.0,41.026777339012334,Kununurra,"Kimberley, Western Australia"
2013-07-12,0.0,41.026777339012334,Kununurra,"Kimberley, Western Australia"
2013-07-13,0.0,41.026777339012334,Kununurra,"Kimberley, Western Australia"
2013-07-14,0.0,41.026777339012334,Kununurra,"Kimberley, Western Australia"
2013-07-15,0.0,41.026777339012334,Kununurra,"Kimberley, Western Australia"
2013-07-16,0.0,41.026777339012334,Kununurra,"Kimberley, Western Australia"
2013-07-17,2.9383171107002997,41.026777339012334,Kununurra,"Kimberley, Western Australia"
2013-07-18,0.0,41.026777339012334,Kununurra,"Kimberley, Western Australia"
2013-07-19,9.251184766868972,41.026777339012334,Kununurra,"Kimberley, Western Australia"
2013-07-20,0.0,41.026777339012334,Kununurra,"Kimberley, Western Australia"
2013-07-21,0.0,41.026777339012334,Kununurra,"Kimberley, Western Australia"
2013-07-22,0.0,41.026777339012334,Kununurra,"Kimberley, Western Australia"
2013-07-23,0.0,41.026777339012334,Kununurra,"Kimberley, Western Australia"
2013-07-24,0.0,41.026777339012334,Kununurra,"Kimberley, Western Australia"
2013-07-25,4.562495846984251,41.026777339012334,Kununurra,"Kimberley, Western Australia"
2013-07-26,0.0,41.026777339012334,Kununurra,"Kimberley, Western Australia"
2013-07-27,3.0340141264956815,41.026777339012334,Kununurra,"Kimberley, Western Australia"
2013-07-28,0.0,41.026777339012334,Kununurra,"Kimberley, Western Australia"
2013-07-29,0.0,41.026777339012334,Kununurra,"Kimberley, Western Australia"
2013-07-30,0.0,41.026777339012334,Kununurra,"Kimberley, Western Australia"
2013-07-31,2.525431607594126,41.026777339012334,Kununurra,"Kimberley, Western Australia"
2013-08-01,0.0,61.96060129694415,Kununurra,"Kimberley, Western Australia"
2013-08-02,0.0,61.96060129694415,Kununurra,"Kimberley, Western Australia"
2013-08-03,2.1072663081152028,61.96060129694415,Kununurra,"Kimberley, Western Australia"
2013-08-04,2.144738647031527,61.96060129694415,Kununurra,"Kimberley, Western Australia"
2013-08-05,9.567713206340043,61.96060129694415,Kununurra,"Kimberley, Western Australia"
2013-08-06,0.0,61.96060129694415,Kununurra,"Kimberley, Western Australia"
2013-08-07,0.0,61.96060129694415,Kununurra,"Kimberley, Western Australia"
2013-08-08,0.0,61.96060129694415,Kununurra,"Kimberley, Western Australia"
2013-08-09,0.0,61.96060129694415,Kununurra,"Kimberley, Western Australia"
2013-08-10,0.0,61.96060129694415,Kununurra,"Kimberley, Western Australia"
2013-08-11,0.0,61.96060129694415,Kununurra,"Kimberley, Western Australia"
2013-08-12,10.202719878613276,61.96060129694415,Kununurra,"Kimberley, Western Australia"
2013-08-13,0.0,61.96060129694415,Kununurra,"Kimberley, Western Australia"
2013-08-14,12.888423760593552,61.96060129694415,Kununurra,"Kimberley, Western Australia"
2013-08-15,0.0,61.96060129694415,Kununurra,"Kimberley, Western Australia"
2013-08-16,0.0,61.96060129694415,Kununurra,"Kimberley, Western Australia"
2013-08-17,0.0,61.96060129694415,Kununurra,"Kimberley, Western Australia"
2013-08-18,0.0,61.96060129694415,Kununurra,"Kimberley, Western Australia"
2013-08-19,4.041611274730579,61.96060129694415,Kununurra,"Kimberley, Western Australia"
2013-08-20,0.0,61.96060129694415,Kununurra,"Kimberley, Western Australia"
2013-08-21,0.0,61.96060129694415,Kununurra,"Kimberley, Western Australia"
2013-08-22,0.0,61.96060129694415,Kununurra,"Kimberley, Western Australia"
2013-08-23,10.99335647717461,61.96060129694415,Kununurra,"Kimberley, Western Australia"
2013-08-24,0.0,61.96060129694415,Kununurra,"Kimberley, Western Australia"
2013-08-25,0.0,61.96060129694415,Kununurra,"Kimberley, Western Australia"
2013-08-26,0.0,61.96060129694415,Kununurra,"Kimberley, Western Australia"
2013-08-27,0.0,61.96060129694415,Kununurra,"Kimberley, Western Australia"
2013-08-28,3.9207035987734375,61.96060129694415,Kununurra,"Kimberley, Western Australia"
2013-08-29,3.8300862647949696,61.96060129694415,Kununurra,"Kimberley, Western Australia"
2013-08-30,0.0,61.96060129694415,Kununurra,"Kimberley, Western Australia"
2013-08-31,2.2639818807769516,61.96060129694415,Kununurra,"Kimberley, Western Australia"
2013-09-01,0.0,62.936487714701066,Kununurra,"Kimberley, Western Australia"
2013-09-02,0.0,62.936487714701066,Kununurra,"Kimberley, Western Australia"
2013-09-03,0.0,62.936487714701066,Kununurra,"Kimberley, Western Australia"
2013-09-04,0.0,62.936487714701066,Kununurra,"Kimberley, Western Australia"
2013-09-05,0.0,62.936487714701066,Kununurra,"Kimberley, Western Australia"
2013-09-06,0.0,62.936487714701066,Kununurra,"Kimberley, Western Australia"
2013-09-07,0.0,62.936487714701066,Kununurra,"Kimberley, Western Australia"
2013-09-08,0.0,62.936487714701066,Kununurra,"Kimberley, Western Australia"
2013-09-09,0.0,62.936487714701066,Kununurra,"Kimberley, Western Australia"
2013-09-10,0.0,62.936487714701066,Kununurra,"Kimberley, Western Australia"
2013-09-11,0.0,62.936487714701066,Kununurra,"Kimberley, Western Australia"
2013-09-12,10.770228818093644,62.936487714701066,Kununurra,"Kimberley, Western Australia"
2013-09-13,0.0,62.936487714701066,Kununurra,"Kimberley, Western Australia"
2013-09-14,0.0,62.936487714701066,Kununurra,"Kimberley, Western Australia"
2013-09-15,0.0,62.936487714701066,Kununurra,"Kimberley, Western Australia"
2013-09-16,0.0,62.936487714701066,Kununurra,"Kimberley, Western Australia"
2013-09-17,12.51796051314492,62.936487714701066,Kununurra,"Kimberley, Western Australia"
2013-09-18,9.847447758261316,62.936487714701066,Kununurra,"Kimberley, Western Australia"
2013-09-19,0.0,62.936487714701066,Kununurra,"Kimberley, Western Australia"
2013-09-20,0.0,62.936487714701066,Kununurra,"Kimberley, Western Australia"
2013-09-21,0.0,62.936487714701066,Kununurra,"Kimberley, Western Australia"
2013-09-22,0.0,62.936487714701066,Kununurra,"Kimberley, Western Australia"
2013-09-23,0.0,62.936487714701066,Kununurra,"Kimberley, Western Australia"
2013-09-24,0.0,62.936487714701066,Kununurra,"Kimberley, Western Australia"
2013-09-25,8.716100457173201,62.936487714701066,Kununurra,"Kimberley, Western Australia"
2013-09-26,12.497653011896702,62.936487714701066,Kununurra,"Kimberley, Western Australia"
2013-09-27,3.6833228537981055,62.936487714701066,Kununurra,"Kimberley, Western Australia"
2013-09-28,0.0,62.936487714701066,Kununurra,"Kimberley, Western Australia"
2013-09-29,4.903774302333177,62.936487714701066,Kununurra,"Kimberley, Western Australia"
2013-09-30,0.0,62.936487714701066,Kununurra,"Kimberley, Western Australia"
2013-10-01,6.109533355864842,93.93372094030072,Kununurra,"Kimberley, Western Australia"
2013-10-02,0.0,93.93372094030072,Kununurra,"Kimberley, Western Australia"
2013-10-03,0.0,93.93372094030072,Kununurra,"Kimberley, Western Australia"
2013-10-04,0.0,93.93372094030072,Kununurra,"Kimberley, Western Australia"
2013-10-05,0.0,93.93372094030072,Kununurra,"Kimberley, Western Australia"
2013-10-06,0.0,93.93372094030072,Kununurra,"Kimberley, Western Australia"
2013-10-07,11.355226410278565,93.93372094030072,Kununurra,"Kimberley, Western Australia"
2013-10-08,0.0,93.93372094030072,Kununurra,"Kimberley, Western Australia"
2013-10-09,0.0,93.93372094030072,Kununurra,"Kimberley, Western Australia"
2013-10-10,0.0,93.93372094030072,Kununurra,"Kimberley, Western Australia"
2013-10-11,16.455962364518044,93.93372094030072,Kununurra,"Kimberley, Western Australia"
2013-10-12,0.0,93.93372094030072,Kununurra,"Kimberley, Western Australia"
2013-10-13,0.0,93.93372094030072,Kununurra,"Kimberley, Western Australia"
2013-10-14,0.0,93.93372094030072,Kununurra,"Kimberley, Western Australia"
2013-10-15,6.699069523543646,93.93372094030072,Kununurra,"Kimberley, Western Australia"
2013-10-16,0.0,93.93372094030072,Kununurra,"Kimberley, Western Australia"
2013-10-17,11.63071395442553,93.93372094030072,Kununurra,"Kimberley, Western Australia"
2013-10-18,0.0,93.93372094030072,Kununurra,"Kimberley, Western Australia"
2013-10-19,4.104082014715065,93.93372094030072,Kununurra,"Kimberley, Western Australia"
2013-10-20,1.344627742471328,93.93372094030072,Kununurra,"Kimberley, Western Australia"
2013-10-21,3.857659466975017,93.93372094030072,Kununurra,"Kimberley, Western Australia"
2013-10-22,0.0,93.93372094030072,Kununurra,"Kimberley, Western Australia"
2013-10-23,6.89359648147032,93.93372094030072,Kununurra,"Kimberley, Western Australia"
2013-10-24,2.8196103639008174,93.93372094030072,Kununurra,"Kimberley, Western Australia"
2013-10-25,0.0,93.93372094030072,Kununurra,"Kimberley, Western Australia"
2013-10-26,0.0,93.93372094030072,Kununurra,"Kimberley, Western Australia"
2013-10-27,4.55857453261893,93.93372094030072,Kununurra,"Kimberley, Western Australia"
2013-10-28,7.668363917926554,93.93372094030072,Kununurra,"Kimberley, Western Australia"
2013-10-29,0.0,93.93372094030072,Kununurra,"Kimberley, Western Australia"
2013-10-30,10.43670081159206,93.93372094030072,Kununurra,"Kimberley, Western Australia"
2013-10-31,0.0,93.93372094030072,Kununurra,"Kimberley, Western Australia"
2013-11-01,5.685872282096836,61.918992364798825,Kununurra,"Kimberley, Western Australia"
2013-11-02,6.921285153269029,61.918992364798825,Kununurra,"Kimberley, Western Australia"
2013-11-03,0.0,61.918992364798825,Kununurra,"Kimberley, Western Australia"
2013-11-04,0.0,61.918992364798825,Kununurra,"Kimberley, Western Australia"
2013-11-05,0.0,61.918992364798825,Kununurra,"Kimberley, Western Australia"
2013-11-06,0.0,61.918992364798825,Kununurra,"Kimberley, Western Australia"
2013-11-07,5.106055913871871,61.918992364798825,Kununurra,"Kimberley, Western Australia"
2013-11-08,0.0,61.918992364798825,Kununurra,"Kimberley, Western Australia"
2013-11-09,0.0,61.918992364798825,Kununurra,"Kimberley, Western Australia"
2013-11-10,0.0,61.918992364798825,Kununurra,"Kimberley, Western Australia"
2013-11-11,6.140982635264541,61.918992364798825,Kununurra,"Kimberley, Western Australia"
2013-11-12,0.0,61.918992364798825,Kununurra,"Kimberley, Western Australia"
2013-11-13,0.0,61.918992364798825,Kununurra,"Kimberley, Western Australia"
2013-11-14,0.0,61.918992364798825,Kununurra,"Kimberley, Western Australia"
2013-11-15,0.0,61.918992364798825,Kununurra,"Kimberley, Western Australia"
2013-11-16,0.0,61.918992364798825,Kununurra,"Kimberley, Western Australia"
2013-11-17,0.0,61.918992364798825,Kununurra,"Kimberley, Western Australia"
2013-11-18,0.0,61.918992364798825,Kununurra,"Kimberley, Western Australia"
2013-11-19,1.9197483492415266,61.918992364798825,Kununurra,"Kimberley, Western Australia"
2013-11-20,0.0,61.918992364798825,Kununurra,"Kimberley, Western Australia"
2013-11-21,0.0,61.918992364798825,Kununurra,"Kimberley, Western Australia"
2013-11-22,0.0,61.918992364798825,Kununurra,"Kimberley, Western Australia"
2013-11-23,4.8873784877502215,61.918992364798825,Kununurra,"Kimberley, Western Australia"
2013-11-24,0.0,61.918992364798825,Kununurra,"Kimberley, Western Australia"
2013-11-25,0.0,61.918992364798825,Kununurra,"Kimberley, Western Australia"
2013-11-26,0.0,61.918992364798825,Kununurra,"Kimberley, Western Australia"
2013-11-27,0.0,61.918992364798825,Kununurra,"Kimberley, Western Australia"
2013-11-28,0.0,61.918992364798825,Kununurra,"Kimberley, Western Australia"
2013-11-29,20.84751504108742,61.918992364798825,Kununurra,"Kimberley, Western Australia"
2013-11-30,10.410154502217381,61.918992364798825,Kununurra,"Kimberley, Western Australia"
2013-12-01,0.0,35.60098034939436,Kununurra,"Kimberley, Western Australia"
2013-12-02,0.0,35.60098034939436,Kununurra,"Kimberley, Western Australia"
2013-12-03,0.0,35.60098034939436,Kununurra,"Kimberley, Western Australia"
2013-12-04,0.0,35.60098034939436,Kununurra,"Kimberley, Western Australia"
2013-12-05,0.0,35.60098034939436,Kununurra,"Kimberley, Western Australia"
2013-12-06,7.6771829050012625,35.60098034939436,Kununurra,"Kimberley, Western Australia"
2013-12-07,7.042397973903208,35.60098034939436,Kununurra,"Kimberley, Western Australia"
2013-12-08,0.0,35.60098034939436,Kununurra,"Kimberley, Western Australia"
2013-12-09,0.0,35.60098034939436,Kununurra,"Kimberley, Western Australia"
2013-12-10,3.6106191307087405,35.60098034939436,Kununurra,"Kimberley, Western Australia"
2013-12-11,0.0,35.60098034939436,Kununurra,"Kimberley, Western Australia"
2013-12-12,0.0,35.60098034939436,Kununurra,"Kimberley, Western Australia"
2013-12-13,0.0,35.60098034939436,Kununurra,"Kimberley, Western Australia"
2013-12-14,0.0,35.60098034939436,Kununurra,"Kimberley, Western Australia"
2013-12-15,0.0,35.60098034939436,Kununurra,"Kimberley, Western Australia"
2013-12-16,0.0,35.60098034939436,Kununurra,"Kimberley, Western Australia"
2013-12-17,0.0,35.60098034939436,Kununurra,"Kimberley, Western Australia"
2013-12-18,0.0,35.60098034939436,Kununurra,"Kimberley, Western Australia"
2013-12-19,0.0,35.60098034939436,Kununurra,"Kimberley, Western Australia"
2013-12-20,12.857934704227317,35.60098034939436,Kununurra,"Kimberley, Western Australia"
2013-12-21,0.0,35.60098034939436,Kununurra,"Kimberley, Western Australia"
2013-12-22,0.0,35.60098034939436,Kununurra,"Kimberley, Western Australia"
2013-12-23,0.0,35.60098034939436,Kununurra,"Kimberley, Western Australia"
2013-12-24,0.0,35.60098034939436,Kununurra,"Kimberley, Western Australia"
2013-12-25,0.3095314909790869,35.60098034939436,Kununurra,"Kimberley, Western Australia"
2013-12-26,0.0,35.60098034939436,Kununurra,"Kimberley, Western Australia"
2013-12-27,4.10331414457475,35.60098034939436,Kununurra,"Kimberley, Western Australia"
2013-12-28,0.0,35.60098034939436,Kununurra,"Kimberley, Western Australia"
2013-12-29,0.0,35.60098034939436,Kununurra,"Kimberley, Western Australia"
2013-12-30,0.0,35.60098034939436,Kununurra,"Kimberley, Western Australia"
2013-12-31,0.0,35.60098034939436,Kununurra,"Kimberley, Western Australia"
2014-01-01,12.083476494005154,43.020247102694405,Kununurra,"Kimberley, Western Australia"
2014-01-02,0.0,43.020247102694405,Kununurra,"Kimberley, Western Australia"
2014-01-03,4.147523300043315,43.020247102694405,Kununurra,"Kimberley, Western Australia"
2014-01-04,0.0,43.020247102694405,Kununurra,"Kimberley, Western Australia"
2014-01-05,0.0,43.020247102694405,Kununurra,"Kimberley, Western Australia"
2014-01-06,0.0,43.020247102694405,Kununurra,"Kimberley, Western Australia"
2014-01-07,5.2293590452812335,43.020247102694405,Kununurra,"Kimberley, Western Australia"
2014-01-08,0.0,43.020247102694405,Kununurra,"Kimberley, Western Australia"
2014-01-09,2.920175838860756,43.020247102694405,Kununurra,"Kimberley, Western Australia"
2014-01-10,3.4814369988779834,43.020247102694405,Kununurra,"Kimberley, Western Australia"
2014-01-11,2.351316956731782,43.020247102694405,Kununurra,"Kimberley, Western Australia"
2014-01-12,0.0,43.020247102694405,Kununurra,"Kimberley, Western Australia"
2014-01-13,5.038897542225503,43.020247102694405,Kununurra,"Kimberley, Western Australia"
2014-01-14,3.9311142161312453,43.020247102694405,Kununurra,"Kimberley, Western Australia"
2014-01-15,0.0,43.020247102694405,Kununurra,"Kimberley, Western Australia"
2014-01-16,0.0,43.020247102694405,Kununurra,"Kimberley, Western Australia"
2014-01-17,3.836946710537433,43.020247102694405,Kununurra,"Kimberley, Western Australia"
2014-01-18,0.0,43.020247102694405,Kununurra,"Kimberley, Western Australia"
2014-01-19,0.0,43.020247102694405,Kununurra,"Kimberley, Western Australia"
2014-01-20,0.0,43.020247102694405,Kununurra,"Kimberley, Western Australia"
2014-01-21,0.0,43.020247102694405,Kununurra,"Kimberley, Western Australia"
2014-01-22,0.0,43.020247102694405,Kununurra,"Kimberley, Western Australia"
2014-01-23,0.0,43.020247102694405,Kununurra,"Kimberley, Western Australia"
2014-01-24,0.0,43.020247102694405,Kununurra,"Kimberley, Western Australia"
2014-01-25,0.0,43.020247102694405,Kununurra,"Kimberley, Western Australia"
2014-01-26,0.0,43.020247102694405,Kununurra,"Kimberley, Western Australia"
2014-01-27,0.0,43.020247102694405,Kununurra,"Kimberley, Western Australia"
2014-01-28,0.0,43.020247102694405,Kununurra,"Kimberley, Western Australia"
2014-01-29,0.0,43.020247102694405,Kununurra,"Kimberley, Western Australia"
2014-01-30,0.0,43.020247102694405,Kununurra,"Kimberley, Western Australia"
2014-01-31,0.0,43.020247102694405,Kununurra,"Kimberley, Western Australia"
2014-02-01,4.771202929293845,64.83582289131739,Kununurra,"Kimberley, Western Australia"
2014-02-02,1.9885242972120571,64.83582289131739,Kununurra,"Kimberley, Western Australia"
2014-02-03,0.0,64.83582289131739,Kununurra,"Kimberley, Western Australia"
2014-02-04,18.00823825314335,64.83582289131739,Kununurra,"Kimberley, Western Australia"
2014-02-05,0.0,64.83582289131739,Kununurra,"Kimberley, Western Australia"
2014-02-06,2.0126654998796902,64.83582289131739,Kununurra,"Kimberley, Western Australia"
2014-02-07,0.0,64.83582289131739,Kununurra,"Kimberley, Western Australia"
2014-02-08,0.0,64.83582289131739,Kununurra,"Kimberley, Western Australia"
2014-02-09,0.0,64.83582289131739,Kununurra,"Kimberley, Western Australia"
2014-02-10,0.0,64.83582289131739,Kununurra,"Kimberley, Western Australia"
2014-02-11,0.0,64.83582289131739,Kununurra,"Kimberley, Western Australia"
2014-02-12,0.0,64.83582289131739,Kununurra,"Kimberley, Western Australia"
2014-02-13,2.7257831732256808,64.83582289131739,Kununurra,"Kimberley, Western Australia"
2014-02-14,0.0,64.83582289131739,Kununurra,"Kimberley, Western Australia"
2014-02-15,0.0,64.83582289131739,Kununurra,"Kimberley, Western Australia"
2014-02-16,15.346032750106492,64.83582289131739,Kununurra,"Kimberley, Western Australia"
2014-02-17,0.0,64.83582289131739,Kununurra,"Kimberley, Western Australia"
2014-02-18,9.402387304613832,64.83582289131739,Kununurra,"Kimberley, Western Australia"
2014-02-19,0.0,64.83582289131739,Kununurra,"Kimberley, Western Australia"
2014-02-20,0.0,64.83582289131739,Kununurra,"Kimberley, Western Australia"
2014-02-21,0.0,64.83582289131739,Kununurra,"Kimberley, Western Australia"
2014-02-22,9.407865878307208,64.83582289131739,Kununurra,"Kimberley, Western Australia"
2014-02-23,0.0,64.83582289131739,Kununurra,"Kimberley, Western Australia"
2014-02-24,1.1731228055352387,64.83582289131739,Kununurra,"Kimberley, Western Australia"
2014-02-25,0.0,64.83582289131739,Kununurra,"Kimberley, Western Australia"
2014-02-26,0.0,64.83582289131739,Kununurra,"Kimberley, Western Australia"
2014-02-27,0.0,64.83582289131739,Kununurra,"Kimberley, Western Australia"
2014-02-28,0.0,64.83582289131739,Kununurra,"Kimberley, Western Australia"
2014-03-01,0.0,27.466696182245364,Kununurra,"Kimberley, Western Australia"
2014-03-02,0.0,27.466696182245364,Kununurra,"Kimberley, Western Australia"
2014-03-03,0.0,27.466696182245364,Kununurra,"Kimberley, Western Australia"
2014-03-04,0.0,27.466696182245364,Kununurra,"Kimberley, Western Australia"
2014-03-05,0.0,27.466696182245364,Kununurra,"Kimberley, Western Australia"
2014-03-06,1.0615976622329364,27.466696182245364,Kununurra,"Kimberley, Western Australia"
2014-03-07,3.048508665108643,27.466696182245364,Kununurra,"Kimberley, Western Australia"
2014-03-08,0.0,27.466696182245364,Kununurra,"Kimberley, Western Australia"
2014-03-09,0.0,27.466696182245364,Kununurra,"Kimberley, Western Australia"
2014-03-10,0.0,27.466696182245364,Kununurra,"Kimberley, Western Australia"
2014-03-11,1.2011232299743322,27.466696182245364,Kununurra,"Kimberley, Western Australia"
2014-03-12,0.0,27.466696182245364,Kununurra,"Kimberley, Western Australia"
2014-03-13,5.235092316045156,27.466696182245364,Kununurra,"Kimberley, Western Australia"
2014-03-14,5.544774786094399,27.466696182245364,Kununurra,"Kimberley, Western Australia"
2014-03-15,0.0,27.466696182245364,Kununurra,"Kimberley, Western Australia"
2014-03-16,0.0,27.466696182245364,Kununurra,"Kimberley, Western Australia"
2014-03-17,0.0,27.466696182245364,Kununurra,"Kimberley, Western Australia"
2014-03-18,0.0,27.466696182245364,Kununurra,"Kimberley, Western Australia"
2014-03-19,0.0,27.466696182245364,Kununurra,"Kimberley, Western Australia"
2014-03-20,0.0,27.466696182245364,Kununurra,"Kimberley, Western Australia"
2014-03-21,0.0,27.466696182245364,Kununurra,"Kimberley, Western Australia"
2014-03-22,0.0,27.466696182245364,Kununurra,"Kimberley, Western Australia"
2014-03-23,2.1319120073859152,27.466696182245364,Kununurra,"Kimberley, Western Australia"
2014-03-24,0.0,27.466696182245364,Kununurra,"Kimberley, Western Australia"
2014-03-25,0.0,27.466696182245364,Kununurra,"Kimberley, Western Australia"
2014-03-26,0.0,27.466696182245364,Kununurra,"Kimberley, Western Australia"
2014-03-27,1.4211597227015798,27.466696182245364,Kununurra,"Kimberley, Western Australia"
2014-03-28,0.0,27.466696182245364,Kununurra,"Kimberley, Western Australia"
2014-03-29,0.0,27.466696182245364,Kununurra,"Kimberley, Western Australia"
2014-03-30,0.9746369062583317,27.466696182245364,Kununurra,"Kimberley, Western Australia"
2014-03-31,6.84789088644407,27.466696182245364,Kununurra,"Kimberley, Western Australia"
2014-04-01,0.0,55.762989344147705,Kununurra,"Kimberley, Western Australia"
2014-04-02,0.0,55.762989344147705,Kununurra,"Kimberley, Western Australia"
2014-04-03,6.447975396474121,55.762989344147705,Kununurra,"Kimberley, Western Australia"
2014-04-04,0.0,55.762989344147705,Kununurra,"Kimberley, Western Australia"
2014-04-05,4.5909122387924155,55.762989344147705,Kununurra,"Kimberley, Western Australia"
2014-04-06,0.0,55.762989344147705,Kununurra,"Kimberley, Western Australia"
2014-04-07,0.0,55.762989344147705,Kununurra,"Kimberley, Western Australia"
2014-04-08,6.209084367518173,55.762989344147705,Kununurra,"Kimberley, Western Australia"
2014-04-09,0.0,55.762989344147705,Kununurra,"Kimberley, Western Australia"
2014-04-10,0.0,55.762989344147705,Kununurra,"Kimberley, Western Australia"
2014-04-11,7.346262117595262,55.762989344147705,Kununurra,"Kimberley, Western Australia"
2014-04-12,6.058870258915746,55.762989344147705,Kununurra,"Kimberley, Western Australia"
2014-04-13,0.0,55.762989344147705,Kununurra,"Kimberley, Western Australia"
2014-04-14,0.0,55.762989344147705,Kununurra,"Kimberley, Western Australia"
2014-04-15,9.739928777715415,55.762989344147705,Kununurra,"Kimberley, Western Australia"
2014-04-16,0.0,55.762989344147705,Kununurra,"Kimberley, Western Australia"
2014-04-17,4.37567039507956,55.762989344147705,Kununurra,"Kimberley, Western Australia"
2014-04-18,9.132721807686492,55.762989344147705,Kununurra,"Kimberley, Western Australia"
2014-04-19,0.0,55.762989344147705,Kununurra,"Kimberley, Western Australia"
2014-04-20,0.0,55.762989344147705,Kununurra,"Kimberley, Western Australia"
2014-04-21,0.0,55.762989344147705,Kununurra,"Kimberley, Western Australia"
2014-04-22,0.0,55.762989344147705,Kununurra,"Kimberley, Western Australia"
2014-04-23,1.8615639843705227,55.762989344147705,Kununurra,"Kimberley, Western Australia"
2014-04-24,0.0,55.762989344147705,Kununurra,"Kimberley, Western Australia"
2014-04-25,0.0,55.762989344147705,Kununurra,"Kimberley, Western Australia"
2014-04-26,0.0,55.762989344147705,Kununurra,"Kimberley, Western Australia"
2014-04-27,0.0,55.762989344147705,Kununurra,"Kimberley, Western Australia"
2014-04-28,0.0,55.762989344147705,Kununurra,"Kimberley, Western Australia"
2014-04-29,0.0,55.762989344147705,Kununurra,"Kimberley, Western Australia"
2014-04-30,0.0,55.762989344147705,Kununurra,"Kimberley, Western Australia"
2014-05-01,2.7493906014793916,49.56516760096763,Kununurra,"Kimberley, Western Australia"
2014-05-02,0.0,49.56516760096763,Kununurra,"Kimberley, Western Australia"
2014-05-03,10.75382439890327,49.56516760096763,Kununurra,"Kimberley, Western Australia"
2014-05-04,0.0,49.56516760096763,Kununurra,"Kimberley, Western Australia"
2014-05-05,0.0,49.56516760096763,Kununurra,"Kimberley, Western Australia"
2014-05-06,0.0,49.56516760096763,Kununurra,"Kimberley, Western Australia"
2014-05-07,0.0,49.56516760096763,Kununurra,"Kimberley, Western Australia"
2014-05-08,0.0,49.56516760096763,Kununurra,"Kimberley, Western Australia"
2014-05-09,12.646631865693692,49.56516760096763,Kununurra,"Kimberley, Western Australia"
2014-05-10,0.0,49.56516760096763,Kununurra,"Kimberley, Western Australia"
2014-05-11,0.0,49.56516760096763,Kununurra,"Kimberley, Western Australia"
2014-05-12,7.427986353318487,49.56516760096763,Kununurra,"Kimberley, Western Australia"
2014-05-13,0.0,49.56516760096763,Kununurra,"Kimberley, Western Australia"
2014-05-14,0.0,49.56516760096763,Kununurra,"Kimberley, Western Australia"
2014-05-15,0.0,49.56516760096763,Kununurra,"Kimberley, Western Australia"
2014-05-16,0.0,49.56516760096763,Kununurra,"Kimberley, Western Australia"
2014-05-17,0.0,49.56516760096763,Kununurra,"Kimberley, Western Australia"
2014-05-18,0.0,49.56516760096763,Kununurra,"Kimberley, Western Australia"
2014-05-19,0.0,49.56516760096763,Kununurra,"Kimberley, Western Australia"
2014-05-20,0.0,49.56516760096763,Kununurra,"Kimberley, Western Australia"
2014-05-21,2.06285356828983,49.56516760096763,Kununurra,"Kimberley, Western Australia"
2014-05-22,2.6750971633204683,49.56516760096763,Kununurra,"Kimberley, Western Australia"
2014-05-23,3.545277517002365,49.56516760096763,Kununurra,"Kimberley, Western Australia"
2014-05-24,0.0,49.56516760096763,Kununurra,"Kimberley, Western Australia"
2014-05-25,0.0,49.56516760096763,Kununurra,"Kimberley, Western Australia"
2014-05-26,2.264437638552215,49.56516760096763,Kununurra,"Kimberley, Western Australia"
2014-05-27,0.0,49.56516760096763,Kununurra,"Kimberley, Western Australia"
2014-05-28,2.9138875535289186,49.56516760096763,Kununurra,"Kimberley, Western Australia"
2014-05-29,0.0,49.56516760096763,Kununurra,"Kimberley, Western Australia"
2014-05-30,0.0,49.56516760096763,Kununurra,"Kimberley, Western Australia"
2014-05-31,2.5257809408789904,49.56516760096763,Kununurra,"Kimberley, Western Australia"
2014-06-01,9.541169021924226,45.64376997752865,Kununurra,"Kimberley, Western Australia"
2014-06-02,2.354978137159692,45.64376997752865,Kununurra,"Kimberley, Western Australia"
2014-06-03,0.0,45.64376997752865,Kununurra,"Kimberley, Western Australia"
2014-06-04,0.0,45.64376997752865,Kununurra,"Kimberley, Western Australia"
2014-06-05,0.0,45.64376997752865,Kununurra,"Kimberley, Western Australia"
2014-06-06,0.0,45.64376997752865,Kununurra,"Kimberley, Western Australia"
2014-06-07,0.0,45.64376997752865,Kununurra,"Kimberley, Western Australia"
2014-06-08,0.0,45.64376997752865,Kununurra,"Kimberley, Western Australia"
2014-06-09,8.20885398118607,45.64376997752865,Kununurra,"Kimberley, Western Australia"
2014-06-10,0.0,45.64376997752865,Kununurra,"Kimberley, Western Australia"
2014-06-11,0.0,45.64376997752865,Kununurra,"Kimberley, Western Australia"
2014-06-12,0.0,45.64376997752865,Kununurra,"Kimberley, Western Australia"
2014-06-13,3.729688607696608,45.64376997752865,Kununurra,"Kimberley, Western Australia"
2014-06-14,0.0,45.64376997752865,Kununurra,"Kimberley, Western Australia"
2014-06-15,0.0,45.64376997752865,Kununurra,"Kimberley, Western Australia"
2014-06-16,0.0,45.64376997752865,Kununurra,"Kimberley, Western Australia"
2014-06-17,0.0,45.64376997752865,Kununurra,"Kimberley, Western Australia"
2014-06-18,0.0,45.64376997752865,Kununurra,"Kimberley, Western Australia"
2014-06-19,0.0,45.64376997752865,Kununurra,"Kimberley, Western Australia"
2014-06-20,0.0,45.64376997752865,Kununurra,"Kimberley, Western Australia"
2014-06-21,0.0,45.64376997752865,Kununurra,"Kimberley, Western Australia"
2014-06-22,0.0,45.64376997752865,Kununurra,"Kimberley, Western Australia"
2014-06-23,0.0,45.64376997752865,Kununurra,"Kimberley, Western Australia"
2014-06-24,10.20517950424435,45.64376997752865,Kununurra,"Kimberley, Western Australia"
2014-06-25,2.4664088092947583,45.64376997752865,Kununurra,"Kimberley, Western Australia"
2014-06-26,0.0,45.64376997752865,Kununurra,"Kimberley, Western Australia"
2014-06-27,0.0,45.64376997752865,Kununurra,"Kimberley, Western Australia"
2014-06-28,5.187829479991081,45.64376997752865,Kununurra,"Kimberley, Western Australia"
2014-06-29,3.949662436031863,45.64376997752865,Kununurra,"Kimberley, Western Australia"
2014-06-30,0.0,45.64376997752865,Kununurra,"Kimberley, Western Australia"
2014-07-01,4.522097718289203,69.51488340310567,Kununurra,"Kimberley, Western Australia"
2014-07-02,0.0,69.51488340310567,Kununurra,"Kimberley, Western Australia"
2014-07-03,0.0,69.51488340310567,Kununurra,"Kimberley, Western Australia"
2014-07-04,0.0,69.51488340310567,Kununurra,"Kimberley, Western Australia"
2014-07-05,0.0,69.51488340310567,Kununurra,"Kimberley, Western Australia"
2014-07-06,0.0,69.51488340310567,Kununurra,"Kimberley, Western Australia"
2014-07-07,0.0,69.51488340310567,Kununurra,"Kimberley, Western Australia"
2014-07-08,0.0,69.51488340310567,Kununurra,"Kimberley, Western Australia"
2014-07-09,0.0,69.51488340310567,Kununurra,"Kimberley, Western Australia"
2014-07-10,5.441948196248005,69.51488340310567,Kununurra,"Kimberley, Western Australia"
2014-07-11,11.192733622901686,69.51488340310567,Kununurra,"Kimberley, Western Australia"
2014-07-12,0.0,69.51488340310567,Kununurra,"Kimberley, Western Australia"
2014-07-13,0.0,69.51488340310567,Kununurra,"Kimberley, Western Australia"
2014-07-14,11.038216854794454,69.51488340310567,Kununurra,"Kimberley, Western Australia"
2014-07-15,0.0,69.51488340310567,Kununurra,"Kimberley, Western Australia"
2014-07-16,0.0,69.51488340310567,Kununurra,"Kimberley, Western Australia"
2014-07-17,4.932421583057449,69.51488340310567,Kununurra,"Kimberley, Western Australia"
2014-07-18,0.0,69.51488340310567,Kununurra,"Kimberley, Western Australia"
2014-07-19,0.0,69.51488340310567,Kununurra,"Kimberley, Western Australia"
2014-07-20,0.0,69.51488340310567,Kununurra,"Kimberley, Western Australia"
2014-07-21,0.0,69.51488340310567,Kununurra,"Kimberley, Western Australia"
2014-07-22,0.0,69.51488340310567,Kununurra,"Kimberley, Western Australia"
2014-07-23,0.0,69.51488340310567,Kununurra,"Kimberley, Western Australia"
2014-07-24,3.728361184957805,69.51488340310567,Kununurra,"Kimberley, Western Australia"
2014-07-25,0.0,69.51488340310567,Kununurra,"Kimberley, Western Australia"
2014-07-26,7.242422191545666,69.51488340310567,Kununurra,"Kimberley, Western Australia"
2014-07-27,4.866612068684684,69.51488340310567,Kununurra,"Kimberley, Western Australia"
2014-07-28,16.550069982626727,69.51488340310567,Kununurra,"Kimberley, Western Australia"
2014-07-29,0.0,69.51488340310567,Kununurra,"Kimberley, Western Australia"
2014-07-30,0.0,69.51488340310567,Kununurra,"Kimberley, Western Australia"
2014-07-31,0.0,69.51488340310567,Kununurra,"Kimberley, Western Australia"
2014-08-01,4.392485706232369,43.344835939581586,Kununurra,"Kimberley, Western Australia"
2014-08-02,0.0,43.344835939581586,Kununurra,"Kimberley, Western Australia"
2014-08-03,1.1743143127341389,43.344835939581586,Kununurra,"Kimberley, Western Australia"
2014-08-04,0.0,43.344835939581586,Kununurra,"Kimberley, Western Australia"
2014-08-05,0.0,43.344835939581586,Kununurra,"Kimberley, Western Australia"
2014-08-06,0.0,43.344835939581586,Kununurra,"Kimberley, Western Australia"
2014-08-07,16.53539920932319,43.344835939581586,Kununurra,"Kimberley, Western Australia"
2014-08-08,0.0,43.344835939581586,Kununurra,"Kimberley, Western Australia"
2014-08-09,0.0,43.344835939581586,Kununurra,"Kimberley, Western Australia"
2014-08-10,0.0,43.344835939581586,Kununurra,"Kimberley, Western Australia"
2014-08-11,0.0,43.344835939581586,Kununurra,"Kimberley, Western Australia"
2014-08-12,2.0474934382506564,43.344835939581586,Kununurra,"Kimberley, Western Australia"
2014-08-13,0.0,43.344835939581586,Kununurra,"Kimberley, Western Australia"
2014-08-14,0.0,43.344835939581586,Kununurra,"Kimberley, Western Australia"
2014-08-15,0.0,43.344835939581586,Kununurra,"Kimberley, Western Australia"
2014-08-16,0.0,43.344835939581586,Kununurra,"Kimberley, Western Australia"
2014-08-17,0.0,43.344835939581586,Kununurra,"Kimberley, Western Australia"
2014-08-18,0.0,43.344835939581586,Kununurra,"Kimberley, Western Australia"
2014-08-19,0.0,43.344835939581586,Kununurra,"Kimberley, Western Australia"
2014-08-20,0.0,43.344835939581586,Kununurra,"Kimberley, Western Australia"
2014-08-21,0.0,43.344835939581586,Kununurra,"Kimberley, Western Australia"
2014-08-22,0.0,43.344835939581586,Kununurra,"Kimberley, Western Australia"
2014-08-23,0.0,43.344835939581586,Kununurra,"Kimberley, Western Australia"
2014-08-24,5.038243721325193,43.344835939581586,Kununurra,"Kimberley, Western Australia"
2014-08-25,0.0,43.344835939581586,Kununurra,"Kimberley, Western Australia"
2014-08-26,3.6803898452877615,43.344835939581586,Kununurra,"Kimberley, Western Australia"
2014-08-27,0.0,43.344835939581586,Kununurra,"Kimberley, Western Australia"
2014-08-28,0.0,43.344835939581586,Kununurra,"Kimberley, Western Australia"
2014-08-29,0.0,43.344835939581586,Kununurra,"Kimberley, Western Australia"
2014-08-30,10.476509706428274,43.344835939581586,Kununurra,"Kimberley, Western Australia"
2014-08-31,0.0,43.344835939581586,Kununurra,"Kimberley, Western Australia"
2014-09-01,0.0,72.29108918160424,Kununurra,"Kimberley, Western Australia"
2014-09-02,2.6356145167904264,72.29108918160424,Kununurra,"Kimberley, Western Australia"
2014-09-03,0.0,72.29108918160424,Kununurra,"Kimberley, Western Australia"
2014-09-04,1.2926943714007633,72.29108918160424,Kununurra,"Kimberley, Western Australia"
2014-09-05,0.0,72.29108918160424,Kununurra,"Kimberley, Western Australia"
2014-09-06,0.0,72.29108918160424,Kununurra,"Kimberley, Western Australia"
2014-09-07,0.0,72.29108918160424,Kununurra,"Kimberley, Western Australia"
2014-09-08,0.0,72.29108918160424,Kununurra,"Kimberley, Western Australia"
2014-09-09,7.215905909699929,72.29108918160424,Kununurra,"Kimberley, Western Australia"
2014-09-10,0.0,72.29108918160424,Kununurra,"Kimberley, Western Australia"
2014-09-11,0.0,72.29108918160424,Kununurra,"Kimberley, Western Australia"
2014-09-12,0.0,72.29108918160424,Kununurra,"Kimberley, Western Australia"
2014-09-13,5.763656993352883,72.29108918160424,Kununurra,"Kimberley, Western Australia"
2014-09-14,10.020224922613883,72.29108918160424,Kununurra,"Kimberley, Western Australia"
2014-09-15,15.591627774622697,72.29108918160424,Kununurra,"Kimberley, Western Australia"
2014-09-16,0.0,72.29108918160424,Kununurra,"Kimberley, Western Australia"
2014-09-17,0.9654721412023737,72.29108918160424,Kununurra,"Kimberley, Western Australia"
2014-09-18,0.0,72.29108918160424,Kununurra,"Kimberley, Western Australia"
2014-09-19,0.0,72.29108918160424,Kununurra,"Kimberley, Western Australia"
2014-09-20,0.0,72.29108918160424,Kununurra,"Kimberley, Western Australia"
2014-09-21,0.0,72.29108918160424,Kununurra,"Kimberley, Western Australia"
2014-09-22,16.927214211190325,72.29108918160424,Kununurra,"Kimberley, Western Australia"
2014-09-23,6.083761347314855,72.29108918160424,Kununurra,"Kimberley, Western Australia"
2014-09-24,0.0,72.29108918160424,Kununurra,"Kimberley, Western Australia"
2014-09-25,5.794916993416106,72.29108918160424,Kununurra,"Kimberley, Western Australia"
2014-09-26,0.0,72.29108918160424,Kununurra,"Kimberley, Western Australia"
2014-09-27,0.0,72.29108918160424,Kununurra,"Kimberley, Western Australia"
2014-09-28,0.0,72.29108918160424,Kununurra,"Kimberley, Western Australia"
2014-09-29,0.0,72.29108918160424,Kununurra,"Kimberley, Western Australia"
2014-09-30,0.0,72.29108918160424,Kununurra,"Kimberley, Western Australia"
2014-10-01,0.0,35.575458856108376,Kununurra,"Kimberley, Western Australia"
2014-10-02,0.0,35.575458856108376,Kununurra,"Kimberley, Western Australia"
2014-10-03,0.0,35.575458856108376,Kununurra,"Kimberley, Western Australia"
2014-10-04,6.202430907499933,35.575458856108376,Kununurra,"Kimberley, Western Australia"
2014-10-05,0.0,35.575458856108376,Kununurra,"Kimberley, Western Australia"
2014-10-06,0.0,35.575458856108376,Kununurra,"Kimberley, Western Australia"
2014-10-07,9.631690689965152,35.575458856108376,Kununurra,"Kimberley, Western Australia"
2014-10-08,0.0,35.575458856108376,Kununurra,"Kimberley, Western Australia"
2014-10-09,0.0,35.575458856108376,Kununurra,"Kimberley, Western Australia"
2014-10-10,0.0,35.575458856108376,Kununurra,"Kimberley, Western Australia"
2014-10-11,5.913975627915825,35.575458856108376,Kununurra,"Kimberley, Western Australia"
2014-10-12,7.703843437312102,35.575458856108376,Kununurra,"Kimberley, Western Australia"
2014-10-13,0.0,35.575458856108376,Kununurra,"Kimberley, Western Australia"
2014-10-14,0.0,35.575458856108376,Kununurra,"Kimberley, Western Australia"
2014-10-15,0.0,35.575458856108376,Kununurra,"Kimberley, Western Australia"
2014-10-16,0.0,35.575458856108376,Kununurra,"Kimberley, Western Australia"
2014-10-17,0.0,35.575458856108376,Kununurra,"Kimberley, Western Australia"
2014-10-18,0.0,35.575458856108376,Kununurra,"Kimberley, Western Australia"
2014-10-19,0.0,35.575458856108376,Kununurra,"Kimberley, Western Australia"
2014-10-20,0.0,35.575458856108376,Kununurra,"Kimberley, Western Australia"
2014-10-21,0.0,35.575458856108376,Kununurra,"Kimberley, Western Australia"
2014-10-22,3.3749174742263226,35.575458856108376,Kununurra,"Kimberley, Western Australia"
2014-10-23,0.0,35.575458856108376,Kununurra,"Kimberley, Western Australia"
2014-10-24,0.0,35.575458856108376,Kununurra,"Kimberley, Western Australia"
2014-10-25,0.0,35.575458856108376,Kununurra,"Kimberley, Western Australia"
2014-10-26,0.0,35.575458856108376,Kununurra,"Kimberley, Western Australia"
2014-10-27,2.748600719189039,35.575458856108376,Kununurra,"Kimberley, Western Australia"
2014-10-28,0.0,35.575458856108376,Kununurra,"Kimberley, Western Australia"
2014-10-29,0.0,35.575458856108376,Kununurra,"Kimberley, Western Australia"
2014-10-30,0.0,35.575458856108376,Kununurra,"Kimberley, Western Australia"
2014-10-31,0.0,35.575458856108376,Kununurra,"Kimberley, Western Australia"
2014-11-01,15.608284661642347,34.43648757900981,Kununurra,"Kimberley, Western Australia"
2014-11-02,0.0,34.43648757900981,Kununurra,"Kimberley, Western Australia"
2014-11-03,0.0,34.43648757900981,Kununurra,"Kimberley, Western Australia"
2014-11-04,0.0,34.43648757900981,Kununurra,"Kimberley, Western Australia"
2014-11-05,0.0,34.43648757900981,Kununurra,"Kimberley, Western Australia"
2014-11-06,0.0,34.43648757900981,Kununurra,"Kimberley, Western Australia"
2014-11-07,0.0,34.43648757900981,Kununurra,"Kimberley, Western Australia"
2014-11-08,0.0,34.43648757900981,Kununurra,"Kimberley, Western Australia"
2014-11-09,3.8094335744208614,34.43648757900981,Kununurra,"Kimberley, Western Australia"
2014-11-10,5.9805248869360295,34.43648757900981,Kununurra,"Kimberley, Western Australia"
2014-11-11,0.0,34.43648757900981,Kununurra,"Kimberley, Western Australia"
2014-11-12,0.0,34.43648757900981,Kununurra,"Kimberley, Western Australia"
2014-11-13,0.0,34.43648757900981,Kununurra,"Kimberley, Western Australia"
2014-11-14,0.0,34.43648757900981,Kununurra,"Kimberley, Western Australia"
2014-11-15,0.0,34.43648757900981,Kununurra,"Kimberley, Western Australia"
2014-11-16,0.0,34.43648757900981,Kununurra,"Kimberley, Western Australia"
2014-11-17,0.0,34.43648757900981,Kununurra,"Kimberley, Western Australia"
2014-11-18,0.0,34.43648757900981,Kununurra,"Kimberley, Western Australia"
2014-11-19,0.0,34.43648757900981,Kununurra,"Kimberley, Western Australia"
2014-11-20,0.0,34.43648757900981,Kununurra,"Kimberley, Western Australia"
2014-11-21,0.0,34.43648757900981,Kununurra,"Kimberley, Western Australia"
2014-11-22,0.0,34.43648757900981,Kununurra,"Kimberley, Western Australia"
2014-11-23,1.7869678352055223,34.43648757900981,Kununurra,"Kimberley, Western Australia"
2014-11-24,0.0,34.43648757900981,Kununurra,"Kimberley, Western Australia"
2014-11-25,0.0,34.43648757900981,Kununurra,"Kimberley, Western Australia"
2014-11-26,0.0,34.43648757900981,Kununurra,"Kimberley, Western Australia"
2014-11-27,7.251276620805048,34.43648757900981,Kununurra,"Kimberley, Western Australia"
2014-11-28,0.0,34.43648757900981,Kununurra,"Kimberley, Western Australia"
2014-11-29,0.0,34.43648757900981,Kununurra,"Kimberley, Western Australia"
2014-11-30,0.0,34.43648757900981,Kununurra,"Kimberley, Western Australia"
2014-12-01,0.0,65.03282875968877,Kununurra,"Kimberley, Western Australia"
2014-12-02,5.711705282191972,65.03282875968877,Kununurra,"Kimberley, Western Australia"
2014-12-03,0.0,65.03282875968877,Kununurra,"Kimberley, Western Australia"
2014-12-04,0.0,65.03282875968877,Kununurra,"Kimberley, Western Australia"
2014-12-05,0.0,65.03282875968877,Kununurra,"Kimberley, Western Australia"
2014-12-06,8.161362732531536,65.03282875968877,Kununurra,"Kimberley, Western Australia"
2014-12-07,6.5973698746622125,65.03282875968877,Kununurra,"Kimberley, Western Australia"
2014-12-08,2.042443473841525,65.03282875968877,Kununurra,"Kimberley, Western Australia"
2014-12-09,0.0,65.03282875968877,Kununurra,"Kimberley, Western Australia"
2014-12-10,0.0,65.03282875968877,Kununurra,"Kimberley, Western Australia"
2014-12-11,0.0,65.03282875968877,Kununurra,"Kimberley, Western Australia"
2014-12-12,0.0,65.03282875968877,Kununurra,"Kimberley, Western Australia"
2014-12-13,0.0,65.03282875968877,Kununurra,"Kimberley, Western Australia"
2014-12-14,0.0,65.03282875968877,Kununurra,"Kimberley, Western Australia"
2014-12-15,0.0,65.03282875968877,Kununurra,"Kimberley, Western Australia"
2014-12-16,0.0,65.03282875968877,Kununurra,"Kimberley, Western Australia"
2014-12-17,12.11682148706577,65.03282875968877,Kununurra,"Kimberley, Western Australia"
2014-12-18,0.0,65.03282875968877,Kununurra,"Kimberley, Western Australia"
2014-12-19,11.871369128318053,65.03282875968877,Kununurra,"Kimberley, Western Australia"
2014-12-20,0.0,65.03282875968877,Kununurra,"Kimberley, Western Australia"
2014-12-21,0.9573234391321468,65.03282875968877,Kununurra,"Kimberley, Western Australia"
2014-12-22,4.699456557853598,65.03282875968877,Kununurra,"Kimberley, Western Australia"
2014-12-23,0.0,65.03282875968877,Kununurra,"Kimberley, Western Australia"
2014-12-24,5.616020091034352,65.03282875968877,Kununurra,"Kimberley, Western Australia"
2014-12-25,1.2392022411737686,65.03282875968877,Kununurra,"Kimberley, Western Australia"
2014-12-26,0.0,65.03282875968877,Kununurra,"Kimberley, Western Australia"
2014-12-27,0.0,65.03282875968877,Kununurra,"Kimberley, Western Australia"
2014-12-28,0.0,65.03282875968877,Kununurra,"Kimberley, Western Australia"
2014-12-29,0.0,65.03282875968877,Kununurra,"Kimberley, Western Australia"
2014-12-30,0.0,65.03282875968877,Kununurra,"Kimberley, Western Australia"
2014-12-31,6.019754451883829,65.03282875968877,Kununurra,"Kimberley, Western Australia"
2015-01-01,0.0,40.250318834227166,Kununurra,"Kimberley, Western Australia"
2015-01-02,0.0,40.250318834227166,Kununurra,"Kimberley, Western Australia"
2015-01-03,2.0869531311449077,40.250318834227166,Kununurra,"Kimberley, Western Australia"
2015-01-04,4.348970282450257,40.250318834227166,Kununurra,"Kimberley, Western Australia"
2015-01-05,0.0,40.250318834227166,Kununurra,"Kimberley, Western Australia"
2015-01-06,0.0,40.250318834227166,Kununurra,"Kimberley, Western Australia"
2015-01-07,2.089620988648731,40.250318834227166,Kununurra,"Kimberley, Western Australia"
2015-01-08,0.0,40.250318834227166,Kununurra,"Kimberley, Western Australia"
2015-01-09,0.0,40.250318834227166,Kununurra,"Kimberley, Western Australia"
2015-01-10,0.0,40.250318834227166,Kununurra,"Kimberley, Western Australia"
2015-01-11,0.0,40.250318834227166,Kununurra,"Kimberley, Western Australia"
2015-01-12,0.0,40.250318834227166,Kununurra,"Kimberley, Western Australia"
2015-01-13,0.0,40.250318834227166,Kununurra,"Kimberley, Western Australia"
2015-01-14,0.0,40.250318834227166,Kununurra,"Kimberley, Western Australia"
2015-01-15,0.0,40.250318834227166,Kununurra,"Kimberley, Western Australia"
2015-01-16,3.055145810515662,40.250318834227166,Kununurra,"Kimberley, Western Australia"
2015-01-17,0.0,40.250318834227166,Kununurra,"Kimberley, Western Australia"
2015-01-18,3.715662414251984,40.250318834227166,Kununurra,"Kimberley, Western Australia"
2015-01-19,5.155555692989181,40.250318834227166,Kununurra,"Kimberley, Western Australia"
2015-01-20,0.0,40.250318834227166,Kununurra,"Kimberley, Western Australia"
2015-01-21,9.980567807314852,40.250318834227166,Kununurra,"Kimberley, Western Australia"
2015-01-22,0.0,40.250318834227166,Kununurra,"Kimberley, Western Australia"
2015-01-23,0.0,40.250318834227166,Kununurra,"Kimberley, Western Australia"
2015-01-24,7.885528220322452,40.250318834227166,Kununurra,"Kimberley, Western Australia"
2015-01-25,0.0,40.250318834227166,Kununurra,"Kimberley, Western Australia"
2015-01-26,1.9323144865891366,40.250318834227166,Kununurra,"Kimberley, Western Australia"
2015-01-27,0.0,40.250318834227166,Kununurra,"Kimberley, Western Australia"
2015-01-28,0.0,40.250318834227166,Kununurra,"Kimberley, Western Australia"
2015-01-29,0.0,40.250318834227166,Kununurra,"Kimberley, Western Australia"
2015-01-30,0.0,40.250318834227166,Kununurra,"Kimberley, Western Australia"
2015-01-31,0.0,40.250318834227166,Kununurra,"Kimberley, Western Australia"
2015-02-01,11.29242399269705,55.04260011389134,Kununurra,"Kimberley, Western Australia"
2015-02-02,0.0,55.04260011389134,Kununurra,"Kimberley, Western Australia"
2015-02-03,0.0,55.04260011389134,Kununurra,"Kimberley, Western Australia"
2015-02-04,7.6493618278614735,55.04260011389134,Kununurra,"Kimberley, Western Australia"
2015-02-05,0.0,55.04260011389134,Kununurra,"Kimberley, Western Australia"
2015-02-06,0.0,55.04260011389134,Kununurra,"Kimberley, Western Australia"
2015-02-07,0.0,55.04260011389134,Kununurra,"Kimberley, Western Australia"
2015-02-08,0.0,55.04260011389134,Kununurra,"Kimberley, Western Australia"
2015-02-09,0.0,55.04260011389134,Kununurra,"Kimberley, Western Australia"
2015-02-10,0.0,55.04260011389134,Kununurra,"Kimberley, Western Australia"
2015-02-11,0.0,55.04260011389134,Kununurra,"Kimberley, Western Australia"
2015-02-12,0.0,55.04260011389134,Kununurra,"Kimberley, Western Australia"
2015-02-13,1.3153380806017978,55.04260011389134,Kununurra,"Kimberley, Western Australia"
2015-02-14,0.0,55.04260011389134,Kununurra,"Kimberley, Western Australia"
2015-02-15,13.752516743523572,55.04260011389134,Kununurra,"Kimberley, Western Australia"
2015-02-16,3.8129213308651146,55.04260011389134,Kununurra,"Kimberley, Western Australia"
2015-02-17,4.300177186462637,55.04260011389134,Kununurra,"Kimberley, Western Australia"
2015-02-18,0.0,55.04260011389134,Kununurra,"Kimberley, Western Australia"
2015-02-19,0.0,55.04260011389134,Kununurra,"Kimberley, Western Australia"
2015-02-20,0.0,55.04260011389134,Kununurra,"Kimberley, Western Australia"
2015-02-21,2.2733787886828267,55.04260011389134,Kununurra,"Kimberley, Western Australia"
2015-02-22,0.0,55.04260011389134,Kununurra,"Kimberley, Western Australia"
2015-02-23,5.018899150075014,55.04260011389134,Kununurra,"Kimberley, Western Australia"
2015-02-24,0.0,55.04260011389134,Kununurra,"Kimberley, Western Australia"
2015-02-25,0.0,55.04260011389134,Kununurra,"Kimberley, Western Australia"
2015-02-26,0.0,55.04260011389134,Kununurra,"Kimberley, Western Australia"
2015-02-27,5.6275830131218525,55.04260011389134,Kununurra,"Kimberley, Western Australia"
2015-02-28,0.0,55.04260011389134,Kununurra,"Kimberley, Western Australia"
2015-03-01,5.790305927762702,51.09959924879631,Kununurra,"Kimberley, Western Australia"
2015-03-02,0.0,51.09959924879631,Kununurra,"Kimberley, Western Australia"
2015-03-03,0.0,51.09959924879631,Kununurra,"Kimberley, Western Australia"
2015-03-04,0.0,51.09959924879631,Kununurra,"Kimberley, Western Australia"
2015-03-05,0.0,51.09959924879631,Kununurra,"Kimberley, Western Australia"
2015-03-06,11.143016688305975,51.09959924879631,Kununurra,"Kimberley, Western Australia"
2015-03-07,0.0,51.09959924879631,Kununurra,"Kimberley, Western Australia"
2015-03-08,0.0,51.09959924879631,Kununurra,"Kimberley, Western Australia"
2015-03-09,6.706047070587499,51.09959924879631,Kununurra,"Kimberley, Western Australia"
2015-03-10,0.0,51.09959924879631,Kununurra,"Kimberley, Western Australia"
2015-03-11,0.0,51.09959924879631,Kununurra,"Kimberley, Western Australia"
2015-03-12,0.0,51.09959924879631,Kununurra,"Kimberley, Western Australia"
2015-03-13,0.0,51.09959924879631,Kununurra,"Kimberley, Western Australia"
2015-03-14,0.0,51.09959924879631,Kununurra,"Kimberley, Western Australia"
2015-03-15,2.4821780584432327,51.09959924879631,Kununurra,"Kimberley, Western Australia"
2015-03-16,0.0,51.09959924879631,Kununurra,"Kimberley, Western Australia"
2015-03-17,1.6782170626838668,51.09959924879631,Kununurra,"Kimberley, Western Australia"
2015-03-18,0.0,51.09959924879631,Kununurra,"Kimberley, Western Australia"
2015-03-19,0.0,51.09959924879631,Kununurra,"Kimberley, Western Australia"
2015-03-20,0.0,51.09959924879631,Kununurra,"Kimberley, Western Australia"
2015-03-21,3.571014876302327,51.09959924879631,Kununurra,"Kimberley, Western Australia"
2015-03-22,0.0,51.09959924879631,Kununurra,"Kimberley, Western Australia"
2015-03-23,5.1717615540088335,51.09959924879631,Kununurra,"Kimberley, Western Australia"
2015-03-24,0.0,51.09959924879631,Kununurra,"Kimberley, Western Australia"
2015-03-25,1.7146146153969553,51.09959924879631,Kununurra,"Kimberley, Western Australia"
2015-03-26,10.990794844712497,51.09959924879631,Kununurra,"Kimberley, Western Australia"
2015-03-27,0.0,51.09959924879631,Kununurra,"Kimberley, Western Australia"
2015-03-28,0.0,51.09959924879631,Kununurra,"Kimberley, Western Australia"
2015-03-29,1.8516485505924178,51.09959924879631,Kununurra,"Kimberley, Western Australia"
2015-03-30,0.0,51.09959924879631,Kununurra,"Kimberley, Western Australia"
2015-03-31,0.0,51.09959924879631,Kununurra,"Kimberley, Western Australia"
2015-04-01,0.0,74.65952486553385,Kununurra,"Kimberley, Western Australia"
2015-04-02,0.0,74.65952486553385,Kununurra,"Kimberley, Western Australia"
2015-04-03,0.0,74.65952486553385,Kununurra,"Kimberley, Western Australia"
2015-04-04,0.0,74.65952486553385,Kununurra,"Kimberley, Western Australia"
2015-04-05,0.0,74.65952486553385,Kununurra,"Kimberley, Western Australia"
2015-04-06,0.0,74.65952486553385,Kununurra,"Kimberley, Western Australia"
2015-04-07,0.0,74.65952486553385,Kununurra,"Kimberley, Western Australia"
2015-04-08,0.0,74.65952486553385,Kununurra,"Kimberley, Western Australia"
2015-04-09,0.0,74.65952486553385,Kununurra,"Kimberley, Western Australia"
2015-04-10,0.0,74.65952486553385,Kununurra,"Kimberley, Western Australia"
2015-04-11,9.935947200233167,74.65952486553385,Kununurra,"Kimberley, Western Australia"
2015-04-12,0.0,74.65952486553385,Kununurra,"Kimberley, Western Australia"
2015-04-13,0.0,74.65952486553385,Kununurra,"Kimberley, Western Australia"
2015-04-14,0.0,74.65952486553385,Kununurra,"Kimberley, Western Australia"
2015-04-15,2.0879354790246754,74.65952486553385,Kununurra,"Kimberley, Western Australia"
2015-04-16,0.0,74.65952486553385,Kununurra,"Kimberley, Western Australia"
2015-04-17,12.374628139774707,74.65952486553385,Kununurra,"Kimberley, Western Australia"
2015-04-18,0.0,74.65952486553385,Kununurra,"Kimberley, Western Australia"
2015-04-19,11.2084379162533,74.65952486553385,Kununurra,"Kimberley, Western Australia"
2015-04-20,0.0,74.65952486553385,Kununurra,"Kimberley, Western Australia"
2015-04-21,0.0,74.65952486553385,Kununurra,"Kimberley, Western Australia"
2015-04-22,10.978569573055585,74.65952486553385,Kununurra,"Kimberley, Western Australia"
2015-04-23,0.0,74.65952486553385,Kununurra,"Kimberley, Western Australia"
2015-04-24,5.375949935165249,74.65952486553385,Kununurra,"Kimberley, Western Australia"
2015-04-25,0.0,74.65952486553385,Kununurra,"Kimberley, Western Australia"
2015-04-26,1.6754152649700202,74.65952486553385,Kununurra,"Kimberley, Western Australia"
2015-04-27,7.568370150249576,74.65952486553385,Kununurra,"Kimberley, Western Australia"
2015-04-28,0.0,74.65952486553385,Kununurra,"Kimberley, Western Australia"
2015-04-29,13.454271206807576,74.65952486553385,Kununurra,"Kimberley, Western Australia"
2015-04-30,0.0,74.65952486553385,Kununurra,"Kimberley, Western Australia"
2015-05-01,0.0,102.68679728678671,Kununurra,"Kimberley, Western Australia"
2015-05-02,0.0,102.68679728678671,Kununurra,"Kimberley, Western Australia"
2015-05-03,0.0,102.68679728678671,Kununurra,"Kimberley, Western Australia"
2015-05-04,23.335732118721552,102.68679728678671,Kununurra,"Kimberley, Western Australia"
2015-05-05,25.88768535840682,102.68679728678671,Kununurra,"Kimberley, Western Australia"
2015-05-06,0.0,102.68679728678671,Kununurra,"Kimberley, Western Australia"
2015-05-07,0.0,102.68679728678671,Kununurra,"Kimberley, Western Australia"
2015-05-08,2.2820513829864604,102.68679728678671,Kununurra,"Kimberley, Western Australia"
2015-05-09,0.0,102.68679728678671,Kununurra,"Kimberley, Western Australia"
2015-05-10,0.0,102.68679728678671,Kununurra,"Kimberley, Western Australia"
2015-05-11,0.0,102.68679728678671,Kununurra,"Kimberley, Western Australia"
2015-05-12,4.435378711837165,102.68679728678671,Kununurra,"Kimberley, Western Australia"
2015-05-13,0.0,102.68679728678671,Kununurra,"Kimberley, Western Australia"
2015-05-14,0.0,102.68679728678671,Kununurra,"Kimberley, Western Australia"
2015-05-15,0.0,102.68679728678671,Kununurra,"Kimberley, Western Australia"
2015-05-16,0.0,102.68679728678671,Kununurra,"Kimberley, Western Australia"
2015-05-17,0.0,102.68679728678671,Kununurra,"Kimberley, Western Australia"
2015-05-18,13.730234445031247,102.68679728678671,Kununurra,"Kimberley, Western Australia"
2015-05-19,5.498317273150003,102.68679728678671,Kununurra,"Kimberley, Western Australia"
2015-05-20,0.0,102.68679728678671,Kununurra,"Kimberley, Western Australia"
2015-05-21,1.4346858555379667,102.68679728678671,Kununurra,"Kimberley, Western Australia"
2015-05-22,0.0,102.68679728678671,Kununurra,"Kimberley, Western Australia"
2015-05-23,0.0,102.68679728678671,Kununurra,"Kimberley, Western Australia"
2015-05-24,0.0,102.68679728678671,Kununurra,"Kimberley, Western Australia"
2015-05-25,0.0,102.68679728678671,Kununurra,"Kimberley, Western Australia"
2015-05-26,8.734262890050948,102.68679728678671,Kununurra,"Kimberley, Western Australia"
2015-05-27,0.0,102.68679728678671,Kununurra,"Kimberley, Western Australia"
2015-05-28,0.0,102.68679728678671,Kununurra,"Kimberley, Western Australia"
2015-05-29,3.8141508295433972,102.68679728678671,Kununurra,"Kimberley, Western Australia"
2015-05-30,8.115626855802669,102.68679728678671,Kununurra,"Kimberley, Western Australia"
2015-05-31,5.418671565718485,102.68679728678671,Kununurra,"Kimberley, Western Australia"
2015-06-01,0.0,66.22434837849944,Kununurra,"Kimberley, Western Australia"
2015-06-02,0.0,66.22434837849944,Kununurra,"Kimberley, Western Australia"
2015-06-03,0.0,66.22434837849944,Kununurra,"Kimberley, Western Australia"
2015-06-04,4.021019269638103,66.22434837849944,Kununurra,"Kimberley, Western Australia"
2015-06-05,6.825420577358866,66.22434837849944,Kununurra,"Kimberley, Western Australia"
2015-06-06,0.0,66.22434837849944,Kununurra,"Kimberley, Western Australia"
2015-06-07,0.0,66.22434837849944,Kununurra,"Kimberley, Western Australia"
2015-06-08,10.601968246905143,66.22434837849944,Kununurra,"Kimberley, Western Australia"
2015-06-09,13.792818073527407,66.22434837849944,Kununurra,"Kimberley, Western Australia"
2015-06-10,0.0,66.22434837849944,Kununurra,"Kimberley, Western Australia"
2015-06-11,0.0,66.22434837849944,Kununurra,"Kimberley, Western Australia"
2015-06-12,0.0,66.22434837849944,Kununurra,"Kimberley, Western Australia"
2015-06-13,0.0,66.22434837849944,Kununurra,"Kimberley, Western Australia"
2015-06-14,0.0,66.22434837849944,Kununurra,"Kimberley, Western Australia"
2015-06-15,0.0,66.22434837849944,Kununurra,"Kimberley, Western Australia"
2015-06-16,5.600424644016993,66.22434837849944,Kununurra,"Kimberley, Western Australia"
2015-06-17,0.0,66.22434837849944,Kununurra,"Kimberley, Western Australia"
2015-06-18,0.0,66.22434837849944,Kununurra,"Kimberley, Western Australia"
2015-06-19,0.0,66.22434837849944,Kununurra,"Kimberley, Western Australia"
2015-06-20,0.0,66.22434837849944,Kununurra,"Kimberley, Western Australia"
2015-06-21,0.0,66.22434837849944,Kununurra,"Kimberley, Western Australia"
2015-06-22,0.0,66.22434837849944,Kununurra,"Kimberley, Western Australia"
2015-06-23,0.5123425383207934,66.22434837849944,Kununurra,"Kimberley, Western Australia"
2015-06-24,0.0,66.22434837849944,Kununurra,"Kimberley, Western Australia"
2015-06-25,3.7122892844645587,66.22434837849944,Kununurra,"Kimberley, Western Australia"
2015-06-26,0.0,66.22434837849944,Kununurra,"Kimberley, Western Australia"
2015-06-27,0.0,66.22434837849944,Kununurra,"Kimberley, Western Australia"
2015-06-28,7.545973770103142,66.22434837849944,Kununurra,"Kimberley, Western Australia"
2015-06-29,4.933615135158702,66.22434837849944,Kununurra,"Kimberley, Western Australia"
2015-06-30,8.67847683900574,66.22434837849944,Kununurra,"Kimberley, Western Australia"
2015-07-01,0.0,82.53360997257171,Kununurra,"Kimberley, Western Australia"
2015-07-02,0.0,82.53360997257171,Kununurra,"Kimberley, Western Australia"
2015-07-03,0.0,82.53360997257171,Kununurra,"Kimberley, Western Australia"
2015-07-04,0.0,82.53360997257171,Kununurra,"Kimberley, Western Australia"
2015-07-05,8.412352117695514,82.53360997257171,Kununurra,"Kimberley, Western Australia"
2015-07-06,2.347315347066861,82.53360997257171,Kununurra,"Kimberley, Western Australia"
2015-07-07,0.0,82.53360997257171,Kununurra,"Kimberley, Western Australia"
2015-07-08,4.100521218483598,82.53360997257171,Kununurra,"Kimberley, Western Australia"
2015-07-09,0.0,82.53360997257171,Kununurra,"Kimberley, Western Australia"
2015-07-10,8.067036055771204,82.53360997257171,Kununurra,"Kimberley, Western Australia"
2015-07-11,0.0,82.53360997257171,Kununurra,"Kimberley, Western Australia"
2015-07-12,9.879544962481493,82.53360997257171,Kununurra,"Kimberley, Western Australia"
2015-07-13,0.0,82.53360997257171,Kununurra,"Kimberley, Western Australia"
2015-07-14,34.62812250760721,82.53360997257171,Kununurra,"Kimberley, Western Australia"
2015-07-15,0.0,82.53360997257171,Kununurra,"Kimberley, Western Australia"
2015-07-16,0.0,82.53360997257171,Kununurra,"Kimberley, Western Australia"
2015-07-17,3.552876797112579,82.53360997257171,Kununurra,"Kimberley, Western Australia"
2015-07-18,0.0,82.53360997257171,Kununurra,"Kimberley, Western Australia"
2015-07-19,0.0,82.53360997257171,Kununurra,"Kimberley, Western Australia"
2015-07-20,0.0,82.53360997257171,Kununurra,"Kimberley, Western Australia"
2015-07-21,0.0,82.53360997257171,Kununurra,"Kimberley, Western Australia"
2015-07-22,0.0,82.53360997257171,Kununurra,"Kimberley, Western Australia"
2015-07-23,0.0,82.53360997257171,Kununurra,"Kimberley, Western Australia"
2015-07-24,0.0,82.53360997257171,Kununurra,"Kimberley, Western Australia"
2015-07-25,2.2440779552195895,82.53360997257171,Kununurra,"Kimberley, Western Australia"
2015-07-26,9.301763011133655,82.53360997257171,Kununurra,"Kimberley, Western Australia"
2015-07-27,0.0,82.53360997257171,Kununurra,"Kimberley, Western Australia"
2015-07-28,0.0,82.53360997257171,Kununurra,"Kimberley, Western Australia"
2015-07-29,0.0,82.53360997257171,Kununurra,"Kimberley, Western Australia"
2015-07-30,0.0,82.53360997257171,Kununurra,"Kimberley, Western Australia"
2015-07-31,0.0,82.53360997257171,Kununurra,"Kimberley, Western Australia"
2015-08-01,0.0,50.29616705026223,Kununurra,"Kimberley, Western Australia"
2015-08-02,0.0,50.29616705026223,Kununurra,"Kimberley, Western Australia"
2015-08-03,0.0,50.29616705026223,Kununurra,"Kimberley, Western Australia"
2015-08-04,0.0,50.29616705026223,Kununurra,"Kimberley, Western Australia"
2015-08-05,0.0,50.29616705026223,Kununurra,"Kimberley, Western Australia"
2015-08-06,0.0,50.29616705026223,Kununurra,"Kimberley, Western Australia"
2015-08-07,5.781700975792317,50.29616705026223,Kununurra,"Kimberley, Western Australia"
2015-08-08,0.0,50.29616705026223,Kununurra,"Kimberley, Western Australia"
2015-08-09,0.0,50.29616705026223,Kununurra,"Kimberley, Western Australia"
2015-08-10,0.0,50.29616705026223,Kununurra,"Kimberley, Western Australia"
2015-08-11,0.0,50.29616705026223,Kununurra,"Kimberley, Western Australia"
2015-08-12,0.0,50.29616705026223,Kununurra,"Kimberley, Western Australia"
2015-08-13,24.050486378566017,50.29616705026223,Kununurra,"Kimberley, Western Australia"
2015-08-14,0.0,50.29616705026223,Kununurra,"Kimberley, Western Australia"
2015-08-15,2.97258707890744,50.29616705026223,Kununurra,"Kimberley, Western Australia"
2015-08-16,0.0,50.29616705026223,Kununurra,"Kimberley, Western Australia"
2015-08-17,0.0,50.29616705026223,Kununurra,"Kimberley, Western Australia"
2015-08-18,9.826872450700991,50.29616705026223,Kununurra,"Kimberley, Western Australia"
2015-08-19,0.0,50.29616705026223,Kununurra,"Kimberley, Western Australia"
2015-08-20,0.0,50.29616705026223,Kununurra,"Kimberley, Western Australia"
2015-08-21,0.0,50.29616705026223,Kununurra,"Kimberley, Western Australia"
2015-08-22,0.0,50.29616705026223,Kununurra,"Kimberley, Western Australia"
2015-08-23,0.0,50.29616705026223,Kununurra,"Kimberley, Western Australia"
2015-08-24,0.0,50.29616705026223,Kununurra,"Kimberley, Western Australia"
2015-08-25,2.3872817615547994,50.29616705026223,Kununurra,"Kimberley, Western Australia"
2015-08-26,0.0,50.29616705026223,Kununurra,"Kimberley, Western Australia"
2015-08-27,3.6567999258037025,50.29616705026223,Kununurra,"Kimberley, Western Australia"
2015-08-28,0.0,50.29616705026223,Kununurra,"Kimberley, Western Australia"
2015-08-29,0.0,50.29616705026223,Kununurra,"Kimberley, Western Australia"
2015-08-30,0.0,50.29616705026223,Kununurra,"Kimberley, Western Australia"
2015-08-31,1.6204384789369621,50.29616705026223,Kununurra,"Kimberley, Western Australia"
2015-09-01,0.0,48.146288421940866,Kununurra,"Kimberley, Western Australia"
2015-09-02,0.0,48.146288421940866,Kununurra,"Kimberley, Western Australia"
2015-09-03,0.0,48.146288421940866,Kununurra,"Kimberley, Western Australia"
2015-09-04,0.0,48.146288421940866,Kununurra,"Kimberley, Western Australia"
2015-09-05,0.0,48.146288421940866,Kununurra,"Kimberley, Western Australia"
2015-09-06,0.0,48.146288421940866,Kununurra,"Kimberley, Western Australia"
2015-09-07,0.0,48.146288421940866,Kununurra,"Kimberley, Western Australia"
2015-09-08,3.514627241747184,48.146288421940866,Kununurra,"Kimberley, Western Australia"
2015-09-09,0.0,48.146288421940866,Kununurra,"Kimberley, Western Australia"
2015-09-10,11.494655145380644,48.146288421940866,Kununurra,"Kimberley, Western Australia"
2015-09-11,0.0,48.146288421940866,Kununurra,"Kimberley, Western Australia"
2015-09-12,0.0,48.146288421940866,Kununurra,"Kimberley, Western Australia"
2015-09-13,15.361469289706122,48.146288421940866,Kununurra,"Kimberley, Western Australia"
2015-09-14,0.0,48.146288421940866,Kununurra,"Kimberley, Western Australia"
2015-09-15,0.0,48.146288421940866,Kununurra,"Kimberley, Western Australia"
2015-09-16,0.0,48.146288421940866,Kununurra,"Kimberley, Western Australia"
2015-09-17,0.0,48.146288421940866,Kununurra,"Kimberley, Western Australia"
2015-09-18,0.0,48.146288421940866,Kununurra,"Kimberley, Western Australia"
2015-09-19,0.0,48.146288421940866,Kununurra,"Kimberley, Western Australia"
2015-09-20,7.523598691335382,48.146288421940866,Kununurra,"Kimberley, Western Australia"
2015-09-21,0.0,48.146288421940866,Kununurra,"Kimberley, Western Australia"
2015-09-22,0.0,48.146288421940866,Kununurra,"Kimberley, Western Australia"
2015-09-23,8.159962306789513,48.146288421940866,Kununurra,"Kimberley, Western Australia"
2015-09-24,0.0,48.146288421940866,Kununurra,"Kimberley, Western Australia"
2015-09-25,0.0,48.146288421940866,Kununurra,"Kimberley, Western Australia"
2015-09-26,0.0,48.146288421940866,Kununurra,"Kimberley, Western Australia"
2015-09-27,0.0,48.146288421940866,Kununurra,"Kimberley, Western Australia"
2015-09-28,2.091975746982019,48.146288421940866,Kununurra,"Kimberley, Western Australia"
2015-09-29,0.0,48.146288421940866,Kununurra,"Kimberley, Western Australia"
2015-09-30,0.0,48.146288421940866,Kununurra,"Kimberley, Western Australia"
2015-10-01,0.0,48.51260783753131,Kununurra,"Kimberley, Western Australia"
2015-10-02,0.0,48.51260783753131,Kununurra,"Kimberley, Western Australia"
2015-10-03,7.003242189830489,48.51260783753131,Kununurra,"Kimberley, Western Australia"
2015-10-04,1.4783004818300007,48.51260783753131,Kununurra,"Kimberley, Western Australia"
2015-10-05,0.0,48.51260783753131,Kununurra,"Kimberley, Western Australia"
2015-10-06,0.0,48.51260783753131,Kununurra,"Kimberley, Western Australia"
2015-10-07,5.118485658687003,48.51260783753131,Kununurra,"Kimberley, Western Australia"
2015-10-08,0.0,48.51260783753131,Kununurra,"Kimberley, Western Australia"
2015-10-09,0.0,48.51260783753131,Kununurra,"Kimberley, Western Australia"
2015-10-10,0.0,48.51260783753131,Kununurra,"Kimberley, Western Australia"
2015-10-11,0.0,48.51260783753131,Kununurra,"Kimberley, Western Australia"
2015-10-12,0.0,48.51260783753131,Kununurra,"Kimberley, Western Australia"
2015-10-13,5.7447569566724,48.51260783753131,Kununurra,"Kimberley, Western Australia"
2015-10-14,0.0,48.51260783753131,Kununurra,"Kimberley, Western Australia"
2015-10-15,0.0,48.51260783753131,Kununurra,"Kimberley, Western Australia"
2015-10-16,0.0,48.51260783753131,Kununurra,"Kimberley, Western Australia"
2015-10-17,6.020241251393463,48.51260783753131,Kununurra,"Kimberley, Western Australia"
2015-10-18,6.6822307661130385,48.51260783753131,Kununurra,"Kimberley, Western Australia"
2015-10-19,0.0,48.51260783753131,Kununurra,"Kimberley, Western Australia"
2015-10-20,0.0,48.51260783753131,Kununurra,"Kimberley, Western Australia"
2015-10-21,0.0,48.51260783753131,Kununurra,"Kimberley, Western Australia"
2015-10-22,0.0,48.51260783753131,Kununurra,"Kimberley, Western Australia"
2015-10-23,0.0,48.51260783753131,Kununurra,"Kimberley, Western Australia"
2015-10-24,3.341037186569634,48.51260783753131,Kununurra,"Kimberley, Western Australia"
2015-10-25,4.379593216573953,48.51260783753131,Kununurra,"Kimberley, Western Australia"
2015-10-26,0.0,48.51260783753131,Kununurra,"Kimberley, Western Australia"
2015-10-27,0.0,48.51260783753131,Kununurra,"Kimberley, Western Australia"
2015-10-28,0.0,48.51260783753131,Kununurra,"Kimberley, Western Australia"
2015-10-29,0.0,48.51260783753131,Kununurra,"Kimberley, Western Australia"
2015-10-30,1.866404968991347,48.51260783753131,Kununurra,"Kimberley, Western Australia"
2015-10-31,6.878315160869987,48.51260783753131,Kununurra,"Kimberley, Western Australia"
2015-11-01,0.0,74.40562669410792,Kununurra,"Kimberley, Western Australia"
2015-11-02,0.0,74.40562669410792,Kununurra,"Kimberley, Western Australia"
2015-11-03,2.062384316094516,74.40562669410792,Kununurra,"Kimberley, Western Australia"
2015-11-04,0.0,74.40562669410792,Kununurra,"Kimberley, Western Australia"
2015-11-05,0.0,74.40562669410792,Kununurra,"Kimberley, Western Australia"
2015-11-06,0.0,74.40562669410792,Kununurra,"Kimberley, Western Australia"
2015-11-07,0.0,74.40562669410792,Kununurra,"Kimberley, Western Australia"
2015-11-08,0.0,74.40562669410792,Kununurra,"Kimberley, Western Australia"
2015-11-09,12.928621701509911,74.40562669410792,Kununurra,"Kimberley, Western Australia"
2015-11-10,0.0,74.40562669410792,Kununurra,"Kimberley, Western Australia"
2015-11-11,7.1388114697380365,74.40562669410792,Kununurra,"Kimberley, Western Australia"
2015-11-12,0.0,74.40562669410792,Kununurra,"Kimberley, Western Australia"
2015-11-13,0.0,74.40562669410792,Kununurra,"Kimberley, Western Australia"
2015-11-14,0.0,74.40562669410792,Kununurra,"Kimberley, Western Australia"
2015-11-15,0.0,74.40562669410792,Kununurra,"Kimberley, Western Australia"
2015-11-16,0.0,74.40562669410792,Kununurra,"Kimberley, Western Australia"
2015-11-17,3.318024790169993,74.40562669410792,Kununurra,"Kimberley, Western Australia"
2015-11-18,0.0,74.40562669410792,Kununurra,"Kimberley, Western Australia"
2015-11-19,11.881003214393582,74.40562669410792,Kununurra,"Kimberley, Western Australia"
2015-11-20,0.0,74.40562669410792,Kununurra,"Kimberley, Western Australia"
2015-11-21,0.0,74.40562669410792,Kununurra,"Kimberley, Western Australia"
2015-11-22,0.0,74.40562669410792,Kununurra,"Kimberley, Western Australia"
2015-11-23,10.671814310940121,74.40562669410792,Kununurra,"Kimberley, Western Australia"
2015-11-24,4.811473411649571,74.40562669410792,Kununurra,"Kimberley, Western Australia"
2015-11-25,9.405700843998153,74.40562669410792,Kununurra,"Kimberley, Western Australia"
2015-11-26,0.0,74.40562669410792,Kununurra,"Kimberley, Western Australia"
2015-11-27,0.0,74.40562669410792,Kununurra,"Kimberley, Western Australia"
2015-11-28,12.187792635614038,74.40562669410792,Kununurra,"Kimberley, Western Australia"
2015-11-29,0.0,74.40562669410792,Kununurra,"Kimberley, Western Australia"
2015-11-30,0.0,74.40562669410792,Kununurra,"Kimberley, Western Australia"
2015-12-01,0.0,38.677298962581006,Kununurra,"Kimberley, Western Australia"
2015-12-02,0.0,38.677298962581006,Kununurra,"Kimberley, Western Australia"
2015-12-03,3.421502708837205,38.677298962581006,Kununurra,"Kimberley, Western Australia"
2015-12-04,0.0,38.677298962581006,Kununurra,"Kimberley, Western Australia"
2015-12-05,2.4759606169341466,38.677298962581006,Kununurra,"Kimberley, Western Australia"
2015-12-06,0.0,38.677298962581006,Kununurra,"Kimberley, Western Australia"
2015-12-07,4.8494009213231575,38.677298962581006,Kununurra,"Kimberley, Western Australia"
2015-12-08,0.0,38.677298962581006,Kununurra,"Kimberley, Western Australia"
2015-12-09,6.839959493619159,38.677298962581006,Kununurra,"Kimberley, Western Australia"
2015-12-10,3.50973616956199,38.677298962581006,Kununurra,"Kimberley, Western Australia"
2015-12-11,0.0,38.677298962581006,Kununurra,"Kimberley, Western Australia"
2015-12-12,0.0,38.677298962581006,Kununurra,"Kimberley, Western Australia"
2015-12-13,1.833213558032101,38.677298962581006,Kununurra,"Kimberley, Western Australia"
2015-12-14,0.0,38.677298962581006,Kununurra,"Kimberley, Western Australia"
2015-12-15,0.6070443009878962,38.677298962581006,Kununurra,"Kimberley, Western Australia"
2015-12-16,0.0,38.677298962581006,Kununurra,"Kimberley, Western Australia"
2015-12-17,0.0,38.677298962581006,Kununurra,"Kimberley, Western Australia"
2015-12-18,0.0,38.677298962581006,Kununurra,"Kimberley, Western Australia"
2015-12-19,0.0,38.677298962581006,Kununurra,"Kimberley, Western Australia"
2015-12-20,0.0,38.677298962581006,Kununurra,"Kimberley, Western Australia"
2015-12-21,3.6521113127625475,38.677298962581006,Kununurra,"Kimberley, Western Australia"
2015-12-22,0.0,38.677298962581006,Kununurra,"Kimberley, Western Australia"
2015-12-23,6.385412956827086,38.677298962581006,Kununurra,"Kimberley, Western Australia"
2015-12-24,0.0,38.677298962581006,Kununurra,"Kimberley, Western Australia"
2015-12-25,0.0,38.677298962581006,Kununurra,"Kimberley, Western Australia"
2015-12-26,0.0,38.677298962581006,Kununurra,"Kimberley, Western Australia"
2015-12-27,5.102956923695716,38.677298962581006,Kununurra,"Kimberley, Western Australia"
2015-12-28,0.0,38.677298962581006,Kununurra,"Kimberley, Western Australia"
2015-12-29,0.0,38.677298962581006,Kununurra,"Kimberley, Western Australia"
2015-12-30,0.0,38.677298962581006,Kununurra,"Kimberley, Western Australia"
2015-12-31,0.0,38.677298962581006,Kununurra,"Kimberley, Western Australia"
2016-01-01,8.229256205997268,43.9442656820377,Kununurra,"Kimberley, Western Australia"
2016-01-02,0.0,43.9442656820377,Kununurra,"Kimberley, Western Australia"
2016-01-03,0.0,43.9442656820377,Kununurra,"Kimberley, Western Australia"
2016-01-04,0.0,43.9442656820377,Kununurra,"Kimberley, Western Australia"
2016-01-05,2.2618881381949865,43.9442656820377,Kununurra,"Kimberley, Western Australia"
2016-01-06,0.0,43.9442656820377,Kununurra,"Kimberley, Western Australia"
2016-01-07,0.0,43.9442656820377,Kununurra,"Kimberley, Western Australia"
2016-01-08,0.0,43.9442656820377,Kununurra,"Kimberley, Western Australia"
2016-01-09,0.0,43.9442656820377,Kununurra,"Kimberley, Western Australia"
2016-01-10,0.0,43.9442656820377,Kununurra,"Kimberley, Western Australia"
2016-01-11,0.0,43.9442656820377,Kununurra,"Kimberley, Western Australia"
2016-01-12,0.0,43.9442656820377,Kununurra,"Kimberley, Western Australia"
2016-01-13,0.0,43.9442656820377,Kununurra,"Kimberley, Western Australia"
2016-01-14,0.0,43.9442656820377,Kununurra,"Kimberley, Western Australia"
2016-01-15,10.817775372857247,43.9442656820377,Kununurra,"Kimberley, Western Australia"
2016-01-16,12.855999337079878,43.9442656820377,Kununurra,"Kimberley, Western Australia"
2016-01-17,8.776350567572937,43.9442656820377,Kununurra,"Kimberley, Western Australia"
2016-01-18,0.0,43.9442656820377,Kununurra,"Kimberley, Western Australia"
2016-01-19,0.0,43.9442656820377,Kununurra,"Kimberley, Western Australia"
2016-01-20,0.0,43.9442656820377,Kununurra,"Kimberley, Western Australia"
2016-01-21,0.0,43.9442656820377,Kununurra,"Kimberley, Western Australia"
2016-01-22,0.0,43.9442656820377,Kununurra,"Kimberley, Western Australia"
2016-01-23,0.0,43.9442656820377,Kununurra,"Kimberley, Western Australia"
2016-01-24,0.0,43.9442656820377,Kununurra,"Kimberley, Western Australia"
2016-01-25,0.0,43.9442656820377,Kununurra,"Kimberley, Western Australia"
2016-01-26,0.0,43.9442656820377,Kununurra,"Kimberley, Western Australia"
2016-01-27,0.0,43.9442656820377,Kununurra,"Kimberley, Western Australia"
2016-01-28,0.0,43.9442656820377,Kununurra,"Kimberley, Western Australia"
2016-01-29,0.0,43.9442656820377,Kununurra,"Kimberley, Western Australia"
2016-01-30,1.0029960603353887,43.9442656820377,Kununurra,"Kimberley, Western Australia"
2016-01-31,0.0,43.9442656820377,Kununurra,"Kimberley, Western Australia"
2016-02-01,0.0,46.14385463207732,Kununurra,"Kimberley, Western Australia"
2016-02-02,5.266348445010564,46.14385463207732,Kununurra,"Kimberley, Western Australia"
2016-02-03,15.053228477695033,46.14385463207732,Kununurra,"Kimberley, Western Australia"
2016-02-04,0.0,46.14385463207732,Kununurra,"Kimberley, Western Australia"
2016-02-05,0.0,46.14385463207732,Kununurra,"Kimberley, Western Australia"
2016-02-06,0.0,46.14385463207732,Kununurra,"Kimberley, Western Australia"
2016-02-07,0.0,46.14385463207732,Kununurra,"Kimberley, Western Australia"
2016-02-08,0.0,46.14385463207732,Kununurra,"Kimberley, Western Australia"
2016-02-09,9.799450884053963,46.14385463207732,Kununurra,"Kimberley, Western Australia"
2016-02-10,1.5080483634571555,46.14385463207732,Kununurra,"Kimberley, Western Australia"
2016-02-11,0.0,46.14385463207732,Kununurra,"Kimberley, Western Australia"
2016-02-12,0.0,46.14385463207732,Kununurra,"Kimberley, Western Australia"
2016-02-13,0.0,46.14385463207732,Kununurra,"Kimberley, Western Australia"
2016-02-14,8.352113175679492,46.14385463207732,Kununurra,"Kimberley, Western Australia"
2016-02-15,0.0,46.14385463207732,Kununurra,"Kimberley, Western Australia"
2016-02-16,0.0,46.14385463207732,Kununurra,"Kimberley, Western Australia"
2016-02-17,0.0,46.14385463207732,Kununurra,"Kimberley, Western Australia"
2016-02-18,0.0,46.14385463207732,Kununurra,"Kimberley, Western Australia"
2016-02-19,0.0,46.14385463207732,Kununurra,"Kimberley, Western Australia"
2016-02-20,0.0,46.14385463207732,Kununurra,"Kimberley, Western Australia"
2016-02-21,0.0,46.14385463207732,Kununurra,"Kimberley, Western Australia"
2016-02-22,0.0,46.14385463207732,Kununurra,"Kimberley, Western Australia"
2016-02-23,3.169305981707859,46.14385463207732,Kununurra,"Kimberley, Western Australia"
2016-02-24,0.0,46.14385463207732,Kununurra,"Kimberley, Western Australia"
2016-02-25,0.0,46.14385463207732,Kununurra,"Kimberley, Western Australia"
2016-02-26,2.9953593044732547,46.14385463207732,Kununurra,"Kimberley, Western Australia"
2016-02-27,0.0,46.14385463207732,Kununurra,"Kimberley, Western Australia"
2016-02-28,0.0,46.14385463207732,Kununurra,"Kimberley, Western Australia"
2016-02-29,0.0,46.14385463207732,Kununurra,"Kimberley, Western Australia"
2016-03-01,0.0,47.647185213771536,Kununurra,"Kimberley, Western Australia"
2016-03-02,0.8348925427349696,47.647185213771536,Kununurra,"Kimberley, Western Australia"
2016-03-03,0.0,47.647185213771536,Kununurra,"Kimberley, Western Australia"
2016-03-04,0.0,47.647185213771536,Kununurra,"Kimberley, Western Australia"
2016-03-05,2.7831346248273587,47.647185213771536,Kununurra,"Kimberley, Western Australia"
2016-03-06,0.0,47.647185213771536,Kununurra,"Kimberley, Western Australia"
2016-03-07,0.0,47.647185213771536,Kununurra,"Kimberley, Western Australia"
2016-03-08,0.0,47.647185213771536,Kununurra,"Kimberley, Western Australia"
2016-03-09,6.523536562979613,47.647185213771536,Kununurra,"Kimberley, Western Australia"
2016-03-10,9.239756325396053,47.647185213771536,Kununurra,"Kimberley, Western Australia"
2016-03-11,0.0,47.647185213771536,Kununurra,"Kimberley, Western Australia"
2016-03-12,0.0,47.647185213771536,Kununurra,"Kimberley, Western Australia"
2016-03-13,0.0,47.647185213771536,Kununurra,"Kimberley, Western Australia"
2016-03-14,0.0,47.647185213771536,Kununurra,"Kimberley, Western Australia"
2016-03-15,0.0,47.647185213771536,Kununurra,"Kimberley, Western Australia"
2016-03-16,0.0,47.647185213771536,Kununurra,"Kimberley, Western Australia"
2016-03-17,3.508155320720687,47.647185213771536,Kununurra,"Kimberley, Western Australia"
2016-03-18,0.0,47.647185213771536,Kununurra,"Kimberley, Western Australia"
2016-03-19,8.782650470699583,47.647185213771536,Kununurra,"Kimberley, Western Australia"
2016-03-20,0.0,47.647185213771536,Kununurra,"Kimberley, Western Australia"
2016-03-21,0.0,47.647185213771536,Kununurra,"Kimberley, Western Australia"
2016-03-22,0.0,47.647185213771536,Kununurra,"Kimberley, Western Australia"
2016-03-23,0.47818072592061167,47.647185213771536,Kununurra,"Kimberley, Western Australia"
2016-03-24,6.420254050590559,47.647185213771536,Kununurra,"Kimberley, Western Australia"
2016-03-25,0.0,47.647185213771536,Kununurra,"Kimberley, Western Australia"
2016-03-26,0.0,47.647185213771536,Kununurra,"Kimberley, Western Australia"
2016-03-27,0.0,47.647185213771536,Kununurra,"Kimberley, Western Australia"
2016-03-28,0.0,47.647185213771536,Kununurra,"Kimberley, Western Australia"
2016-03-29,3.6946581524666935,47.647185213771536,Kununurra,"Kimberley, Western Australia"
2016-03-30,0.0,47.647185213771536,Kununurra,"Kimberley, Western Australia"
2016-03-31,5.381966437435411,47.647185213771536,Kununurra,"Kimberley, Western Australia"
2016-04-01,0.0,55.995726890122164,Kununurra,"Kimberley, Western Australia"
2016-04-02,0.0,55.995726890122164,Kununurra,"Kimberley, Western Australia"
2016-04-03,0.0,55.995726890122164,Kununurra,"Kimberley, Western Australia"
2016-04-04,0.0,55.995726890122164,Kununurra,"Kimberley, Western Australia"
2016-04-05,0.0,55.995726890122164,Kununurra,"Kimberley, Western Australia"
2016-04-06,0.0,55.995726890122164,Kununurra,"Kimberley, Western Australia"
2016-04-07,4.848304594960979,55.995726890122164,Kununurra,"Kimberley, Western Australia"
2016-04-08,0.0,55.995726890122164,Kununurra,"Kimberley, Western Australia"
2016-04-09,0.0,55.995726890122164,Kununurra,"Kimberley, Western Australia"
2016-04-10,0.0,55.995726890122164,Kununurra,"Kimberley, Western Australia"
2016-04-11,3.9015123840747883,55.995726890122164,Kununurra,"Kimberley, Western Australia"
2016-04-12,0.3932880712432749,55.995726890122164,Kununurra,"Kimberley, Western Australia"
2016-04-13,14.70053581409576,55.995726890122164,Kununurra,"Kimberley, Western Australia"
2016-04-14,0.0,55.995726890122164,Kununurra,"Kimberley, Western Australia"
2016-04-15,0.0,55.995726890122164,Kununurra,"Kimberley, Western Australia"
2016-04-16,0.0,55.995726890122164,Kununurra,"Kimberley, Western Australia"
2016-04-17,0.0,55.995726890122164,Kununurra,"Kimberley, Western Australia"
2016-04-18,0.0,55.995726890122164,Kununurra,"Kimberley, Western Australia"
2016-04-19,0.0,55.995726890122164,Kununurra,"Kimberley, Western Australia"
2016-04-20,0.0,55.995726890122164,Kununurra,"Kimberley, Western Australia"
2016-04-21,0.0,55.995726890122164,Kununurra,"Kimberley, Western Australia"
2016-04-22,0.0,55.995726890122164,Kununurra,"Kimberley, Western Australia"
2016-04-23,0.0,55.995726890122164,Kununurra,"Kimberley, Western Australia"
2016-04-24,0.0,55.995726890122164,Kununurra,"Kimberley, Western Australia"
2016-04-25,0.0,55.995726890122164,Kununurra,"Kimberley, Western Australia"
2016-04-26,0.0,55.995726890122164,Kununurra,"Kimberley, Western Australia"
2016-04-27,9.887975555028522,55.995726890122164,Kununurra,"Kimberley, Western Australia"
2016-04-28,14.414908568018078,55.995726890122164,Kununurra,"Kimberley, Western Australia"
2016-04-29,7.849201902700764,55.995726890122164,Kununurra,"Kimberley, Western Australia"
2016-04-30,0.0,55.995726890122164,Kununurra,"Kimberley, Western Australia"
2016-05-01,0.0,48.36057960079445,Kununurra,"Kimberley, Western Australia"
2016-05-02,2.3997263745146995,48.36057960079445,Kununurra,"Kimberley, Western Australia"
2016-05-03,0.0,48.36057960079445,Kununurra,"Kimberley, Western Australia"
2016-05-04,0.0,48.36057960079445,Kununurra,"Kimberley, Western Australia"
2016-05-05,0.0,48.36057960079445,Kununurra,"Kimberley, Western Australia"
2016-05-06,10.596924716782212,48.36057960079445,Kununurra,"Kimberley, Western Australia"
2016-05-07,0.0,48.36057960079445,Kununurra,"Kimberley, Western Australia"
2016-05-08,0.0,48.36057960079445,Kununurra,"Kimberley, Western Australia"
2016-05-09,0.0,48.36057960079445,Kununurra,"Kimberley, Western Australia"
2016-05-10,3.8071854436262544,48.36057960079445,Kununurra,"Kimberley, Western Australia"
2016-05-11,0.0,48.36057960079445,Kununurra,"Kimberley, Western Australia"
2016-05-12,0.36204537692176225,48.36057960079445,Kununurra,"Kimberley, Western Australia"
2016-05-13,0.0,48.36057960079445,Kununurra,"Kimberley, Western Australia"
2016-05-14,0.0,48.36057960079445,Kununurra,"Kimberley, Western Australia"
2016-05-15,8.05159367515899,48.36057960079445,Kununurra,"Kimberley, Western Australia"
2016-05-16,13.191832147548773,48.36057960079445,Kununurra,"Kimberley, Western Australia"
2016-05-17,0.0,48.36057960079445,Kununurra,"Kimberley, Western Australia"
2016-05-18,0.0,48.36057960079445,Kununurra,"Kimberley, Western Australia"
2016-05-19,0.0,48.36057960079445,Kununurra,"Kimberley, Western Australia"
2016-05-20,0.0,48.36057960079445,Kununurra,"Kimberley, Western Australia"
2016-05-21,4.92445614968182,48.36057960079445,Kununurra,"Kimberley, Western Australia"
2016-05-22,0.0,48.36057960079445,Kununurra,"Kimberley, Western Australia"
2016-05-23,0.0,48.36057960079445,Kununurra,"Kimberley, Western Australia"
2016-05-24,2.5404003033922855,48.36057960079445,Kununurra,"Kimberley, Western Australia"
2016-05-25,0.0,48.36057960079445,Kununurra,"Kimberley, Western Australia"
2016-05-26,0.0,48.36057960079445,Kununurra,"Kimberley, Western Australia"
2016-05-27,0.0,48.36057960079445,Kununurra,"Kimberley, Western Australia"
2016-05-28,2.4864154131676566,48.36057960079445,Kununurra,"Kimberley, Western Australia"
2016-05-29,0.0,48.36057960079445,Kununurra,"Kimberley, Western Australia"
2016-05-30,0.0,48.36057960079445,Kununurra,"Kimberley, Western Australia"
2016-05-31,0.0,48.36057960079445,Kununurra,"Kimberley, Western Australia"
2016-06-01,1.8999639217045243,63.86025094257645,Kununurra,"Kimberley, Western Australia"
2016-06-02,0.0,63.86025094257645,Kununurra,"Kimberley, Western Australia"
2016-06-03,0.0,63.86025094257645,Kununurra,"Kimberley, Western Australia"
2016-06-04,0.0,63.86025094257645,Kununurra,"Kimberley, Western Australia"
2016-06-05,0.0,63.86025094257645,Kununurra,"Kimberley, Western Australia"
2016-06-06,0.0,63.86025094257645,Kununurra,"Kimberley, Western Australia"
2016-06-07,0.0,63.86025094257645,Kununurra,"Kimberley, Western Australia"
2016-06-08,12.398278157377522,63.86025094257645,Kununurra,"Kimberley, Western Australia"
2016-06-09,2.3529945759399027,63.86025094257645,Kununurra,"Kimberley, Western Australia"
2016-06-10,0.0,63.86025094257645,Kununurra,"Kimberley, Western Australia"
2016-06-11,0.0,63.86025094257645,Kununurra,"Kimberley, Western Australia"
2016-06-12,0.0,63.86025094257645,Kununurra,"Kimberley, Western Australia"
2016-06-13,0.0,63.86025094257645,Kununurra,"Kimberley, Western Australia"
2016-06-14,0.0,63.86025094257645,Kununurra,"Kimberley, Western Australia"
2016-06-15,0.0,63.86025094257645,Kununurra,"Kimberley, Western Australia"
2016-06-16,1.3476799742371568,63.86025094257645,Kununurra,"Kimberley, Western Australia"
2016-06-17,5.611236761436163,63.86025094257645,Kununurra,"Kimberley, Western Australia"
2016-06-18,5.6474059750844665,63.86025094257645,Kununurra,"Kimberley, Western Australia"
2016-06-19,0.0,63.86025094257645,Kununurra,"Kimberley, Western Australia"
2016-06-20,24.496776622302427,63.86025094257645,Kununurra,"Kimberley, Western Australia"
2016-06-21,0.0,63.86025094257645,Kununurra,"Kimberley, Western Australia"
2016-06-22,4.3374752068368165,63.86025094257645,Kununurra,"Kimberley, Western Australia"
2016-06-23,5.7684397476574745,63.86025094257645,Kununurra,"Kimberley, Western Australia"
2016-06-24,0.0,63.86025094257645,Kununurra,"Kimberley, Western Australia"
2016-06-25,0.0,63.86025094257645,Kununurra,"Kimberley, Western Australia"
2016-06-26,0.0,63.86025094257645,Kununurra,"Kimberley, Western Australia"
2016-06-27,0.0,63.86025094257645,Kununurra,"Kimberley, Western Australia"
2016-06-28,0.0,63.86025094257645,Kununurra,"Kimberley, Western Australia"
2016-06-29,0.0,63.86025094257645,Kununurra,"Kimberley, Western Australia"
2016-06-30,0.0,63.86025094257645,Kununurra,"Kimberley, Western Australia"
2016-07-01,0.0,68.28952840328925,Kununurra,"Kimberley, Western Australia"
2016-07-02,0.0,68.28952840328925,Kununurra,"Kimberley, Western Australia"
2016-07-03,9.440950700007035,68.28952840328925,Kununurra,"Kimberley, Western Australia"
2016-07-04,0.0,68.28952840328925,Kununurra,"Kimberley, Western Australia"
2016-07-05,11.047980288153962,68.28952840328925,Kununurra,"Kimberley, Western Australia"
2016-07-06,0.0,68.28952840328925,Kununurra,"Kimberley, Western Australia"
2016-07-07,5.983220227047624,68.28952840328925,Kununurra,"Kimberley, Western Australia"
2016-07-08,0.0,68.28952840328925,Kununurra,"Kimberley, Western Australia"
2016-07-09,0.0,68.28952840328925,Kununurra,"Kimberley, Western Australia"
2016-07-10,10.727151504388239,68.28952840328925,Kununurra,"Kimberley, Western Australia"
2016-07-11,0.0,68.28952840328925,Kununurra,"Kimberley, Western Australia"
2016-07-12,0.0,68.28952840328925,Kununurra,"Kimberley, Western Australia"
2016-07-13,2.5263337033480564,68.28952840328925,Kununurra,"Kimberley, Western Australia"
2016-07-14,5.302279630831633,68.28952840328925,Kununurra,"Kimberley, Western Australia"
2016-07-15,0.0,68.28952840328925,Kununurra,"Kimberley, Western Australia"
2016-07-16,0.0,68.28952840328925,Kununurra,"Kimberley, Western Australia"
2016-07-17,0.0,68.28952840328925,Kununurra,"Kimberley, Western Australia"
2016-07-18,0.45130032764359695,68.28952840328925,Kununurra,"Kimberley, Western Australia"
2016-07-19,0.0,68.28952840328925,Kununurra,"Kimberley, Western Australia"
2016-07-20,13.710603270744906,68.28952840328925,Kununurra,"Kimberley, Western Australia"
2016-07-21,0.0,68.28952840328925,Kununurra,"Kimberley, Western Australia"
2016-07-22,0.0,68.28952840328925,Kununurra,"Kimberley, Western Australia"
2016-07-23,0.0,68.28952840328925,Kununurra,"Kimberley, Western Australia"
2016-07-24,0.0,68.28952840328925,Kununurra,"Kimberley, Western Australia"
2016-07-25,0.0,68.28952840328925,Kununurra,"Kimberley, Western Australia"
2016-07-26,2.8573177078397434,68.28952840328925,Kununurra,"Kimberley, Western Australia"
2016-07-27,0.0,68.28952840328925,Kununurra,"Kimberley, Western Australia"
2016-07-28,0.0,68.28952840328925,Kununurra,"Kimberley, Western Australia"
2016-07-29,0.0,68.28952840328925,Kununurra,"Kimberley, Western Australia"
2016-07-30,0.0,68.28952840328925,Kununurra,"Kimberley, Western Australia"
2016-07-31,6.242391043284465,68.28952840328925,Kununurra,"Kimberley, Western Australia"
2016-08-01,0.0,42.54329773148755,Kununurra,"Kimberley, Western Australia"
2016-08-02,0.0,42.54329773148755,Kununurra,"Kimberley, Western Australia"
2016-08-03,0.0,42.54329773148755,Kununurra,"Kimberley, Western Australia"
2016-08-04,4.685003104417726,42.54329773148755,Kununurra,"Kimberley, Western Australia"
2016-08-05,0.0,42.54329773148755,Kununurra,"Kimberley, Western Australia"
2016-08-06,0.0,42.54329773148755,Kununurra,"Kimberley, Western Australia"
2016-08-07,0.0,42.54329773148755,Kununurra,"Kimberley, Western Australia"
2016-08-08,0.0,42.54329773148755,Kununurra,"Kimberley, Western Australia"
2016-08-09,10.752828703795629,42.54329773148755,Kununurra,"Kimberley, Western Australia"
2016-08-10,0.0,42.54329773148755,Kununurra,"Kimberley, Western Australia"
2016-08-11,5.161784490039394,42.54329773148755,Kununurra,"Kimberley, Western Australia"
2016-08-12,0.0,42.54329773148755,Kununurra,"Kimberley, Western Australia"
2016-08-13,0.0,42.54329773148755,Kununurra,"Kimberley, Western Australia"
2016-08-14,0.0,42.54329773148755,Kununurra,"Kimberley, Western Australia"
2016-08-15,0.0,42.54329773148755,Kununurra,"Kimberley, Western Australia"
2016-08-16,0.0,42.54329773148755,Kununurra,"Kimberley, Western Australia"
2016-08-17,2.1560551004080715,42.54329773148755,Kununurra,"Kimberley, Western Australia"
2016-08-18,0.0,42.54329773148755,Kununurra,"Kimberley, Western Australia"
2016-08-19,0.0,42.54329773148755,Kununurra,"Kimberley, Western Australia"
2016-08-20,1.601606140171178,42.54329773148755,Kununurra,"Kimberley, Western Australia"
2016-08-21,6.887566986023401,42.54329773148755,Kununurra,"Kimberley, Western Australia"
2016-08-22,11.29845320663215,42.54329773148755,Kununurra,"Kimberley, Western Australia"
2016-08-23,0.0,42.54329773148755,Kununurra,"Kimberley, Western Australia"
2016-08-24,0.0,42.54329773148755,Kununurra,"Kimberley, Western Australia"
2016-08-25,0.0,42.54329773148755,Kununurra,"Kimberley, Western Australia"
2016-08-26,0.0,42.54329773148755,Kununurra,"Kimberley, Western Australia"
2016-08-27,0.0,42.54329773148755,Kununurra,"Kimberley, Western Australia"
2016-08-28,0.0,42.54329773148755,Kununurra,"Kimberley, Western Australia"
2016-08-29,0.0,42.54329773148755,Kununurra,"Kimberley, Western Australia"
2016-08-30,0.0,42.54329773148755,Kununurra,"Kimberley, Western Australia"
2016-08-31,0.0,42.54329773148755,Kununurra,"Kimberley, Western Australia"
2016-09-01,0.38805781852982435,74.6155413524892,Kununurra,"Kimberley, Western Australia"
2016-09-02,0.0,74.6155413524892,Kununurra,"Kimberley, Western Australia"
2016-09-03,10.52462142670484,74.6155413524892,Kununurra,"Kimberley, Western Australia"
2016-09-04,0.0,74.6155413524892,Kununurra,"Kimberley, Western Australia"
2016-09-05,4.2899774716282,74.6155413524892,Kununurra,"Kimberley, Western Australia"
2016-09-06,15.564723128814414,74.6155413524892,Kununurra,"Kimberley, Western Australia"
2016-09-07,4.4058663232640685,74.6155413524892,Kununurra,"Kimberley, Western Australia"
2016-09-08,0.0,74.6155413524892,Kununurra,"Kimberley, Western Australia"
2016-09-09,0.0,74.6155413524892,Kununurra,"Kimberley, Western Australia"
2016-09-10,0.0,74.6155413524892,Kununurra,"Kimberley, Western Australia"
2016-09-11,0.0,74.6155413524892,Kununurra,"Kimberley, Western Australia"
2016-09-12,3.910969494498095,74.6155413524892,Kununurra,"Kimberley, Western Australia"
2016-09-13,0.0,74.6155413524892,Kununurra,"Kimberley, Western Australia"
2016-09-14,0.0,74.6155413524892,Kununurra,"Kimberley, Western Australia"
2016-09-15,0.0,74.6155413524892,Kununurra,"Kimberley, Western Australia"
2016-09-16,0.0,74.6155413524892,Kununurra,"Kimberley, Western Australia"
2016-09-17,1.5956572180737278,74.6155413524892,Kununurra,"Kimberley, Western Australia"
2016-09-18,0.0,74.6155413524892,Kununurra,"Kimberley, Western Australia"
2016-09-19,0.0,74.6155413524892,Kununurra,"Kimberley, Western Australia"
2016-09-20,0.0,74.6155413524892,Kununurra,"Kimberley, Western Australia"
2016-09-21,0.0,74.6155413524892,Kununurra,"Kimberley, Western Australia"
2016-09-22,8.243718424314709,74.6155413524892,Kununurra,"Kimberley, Western Australia"
2016-09-23,9.40547303164546,74.6155413524892,Kununurra,"Kimberley, Western Australia"
2016-09-24,0.0,74.6155413524892,Kununurra,"Kimberley, Western Australia"
2016-09-25,0.0,74.6155413524892,Kununurra,"Kimberley, Western Australia"
2016-09-26,4.395172457520243,74.6155413524892,Kununurra,"Kimberley, Western Australia"
2016-09-27,0.0,74.6155413524892,Kununurra,"Kimberley, Western Australia"
2016-09-28,8.055545073681953,74.6155413524892,Kununurra,"Kimberley, Western Australia"
2016-09-29,3.835759483813667,74.6155413524892,Kununurra,"Kimberley, Western Australia"
2016-09-30,0.0,74.6155413524892,Kununurra,"Kimberley, Western Australia"
2016-10-01,0.0,50.7993420765002,Kununurra,"Kimberley, Western Australia"
2016-10-02,0.0,50.7993420765002,Kununurra,"Kimberley, Western Australia"
2016-10-03,0.0,50.7993420765002,Kununurra,"Kimberley, Western Australia"
2016-10-04,0.0,50.7993420765002,Kununurra,"Kimberley, Western Australia"
2016-10-05,0.0,50.7993420765002,Kununurra,"Kimberley, Western Australia"
2016-10-06,0.0,50.7993420765002,Kununurra,"Kimberley, Western Australia"
2016-10-07,0.0,50.7993420765002,Kununurra,"Kimberley, Western Australia"
2016-10-08,0.0,50.7993420765002,Kununurra,"Kimberley, Western Australia"
2016-10-09,0.0,50.7993420765002,Kununurra,"Kimberley, Western Australia"
2016-10-10,0.0,50.7993420765002,Kununurra,"Kimberley, Western Australia"
2016-10-11,4.228954038120904,50.7993420765002,Kununurra,"Kimberley, Western Australia"
2016-10-12,0.0,50.7993420765002,Kununurra,"Kimberley, Western Australia"
2016-10-13,3.385197571437669,50.7993420765002,Kununurra,"Kimberley, Western Australia"
2016-10-14,6.584177031783382,50.7993420765002,Kununurra,"Kimberley, Western Australia"
2016-10-15,0.0,50.7993420765002,Kununurra,"Kimberley, Western Australia"
2016-10-16,11.944553230850111,50.7993420765002,Kununurra,"Kimberley, Western Australia"
2016-10-17,0.0,50.7993420765002,Kununurra,"Kimberley, Western Australia"
2016-10-18,0.0,50.7993420765002,Kununurra,"Kimberley, Western Australia"
2016-10-19,0.0,50.7993420765002,Kununurra,"Kimberley, Western Australia"
2016-10-20,0.0,50.7993420765002,Kununurra,"Kimberley, Western Australia"
2016-10-21,8.107805113621081,50.7993420765002,Kununurra,"Kimberley, Western Australia"
2016-10-22,0.0,50.7993420765002,Kununurra,"Kimberley, Western Australia"
2016-10-23,4.551288908765306,50.7993420765002,Kununurra,"Kimberley, Western Australia"
2016-10-24,0.0,50.7993420765002,Kununurra,"Kimberley, Western Australia"
2016-10-25,3.9404906605507675,50.7993420765002,Kununurra,"Kimberley, Western Australia"
2016-10-26,0.0,50.7993420765002,Kununurra,"Kimberley, Western Australia"
2016-10-27,0.0,50.7993420765002,Kununurra,"Kimberley, Western Australia"
2016-10-28,0.0,50.7993420765002,Kununurra,"Kimberley, Western Australia"
2016-10-29,5.472376487065732,50.7993420765002,Kununurra,"Kimberley, Western Australia"
2016-10-30,2.584499034305249,50.7993420765002,Kununurra,"Kimberley, Western Australia"
2016-10-31,0.0,50.7993420765002,Kununurra,"Kimberley, Western Australia"
2016-11-01,0.0,43.01749695139649,Kununurra,"Kimberley, Western Australia"
2016-11-02,0.0,43.01749695139649,Kununurra,"Kimberley, Western Australia"
2016-11-03,0.0,43.01749695139649,Kununurra,"Kimberley, Western Australia"
2016-11-04,0.0,43.01749695139649,Kununurra,"Kimberley, Western Australia"
2016-11-05,0.0,43.01749695139649,Kununurra,"Kimberley, Western Australia"
2016-11-06,0.0,43.01749695139649,Kununurra,"Kimberley, Western Australia"
2016-11-07,6.339452803897284,43.01749695139649,Kununurra,"Kimberley, Western Australia"
2016-11-08,0.0,43.01749695139649,Kununurra,"Kimberley, Western Australia"
2016-11-09,7.448595461321277,43.01749695139649,Kununurra,"Kimberley, Western Australia"
2016-11-10,0.0,43.01749695139649,Kununurra,"Kimberley, Western Australia"
2016-11-11,0.0,43.01749695139649,Kununurra,"Kimberley, Western Australia"
2016-11-12,9.689918126306544,43.01749695139649,Kununurra,"Kimberley, Western Australia"
2016-11-13,0.0,43.01749695139649,Kununurra,"Kimberley, Western Australia"
2016-11-14,7.414982300618361,43.01749695139649,Kununurra,"Kimberley, Western Australia"
2016-11-15,0.0,43.01749695139649,Kununurra,"Kimberley, Western Australia"
2016-11-16,0.0,43.01749695139649,Kununurra,"Kimberley, Western Australia"
2016-11-17,0.0,43.01749695139649,Kununurra,"Kimberley, Western Australia"
2016-11-18,2.253044743234542,43.01749695139649,Kununurra,"Kimberley, Western Australia"
2016-11-19,0.0,43.01749695139649,Kununurra,"Kimberley, Western Australia"
2016-11-20,0.0,43.01749695139649,Kununurra,"Kimberley, Western Australia"
2016-11-21,0.0,43.01749695139649,Kununurra,"Kimberley, Western Australia"
2016-11-22,0.0,43.01749695139649,Kununurra,"Kimberley, Western Australia"
2016-11-23,0.0,43.01749695139649,Kununurra,"Kimberley, Western Australia"
2016-11-24,0.0,43.01749695139649,Kununurra,"Kimberley, Western Australia"
2016-11-25,0.0,43.01749695139649,Kununurra,"Kimberley, Western Australia"
2016-11-26,4.753790361600057,43.01749695139649,Kununurra,"Kimberley, Western Australia"
2016-11-27,0.0,43.01749695139649,Kununurra,"Kimberley, Western Australia"
2016-11-28,0.0,43.01749695139649,Kununurra,"Kimberley, Western Australia"
2016-11-29,0.0,43.01749695139649,Kununurra,"Kimberley, Western Australia"
2016-11-30,5.117713154418421,43.01749695139649,Kununurra,"Kimberley, Western Australia"
2016-12-01,0.0,77.93138490391847,Kununurra,"Kimberley, Western Australia"
2016-12-02,1.8584606757967945,77.93138490391847,Kununurra,"Kimberley, Western Australia"
2016-12-03,0.0,77.93138490391847,Kununurra,"Kimberley, Western Australia"
2016-12-04,0.0,77.93138490391847,Kununurra,"Kimberley, Western Australia"
2016-12-05,0.0,77.93138490391847,Kununurra,"Kimberley, Western Australia"
2016-12-06,0.0,77.93138490391847,Kununurra,"Kimberley, Western Australia"
2016-12-07,0.0,77.93138490391847,Kununurra,"Kimberley, Western Australia"
2016-12-08,10.4105532267601,77.93138490391847,Kununurra,"Kimberley, Western Australia"
2016-12-09,4.949344595341404,77.93138490391847,Kununurra,"Kimberley, Western Australia"
2016-12-10,0.0,77.93138490391847,Kununurra,"Kimberley, Western Australia"
2016-12-11,5.513688234185253,77.93138490391847,Kununurra,"Kimberley, Western Australia"
2016-12-12,0.0,77.93138490391847,Kununurra,"Kimberley, Western Australia"
2016-12-13,10.300030716359988,77.93138490391847,Kununurra,"Kimberley, Western Australia"
2016-12-14,0.0,77.93138490391847,Kununurra,"Kimberley, Western Australia"
2016-12-15,2.380370425368791,77.93138490391847,Kununurra,"Kimberley, Western Australia"
2016-12-16,0.0,77.93138490391847,Kununurra,"Kimberley, Western Australia"
2016-12-17,3.0070774168232366,77.93138490391847,Kununurra,"Kimberley, Western Australia"
2016-12-18,0.0,77.93138490391847,Kununurra,"Kimberley, Western Australia"
2016-12-19,5.233987295307779,77.93138490391847,Kununurra,"Kimberley, Western Australia"
2016-12-20,0.0,77.93138490391847,Kununurra,"Kimberley, Western Australia"
2016-12-21,3.7369853423759403,77.93138490391847,Kununurra,"Kimberley, Western Australia"
2016-12-22,18.382728529518563,77.93138490391847,Kununurra,"Kimberley, Western Australia"
2016-12-23,3.67885488292106,77.93138490391847,Kununurra,"Kimberley, Western Australia"
2016-12-24,0.0,77.93138490391847,Kununurra,"Kimberley, Western Australia"
2016-12-25,0.0,77.93138490391847,Kununurra,"Kimberley, Western Australia"
2016-12-26,2.806824661074949,77.93138490391847,Kununurra,"Kimberley, Western Australia"
2016-12-27,5.67247890208461,77.93138490391847,Kununurra,"Kimberley, Western Australia"
2016-12-28,0.0,77.93138490391847,Kununurra,"Kimberley, Western Australia"
2016-12-29,0.0,77.93138490391847,Kununurra,"Kimberley, Western Australia"
2016-12-30,0.0,77.93138490391847,Kununurra,"Kimberley, Western Australia"
2016-12-31,0.0,77.93138490391847,Kununurra,"Kimberley, Western Australia"
2017-01-01,0.0,29.265025833910816,Kununurra,"Kimberley, Western Australia"
2017-01-02,5.170219734226087,29.265025833910816,Kununurra,"Kimberley, Western Australia"
2017-01-03,0.0,29.265025833910816,Kununurra,"Kimberley, Western Australia"
2017-01-04,0.0,29.265025833910816,Kununurra,"Kimberley, Western Australia"
2017-01-05,0.0,29.265025833910816,Kununurra,"Kimberley, Western Australia"
2017-01-06,0.0,29.265025833910816,Kununurra,"Kimberley, Western Australia"
2017-01-07,0.0,29.265025833910816,Kununurra,"Kimberley, Western Australia"
2017-01-08,5.816012738829402,29.265025833910816,Kununurra,"Kimberley, Western Australia"
2017-01-09,0.0,29.265025833910816,Kununurra,"Kimberley, Western Australia"
2017-01-10,0.0,29.265025833910816,Kununurra,"Kimberley, Western Australia"
2017-01-11,0.0,29.265025833910816,Kununurra,"Kimberley, Western Australia"
2017-01-12,0.0,29.265025833910816,Kununurra,"Kimberley, Western Australia"
2017-01-13,0.0,29.265025833910816,Kununurra,"Kimberley, Western Australia"
2017-01-14,0.0,29.265025833910816,Kununurra,"Kimberley, Western Australia"
2017-01-15,0.0,29.265025833910816,Kununurra,"Kimberley, Western Australia"
2017-01-16,0.0,29.265025833910816,Kununurra,"Kimberley, Western Australia"
2017-01-17,0.0,29.265025833910816,Kununurra,"Kimberley, Western Australia"
2017-01-18,1.810199304115967,29.265025833910816,Kununurra,"Kimberley, Western Australia"
2017-01-19,0.0,29.265025833910816,Kununurra,"Kimberley, Western Australia"
2017-01-20,4.633930718447323,29.265025833910816,Kununurra,"Kimberley, Western Australia"
2017-01-21,0.0,29.265025833910816,Kununurra,"Kimberley, Western Australia"
2017-01-22,0.0,29.265025833910816,Kununurra,"Kimberley, Western Australia"
2017-01-23,11.834663338292037,29.265025833910816,Kununurra,"Kimberley, Western Australia"
2017-01-24,0.0,29.265025833910816,Kununurra,"Kimberley, Western Australia"
2017-01-25,0.0,29.265025833910816,Kununurra,"Kimberley, Western Australia"
2017-01-26,0.0,29.265025833910816,Kununurra,"Kimberley, Western Australia"
2017-01-27,0.0,29.265025833910816,Kununurra,"Kimberley, Western Australia"
2017-01-28,0.0,29.265025833910816,Kununurra,"Kimberley, Western Australia"
2017-01-29,0.0,29.265025833910816,Kununurra,"Kimberley, Western Australia"
2017-01-30,0.0,29.265025833910816,Kununurra,"Kimberley, Western Australia"
2017-01-31,0.0,29.265025833910816,Kununurra,"Kimberley, Western Australia"
2017-02-01,6.718447087932354,90.34901825892061,Kununurra,"Kimberley, Western Australia"
2017-02-02,8.25068584191697,90.34901825892061,Kununurra,"Kimberley, Western Australia"
2017-02-03,0.0,90.34901825892061,Kununurra,"Kimberley, Western Australia"
2017-02-04,0.0,90.34901825892061,Kununurra,"Kimberley, Western Australia"
2017-02-05,0.0,90.34901825892061,Kununurra,"Kimberley, Western Australia"
2017-02-06,0.0,90.34901825892061,Kununurra,"Kimberley, Western Australia"
2017-02-07,0.0,90.34901825892061,Kununurra,"Kimberley, Western Australia"
2017-02-08,0.0,90.34901825892061,Kununurra,"Kimberley, Western Australia"
2017-02-09,4.88734016422761,90.34901825892061,Kununurra,"Kimberley, Western Australia"
2017-02-10,5.039730920064372,90.34901825892061,Kununurra,"Kimberley, Western Australia"
2017-02-11,11.841093627665382,90.34901825892061,Kununurra,"Kimberley, Western Australia"
2017-02-12,4.69892295029899,90.34901825892061,Kununurra,"Kimberley, Western Australia"
2017-02-13,0.0,90.34901825892061,Kununurra,"Kimberley, Western Australia"
2017-02-14,6.513742499555558,90.34901825892061,Kununurra,"Kimberley, Western Australia"
2017-02-15,0.0,90.34901825892061,Kununurra,"Kimberley, Western Australia"
2017-02-16,7.348942818601806,90.34901825892061,Kununurra,"Kimberley, Western Australia"
2017-02-17,0.0,90.34901825892061,Kununurra,"Kimberley, Western Australia"
2017-02-18,3.975509610891989,90.34901825892061,Kununurra,"Kimberley, Western Australia"
2017-02-19,4.039410279203622,90.34901825892061,Kununurra,"Kimberley, Western Australia"
2017-02-20,5.569644537678923,90.34901825892061,Kununurra,"Kimberley, Western Australia"
2017-02-21,0.0,90.34901825892061,Kununurra,"Kimberley, Western Australia"
2017-02-22,0.0,90.34901825892061,Kununurra,"Kimberley, Western Australia"
2017-02-23,0.0,90.34901825892061,Kununurra,"Kimberley, Western Australia"
2017-02-24,13.661668474192645,90.34901825892061,Kununurra,"Kimberley, Western Australia"
2017-02-25,4.836196879975927,90.34901825892061,Kununurra,"Kimberley, Western Australia"
2017-02-26,0.0,90.34901825892061,Kununurra,"Kimberley, Western Australia"
2017-02-27,2.9676825667144593,90.34901825892061,Kununurra,"Kimberley, Western Australia"
2017-02-28,0.0,90.34901825892061,Kununurra,"Kimberley, Western Australia"
2017-03-01,0.46051332593993777,43.09911469025694,Kununurra,"Kimberley, Western Australia"
2017-03-02,14.20077684600679,43.09911469025694,Kununurra,"Kimberley, Western Australia"
2017-03-03,0.0,43.09911469025694,Kununurra,"Kimberley, Western Australia"
2017-03-04,3.6496468006742764,43.09911469025694,Kununurra,"Kimberley, Western Australia"
2017-03-05,0.0,43.09911469025694,Kununurra,"Kimberley, Western Australia"
2017-03-06,0.0,43.09911469025694,Kununurra,"Kimberley, Western Australia"
2017-03-07,0.0,43.09911469025694,Kununurra,"Kimberley, Western Australia"
2017-03-08,0.0,43.09911469025694,Kununurra,"Kimberley, Western Australia"
2017-03-09,14.260416821398493,43.09911469025694,Kununurra,"Kimberley, Western Australia"
2017-03-10,0.0,43.09911469025694,Kununurra,"Kimberley, Western Australia"
2017-03-11,0.0,43.09911469025694,Kununurra,"Kimberley, Western Australia"
2017-03-12,0.0,43.09911469025694,Kununurra,"Kimberley, Western Australia"
2017-03-13,0.0,43.09911469025694,Kununurra,"Kimberley, Western Australia"
2017-03-14,0.0,43.09911469025694,Kununurra,"Kimberley, Western Australia"
2017-03-15,4.705925366326717,43.09911469025694,Kununurra,"Kimberley, Western Australia"
2017-03-16,0.0,43.09911469025694,Kununurra,"Kimberley, Western Australia"
2017-03-17,3.247236631157652,43.09911469025694,Kununurra,"Kimberley, Western Australia"
2017-03-18,0.0,43.09911469025694,Kununurra,"Kimberley, Western Australia"
2017-03-19,0.0,43.09911469025694,Kununurra,"Kimberley, Western Australia"
2017-03-20,0.0,43.09911469025694,Kununurra,"Kimberley, Western Australia"
2017-03-21,0.0,43.09911469025694,Kununurra,"Kimberley, Western Australia"
2017-03-22,0.0,43.09911469025694,Kununurra,"Kimberley, Western Australia"
2017-03-23,0.0,43.09911469025694,Kununurra,"Kimberley, Western Australia"
2017-03-24,0.0,43.09911469025694,Kununurra,"Kimberley, Western Australia"
2017-03-25,0.0,43.09911469025694,Kununurra,"Kimberley, Western Australia"
2017-03-26,2.5745988987530763,43.09911469025694,Kununurra,"Kimberley, Western Australia"
2017-03-27,0.0,43.09911469025694,Kununurra,"Kimberley, Western Australia"
2017-03-28,0.0,43.09911469025694,Kununurra,"Kimberley, Western Australia"
2017-03-29,0.0,43.09911469025694,Kununurra,"Kimberley, Western Australia"
2017-03-30,0.0,43.09911469025694,Kununurra,"Kimberley, Western Australia"
2017-03-31,0.0,43.09911469025694,Kununurra,"Kimberley, Western Australia"
2017-04-01,6.590503860689703,89.67736806658436,Kununurra,"Kimberley, Western Australia"
2017-04-02,0.9561906134617844,89.67736806658436,Kununurra,"Kimberley, Western Australia"
2017-04-03,0.0,89.67736806658436,Kununurra,"Kimberley, Western Australia"
2017-04-04,1.6058262299052954,89.67736806658436,Kununurra,"Kimberley, Western Australia"
2017-04-05,0.0,89.67736806658436,Kununurra,"Kimberley, Western Australia"
2017-04-06,8.530747775007574,89.67736806658436,Kununurra,"Kimberley, Western Australia"
2017-04-07,3.9454145881020244,89.67736806658436,Kununurra,"Kimberley, Western Australia"
2017-04-08,0.0,89.67736806658436,Kununurra,"Kimberley, Western Australia"
2017-04-09,0.0,89.67736806658436,Kununurra,"Kimberley, Western Australia"
2017-04-10,0.0,89.67736806658436,Kununurra,"Kimberley, Western Australia"
2017-04-11,0.0,89.67736806658436,Kununurra,"Kimberley, Western Australia"
2017-04-12,7.522849392874039,89.67736806658436,Kununurra,"Kimberley, Western Australia"
2017-04-13,9.370024591791578,89.67736806658436,Kununurra,"Kimberley, Western Australia"
2017-04-14,0.0,89.67736806658436,Kununurra,"Kimberley, Western Australia"
2017-04-15,0.0,89.67736806658436,Kununurra,"Kimberley, Western Australia"
2017-04-16,0.0,89.67736806658436,Kununurra,"Kimberley, Western Australia"
2017-04-17,6.864236076952949,89.67736806658436,Kununurra,"Kimberley, Western Australia"
2017-04-18,0.0,89.67736806658436,Kununurra,"Kimberley, Western Australia"
2017-04-19,0.0,89.67736806658436,Kununurra,"Kimberley, Western Australia"
2017-04-20,0.0,89.67736806658436,Kununurra,"Kimberley, Western Australia"
2017-04-21,22.529045923983176,89.67736806658436,Kununurra,"Kimberley, Western Australia"
2017-04-22,0.0,89.67736806658436,Kununurra,"Kimberley, Western Australia"
2017-04-23,0.0,89.67736806658436,Kununurra,"Kimberley, Western Australia"
2017-04-24,12.440696071656761,89.67736806658436,Kununurra,"Kimberley, Western Australia"
2017-04-25,0.0,89.67736806658436,Kununurra,"Kimberley, Western Australia"
2017-04-26,0.0,89.67736806658436,Kununurra,"Kimberley, Western Australia"
2017-04-27,0.0,89.67736806658436,Kununurra,"Kimberley, Western Australia"
2017-04-28,0.0,89.67736806658436,Kununurra,"Kimberley, Western Australia"
2017-04-29,0.0,89.67736806658436,Kununurra,"Kimberley, Western Australia"
2017-04-30,9.321832942159475,89.67736806658436,Kununurra,"Kimberley, Western Australia"
2017-05-01,0.0,23.176770137613833,Kununurra,"Kimberley, Western Australia"
2017-05-02,0.0,23.176770137613833,Kununurra,"Kimberley, Western Australia"
2017-05-03,0.0,23.176770137613833,Kununurra,"Kimberley, Western Australia"
2017-05-04,3.228816087829261,23.176770137613833,Kununurra,"Kimberley, Western Australia"
2017-05-05,0.0,23.176770137613833,Kununurra,"Kimberley, Western Australia"
2017-05-06,0.0,23.176770137613833,Kununurra,"Kimberley, Western Australia"
2017-05-07,1.4341813052676942,23.176770137613833,Kununurra,"Kimberley, Western Australia"
2017-05-08,0.0,23.176770137613833,Kununurra,"Kimberley, Western Australia"
2017-05-09,0.1766498599656881,23.176770137613833,Kununurra,"Kimberley, Western Australia"
2017-05-10,9.10670084435009,23.176770137613833,Kununurra,"Kimberley, Western Australia"
2017-05-11,0.0,23.176770137613833,Kununurra,"Kimberley, Western Australia"
2017-05-12,3.124393389770879,23.176770137613833,Kununurra,"Kimberley, Western Australia"
2017-05-13,0.0,23.176770137613833,Kununurra,"Kimberley, Western Australia"
2017-05-14,0.0,23.176770137613833,Kununurra,"Kimberley, Western Australia"
2017-05-15,0.0,23.176770137613833,Kununurra,"Kimberley, Western Australia"
2017-05-16,0.0,23.176770137613833,Kununurra,"Kimberley, Western Australia"
2017-05-17,0.0,23.176770137613833,Kununurra,"Kimberley, Western Australia"
2017-05-18,0.0,23.176770137613833,Kununurra,"Kimberley, Western Australia"
2017-05-19,0.0,23.176770137613833,Kununurra,"Kimberley, Western Australia"
2017-05-20,0.0,23.176770137613833,Kununurra,"Kimberley, Western Australia"
2017-05-21,0.0,23.176770137613833,Kununurra,"Kimberley, Western Australia"
2017-05-22,0.0,23.176770137613833,Kununurra,"Kimberley, Western Australia"
2017-05-23,0.0,23.176770137613833,Kununurra,"Kimberley, Western Australia"
2017-05-24,0.0,23.176770137613833,Kununurra,"Kimberley, Western Australia"
2017-05-25,0.0,23.176770137613833,Kununurra,"Kimberley, Western Australia"
2017-05-26,0.0,23.176770137613833,Kununurra,"Kimberley, Western Australia"
2017-05-27,0.0,23.176770137613833,Kununurra,"Kimberley, Western Australia"
2017-05-28,1.3878194991448787,23.176770137613833,Kununurra,"Kimberley, Western Australia"
2017-05-29,4.71820915128534,23.176770137613833,Kununurra,"Kimberley, Western Australia"
2017-05-30,0.0,23.176770137613833,Kununurra,"Kimberley, Western Australia"
2017-05-31,0.0,23.176770137613833,Kununurra,"Kimberley, Western Australia"
2017-06-01,0.0,67.1785661033215,Kununurra,"Kimberley, Western Australia"
2017-06-02,0.0,67.1785661033215,Kununurra,"Kimberley, Western Australia"
2017-06-03,12.206514812824436,67.1785661033215,Kununurra,"Kimberley, Western Australia"
2017-06-04,0.0,67.1785661033215,Kununurra,"Kimberley, Western Australia"
2017-06-05,0.0,67.1785661033215,Kununurra,"Kimberley, Western Australia"
2017-06-06,0.0,67.1785661033215,Kununurra,"Kimberley, Western Australia"
2017-06-07,3.3240066288842014,67.1785661033215,Kununurra,"Kimberley, Western Australia"
2017-06-08,0.0,67.1785661033215,Kununurra,"Kimberley, Western Australia"
2017-06-09,6.661236920858021,67.1785661033215,Kununurra,"Kimberley, Western Australia"
2017-06-10,0.0,67.1785661033215,Kununurra,"Kimberley, Western Australia"
2017-06-11,0.0,67.1785661033215,Kununurra,"Kimberley, Western Australia"
2017-06-12,0.0,67.1785661033215,Kununurra,"Kimberley, Western Australia"
2017-06-13,2.5291837440724647,67.1785661033215,Kununurra,"Kimberley, Western Australia"
2017-06-14,0.0,67.1785661033215,Kununurra,"Kimberley, Western Australia"
2017-06-15,0.0,67.1785661033215,Kununurra,"Kimberley, Western Australia"
2017-06-16,1.5968145816334134,67.1785661033215,Kununurra,"Kimberley, Western Australia"
2017-06-17,12.281495610196291,67.1785661033215,Kununurra,"Kimberley, Western Australia"
2017-06-18,9.957152771393298,67.1785661033215,Kununurra,"Kimberley, Western Australia"
2017-06-19,13.219931900357194,67.1785661033215,Kununurra,"Kimberley, Western Australia"
2017-06-20,0.0,67.1785661033215,Kununurra,"Kimberley, Western Australia"
2017-06-21,0.0,67.1785661033215,Kununurra,"Kimberley, Western Australia"
2017-06-22,0.0,67.1785661033215,Kununurra,"Kimberley, Western Australia"
2017-06-23,0.0,67.1785661033215,Kununurra,"Kimberley, Western Australia"
2017-06-24,0.0,67.1785661033215,Kununurra,"Kimberley, Western Australia"
2017-06-25,0.0,67.1785661033215,Kununurra,"Kimberley, Western Australia"
2017-06-26,0.0,67.1785661033215,Kununurra,"Kimberley, Western Australia"
2017-06-27,1.8595109370205023,67.1785661033215,Kununurra,"Kimberley, Western Australia"
2017-06-28,3.5427181960816823,67.1785661033215,Kununurra,"Kimberley, Western Australia"
2017-06-29,0.0,67.1785661033215,Kununurra,"Kimberley, Western Australia"
2017-06-30,0.0,67.1785661033215,Kununurra,"Kimberley, Western Australia"
2017-07-01,0.0,20.233352194832683,Kununurra,"Kimberley, Western Australia"
2017-07-02,0.0,20.233352194832683,Kununurra,"Kimberley, Western Australia"
2017-07-03,0.0,20.233352194832683,Kununurra,"Kimberley, Western Australia"
2017-07-04,3.4431497720128235,20.233352194832683,Kununurra,"Kimberley, Western Australia"
2017-07-05,0.0,20.233352194832683,Kununurra,"Kimberley, Western Australia"
2017-07-06,0.0,20.233352194832683,Kununurra,"Kimberley, Western Australia"
2017-07-07,0.0,20.233352194832683,Kununurra,"Kimberley, Western Australia"
2017-07-08,0.0,20.233352194832683,Kununurra,"Kimberley, Western Australia"
2017-07-09,0.0,20.233352194832683,Kununurra,"Kimberley, Western Australia"
2017-07-10,0.0,20.233352194832683,Kununurra,"Kimberley, Western Australia"
2017-07-11,0.0,20.233352194832683,Kununurra,"Kimberley, Western Australia"
2017-07-12,0.0,20.233352194832683,Kununurra,"Kimberley, Western Australia"
2017-07-13,0.0,20.233352194832683,Kununurra,"Kimberley, Western Australia"
2017-07-14,0.0,20.233352194832683,Kununurra,"Kimberley, Western Australia"
2017-07-15,0.0,20.233352194832683,Kununurra,"Kimberley, Western Australia"
2017-07-16,2.4112221370851055,20.233352194832683,Kununurra,"Kimberley, Western Australia"
2017-07-17,0.0,20.233352194832683,Kununurra,"Kimberley, Western Australia"
2017-07-18,0.0,20.233352194832683,Kununurra,"Kimberley, Western Australia"
2017-07-19,6.926618102653571,20.233352194832683,Kununurra,"Kimberley, Western Australia"
2017-07-20,0.0,20.233352194832683,Kununurra,"Kimberley, Western Australia"
2017-07-21,0.0,20.233352194832683,Kununurra,"Kimberley, Western Australia"
2017-07-22,0.0,20.233352194832683,Kununurra,"Kimberley, Western Australia"
2017-07-23,0.0,20.233352194832683,Kununurra,"Kimberley, Western Australia"
2017-07-24,0.0,20.233352194832683,Kununurra,"Kimberley, Western Australia"
2017-07-25,5.347387749260902,20.233352194832683,Kununurra,"Kimberley, Western Australia"
2017-07-26,2.1049744338202823,20.233352194832683,Kununurra,"Kimberley, Western Australia"
2017-07-27,0.0,20.233352194832683,Kununurra,"Kimberley, Western Australia"
2017-07-28,0.0,20.233352194832683,Kununurra,"Kimberley, Western Australia"
2017-07-29,0.0,20.233352194832683,Kununurra,"Kimberley, Western Australia"
2017-07-30,0.0,20.233352194832683,Kununurra,"Kimberley, Western Australia"
2017-07-31,0.0,20.233352194832683,Kununurra,"Kimberley, Western Australia"
2017-08-01,0.0,49.44597170904558,Kununurra,"Kimberley, Western Australia"
2017-08-02,0.0,49.44597170904558,Kununurra,"Kimberley, Western Australia"
2017-08-03,7.872945905769109,49.44597170904558,Kununurra,"Kimberley, Western Australia"
2017-08-04,0.0,49.44597170904558,Kununurra,"Kimberley, Western Australia"
2017-08-05,0.0,49.44597170904558,Kununurra,"Kimberley, Western Australia"
2017-08-06,8.130348750950208,49.44597170904558,Kununurra,"Kimberley, Western Australia"
2017-08-07,0.0,49.44597170904558,Kununurra,"Kimberley, Western Australia"
2017-08-08,0.0,49.44597170904558,Kununurra,"Kimberley, Western Australia"
2017-08-09,0.0,49.44597170904558,Kununurra,"Kimberley, Western Australia"
2017-08-10,0.0,49.44597170904558,Kununurra,"Kimberley, Western Australia"
2017-08-11,0.0,49.44597170904558,Kununurra,"Kimberley, Western Australia"
2017-08-12,0.0,49.44597170904558,Kununurra,"Kimberley, Western Australia"
2017-08-13,0.0,49.44597170904558,Kununurra,"Kimberley, Western Australia"
2017-08-14,0.0,49.44597170904558,Kununurra,"Kimberley, Western Australia"
2017-08-15,0.0,49.44597170904558,Kununurra,"Kimberley, Western Australia"
2017-08-16,0.0,49.44597170904558,Kununurra,"Kimberley, Western Australia"
2017-08-17,0.0,49.44597170904558,Kununurra,"Kimberley, Western Australia"
2017-08-18,0.0,49.44597170904558,Kununurra,"Kimberley, Western Australia"
2017-08-19,2.7719321910428474,49.44597170904558,Kununurra,"Kimberley, Western Australia"
2017-08-20,0.0,49.44597170904558,Kununurra,"Kimberley, Western Australia"
2017-08-21,0.0,49.44597170904558,Kununurra,"Kimberley, Western Australia"
2017-08-22,0.0,49.44597170904558,Kununurra,"Kimberley, Western Australia"
2017-08-23,0.0,49.44597170904558,Kununurra,"Kimberley, Western Australia"
2017-08-24,7.093339571346192,49.44597170904558,Kununurra,"Kimberley, Western Australia"
2017-08-25,0.0,49.44597170904558,Kununurra,"Kimberley, Western Australia"
2017-08-26,0.0,49.44597170904558,Kununurra,"Kimberley, Western Australia"
2017-08-27,0.0,49.44597170904558,Kununurra,"Kimberley, Western Australia"
2017-08-28,11.20327528321716,49.44597170904558,Kununurra,"Kimberley, Western Australia"
2017-08-29,6.958672907383839,49.44597170904558,Kununurra,"Kimberley, Western Australia"
2017-08-30,5.415457099336228,49.44597170904558,Kununurra,"Kimberley, Western Australia"
2017-08-31,0.0,49.44597170904558,Kununurra,"Kimberley, Western Australia"
2017-09-01,0.0,67.96527536528706,Kununurra,"Kimberley, Western Australia"
2017-09-02,0.0,67.96527536528706,Kununurra,"Kimberley, Western Australia"
2017-09-03,1.6994908913999622,67.96527536528706,Kununurra,"Kimberley, Western Australia"
2017-09-04,0.0,67.96527536528706,Kununurra,"Kimberley, Western Australia"
2017-09-05,0.0,67.96527536528706,Kununurra,"Kimberley, Western Australia"
2017-09-06,0.0,67.96527536528706,Kununurra,"Kimberley, Western Australia"
2017-09-07,0.0,67.96527536528706,Kununurra,"Kimberley, Western Australia"
2017-09-08,6.035132897450664,67.96527536528706,Kununurra,"Kimberley, Western Australia"
2017-09-09,0.0,67.96527536528706,Kununurra,"Kimberley, Western Australia"
2017-09-10,0.0,67.96527536528706,Kununurra,"Kimberley, Western Australia"
2017-09-11,0.0,67.96527536528706,Kununurra,"Kimberley, Western Australia"
2017-09-12,0.0,67.96527536528706,Kununurra,"Kimberley, Western Australia"
2017-09-13,0.0,67.96527536528706,Kununurra,"Kimberley, Western Australia"
2017-09-14,9.605036732764686,67.96527536528706,Kununurra,"Kimberley, Western Australia"
2017-09-15,0.0,67.96527536528706,Kununurra,"Kimberley, Western Australia"
2017-09-16,11.90142629983055,67.96527536528706,Kununurra,"Kimberley, Western Australia"
2017-09-17,0.0,67.96527536528706,Kununurra,"Kimberley, Western Australia"
2017-09-18,4.111761531964551,67.96527536528706,Kununurra,"Kimberley, Western Australia"
2017-09-19,0.0,67.96527536528706,Kununurra,"Kimberley, Western Australia"
2017-09-20,7.145412633496807,67.96527536528706,Kununurra,"Kimberley, Western Australia"
2017-09-21,0.0,67.96527536528706,Kununurra,"Kimberley, Western Australia"
2017-09-22,0.0,67.96527536528706,Kununurra,"Kimberley, Western Australia"
2017-09-23,6.216562723414554,67.96527536528706,Kununurra,"Kimberley, Western Australia"
2017-09-24,7.386623762663804,67.96527536528706,Kununurra,"Kimberley, Western Australia"
2017-09-25,11.891555534543944,67.96527536528706,Kununurra,"Kimberley, Western Australia"
2017-09-26,1.9722723577575345,67.96527536528706,Kununurra,"Kimberley, Western Australia"
2017-09-27,0.0,67.96527536528706,Kununurra,"Kimberley, Western Australia"
2017-09-28,0.0,67.96527536528706,Kununurra,"Kimberley, Western Australia"
2017-09-29,0.0,67.96527536528706,Kununurra,"Kimberley, Western Australia"
2017-09-30,0.0,67.96527536528706,Kununurra,"Kimberley, Western Australia"
2017-10-01,0.0,22.826690118975705,Kununurra,"Kimberley, Western Australia"
2017-10-02,0.0,22.826690118975705,Kununurra,"Kimberley, Western Australia"
2017-10-03,2.8890218406363486,22.826690118975705,Kununurra,"Kimberley, Western Australia"
2017-10-04,0.0,22.826690118975705,Kununurra,"Kimberley, Western Australia"
2017-10-05,0.0,22.826690118975705,Kununurra,"Kimberley, Western Australia"
2017-10-06,4.692563815181881,22.826690118975705,Kununurra,"Kimberley, Western Australia"
2017-10-07,0.0,22.826690118975705,Kununurra,"Kimberley, Western Australia"
2017-10-08,0.0,22.826690118975705,Kununurra,"Kimberley, Western Australia"
2017-10-09,0.0,22.826690118975705,Kununurra,"Kimberley, Western Australia"
2017-10-10,0.0,22.826690118975705,Kununurra,"Kimberley, Western Australia"
2017-10-11,0.0,22.826690118975705,Kununurra,"Kimberley, Western Australia"
2017-10-12,0.0,22.826690118975705,Kununurra,"Kimberley, Western Australia"
2017-10-13,0.0,22.826690118975705,Kununurra,"Kimberley, Western Australia"
2017-10-14,2.150287565151506,22.826690118975705,Kununurra,"Kimberley, Western Australia"
2017-10-15,0.0,22.826690118975705,Kununurra,"Kimberley, Western Australia"
2017-10-16,0.0,22.826690118975705,Kununurra,"Kimberley, Western Australia"
2017-10-17,0.0,22.826690118975705,Kununurra,"Kimberley, Western Australia"
2017-10-18,0.0,22.826690118975705,Kununurra,"Kimberley, Western Australia"
2017-10-19,0.0,22.826690118975705,Kununurra,"Kimberley, Western Australia"
2017-10-20,0.0,22.826690118975705,Kununurra,"Kimberley, Western Australia"
2017-10-21,0.0,22.826690118975705,Kununurra,"Kimberley, Western Australia"
2017-10-22,0.0,22.826690118975705,Kununurra,"Kimberley, Western Australia"
2017-10-23,7.313096565493469,22.826690118975705,Kununurra,"Kimberley, Western Australia"
2017-10-24,0.0,22.826690118975705,Kununurra,"Kimberley, Western Australia"
2017-10-25,0.0,22.826690118975705,Kununurra,"Kimberley, Western Australia"
2017-10-26,0.0,22.826690118975705,Kununurra,"Kimberley, Western Australia"
2017-10-27,0.0,22.826690118975705,Kununurra,"Kimberley, Western Australia"
2017-10-28,0.0,22.826690118975705,Kununurra,"Kimberley, Western Australia"
2017-10-29,0.0,22.826690118975705,Kununurra,"Kimberley, Western Australia"
2017-10-30,5.781720332512503,22.826690118975705,Kununurra,"Kimberley, Western Australia"
2017-10-31,0.0,22.826690118975705,Kununurra,"Kimberley, Western Australia"
2017-11-01,0.0,58.78563379676956,Kununurra,"Kimberley, Western Australia"
2017-11-02,0.0,58.78563379676956,Kununurra,"Kimberley, Western Australia"
2017-11-03,0.0,58.78563379676956,Kununurra,"Kimberley, Western Australia"
2017-11-04,0.0,58.78563379676956,Kununurra,"Kimberley, Western Australia"
2017-11-05,0.0,58.78563379676956,Kununurra,"Kimberley, Western Australia"
2017-11-06,0.0,58.78563379676956,Kununurra,"Kimberley, Western Australia"
2017-11-07,0.0,58.78563379676956,Kununurra,"Kimberley, Western Australia"
2017-11-08,0.0,58.78563379676956,Kununurra,"Kimberley, Western Australia"
2017-11-09,0.0,58.78563379676956,Kununurra,"Kimberley, Western Australia"
2017-11-10,0.0,58.78563379676956,Kununurra,"Kimberley, Western Australia"
2017-11-11,3.184322004465729,58.78563379676956,Kununurra,"Kimberley, Western Australia"
2017-11-12,0.0,58.78563379676956,Kununurra,"Kimberley, Western Australia"
2017-11-13,0.0,58.78563379676956,Kununurra,"Kimberley, Western Australia"
2017-11-14,0.0,58.78563379676956,Kununurra,"Kimberley, Western Australia"
2017-11-15,0.0,58.78563379676956,Kununurra,"Kimberley, Western Australia"
2017-11-16,0.0,58.78563379676956,Kununurra,"Kimberley, Western Australia"
2017-11-17,9.65173162526833,58.78563379676956,Kununurra,"Kimberley, Western Australia"
2017-11-18,17.787832485926163,58.78563379676956,Kununurra,"Kimberley, Western Australia"
2017-11-19,0.0,58.78563379676956,Kununurra,"Kimberley, Western Australia"
2017-11-20,0.0,58.78563379676956,Kununurra,"Kimberley, Western Australia"
2017-11-21,2.1075139931112963,58.78563379676956,Kununurra,"Kimberley, Western Australia"
2017-11-22,16.876722149887577,58.78563379676956,Kununurra,"Kimberley, Western Australia"
2017-11-23,0.0,58.78563379676956,Kununurra,"Kimberley, Western Australia"
2017-11-24,0.0,58.78563379676956,Kununurra,"Kimberley, Western Australia"
2017-11-25,0.0,58.78563379676956,Kununurra,"Kimberley, Western Australia"
2017-11-26,0.0,58.78563379676956,Kununurra,"Kimberley, Western Australia"
2017-11-27,0.0,58.78563379676956,Kununurra,"Kimberley, Western Australia"
2017-11-28,3.5312083740474725,58.78563379676956,Kununurra,"Kimberley, Western Australia"
2017-11-29,0.0,58.78563379676956,Kununurra,"Kimberley, Western Australia"
2017-11-30,5.646303164062992,58.78563379676956,Kununurra,"Kimberley, Western Australia"
2017-12-01,0.0,48.17613966130383,Kununurra,"Kimberley, Western Australia"
2017-12-02,0.0,48.17613966130383,Kununurra,"Kimberley, Western Australia"
2017-12-03,0.0,48.17613966130383,Kununurra,"Kimberley, Western Australia"
2017-12-04,0.0,48.17613966130383,Kununurra,"Kimberley, Western Australia"
2017-12-05,0.0,48.17613966130383,Kununurra,"Kimberley, Western Australia"
2017-12-06,0.0,48.17613966130383,Kununurra,"Kimberley, Western Australia"
2017-12-07,2.9477467755306415,48.17613966130383,Kununurra,"Kimberley, Western Australia"
2017-12-08,10.253505397706014,48.17613966130383,Kununurra,"Kimberley, Western Australia"
2017-12-09,5.096740149892106,48.17613966130383,Kununurra,"Kimberley, Western Australia"
2017-12-10,0.0,48.17613966130383,Kununurra,"Kimberley, Western Australia"
2017-12-11,0.0,48.17613966130383,Kununurra,"Kimberley, Western Australia"
2017-12-12,5.526097019952551,48.17613966130383,Kununurra,"Kimberley, Western Australia"
2017-12-13,10.578540789251116,48.17613966130383,Kununurra,"Kimberley, Western Australia"
2017-12-14,0.0,48.17613966130383,Kununurra,"Kimberley, Western Australia"
2017-12-15,0.0,48.17613966130383,Kununurra,"Kimberley, Western Australia"
2017-12-16,0.0,48.17613966130383,Kununurra,"Kimberley, Western Australia"
2017-12-17,0.0,48.17613966130383,Kununurra,"Kimberley, Western Australia"
2017-12-18,0.0,48.17613966130383,Kununurra,"Kimberley, Western Australia"
2017-12-19,0.0,48.17613966130383,Kununurra,"Kimberley, Western Australia"
2017-12-20,0.0,48.17613966130383,Kununurra,"Kimberley, Western Australia"
2017-12-21,0.0,48.17613966130383,Kununurra,"Kimberley, Western Australia"
2017-12-22,0.0,48.17613966130383,Kununurra,"Kimberley, Western Australia"
2017-12-23,2.131504423866953,48.17613966130383,Kununurra,"Kimberley, Western Australia"
2017-12-24,3.672199606019765,48.17613966130383,Kununurra,"Kimberley, Western Australia"
2017-12-25,0.0,48.17613966130383,Kununurra,"Kimberley, Western Australia"
2017-12-26,7.96980549908468,48.17613966130383,Kununurra,"Kimberley, Western Australia"
2017-12-27,0.0,48.17613966130383,Kununurra,"Kimberley, Western Australia"
2017-12-28,0.0,48.17613966130383,Kununurra,"Kimberley, Western Australia"
2017-12-29,0.0,48.17613966130383,Kununurra,"Kimberley, Western Australia"
2017-12-30,0.0,48.17613966130383,Kununurra,"Kimberley, Western Australia"
2017-12-31,0.0,48.17613966130383,Kununurra,"Kimberley, Western Australia"
2018-01-01,0.0,41.70414883453784,Kununurra,"Kimberley, Western Australia"
2018-01-02,2.257337089856275,41.70414883453784,Kununurra,"Kimberley, Western Australia"
2018-01-03,0.0,41.70414883453784,Kununurra,"Kimberley, Western Australia"
2018-01-04,0.0,41.70414883453784,Kununurra,"Kimberley, Western Australia"
2018-01-05,10.357462636506302,41.70414883453784,Kununurra,"Kimberley, Western Australia"
2018-01-06,0.0,41.70414883453784,Kununurra,"Kimberley, Western Australia"
2018-01-07,0.0,41.70414883453784,Kununurra,"Kimberley, Western Australia"
2018-01-08,0.0,41.70414883453784,Kununurra,"Kimberley, Western Australia"
2018-01-09,10.929100501791059,41.70414883453784,Kununurra,"Kimberley, Western Australia"
2018-01-10,3.2925176719451708,41.70414883453784,Kununurra,"Kimberley, Western Australia"
2018-01-11,0.0,41.70414883453784,Kununurra,"Kimberley, Western Australia"
2018-01-12,0.0,41.70414883453784,Kununurra,"Kimberley, Western Australia"
2018-01-13,0.0,41.70414883453784,Kununurra,"Kimberley, Western Australia"
2018-01-14,0.0,41.70414883453784,Kununurra,"Kimberley, Western Australia"
2018-01-15,0.0,41.70414883453784,Kununurra,"Kimberley, Western Australia"
2018-01-16,0.0,41.70414883453784,Kununurra,"Kimberley, Western Australia"
2018-01-17,0.0,41.70414883453784,Kununurra,"Kimberley, Western Australia"
2018-01-18,0.0,41.70414883453784,Kununurra,"Kimberley, Western Australia"
2018-01-19,0.0,41.70414883453784,Kununurra,"Kimberley, Western Australia"
2018-01-20,6.97342102346267,41.70414883453784,Kununurra,"Kimberley, Western Australia"
2018-01-21,0.0,41.70414883453784,Kununurra,"Kimberley, Western Australia"
2018-01-22,4.9793151247304674,41.70414883453784,Kununurra,"Kimberley, Western Australia"
2018-01-23,0.0,41.70414883453784,Kununurra,"Kimberley, Western Australia"
2018-01-24,0.0,41.70414883453784,Kununurra,"Kimberley, Western Australia"
2018-01-25,2.9149947862458934,41.70414883453784,Kununurra,"Kimberley, Western Australia"
2018-01-26,0.0,41.70414883453784,Kununurra,"Kimberley, Western Australia"
2018-01-27,0.0,41.70414883453784,Kununurra,"Kimberley, Western Australia"
2018-01-28,0.0,41.70414883453784,Kununurra,"Kimberley, Western Australia"
2018-01-29,0.0,41.70414883453784,Kununurra,"Kimberley, Western Australia"
2018-01-30,0.0,41.70414883453784,Kununurra,"Kimberley, Western Australia"
2018-01-31,0.0,41.70414883453784,Kununurra,"Kimberley, Western Australia"
2018-02-01,5.06611079497735,68.6369836972858,Kununurra,"Kimberley, Western Australia"
2018-02-02,0.0,68.6369836972858,Kununurra,"Kimberley, Western Australia"
2018-02-03,0.0,68.6369836972858,Kununurra,"Kimberley, Western Australia"
2018-02-04,0.0,68.6369836972858,Kununurra,"Kimberley, Western Australia"
2018-02-05,3.4005159416781137,68.6369836972858,Kununurra,"Kimberley, Western Australia"
2018-02-06,4.84024952225956,68.6369836972858,Kununurra,"Kimberley, Western Australia"
2018-02-07,0.0,68.6369836972858,Kununurra,"Kimberley, Western Australia"
2018-02-08,4.500920072364449,68.6369836972858,Kununurra,"Kimberley, Western Australia"
2018-02-09,0.0,68.6369836972858,Kununurra,"Kimberley, Western Australia"
2018-02-10,0.0,68.6369836972858,Kununurra,"Kimberley, Western Australia"
2018-02-11,7.863578953539289,68.6369836972858,Kununurra,"Kimberley, Western Australia"
2018-02-12,2.467148506773786,68.6369836972858,Kununurra,"Kimberley, Western Australia"
2018-02-13,1.5167860741312893,68.6369836972858,Kununurra,"Kimberley, Western Australia"
2018-02-14,0.0,68.6369836972858,Kununurra,"Kimberley, Western Australia"
2018-02-15,6.067214928215508,68.6369836972858,Kununurra,"Kimberley, Western Australia"
2018-02-16,0.0,68.6369836972858,Kununurra,"Kimberley, Western Australia"
2018-02-17,1.7399709050159458,68.6369836972858,Kununurra,"Kimberley, Western Australia"
2018-02-18,11.231382558512227,68.6369836972858,Kununurra,"Kimberley, Western Australia"
2018-02-19,3.4275769424796563,68.6369836972858,Kununurra,"Kimberley, Western Australia"
2018-02-20,16.515528497338625,68.6369836972858,Kununurra,"Kimberley, Western Australia"
2018-02-21,0.0,68.6369836972858,Kununurra,"Kimberley, Western Australia"
2018-02-22,0.0,68.6369836972858,Kununurra,"Kimberley, Western Australia"
2018-02-23,0.0,68.6369836972858,Kununurra,"Kimberley, Western Australia"
2018-02-24,0.0,68.6369836972858,Kununurra,"Kimberley, Western Australia"
2018-02-25,0.0,68.6369836972858,Kununurra,"Kimberley, Western Australia"
2018-02-26,0.0,68.6369836972858,Kununurra,"Kimberley, Western Australia"
2018-02-27,0.0,68.6369836972858,Kununurra,"Kimberley, Western Australia"
2018-02-28,0.0,68.6369836972858,Kununurra,"Kimberley, Western Australia"
2018-03-01,0.0,64.67807361676915,Kununurra,"Kimberley, Western Australia"
2018-03-02,0.0,64.67807361676915,Kununurra,"Kimberley, Western Australia"
2018-03-03,0.0,64.67807361676915,Kununurra,"Kimberley, Western Australia"
2018-03-04,0.0,64.67807361676915,Kununurra,"Kimberley, Western Australia"
2018-03-05,12.785261469104732,64.67807361676915,Kununurra,"Kimberley, Western Australia"
2018-03-06,0.0,64.67807361676915,Kununurra,"Kimberley, Western Australia"
2018-03-07,0.6520693169392457,64.67807361676915,Kununurra,"Kimberley, Western Australia"
2018-03-08,10.022215814205156,64.67807361676915,Kununurra,"Kimberley, Western Australia"
2018-03-09,0.0,64.67807361676915,Kununurra,"Kimberley, Western Australia"
2018-03-10,0.0,64.67807361676915,Kununurra,"Kimberley, Western Australia"
2018-03-11,0.0,64.67807361676915,Kununurra,"Kimberley, Western Australia"
2018-03-12,0.0,64.67807361676915,Kununurra,"Kimberley, Western Australia"
2018-03-13,0.0,64.67807361676915,Kununurra,"Kimberley, Western Australia"
2018-03-14,0.0,64.67807361676915,Kununurra,"Kimberley, Western Australia"
2018-03-15,7.832273630258234,64.67807361676915,Kununurra,"Kimberley, Western Australia"
2018-03-16,0.0,64.67807361676915,Kununurra,"Kimberley, Western Australia"
2018-03-17,0.0,64.67807361676915,Kununurra,"Kimberley, Western Australia"
2018-03-18,6.502291523999192,64.67807361676915,Kununurra,"Kimberley, Western Australia"
2018-03-19,0.0,64.67807361676915,Kununurra,"Kimberley, Western Australia"
2018-03-20,0.0,64.67807361676915,Kununurra,"Kimberley, Western Australia"
2018-03-21,12.059848863472903,64.67807361676915,Kununurra,"Kimberley, Western Australia"
2018-03-22,6.42024421904821,64.67807361676915,Kununurra,"Kimberley, Western Australia"
2018-03-23,7.061743593752567,64.67807361676915,Kununurra,"Kimberley, Western Australia"
2018-03-24,0.0,64.67807361676915,Kununurra,"Kimberley, Western Australia"
2018-03-25,0.0,64.67807361676915,Kununurra,"Kimberley, Western Australia"
2018-03-26,0.0,64.67807361676915,Kununurra,"Kimberley, Western Australia"
2018-03-27,1.3421251859889163,64.67807361676915,Kununurra,"Kimberley, Western Australia"
2018-03-28,0.0,64.67807361676915,Kununurra,"Kimberley, Western Australia"
2018-03-29,0.0,64.67807361676915,Kununurra,"Kimberley, Western Australia"
2018-03-30,0.0,64.67807361676915,Kununurra,"Kimberley, Western Australia"
2018-03-31,0.0,64.67807361676915,Kununurra,"Kimberley, Western Australia"
2018-04-01,0.0,44.037593440540206,Kununurra,"Kimberley, Western Australia"
2018-04-02,0.0,44.037593440540206,Kununurra,"Kimberley, Western Australia"
2018-04-03,3.641183249435417,44.037593440540206,Kununurra,"Kimberley, Western Australia"
2018-04-04,0.0,44.037593440540206,Kununurra,"Kimberley, Western Australia"
2018-04-05,0.0,44.037593440540206,Kununurra,"Kimberley, Western Australia"
2018-04-06,6.938241704603967,44.037593440540206,Kununurra,"Kimberley, Western Australia"
2018-04-07,0.0,44.037593440540206,Kununurra,"Kimberley, Western Australia"
2018-04-08,8.258132967122135,44.037593440540206,Kununurra,"Kimberley, Western Australia"
2018-04-09,0.0,44.037593440540206,Kununurra,"Kimberley, Western Australia"
2018-04-10,0.0,44.037593440540206,Kununurra,"Kimberley, Western Australia"
2018-04-11,0.0,44.037593440540206,Kununurra,"Kimberley, Western Australia"
2018-04-12,0.0,44.037593440540206,Kununurra,"Kimberley, Western Australia"
2018-04-13,0.0,44.037593440540206,Kununurra,"Kimberley, Western Australia"
2018-04-14,0.0,44.037593440540206,Kununurra,"Kimberley, Western Australia"
2018-04-15,0.0,44.037593440540206,Kununurra,"Kimberley, Western Australia"
2018-04-16,0.0,44.037593440540206,Kununurra,"Kimberley, Western Australia"
2018-04-17,0.0,44.037593440540206,Kununurra,"Kimberley, Western Australia"
2018-04-18,4.47665382931874,44.037593440540206,Kununurra,"Kimberley, Western Australia"
2018-04-19,0.0,44.037593440540206,Kununurra,"Kimberley, Western Australia"
2018-04-20,0.0,44.037593440540206,Kununurra,"Kimberley, Western Australia"
2018-04-21,0.0,44.037593440540206,Kununurra,"Kimberley, Western Australia"
2018-04-22,0.0,44.037593440540206,Kununurra,"Kimberley, Western Australia"
2018-04-23,0.0,44.037593440540206,Kununurra,"Kimberley, Western Australia"
2018-04-24,0.0,44.037593440540206,Kununurra,"Kimberley, Western Australia"
2018-04-25,9.74756999148292,44.037593440540206,Kununurra,"Kimberley, Western Australia"
2018-04-26,5.765069214073292,44.037593440540206,Kununurra,"Kimberley, Western Australia"
2018-04-27,5.21074248450374,44.037593440540206,Kununurra,"Kimberley, Western Australia"
2018-04-28,0.0,44.037593440540206,Kununurra,"Kimberley, Western Australia"
2018-04-29,0.0,44.037593440540206,Kununurra,"Kimberley, Western Australia"
2018-04-30,0.0,44.037593440540206,Kununurra,"Kimberley, Western Australia"
2018-05-01,0.0,15.157438688918361,Kununurra,"Kimberley, Western Australia"
2018-05-02,4.467859145598344,15.157438688918361,Kununurra,"Kimberley, Western Australia"
2018-05-03,0.0,15.157438688918361,Kununurra,"Kimberley, Western Australia"
2018-05-04,0.0,15.157438688918361,Kununurra,"Kimberley, Western Australia"
2018-05-05,0.0,15.157438688918361,Kununurra,"Kimberley, Western Australia"
2018-05-06,0.0,15.157438688918361,Kununurra,"Kimberley, Western Australia"
2018-05-07,7.848846064791285,15.157438688918361,Kununurra,"Kimberley, Western Australia"
2018-05-08,0.0,15.157438688918361,Kununurra,"Kimberley, Western Australia"
2018-05-09,0.0,15.157438688918361,Kununurra,"Kimberley, Western Australia"
2018-05-10,0.0,15.157438688918361,Kununurra,"Kimberley, Western Australia"
2018-05-11,0.0,15.157438688918361,Kununurra,"Kimberley, Western Australia"
2018-05-12,0.0,15.157438688918361,Kununurra,"Kimberley, Western Australia"
2018-05-13,0.0,15.157438688918361,Kununurra,"Kimberley, Western Australia"
2018-05-14,0.0,15.157438688918361,Kununurra,"Kimberley, Western Australia"
2018-05-15,0.0,15.157438688918361,Kununurra,"Kimberley, Western Australia"
2018-05-16,0.5163866542534419,15.157438688918361,Kununurra,"Kimberley, Western Australia"
2018-05-17,2.3243468242752896,15.157438688918361,Kununurra,"Kimberley, Western Australia"
2018-05-18,0.0,15.157438688918361,Kununurra,"Kimberley, Western Australia"
2018-05-19,0.0,15.157438688918361,Kununurra,"Kimberley, Western Australia"
2018-05-20,0.0,15.157438688918361,Kununurra,"Kimberley, Western Australia"
2018-05-21,0.0,15.157438688918361,Kununurra,"Kimberley, Western Australia"
2018-05-22,0.0,15.157438688918361,Kununurra,"Kimberley, Western Australia"
2018-05-23,0.0,15.157438688918361,Kununurra,"Kimberley, Western Australia"
2018-05-24,0.0,15.157438688918361,Kununurra,"Kimberley, Western Australia"
2018-05-25,0.0,15.157438688918361,Kununurra,"Kimberley, Western Australia"
2018-05-26,0.0,15.157438688918361,Kununurra,"Kimberley, Western Australia"
2018-05-27,0.0,15.157438688918361,Kununurra,"Kimberley, Western Australia"
2018-05-28,0.0,15.157438688918361,Kununurra,"Kimberley, Western Australia"
2018-05-29,0.0,15.157438688918361,Kununurra,"Kimberley, Western Australia"
2018-05-30,0.0,15.157438688918361,Kununurra,"Kimberley, Western Australia"
2018-05-31,0.0,15.157438688918361,Kununurra,"Kimberley, Western Australia"
2018-06-01,0.0,41.48017709205749,Kununurra,"Kimberley, Western Australia"
2018-06-02,4.8877542268969405,41.48017709205749,Kununurra,"Kimberley, Western Australia"
2018-06-03,0.0,41.48017709205749,Kununurra,"Kimberley, Western Australia"
2018-06-04,0.0,41.48017709205749,Kununurra,"Kimberley, Western Australia"
2018-06-05,0.0,41.48017709205749,Kununurra,"Kimberley, Western Australia"
2018-06-06,0.0,41.48017709205749,Kununurra,"Kimberley, Western Australia"
2018-06-07,0.0,41.48017709205749,Kununurra,"Kimberley, Western Australia"
2018-06-08,0.0,41.48017709205749,Kununurra,"Kimberley, Western Australia"
2018-06-09,0.0,41.48017709205749,Kununurra,"Kimberley, Western Australia"
2018-06-10,0.0,41.48017709205749,Kununurra,"Kimberley, Western Australia"
2018-06-11,2.784888255789107,41.48017709205749,Kununurra,"Kimberley, Western Australia"
2018-06-12,2.7738517884676703,41.48017709205749,Kununurra,"Kimberley, Western Australia"
2018-06-13,0.0,41.48017709205749,Kununurra,"Kimberley, Western Australia"
2018-06-14,0.0,41.48017709205749,Kununurra,"Kimberley, Western Australia"
2018-06-15,5.422487174982649,41.48017709205749,Kununurra,"Kimberley, Western Australia"
2018-06-16,0.0,41.48017709205749,Kununurra,"Kimberley, Western Australia"
2018-06-17,0.0,41.48017709205749,Kununurra,"Kimberley, Western Australia"
2018-06-18,0.0,41.48017709205749,Kununurra,"Kimberley, Western Australia"
2018-06-19,1.2921607003060032,41.48017709205749,Kununurra,"Kimberley, Western Australia"
2018-06-20,0.0,41.48017709205749,Kununurra,"Kimberley, Western Australia"
2018-06-21,3.0281111856283425,41.48017709205749,Kununurra,"Kimberley, Western Australia"
2018-06-22,0.0,41.48017709205749,Kununurra,"Kimberley, Western Australia"
2018-06-23,0.0,41.48017709205749,Kununurra,"Kimberley, Western Australia"
2018-06-24,2.8294952020878257,41.48017709205749,Kununurra,"Kimberley, Western Australia"
2018-06-25,0.0,41.48017709205749,Kununurra,"Kimberley, Western Australia"
2018-06-26,0.0,41.48017709205749,Kununurra,"Kimberley, Western Australia"
2018-06-27,4.884219756196232,41.48017709205749,Kununurra,"Kimberley, Western Australia"
2018-06-28,0.0,41.48017709205749,Kununurra,"Kimberley, Western Australia"
2018-06-29,12.95342025916381,41.48017709205749,Kununurra,"Kimberley, Western Australia"
2018-06-30,0.6237885425389083,41.48017709205749,Kununurra,"Kimberley, Western Australia"
2018-07-01,7.20599720548241,41.31201165489686,Kununurra,"Kimberley, Western Australia"
2018-07-02,0.0,41.31201165489686,Kununurra,"Kimberley, Western Australia"
2018-07-03,0.0,41.31201165489686,Kununurra,"Kimberley, Western Australia"
2018-07-04,2.615516782884126,41.31201165489686,Kununurra,"Kimberley, Western Australia"
2018-07-05,10.271223662197057,41.31201165489686,Kununurra,"Kimberley, Western Australia"
2018-07-06,0.0,41.31201165489686,Kununurra,"Kimberley, Western Australia"
2018-07-07,0.0,41.31201165489686,Kununurra,"Kimberley, Western Australia"
2018-07-08,0.0,41.31201165489686,Kununurra,"Kimberley, Western Australia"
2018-07-09,0.0,41.31201165489686,Kununurra,"Kimberley, Western Australia"
2018-07-10,0.0,41.31201165489686,Kununurra,"Kimberley, Western Australia"
2018-07-11,0.0,41.31201165489686,Kununurra,"Kimberley, Western Australia"
2018-07-12,0.0,41.31201165489686,Kununurra,"Kimberley, Western Australia"
2018-07-13,0.0,41.31201165489686,Kununurra,"Kimberley, Western Australia"
2018-07-14,3.4973067077850217,41.31201165489686,Kununurra,"Kimberley, Western Australia"
2018-07-15,5.277396772574497,41.31201165489686,Kununurra,"Kimberley, Western Australia"
2018-07-16,0.0,41.31201165489686,Kununurra,"Kimberley, Western Australia"
2018-07-17,0.0,41.31201165489686,Kununurra,"Kimberley, Western Australia"
2018-07-18,0.0,41.31201165489686,Kununurra,"Kimberley, Western Australia"
2018-07-19,0.0,41.31201165489686,Kununurra,"Kimberley, Western Australia"
2018-07-20,0.0,41.31201165489686,Kununurra,"Kimberley, Western Australia"
2018-07-21,0.0,41.31201165489686,Kununurra,"Kimberley, Western Australia"
2018-07-22,0.0,41.31201165489686,Kununurra,"Kimberley, Western Australia"
2018-07-23,0.0,41.31201165489686,Kununurra,"Kimberley, Western Australia"
2018-07-24,9.126479715986017,41.31201165489686,Kununurra,"Kimberley, Western Australia"
2018-07-25,0.0,41.31201165489686,Kununurra,"Kimberley, Western Australia"
2018-07-26,0.0,41.31201165489686,Kununurra,"Kimberley, Western Australia"
2018-07-27,0.0,41.31201165489686,Kununurra,"Kimberley, Western Australia"
2018-07-28,2.8955573274200024,41.31201165489686,Kununurra,"Kimberley, Western Australia"
2018-07-29,0.0,41.31201165489686,Kununurra,"Kimberley, Western Australia"
2018-07-30,0.4225334805677289,41.31201165489686,Kununurra,"Kimberley, Western Australia"
2018-07-31,0.0,41.31201165489686,Kununurra,"Kimberley, Western Australia"
2018-08-01,0.0,63.402603859179685,Kununurra,"Kimberley, Western Australia"
2018-08-02,0.0,63.402603859179685,Kununurra,"Kimberley, Western Australia"
2018-08-03,0.0,63.402603859179685,Kununurra,"Kimberley, Western Australia"
2018-08-04,0.0,63.402603859179685,Kununurra,"Kimberley, Western Australia"
2018-08-05,0.0,63.402603859179685,Kununurra,"Kimberley, Western Australia"
2018-08-06,0.0,63.402603859179685,Kununurra,"Kimberley, Western Australia"
2018-08-07,17.370124373211667,63.402603859179685,Kununurra,"Kimberley, Western Australia"
2018-08-08,0.0,63.402603859179685,Kununurra,"Kimberley, Western Australia"
2018-08-09,0.0,63.402603859179685,Kununurra,"Kimberley, Western Australia"
2018-08-10,0.0,63.402603859179685,Kununurra,"Kimberley, Western Australia"
2018-08-11,2.7308214218911084,63.402603859179685,Kununurra,"Kimberley, Western Australia"
2018-08-12,0.12009104039979665,63.402603859179685,Kununurra,"Kimberley, Western Australia"
2018-08-13,0.40760372171083414,63.402603859179685,Kununurra,"Kimberley, Western Australia"
2018-08-14,0.0,63.402603859179685,Kununurra,"Kimberley, Western Australia"
2018-08-15,6.51735917656025,63.402603859179685,Kununurra,"Kimberley, Western Australia"
2018-08-16,0.0,63.402603859179685,Kununurra,"Kimberley, Western Australia"
2018-08-17,0.0,63.402603859179685,Kununurra,"Kimberley, Western Australia"
2018-08-18,0.0,63.402603859179685,Kununurra,"Kimberley, Western Australia"
2018-08-19,6.324511840227309,63.402603859179685,Kununurra,"Kimberley, Western Australia"
2018-08-20,2.3407762962620713,63.402603859179685,Kununurra,"Kimberley, Western Australia"
2018-08-21,0.0,63.402603859179685,Kununurra,"Kimberley, Western Australia"
2018-08-22,0.0,63.402603859179685,Kununurra,"Kimberley, Western Australia"
2018-08-23,0.0,63.402603859179685,Kununurra,"Kimberley, Western Australia"
2018-08-24,0.7694947269787382,63.402603859179685,Kununurra,"Kimberley, Western Australia"
2018-08-25,0.0,63.402603859179685,Kununurra,"Kimberley, Western Australia"
2018-08-26,0.0,63.402603859179685,Kununurra,"Kimberley, Western Australia"
2018-08-27,0.0,63.402603859179685,Kununurra,"Kimberley, Western Australia"
2018-08-28,0.0,63.402603859179685,Kununurra,"Kimberley, Western Australia"
2018-08-29,5.354677794132306,63.402603859179685,Kununurra,"Kimberley, Western Australia"
2018-08-30,0.0,63.402603859179685,Kununurra,"Kimberley, Western Australia"
2018-08-31,21.467143467805606,63.402603859179685,Kununurra,"Kimberley, Western Australia"
2018-09-01,17.419164676119173,90.7535934792637,Kununurra,"Kimberley, Western Australia"
2018-09-02,0.0,90.7535934792637,Kununurra,"Kimberley, Western Australia"
2018-09-03,10.135663951235603,90.7535934792637,Kununurra,"Kimberley, Western Australia"
2018-09-04,0.0,90.7535934792637,Kununurra,"Kimberley, Western Australia"
2018-09-05,4.227589396392835,90.7535934792637,Kununurra,"Kimberley, Western Australia"
2018-09-06,0.0,90.7535934792637,Kununurra,"Kimberley, Western Australia"
2018-09-07,0.0,90.7535934792637,Kununurra,"Kimberley, Western Australia"
2018-09-08,0.0,90.7535934792637,Kununurra,"Kimberley, Western Australia"
2018-09-09,0.0,90.7535934792637,Kununurra,"Kimberley, Western Australia"
2018-09-10,0.0,90.7535934792637,Kununurra,"Kimberley, Western Australia"
2018-09-11,7.916198825931492,90.7535934792637,Kununurra,"Kimberley, Western Australia"
2018-09-12,20.398567050959265,90.7535934792637,Kununurra,"Kimberley, Western Australia"
2018-09-13,0.0,90.7535934792637,Kununurra,"Kimberley, Western Australia"
2018-09-14,6.568994656308613,90.7535934792637,Kununurra,"Kimberley, Western Australia"
2018-09-15,0.0,90.7535934792637,Kununurra,"Kimberley, Western Australia"
2018-09-16,0.0,90.7535934792637,Kununurra,"Kimberley, Western Australia"
2018-09-17,0.5506275773241288,90.7535934792637,Kununurra,"Kimberley, Western Australia"
2018-09-18,0.0,90.7535934792637,Kununurra,"Kimberley, Western Australia"
2018-09-19,7.846228065460288,90.7535934792637,Kununurra,"Kimberley, Western Australia"
2018-09-20,0.0,90.7535934792637,Kununurra,"Kimberley, Western Australia"
2018-09-21,0.0,90.7535934792637,Kununurra,"Kimberley, Western Australia"
2018-09-22,8.39874943163126,90.7535934792637,Kununurra,"Kimberley, Western Australia"
2018-09-23,0.0,90.7535934792637,Kununurra,"Kimberley, Western Australia"
2018-09-24,7.291809847901037,90.7535934792637,Kununurra,"Kimberley, Western Australia"
2018-09-25,0.0,90.7535934792637,Kununurra,"Kimberley, Western Australia"
2018-09-26,0.0,90.7535934792637,Kununurra,"Kimberley, Western Australia"
2018-09-27,0.0,90.7535934792637,Kununurra,"Kimberley, Western Australia"
2018-09-28,0.0,90.7535934792637,Kununurra,"Kimberley, Western Australia"
2018-09-29,0.0,90.7535934792637,Kununurra,"Kimberley, Western Australia"
2018-09-30,0.0,90.7535934792637,Kununurra,"Kimberley, Western Australia"
2018-10-01,0.0,58.348570936685185,Kununurra,"Kimberley, Western Australia"
2018-10-02,0.0,58.348570936685185,Kununurra,"Kimberley, Western Australia"
2018-10-03,0.0,58.348570936685185,Kununurra,"Kimberley, Western Australia"
2018-10-04,0.0,58.348570936685185,Kununurra,"Kimberley, Western Australia"
2018-10-05,0.0,58.348570936685185,Kununurra,"Kimberley, Western Australia"
2018-10-06,2.265471471691773,58.348570936685185,Kununurra,"Kimberley, Western Australia"
2018-10-07,11.8122290374931,58.348570936685185,Kununurra,"Kimberley, Western Australia"
2018-10-08,8.218798989999788,58.348570936685185,Kununurra,"Kimberley, Western Australia"
2018-10-09,0.0,58.348570936685185,Kununurra,"Kimberley, Western Australia"
2018-10-10,0.0,58.348570936685185,Kununurra,"Kimberley, Western Australia"
2018-10-11,0.0,58.348570936685185,Kununurra,"Kimberley, Western Australia"
2018-10-12,0.0,58.348570936685185,Kununurra,"Kimberley, Western Australia"
2018-10-13,0.0,58.348570936685185,Kununurra,"Kimberley, Western Australia"
2018-10-14,0.0,58.348570936685185,Kununurra,"Kimberley, Western Australia"
2018-10-15,0.0,58.348570936685185,Kununurra,"Kimberley, Western Australia"
2018-10-16,17.886785028028825,58.348570936685185,Kununurra,"Kimberley, Western Australia"
2018-10-17,9.005789902591866,58.348570936685185,Kununurra,"Kimberley, Western Australia"
2018-10-18,0.0,58.348570936685185,Kununurra,"Kimberley, Western Australia"
2018-10-19,0.0,58.348570936685185,Kununurra,"Kimberley, Western Australia"
2018-10-20,0.0,58.348570936685185,Kununurra,"Kimberley, Western Australia"
2018-10-21,0.0,58.348570936685185,Kununurra,"Kimberley, Western Australia"
2018-10-22,0.0,58.348570936685185,Kununurra,"Kimberley, Western Australia"
2018-10-23,5.16971621270121,58.348570936685185,Kununurra,"Kimberley, Western Australia"
2018-10-24,0.0,58.348570936685185,Kununurra,"Kimberley, Western Australia"
2018-10-25,0.0,58.348570936685185,Kununurra,"Kimberley, Western Australia"
2018-10-26,0.0,58.348570936685185,Kununurra,"Kimberley, Western Australia"
2018-10-27,0.0,58.348570936685185,Kununurra,"Kimberley, Western Australia"
2018-10-28,0.0,58.348570936685185,Kununurra,"Kimberley, Western Australia"
2018-10-29,0.0,58.348570936685185,Kununurra,"Kimberley, Western Australia"
2018-10-30,3.989780294178619,58.348570936685185,Kununurra,"Kimberley, Western Australia"
2018-10-31,0.0,58.348570936685185,Kununurra,"Kimberley, Western Australia"
2018-11-01,0.0,55.22123867879921,Kununurra,"Kimberley, Western Australia"
2018-11-02,5.31869408092544,55.22123867879921,Kununurra,"Kimberley, Western Australia"
2018-11-03,0.0,55.22123867879921,Kununurra,"Kimberley, Western Australia"
2018-11-04,4.1335446306435335,55.22123867879921,Kununurra,"Kimberley, Western Australia"
2018-11-05,0.0,55.22123867879921,Kununurra,"Kimberley, Western Australia"
2018-11-06,0.0,55.22123867879921,Kununurra,"Kimberley, Western Australia"
2018-11-07,5.9755197153937285,55.22123867879921,Kununurra,"Kimberley, Western Australia"
2018-11-08,10.60279966788216,55.22123867879921,Kununurra,"Kimberley, Western Australia"
2018-11-09,0.0,55.22123867879921,Kununurra,"Kimberley, Western Australia"
2018-11-10,0.0,55.22123867879921,Kununurra,"Kimberley, Western Australia"
2018-11-11,0.0,55.22123867879921,Kununurra,"Kimberley, Western Australia"
2018-11-12,0.0,55.22123867879921,Kununurra,"Kimberley, Western Australia"
2018-11-13,0.0,55.22123867879921,Kununurra,"Kimberley, Western Australia"
2018-11-14,10.349307817751857,55.22123867879921,Kununurra,"Kimberley, Western Australia"
2018-11-15,0.5935311543610624,55.22123867879921,Kununurra,"Kimberley, Western Australia"
2018-11-16,0.0,55.22123867879921,Kununurra,"Kimberley, Western Australia"
2018-11-17,2.957633867785228,55.22123867879921,Kununurra,"Kimberley, Western Australia"
2018-11-18,9.404602092223902,55.22123867879921,Kununurra,"Kimberley, Western Australia"
2018-11-19,0.0,55.22123867879921,Kununurra,"Kimberley, Western Australia"
2018-11-20,0.0,55.22123867879921,Kununurra,"Kimberley, Western Australia"
2018-11-21,0.0,55.22123867879921,Kununurra,"Kimberley, Western Australia"
2018-11-22,0.0,55.22123867879921,Kununurra,"Kimberley, Western Australia"
2018-11-23,0.0,55.22123867879921,Kununurra,"Kimberley, Western Australia"
2018-11-24,0.0,55.22123867879921,Kununurra,"Kimberley, Western Australia"
2018-11-25,0.0,55.22123867879921,Kununurra,"Kimberley, Western Australia"
2018-11-26,0.0,55.22123867879921,Kununurra,"Kimberley, Western Australia"
2018-11-27,0.0,55.22123867879921,Kununurra,"Kimberley, Western Australia"
2018-11-28,0.0,55.22123867879921,Kununurra,"Kimberley, Western Australia"
2018-11-29,5.885605651832301,55.22123867879921,Kununurra,"Kimberley, Western Australia"
2018-11-30,0.0,55.22123867879921,Kununurra,"Kimberley, Western Australia"
2018-12-01,0.0,65.31108458457739,Kununurra,"Kimberley, Western Australia"
2018-12-02,0.0,65.31108458457739,Kununurra,"Kimberley, Western Australia"
2018-12-03,0.0,65.31108458457739,Kununurra,"Kimberley, Western Australia"
2018-12-04,0.0,65.31108458457739,Kununurra,"Kimberley, Western Australia"
2018-12-05,0.0,65.31108458457739,Kununurra,"Kimberley, Western Australia"
2018-12-06,6.147275495096901,65.31108458457739,Kununurra,"Kimberley, Western Australia"
2018-12-07,0.0,65.31108458457739,Kununurra,"Kimberley, Western Australia"
2018-12-08,0.0,65.31108458457739,Kununurra,"Kimberley, Western Australia"
2018-12-09,0.0,65.31108458457739,Kununurra,"Kimberley, Western Australia"
2018-12-10,0.0,65.31108458457739,Kununurra,"Kimberley, Western Australia"
2018-12-11,0.0,65.31108458457739,Kununurra,"Kimberley, Western Australia"
2018-12-12,0.0,65.31108458457739,Kununurra,"Kimberley, Western Australia"
2018-12-13,0.0,65.31108458457739,Kununurra,"Kimberley, Western Australia"
2018-12-14,2.19366477188451,65.31108458457739,Kununurra,"Kimberley, Western Australia"
2018-12-15,3.3858400504458186,65.31108458457739,Kununurra,"Kimberley, Western Australia"
2018-12-16,3.3848982925603353,65.31108458457739,Kununurra,"Kimberley, Western Australia"
2018-12-17,0.0,65.31108458457739,Kununurra,"Kimberley, Western Australia"
2018-12-18,0.0,65.31108458457739,Kununurra,"Kimberley, Western Australia"
2018-12-19,4.934738892589581,65.31108458457739,Kununurra,"Kimberley, Western Australia"
2018-12-20,0.0,65.31108458457739,Kununurra,"Kimberley, Western Australia"
2018-12-21,9.832672953418685,65.31108458457739,Kununurra,"Kimberley, Western Australia"
2018-12-22,9.29370868443332,65.31108458457739,Kununurra,"Kimberley, Western Australia"
2018-12-23,0.0,65.31108458457739,Kununurra,"Kimberley, Western Australia"
2018-12-24,0.0,65.31108458457739,Kununurra,"Kimberley, Western Australia"
2018-12-25,0.0,65.31108458457739,Kununurra,"Kimberley, Western Australia"
2018-12-26,20.217182081300187,65.31108458457739,Kununurra,"Kimberley, Western Australia"
2018-12-27,0.5342575233967255,65.31108458457739,Kununurra,"Kimberley, Western Australia"
2018-12-28,0.0,65.31108458457739,Kununurra,"Kimberley, Western Australia"
2018-12-29,0.0,65.31108458457739,Kununurra,"Kimberley, Western Australia"
2018-12-30,5.3868458394513254,65.31108458457739,Kununurra,"Kimberley, Western Australia"
2018-12-31,0.0,65.31108458457739,Kununurra,"Kimberley, Western Australia"
2019-01-01,0.0,52.864204458370985,Kununurra,"Kimberley, Western Australia"
2019-01-02,0.0,52.864204458370985,Kununurra,"Kimberley, Western Australia"
2019-01-03,2.390640791853395,52.864204458370985,Kununurra,"Kimberley, Western Australia"
2019-01-04,5.720778723144763,52.864204458370985,Kununurra,"Kimberley, Western Australia"
2019-01-05,0.0,52.864204458370985,Kununurra,"Kimberley, Western Australia"
2019-01-06,2.2476257891871416,52.864204458370985,Kununurra,"Kimberley, Western Australia"
2019-01-07,0.0,52.864204458370985,Kununurra,"Kimberley, Western Australia"
2019-01-08,0.0,52.864204458370985,Kununurra,"Kimberley, Western Australia"
2019-01-09,3.353907662036487,52.864204458370985,Kununurra,"Kimberley, Western Australia"
2019-01-10,7.374817330878736,52.864204458370985,Kununurra,"Kimberley, Western Australia"
2019-01-11,3.3154469857765667,52.864204458370985,Kununurra,"Kimberley, Western Australia"
2019-01-12,0.0,52.864204458370985,Kununurra,"Kimberley, Western Australia"
2019-01-13,0.0,52.864204458370985,Kununurra,"Kimberley, Western Australia"
2019-01-14,0.0,52.864204458370985,Kununurra,"Kimberley, Western Australia"
2019-01-15,0.0,52.864204458370985,Kununurra,"Kimberley, Western Australia"
2019-01-16,0.0,52.864204458370985,Kununurra,"Kimberley, Western Australia"
2019-01-17,0.0,52.864204458370985,Kununurra,"Kimberley, Western Australia"
2019-01-18,0.0,52.864204458370985,Kununurra,"Kimberley, Western Australia"
2019-01-19,5.035153110244051,52.864204458370985,Kununurra,"Kimberley, Western Australia"
2019-01-20,0.0,52.864204458370985,Kununurra,"Kimberley, Western Australia"
2019-01-21,18.728737110353958,52.864204458370985,Kununurra,"Kimberley, Western Australia"
2019-01-22,0.0,52.864204458370985,Kununurra,"Kimberley, Western Australia"
2019-01-23,0.0,52.864204458370985,Kununurra,"Kimberley, Western Australia"
2019-01-24,0.0,52.864204458370985,Kununurra,"Kimberley, Western Australia"
2019-01-25,0.0,52.864204458370985,Kununurra,"Kimberley, Western Australia"
2019-01-26,0.0,52.864204458370985,Kununurra,"Kimberley, Western Australia"
2019-01-27,0.0,52.864204458370985,Kununurra,"Kimberley, Western Australia"
2019-01-28,4.697096954895885,52.864204458370985,Kununurra,"Kimberley, Western Australia"
2019-01-29,0.0,52.864204458370985,Kununurra,"Kimberley, Western Australia"
2019-01-30,0.0,52.864204458370985,Kununurra,"Kimberley, Western Australia"
2019-01-31,0.0,52.864204458370985,Kununurra,"Kimberley, Western Australia"
2019-02-01,0.0,81.8816907412108,Kununurra,"Kimberley, Western Australia"
2019-02-02,0.0,81.8816907412108,Kununurra,"Kimberley, Western Australia"
2019-02-03,3.4549479762757467,81.8816907412108,Kununurra,"Kimberley, Western Australia"
2019-02-04,0.0,81.8816907412108,Kununurra,"Kimberley, Western Australia"
2019-02-05,0.0,81.8816907412108,Kununurra,"Kimberley, Western Australia"
2019-02-06,9.53643086410493,81.8816907412108,Kununurra,"Kimberley, Western Australia"
2019-02-07,3.2101644407767207,81.8816907412108,Kununurra,"Kimberley, Western Australia"
2019-02-08,22.884041403301456,81.8816907412108,Kununurra,"Kimberley, Western Australia"
2019-02-09,0.5768943563695473,81.8816907412108,Kununurra,"Kimberley, Western Australia"
2019-02-10,0.0,81.8816907412108,Kununurra,"Kimberley, Western Australia"
2019-02-11,0.0,81.8816907412108,Kununurra,"Kimberley, Western Australia"
2019-02-12,6.541187621549161,81.8816907412108,Kununurra,"Kimberley, Western Australia"
2019-02-13,0.0,81.8816907412108,Kununurra,"Kimberley, Western Australia"
2019-02-14,0.0,81.8816907412108,Kununurra,"Kimberley, Western Australia"
2019-02-15,0.0,81.8816907412108,Kununurra,"Kimberley, Western Australia"
2019-02-16,0.0,81.8816907412108,Kununurra,"Kimberley, Western Australia"
2019-02-17,0.0,81.8816907412108,Kununurra,"Kimberley, Western Australia"
2019-02-18,16.244029441674073,81.8816907412108,Kununurra,"Kimberley, Western Australia"
2019-02-19,0.0,81.8816907412108,Kununurra,"Kimberley, Western Australia"
2019-02-20,0.0,81.8816907412108,Kununurra,"Kimberley, Western Australia"
2019-02-21,0.0,81.8816907412108,Kununurra,"Kimberley, Western Australia"
2019-02-22,7.9800329784163715,81.8816907412108,Kununurra,"Kimberley, Western Australia"
2019-02-23,3.43847170245696,81.8816907412108,Kununurra,"Kimberley, Western Australia"
2019-02-24,0.0,81.8816907412108,Kununurra,"Kimberley, Western Australia"
2019-02-25,0.0,81.8816907412108,Kununurra,"Kimberley, Western Australia"
2019-02-26,0.0,81.8816907412108,Kununurra,"Kimberley, Western Australia"
2019-02-27,3.9779194846774257,81.8816907412108,Kununurra,"Kimberley, Western Australia"
2019-02-28,4.037570471608413,81.8816907412108,Kununurra,"Kimberley, Western Australia"
2019-03-01,13.04671974641654,60.20322548295768,Kununurra,"Kimberley, Western Australia"
2019-03-02,0.0,60.20322548295768,Kununurra,"Kimberley, Western Australia"
2019-03-03,3.1326950631588417,60.20322548295768,Kununurra,"Kimberley, Western Australia"
2019-03-04,0.0,60.20322548295768,Kununurra,"Kimberley, Western Australia"
2019-03-05,0.0,60.20322548295768,Kununurra,"Kimberley, Western Australia"
2019-03-06,0.0,60.20322548295768,Kununurra,"Kimberley, Western Australia"
2019-03-07,0.0,60.20322548295768,Kununurra,"Kimberley, Western Australia"
2019-03-08,0.0,60.20322548295768,Kununurra,"Kimberley, Western Australia"
2019-03-09,0.0,60.20322548295768,Kununurra,"Kimberley, Western Australia"
2019-03-10,0.0,60.20322548295768,Kununurra,"Kimberley, Western Australia"
2019-03-11,0.0,60.20322548295768,Kununurra,"Kimberley, Western Australia"
2019-03-12,0.0,60.20322548295768,Kununurra,"Kimberley, Western Australia"
2019-03-13,0.0,60.20322548295768,Kununurra,"Kimberley, Western Australia"
2019-03-14,0.0,60.20322548295768,Kununurra,"Kimberley, Western Australia"
2019-03-15,3.32916694248253,60.20322548295768,Kununurra,"Kimberley, Western Australia"
2019-03-16,3.403622969239221,60.20322548295768,Kununurra,"Kimberley, Western Australia"
2019-03-17,5.663488971162547,60.20322548295768,Kununurra,"Kimberley, Western Australia"
2019-03-18,0.0,60.20322548295768,Kununurra,"Kimberley, Western Australia"
2019-03-19,0.0,60.20322548295768,Kununurra,"Kimberley, Western Australia"
2019-03-20,4.320394321559668,60.20322548295768,Kununurra,"Kimberley, Western Australia"
2019-03-21,8.851411128832423,60.20322548295768,Kununurra,"Kimberley, Western Australia"
2019-03-22,8.239287133284023,60.20322548295768,Kununurra,"Kimberley, Western Australia"
2019-03-23,0.0,60.20322548295768,Kununurra,"Kimberley, Western Australia"
2019-03-24,0.0,60.20322548295768,Kununurra,"Kimberley, Western Australia"
2019-03-25,0.0,60.20322548295768,Kununurra,"Kimberley, Western Australia"
2019-03-26,0.0,60.20322548295768,Kununurra,"Kimberley, Western Australia"
2019-03-27,2.166768236313634,60.20322548295768,Kununurra,"Kimberley, Western Australia"
2019-03-28,0.0,60.20322548295768,Kununurra,"Kimberley, Western Australia"
2019-03-29,8.049670970508254,60.20322548295768,Kununurra,"Kimberley, Western Australia"
2019-03-30,0.0,60.20322548295768,Kununurra,"Kimberley, Western Australia"
2019-03-31,0.0,60.20322548295768,Kununurra,"Kimberley, Western Australia"
2019-04-01,0.8234652671329308,62.76454259520699,Kununurra,"Kimberley, Western Australia"
2019-04-02,0.0,62.76454259520699,Kununurra,"Kimberley, Western Australia"
2019-04-03,11.24722089114702,62.76454259520699,Kununurra,"Kimberley, Western Australia"
2019-04-04,12.795070869472106,62.76454259520699,Kununurra,"Kimberley, Western Australia"
2019-04-05,16.807348410962668,62.76454259520699,Kununurra,"Kimberley, Western Australia"
2019-04-06,3.5345494400288486,62.76454259520699,Kununurra,"Kimberley, Western Australia"
2019-04-07,0.0,62.76454259520699,Kununurra,"Kimberley, Western Australia"
2019-04-08,4.391655207464258,62.76454259520699,Kununurra,"Kimberley, Western Australia"
2019-04-09,0.0,62.76454259520699,Kununurra,"Kimberley, Western Australia"
2019-04-10,0.0,62.76454259520699,Kununurra,"Kimberley, Western Australia"
2019-04-11,0.0,62.76454259520699,Kununurra,"Kimberley, Western Australia"
2019-04-12,0.0,62.76454259520699,Kununurra,"Kimberley, Western Australia"
2019-04-13,0.0,62.76454259520699,Kununurra,"Kimberley, Western Australia"
2019-04-14,0.0,62.76454259520699,Kununurra,"Kimberley, Western Australia"
2019-04-15,3.5318411383340216,62.76454259520699,Kununurra,"Kimberley, Western Australia"
2019-04-16,0.0,62.76454259520699,Kununurra,"Kimberley, Western Australia"
2019-04-17,0.0,62.76454259520699,Kununurra,"Kimberley, Western Australia"
2019-04-18,0.0,62.76454259520699,Kununurra,"Kimberley, Western Australia"
2019-04-19,0.0,62.76454259520699,Kununurra,"Kimberley, Western Australia"
2019-04-20,0.0,62.76454259520699,Kununurra,"Kimberley, Western Australia"
2019-04-21,0.0,62.76454259520699,Kununurra,"Kimberley, Western Australia"
2019-04-22,0.0,62.76454259520699,Kununurra,"Kimberley, Western Australia"
2019-04-23,0.0,62.76454259520699,Kununurra,"Kimberley, Western Australia"
2019-04-24,0.0,62.76454259520699,Kununurra,"Kimberley, Western Australia"
2019-04-25,0.0,62.76454259520699,Kununurra,"Kimberley, Western Australia"
2019-04-26,0.0,62.76454259520699,Kununurra,"Kimberley, Western Australia"
2019-04-27,0.0,62.76454259520699,Kununurra,"Kimberley, Western Australia"
2019-04-28,0.0,62.76454259520699,Kununurra,"Kimberley, Western Australia"
2019-04-29,0.0,62.76454259520699,Kununurra,"Kimberley, Western Australia"
2019-04-30,9.633391370665137,62.76454259520699,Kununurra,"Kimberley, Western Australia"
2019-05-01,11.59014352082975,91.22406756346675,Kununurra,"Kimberley, Western Australia"
2019-05-02,1.8540633369187034,91.22406756346675,Kununurra,"Kimberley, Western Australia"
2019-05-03,0.0,91.22406756346675,Kununurra,"Kimberley, Western Australia"
2019-05-04,8.200719996142567,91.22406756346675,Kununurra,"Kimberley, Western Australia"
2019-05-05,0.0,91.22406756346675,Kununurra,"Kimberley, Western Australia"
2019-05-06,0.0,91.22406756346675,Kununurra,"Kimberley, Western Australia"
2019-05-07,0.0,91.22406756346675,Kununurra,"Kimberley, Western Australia"
2019-05-08,0.0,91.22406756346675,Kununurra,"Kimberley, Western Australia"
2019-05-09,1.1797579696404021,91.22406756346675,Kununurra,"Kimberley, Western Australia"
2019-05-10,0.0,91.22406756346675,Kununurra,"Kimberley, Western Australia"
2019-05-11,0.0,91.22406756346675,Kununurra,"Kimberley, Western Australia"
2019-05-12,0.0,91.22406756346675,Kununurra,"Kimberley, Western Australia"
2019-05-13,11.433849136182193,91.22406756346675,Kununurra,"Kimberley, Western Australia"
2019-05-14,0.0,91.22406756346675,Kununurra,"Kimberley, Western Australia"
2019-05-15,0.0,91.22406756346675,Kununurra,"Kimberley, Western Australia"
2019-05-16,0.0,91.22406756346675,Kununurra,"Kimberley, Western Australia"
2019-05-17,8.75910232563107,91.22406756346675,Kununurra,"Kimberley, Western Australia"
2019-05-18,0.0,91.22406756346675,Kununurra,"Kimberley, Western Australia"
2019-05-19,0.0,91.22406756346675,Kununurra,"Kimberley, Western Australia"
2019-05-20,6.499781711298091,91.22406756346675,Kununurra,"Kimberley, Western Australia"
2019-05-21,0.0,91.22406756346675,Kununurra,"Kimberley, Western Australia"
2019-05-22,0.0,91.22406756346675,Kununurra,"Kimberley, Western Australia"
2019-05-23,2.9231241619501382,91.22406756346675,Kununurra,"Kimberley, Western Australia"
2019-05-24,0.0,91.22406756346675,Kununurra,"Kimberley, Western Australia"
2019-05-25,7.106945831147042,91.22406756346675,Kununurra,"Kimberley, Western Australia"
2019-05-26,14.39509491205455,91.22406756346675,Kununurra,"Kimberley, Western Australia"
2019-05-27,0.0,91.22406756346675,Kununurra,"Kimberley, Western Australia"
2019-05-28,17.281484661672238,91.22406756346675,Kununurra,"Kimberley, Western Australia"
2019-05-29,0.0,91.22406756346675,Kununurra,"Kimberley, Western Australia"
2019-05-30,0.0,91.22406756346675,Kununurra,"Kimberley, Western Australia"
2019-05-31,0.0,91.22406756346675,Kununurra,"Kimberley, Western Australia"
2019-06-01,2.1057687884848653,41.84233443514515,Kununurra,"Kimberley, Western Australia"
2019-06-02,0.0,41.84233443514515,Kununurra,"Kimberley, Western Australia"
2019-06-03,0.0,41.84233443514515,Kununurra,"Kimberley, Western Australia"
2019-06-04,0.0,41.84233443514515,Kununurra,"Kimberley, Western Australia"
2019-06-05,0.0,41.84233443514515,Kununurra,"Kimberley, Western Australia"
2019-06-06,0.0,41.84233443514515,Kununurra,"Kimberley, Western Australia"
2019-06-07,6.068756107396556,41.84233443514515,Kununurra,"Kimberley, Western Australia"
2019-06-08,0.0,41.84233443514515,Kununurra,"Kimberley, Western Australia"
2019-06-09,1.0542319051704172,41.84233443514515,Kununurra,"Kimberley, Western Australia"
2019-06-10,5.394555757672723,41.84233443514515,Kununurra,"Kimberley, Western Australia"
2019-06-11,0.0,41.84233443514515,Kununurra,"Kimberley, Western Australia"
2019-06-12,0.0,41.84233443514515,Kununurra,"Kimberley, Western Australia"
2019-06-13,2.884856092834268,41.84233443514515,Kununurra,"Kimberley, Western Australia"
2019-06-14,0.0,41.84233443514515,Kununurra,"Kimberley, Western Australia"
2019-06-15,2.511708813961988,41.84233443514515,Kununurra,"Kimberley, Western Australia"
2019-06-16,0.0,41.84233443514515,Kununurra,"Kimberley, Western Australia"
2019-06-17,0.0,41.84233443514515,Kununurra,"Kimberley, Western Australia"
2019-06-18,0.0,41.84233443514515,Kununurra,"Kimberley, Western Australia"
2019-06-19,0.0,41.84233443514515,Kununurra,"Kimberley, Western Australia"
2019-06-20,0.0,41.84233443514515,Kununurra,"Kimberley, Western Australia"
2019-06-21,0.0,41.84233443514515,Kununurra,"Kimberley, Western Australia"
2019-06-22,0.0,41.84233443514515,Kununurra,"Kimberley, Western Australia"
2019-06-23,0.0,41.84233443514515,Kununurra,"Kimberley, Western Australia"
2019-06-24,0.0,41.84233443514515,Kununurra,"Kimberley, Western Australia"
2019-06-25,0.0,41.84233443514515,Kununurra,"Kimberley, Western Australia"
2019-06-26,6.591973947466057,41.84233443514515,Kununurra,"Kimberley, Western Australia"
2019-06-27,0.0,41.84233443514515,Kununurra,"Kimberley, Western Australia"
2019-06-28,0.0,41.84233443514515,Kununurra,"Kimberley, Western Australia"
2019-06-29,4.862401702602235,41.84233443514515,Kununurra,"Kimberley, Western Australia"
2019-06-30,10.36808131955604,41.84233443514515,Kununurra,"Kimberley, Western Australia"
2019-07-01,0.0,22.626622055180675,Kununurra,"Kimberley, Western Australia"
2019-07-02,7.570510366208996,22.626622055180675,Kununurra,"Kimberley, Western Australia"
2019-07-03,9.580524035347604,22.626622055180675,Kununurra,"Kimberley, Western Australia"
2019-07-04,0.0,22.626622055180675,Kununurra,"Kimberley, Western Australia"
2019-07-05,0.0,22.626622055180675,Kununurra,"Kimberley, Western Australia"
2019-07-06,0.0,22.626622055180675,Kununurra,"Kimberley, Western Australia"
2019-07-07,0.0,22.626622055180675,Kununurra,"Kimberley, Western Australia"
2019-07-08,0.0,22.626622055180675,Kununurra,"Kimberley, Western Australia"
2019-07-09,0.0,22.626622055180675,Kununurra,"Kimberley, Western Australia"
2019-07-10,0.0,22.626622055180675,Kununurra,"Kimberley, Western Australia"
2019-07-11,0.0,22.626622055180675,Kununurra,"Kimberley, Western Australia"
2019-07-12,0.0,22.626622055180675,Kununurra,"Kimberley, Western Australia"
2019-07-13,0.0,22.626622055180675,Kununurra,"Kimberley, Western Australia"
2019-07-14,0.0,22.626622055180675,Kununurra,"Kimberley, Western Australia"
2019-07-15,0.0,22.626622055180675,Kununurra,"Kimberley, Western Australia"
2019-07-16,0.0,22.626622055180675,Kununurra,"Kimberley, Western Australia"
2019-07-17,0.0,22.626622055180675,Kununurra,"Kimberley, Western Australia"
2019-07-18,0.0,22.626622055180675,Kununurra,"Kimberley, Western Australia"
2019-07-19,0.0,22.626622055180675,Kununurra,"Kimberley, Western Australia"
2019-07-20,0.0,22.626622055180675,Kununurra,"Kimberley, Western Australia"
2019-07-21,0.0,22.626622055180675,Kununurra,"Kimberley, Western Australia"
2019-07-22,0.0,22.626622055180675,Kununurra,"Kimberley, Western Australia"
2019-07-23,0.0,22.626622055180675,Kununurra,"Kimberley, Western Australia"
2019-07-24,2.006199419464682,22.626622055180675,Kununurra,"Kimberley, Western Australia"
2019-07-25,3.4693882341593945,22.626622055180675,Kununurra,"Kimberley, Western Australia"
2019-07-26,0.0,22.626622055180675,Kununurra,"Kimberley, Western Australia"
2019-07-27,0.0,22.626622055180675,Kununurra,"Kimberley, Western Australia"
2019-07-28,0.0,22.626622055180675,Kununurra,"Kimberley, Western Australia"
2019-07-29,0.0,22.626622055180675,Kununurra,"Kimberley, Western Australia"
2019-07-30,0.0,22.626622055180675,Kununurra,"Kimberley, Western Australia"
2019-07-31,0.0,22.626622055180675,Kununurra,"Kimberley, Western Australia"
2019-08-01,0.0,36.01604258007917,Kununurra,"Kimberley, Western Australia"
2019-08-02,4.296599030174457,36.01604258007917,Kununurra,"Kimberley, Western Australia"
2019-08-03,0.0,36.01604258007917,Kununurra,"Kimberley, Western Australia"
2019-08-04,0.0,36.01604258007917,Kununurra,"Kimberley, Western Australia"
2019-08-05,2.5801393063672844,36.01604258007917,Kununurra,"Kimberley, Western Australia"
2019-08-06,0.0,36.01604258007917,Kununurra,"Kimberley, Western Australia"
2019-08-07,0.0,36.01604258007917,Kununurra,"Kimberley, Western Australia"
2019-08-08,0.0,36.01604258007917,Kununurra,"Kimberley, Western Australia"
2019-08-09,0.0,36.01604258007917,Kununurra,"Kimberley, Western Australia"
2019-08-10,21.31415820707553,36.01604258007917,Kununurra,"Kimberley, Western Australia"
2019-08-11,0.0,36.01604258007917,Kununurra,"Kimberley, Western Australia"
2019-08-12,0.0,36.01604258007917,Kununurra,"Kimberley, Western Australia"
2019-08-13,6.283932056630528,36.01604258007917,Kununurra,"Kimberley, Western Australia"
2019-08-14,1.5412139798313773,36.01604258007917,Kununurra,"Kimberley, Western Australia"
2019-08-15,0.0,36.01604258007917,Kununurra,"Kimberley, Western Australia"
2019-08-16,0.0,36.01604258007917,Kununurra,"Kimberley, Western Australia"
2019-08-17,0.0,36.01604258007917,Kununurra,"Kimberley, Western Australia"
2019-08-18,0.0,36.01604258007917,Kununurra,"Kimberley, Western Australia"
2019-08-19,0.0,36.01604258007917,Kununurra,"Kimberley, Western Australia"
2019-08-20,0.0,36.01604258007917,Kununurra,"Kimberley, Western Australia"
2019-08-21,0.0,36.01604258007917,Kununurra,"Kimberley, Western Australia"
2019-08-22,0.0,36.01604258007917,Kununurra,"Kimberley, Western Australia"
2019-08-23,0.0,36.01604258007917,Kununurra,"Kimberley, Western Australia"
2019-08-24,0.0,36.01604258007917,Kununurra,"Kimberley, Western Australia"
2019-08-25,0.0,36.01604258007917,Kununurra,"Kimberley, Western Australia"
2019-08-26,0.0,36.01604258007917,Kununurra,"Kimberley, Western Australia"
2019-08-27,0.0,36.01604258007917,Kununurra,"Kimberley, Western Australia"
2019-08-28,0.0,36.01604258007917,Kununurra,"Kimberley, Western Australia"
2019-08-29,0.0,36.01604258007917,Kununurra,"Kimberley, Western Australia"
2019-08-30,0.0,36.01604258007917,Kununurra,"Kimberley, Western Australia"
2019-08-31,0.0,36.01604258007917,Kununurra,"Kimberley, Western Australia"
2019-09-01,0.0,31.562145264503403,Kununurra,"Kimberley, Western Australia"
2019-09-02,0.0,31.562145264503403,Kununurra,"Kimberley, Western Australia"
2019-09-03,2.815646332656705,31.562145264503403,Kununurra,"Kimberley, Western Australia"
2019-09-04,0.0,31.562145264503403,Kununurra,"Kimberley, Western Australia"
2019-09-05,5.3472275883752625,31.562145264503403,Kununurra,"Kimberley, Western Australia"
2019-09-06,2.0149184454608284,31.562145264503403,Kununurra,"Kimberley, Western Australia"
2019-09-07,0.0,31.562145264503403,Kununurra,"Kimberley, Western Australia"
2019-09-08,0.0,31.562145264503403,Kununurra,"Kimberley, Western Australia"
2019-09-09,0.0,31.562145264503403,Kununurra,"Kimberley, Western Australia"
2019-09-10,0.0,31.562145264503403,Kununurra,"Kimberley, Western Australia"
2019-09-11,5.7954108874799575,31.562145264503403,Kununurra,"Kimberley, Western Australia"
2019-09-12,0.0,31.562145264503403,Kununurra,"Kimberley, Western Australia"
2019-09-13,3.2747793088470547,31.562145264503403,Kununurra,"Kimberley, Western Australia"
2019-09-14,7.786481387780254,31.562145264503403,Kununurra,"Kimberley, Western Australia"
2019-09-15,0.0,31.562145264503403,Kununurra,"Kimberley, Western Australia"
2019-09-16,0.0,31.562145264503403,Kununurra,"Kimberley, Western Australia"
2019-09-17,0.0,31.562145264503403,Kununurra,"Kimberley, Western Australia"
2019-09-18,0.0,31.562145264503403,Kununurra,"Kimberley, Western Australia"
2019-09-19,2.7061122625520575,31.562145264503403,Kununurra,"Kimberley, Western Australia"
2019-09-20,0.0,31.562145264503403,Kununurra,"Kimberley, Western Australia"
2019-09-21,0.0,31.562145264503403,Kununurra,"Kimberley, Western Australia"
2019-09-22,1.8215690513512812,31.562145264503403,Kununurra,"Kimberley, Western Australia"
2019-09-23,0.0,31.562145264503403,Kununurra,"Kimberley, Western Australia"
2019-09-24,0.0,31.562145264503403,Kununurra,"Kimberley, Western Australia"
2019-09-25,0.0,31.562145264503403,Kununurra,"Kimberley, Western Australia"
2019-09-26,0.0,31.562145264503403,Kununurra,"Kimberley, Western Australia"
2019-09-27,0.0,31.562145264503403,Kununurra,"Kimberley, Western Australia"
2019-09-28,0.0,31.562145264503403,Kununurra,"Kimberley, Western Australia"
2019-09-29,0.0,31.562145264503403,Kununurra,"Kimberley, Western Australia"
2019-09-30,0.0,31.562145264503403,Kununurra,"Kimberley, Western Australia"
2019-10-01,0.0,27.07003005016798,Kununurra,"Kimberley, Western Australia"
2019-10-02,0.0,27.07003005016798,Kununurra,"Kimberley, Western Australia"
2019-10-03,0.0,27.07003005016798,Kununurra,"Kimberley, Western Australia"
2019-10-04,0.0,27.07003005016798,Kununurra,"Kimberley, Western Australia"
2019-10-05,0.0,27.07003005016798,Kununurra,"Kimberley, Western Australia"
2019-10-06,0.0,27.07003005016798,Kununurra,"Kimberley, Western Australia"
2019-10-07,0.0,27.07003005016798,Kununurra,"Kimberley, Western Australia"
2019-10-08,6.837794933107093,27.07003005016798,Kununurra,"Kimberley, Western Australia"
2019-10-09,5.6207254094215715,27.07003005016798,Kununurra,"Kimberley, Western Australia"
2019-10-10,0.0,27.07003005016798,Kununurra,"Kimberley, Western Australia"
2019-10-11,0.0,27.07003005016798,Kununurra,"Kimberley, Western Australia"
2019-10-12,0.0,27.07003005016798,Kununurra,"Kimberley, Western Australia"
2019-10-13,0.0,27.07003005016798,Kununurra,"Kimberley, Western Australia"
2019-10-14,0.0,27.07003005016798,Kununurra,"Kimberley, Western Australia"
2019-10-15,0.0,27.07003005016798,Kununurra,"Kimberley, Western Australia"
2019-10-16,0.0,27.07003005016798,Kununurra,"Kimberley, Western Australia"
2019-10-17,0.0,27.07003005016798,Kununurra,"Kimberley, Western Australia"
2019-10-18,4.952877718478814,27.07003005016798,Kununurra,"Kimberley, Western Australia"
2019-10-19,0.0,27.07003005016798,Kununurra,"Kimberley, Western Australia"
2019-10-20,2.207279852714839,27.07003005016798,Kununurra,"Kimberley, Western Australia"
2019-10-21,0.0,27.07003005016798,Kununurra,"Kimberley, Western Australia"
2019-10-22,0.0,27.07003005016798,Kununurra,"Kimberley, Western Australia"
2019-10-23,0.0,27.07003005016798,Kununurra,"Kimberley, Western Australia"
2019-10-24,0.0,27.07003005016798,Kununurra,"Kimberley, Western Australia"
2019-10-25,0.0,27.07003005016798,Kununurra,"Kimberley, Western Australia"
2019-10-26,0.0,27.07003005016798,Kununurra,"Kimberley, Western Australia"
2019-10-27,0.0,27.07003005016798,Kununurra,"Kimberley, Western Australia"
2019-10-28,3.781215684983918,27.07003005016798,Kununurra,"Kimberley, Western Australia"
2019-10-29,3.6701364514617447,27.07003005016798,Kununurra,"Kimberley, Western Australia"
2019-10-30,0.0,27.07003005016798,Kununurra,"Kimberley, Western Australia"
2019-10-31,0.0,27.07003005016798,Kununurra,"Kimberley, Western Australia"
2019-11-01,0.0,44.82662189447485,Kununurra,"Kimberley, Western Australia"
2019-11-02,0.0,44.82662189447485,Kununurra,"Kimberley, Western Australia"
2019-11-03,8.449027819837017,44.82662189447485,Kununurra,"Kimberley, Western Australia"
2019-11-04,0.0,44.82662189447485,Kununurra,"Kimberley, Western Australia"
2019-11-05,0.0,44.82662189447485,Kununurra,"Kimberley, Western Australia"
2019-11-06,0.0,44.82662189447485,Kununurra,"Kimberley, Western Australia"
2019-11-07,4.273692331519326,44.82662189447485,Kununurra,"Kimberley, Western Australia"
2019-11-08,0.0,44.82662189447485,Kununurra,"Kimberley, Western Australia"
2019-11-09,3.58040634457135,44.82662189447485,Kununurra,"Kimberley, Western Australia"
2019-11-10,0.0,44.82662189447485,Kununurra,"Kimberley, Western Australia"
2019-11-11,0.0,44.82662189447485,Kununurra,"Kimberley, Western Australia"
2019-11-12,2.5415617136565922,44.82662189447485,Kununurra,"Kimberley, Western Australia"
2019-11-13,0.0,44.82662189447485,Kununurra,"Kimberley, Western Australia"
2019-11-14,5.587565560689493,44.82662189447485,Kununurra,"Kimberley, Western Australia"
2019-11-15,0.0,44.82662189447485,Kununurra,"Kimberley, Western Australia"
2019-11-16,1.8934255592338265,44.82662189447485,Kununurra,"Kimberley, Western Australia"
2019-11-17,8.934900344461242,44.82662189447485,Kununurra,"Kimberley, Western Australia"
2019-11-18,0.0,44.82662189447485,Kununurra,"Kimberley, Western Australia"
2019-11-19,0.0,44.82662189447485,Kununurra,"Kimberley, Western Australia"
2019-11-20,0.0,44.82662189447485,Kununurra,"Kimberley, Western Australia"
2019-11-21,0.0,44.82662189447485,Kununurra,"Kimberley, Western Australia"
2019-11-22,0.0,44.82662189447485,Kununurra,"Kimberley, Western Australia"
2019-11-23,0.0,44.82662189447485,Kununurra,"Kimberley, Western Australia"
2019-11-24,0.0,44.82662189447485,Kununurra,"Kimberley, Western Australia"
2019-11-25,0.0,44.82662189447485,Kununurra,"Kimberley, Western Australia"
2019-11-26,0.0,44.82662189447485,Kununurra,"Kimberley, Western Australia"
2019-11-27,0.0,44.82662189447485,Kununurra,"Kimberley, Western Australia"
2019-11-28,9.566042220506002,44.82662189447485,Kununurra,"Kimberley, Western Australia"
2019-11-29,0.0,44.82662189447485,Kununurra,"Kimberley, Western Australia"
2019-11-30,0.0,44.82662189447485,Kununurra,"Kimberley, Western Australia"
2019-12-01,0.0,62.1761610842735,Kununurra,"Kimberley, Western Australia"
2019-12-02,0.0,62.1761610842735,Kununurra,"Kimberley, Western Australia"
2019-12-03,0.0,62.1761610842735,Kununurra,"Kimberley, Western Australia"
2019-12-04,0.0,62.1761610842735,Kununurra,"Kimberley, Western Australia"
2019-12-05,18.63760920497827,62.1761610842735,Kununurra,"Kimberley, Western Australia"
2019-12-06,0.0,62.1761610842735,Kununurra,"Kimberley, Western Australia"
2019-12-07,5.460297772866392,62.1761610842735,Kununurra,"Kimberley, Western Australia"
2019-12-08,10.50987047779003,62.1761610842735,Kununurra,"Kimberley, Western Australia"
2019-12-09,5.113467875786373,62.1761610842735,Kununurra,"Kimberley, Western Australia"
2019-12-10,0.0,62.1761610842735,Kununurra,"Kimberley, Western Australia"
2019-12-11,3.0209595648129977,62.1761610842735,Kununurra,"Kimberley, Western Australia"
2019-12-12,0.0,62.1761610842735,Kununurra,"Kimberley, Western Australia"
2019-12-13,0.0,62.1761610842735,Kununurra,"Kimberley, Western Australia"
2019-12-14,0.0,62.1761610842735,Kununurra,"Kimberley, Western Australia"
2019-12-15,0.0,62.1761610842735,Kununurra,"Kimberley, Western Australia"
2019-12-16,2.746625428261806,62.1761610842735,Kununurra,"Kimberley, Western Australia"
2019-12-17,0.0,62.1761610842735,Kununurra,"Kimberley, Western Australia"
2019-12-18,0.0,62.1761610842735,Kununurra,"Kimberley, Western Australia"
2019-12-19,0.0,62.1761610842735,Kununurra,"Kimberley, Western Australia"
2019-12-20,3.0724858476366648,62.1761610842735,Kununurra,"Kimberley, Western Australia"
2019-12-21,0.0,62.1761610842735,Kununurra,"Kimberley, Western Australia"
2019-12-22,0.0,62.1761610842735,Kununurra,"Kimberley, Western Australia"
2019-12-23,1.2509362071883672,62.1761610842735,Kununurra,"Kimberley, Western Australia"
2019-12-24,0.0,62.1761610842735,Kununurra,"Kimberley, Western Australia"
2019-12-25,0.0,62.1761610842735,Kununurra,"Kimberley, Western Australia"
2019-12-26,0.0,62.1761610842735,Kununurra,"Kimberley, Western Australia"
2019-12-27,8.8849233455045,62.1761610842735,Kununurra,"Kimberley, Western Australia"
2019-12-28,0.0,62.1761610842735,Kununurra,"Kimberley, Western Australia"
2019-12-29,0.0,62.1761610842735,Kununurra,"Kimberley, Western Australia"
2019-12-30,3.4789853594481066,62.1761610842735,Kununurra,"Kimberley, Western Australia"
2019-12-31,0.0,62.1761610842735,Kununurra,"Kimberley, Western Australia"
2020-01-01,8.957951863636989,63.61947053688925,Kununurra,"Kimberley, Western Australia"
2020-01-02,0.0,63.61947053688925,Kununurra,"Kimberley, Western Australia"
2020-01-03,2.2737389550749576,63.61947053688925,Kununurra,"Kimberley, Western Australia"
2020-01-04,0.0,63.61947053688925,Kununurra,"Kimberley, Western Australia"
2020-01-05,0.0,63.61947053688925,Kununurra,"Kimberley, Western Australia"
2020-01-06,0.0,63.61947053688925,Kununurra,"Kimberley, Western Australia"
2020-01-07,0.0,63.61947053688925,Kununurra,"Kimberley, Western Australia"
2020-01-08,2.845392041888847,63.61947053688925,Kununurra,"Kimberley, Western Australia"
2020-01-09,0.0,63.61947053688925,Kununurra,"Kimberley, Western Australia"
2020-01-10,0.0,63.61947053688925,Kununurra,"Kimberley, Western Australia"
2020-01-11,0.0,63.61947053688925,Kununurra,"Kimberley, Western Australia"
2020-01-12,0.0,63.61947053688925,Kununurra,"Kimberley, Western Australia"
2020-01-13,3.731359086173209,63.61947053688925,Kununurra,"Kimberley, Western Australia"
2020-01-14,10.535641962237001,63.61947053688925,Kununurra,"Kimberley, Western Australia"
2020-01-15,0.0,63.61947053688925,Kununurra,"Kimberley, Western Australia"
2020-01-16,0.0,63.61947053688925,Kununurra,"Kimberley, Western Australia"
2020-01-17,6.865547555255051,63.61947053688925,Kununurra,"Kimberley, Western Australia"
2020-01-18,0.0,63.61947053688925,Kununurra,"Kimberley, Western Australia"
2020-01-19,0.0,63.61947053688925,Kununurra,"Kimberley, Western Australia"
2020-01-20,0.0,63.61947053688925,Kununurra,"Kimberley, Western Australia"
2020-01-21,0.0,63.61947053688925,Kununurra,"Kimberley, Western Australia"
2020-01-22,0.0,63.61947053688925,Kununurra,"Kimberley, Western Australia"
2020-01-23,0.0,63.61947053688925,Kununurra,"Kimberley, Western Australia"
2020-01-24,2.254604699225104,63.61947053688925,Kununurra,"Kimberley, Western Australia"
2020-01-25,0.0,63.61947053688925,Kununurra,"Kimberley, Western Australia"
2020-01-26,0.0,63.61947053688925,Kununurra,"Kimberley, Western Australia"
2020-01-27,0.0,63.61947053688925,Kununurra,"Kimberley, Western Australia"
2020-01-28,0.0,63.61947053688925,Kununurra,"Kimberley, Western Australia"
2020-01-29,0.0,63.61947053688925,Kununurra,"Kimberley, Western Australia"
2020-01-30,12.461858419965502,63.61947053688925,Kununurra,"Kimberley, Western Australia"
2020-01-31,13.693375953432595,63.61947053688925,Kununurra,"Kimberley, Western Australia"
2020-02-01,0.0,23.68819790174466,Kununurra,"Kimberley, Western Australia"
2020-02-02,0.0,23.68819790174466,Kununurra,"Kimberley, Western Australia"
2020-02-03,0.0,23.68819790174466,Kununurra,"Kimberley, Western Australia"
2020-02-04,0.0,23.68819790174466,Kununurra,"Kimberley, Western Australia"
2020-02-05,0.0,23.68819790174466,Kununurra,"Kimberley, Western Australia"
2020-02-06,0.0,23.68819790174466,Kununurra,"Kimberley, Western Australia"
2020-02-07,1.849914637468967,23.68819790174466,Kununurra,"Kimberley, Western Australia"
2020-02-08,0.0,23.68819790174466,Kununurra,"Kimberley, Western Australia"
2020-02-09,2.6619274088236957,23.68819790174466,Kununurra,"Kimberley, Western Australia"
2020-02-10,0.0,23.68819790174466,Kununurra,"Kimberley, Western Australia"
2020-02-11,0.0,23.68819790174466,Kununurra,"Kimberley, Western Australia"
2020-02-12,0.0,23.68819790174466,Kununurra,"Kimberley, Western Australia"
2020-02-13,1.0818612348880392,23.68819790174466,Kununurra,"Kimberley, Western Australia"
2020-02-14,2.138461426054185,23.68819790174466,Kununurra,"Kimberley, Western Australia"
2020-02-15,0.0,23.68819790174466,Kununurra,"Kimberley, Western Australia"
2020-02-16,0.0,23.68819790174466,Kununurra,"Kimberley, Western Australia"
2020-02-17,0.0,23.68819790174466,Kununurra,"Kimberley, Western Australia"
2020-02-18,0.0,23.68819790174466,Kununurra,"Kimberley, Western Australia"
2020-02-19,4.1604283559968,23.68819790174466,Kununurra,"Kimberley, Western Australia"
2020-02-20,4.573336816062304,23.68819790174466,Kununurra,"Kimberley, Western Australia"
2020-02-21,0.0,23.68819790174466,Kununurra,"Kimberley, Western Australia"
2020-02-22,0.0,23.68819790174466,Kununurra,"Kimberley, Western Australia"
2020-02-23,0.0,23.68819790174466,Kununurra,"Kimberley, Western Australia"
2020-02-24,7.222268022450669,23.68819790174466,Kununurra,"Kimberley, Western Australia"
2020-02-25,0.0,23.68819790174466,Kununurra,"Kimberley, Western Australia"
2020-02-26,0.0,23.68819790174466,Kununurra,"Kimberley, Western Australia"
2020-02-27,0.0,23.68819790174466,Kununurra,"Kimberley, Western Australia"
2020-02-28,0.0,23.68819790174466,Kununurra,"Kimberley, Western Australia"
2020-02-29,0.0,23.68819790174466,Kununurra,"Kimberley, Western Australia"
2020-03-01,0.0,33.72043464344995,Kununurra,"Kimberley, Western Australia"
2020-03-02,0.0,33.72043464344995,Kununurra,"Kimberley, Western Australia"
2020-03-03,0.0,33.72043464344995,Kununurra,"Kimberley, Western Australia"
2020-03-04,0.0,33.72043464344995,Kununurra,"Kimberley, Western Australia"
2020-03-05,0.0,33.72043464344995,Kununurra,"Kimberley, Western Australia"
2020-03-06,11.335951162539693,33.72043464344995,Kununurra,"Kimberley, Western Australia"
2020-03-07,0.0,33.72043464344995,Kununurra,"Kimberley, Western Australia"
2020-03-08,0.0,33.72043464344995,Kununurra,"Kimberley, Western Australia"
2020-03-09,7.842827968831029,33.72043464344995,Kununurra,"Kimberley, Western Australia"
2020-03-10,0.0,33.72043464344995,Kununurra,"Kimberley, Western Australia"
2020-03-11,0.0,33.72043464344995,Kununurra,"Kimberley, Western Australia"
2020-03-12,0.0,33.72043464344995,Kununurra,"Kimberley, Western Australia"
2020-03-13,8.195683544643956,33.72043464344995,Kununurra,"Kimberley, Western Australia"
2020-03-14,0.0,33.72043464344995,Kununurra,"Kimberley, Western Australia"
2020-03-15,0.0,33.72043464344995,Kununurra,"Kimberley, Western Australia"
2020-03-16,0.0,33.72043464344995,Kununurra,"Kimberley, Western Australia"
2020-03-17,0.0,33.72043464344995,Kununurra,"Kimberley, Western Australia"
2020-03-18,0.0,33.72043464344995,Kununurra,"Kimberley, Western Australia"
2020-03-19,0.0,33.72043464344995,Kununurra,"Kimberley, Western Australia"
2020-03-20,0.0,33.72043464344995,Kununurra,"Kimberley, Western Australia"
2020-03-21,0.0,33.72043464344995,Kununurra,"Kimberley, Western Australia"
2020-03-22,0.0,33.72043464344995,Kununurra,"Kimberley, Western Australia"
2020-03-23,5.098725185078771,33.72043464344995,Kununurra,"Kimberley, Western Australia"
2020-03-24,1.2472467823565023,33.72043464344995,Kununurra,"Kimberley, Western Australia"
2020-03-25,0.0,33.72043464344995,Kununurra,"Kimberley, Western Australia"
2020-03-26,0.0,33.72043464344995,Kununurra,"Kimberley, Western Australia"
2020-03-27,0.0,33.72043464344995,Kununurra,"Kimberley, Western Australia"
2020-03-28,0.0,33.72043464344995,Kununurra,"Kimberley, Western Australia"
2020-03-29,0.0,33.72043464344995,Kununurra,"Kimberley, Western Australia"
2020-03-30,0.0,33.72043464344995,Kununurra,"Kimberley, Western Australia"
2020-03-31,0.0,33.72043464344995,Kununurra,"Kimberley, Western Australia"
2020-04-01,0.0,64.0825907581662,Kununurra,"Kimberley, Western Australia"
2020-04-02,9.07400903542876,64.0825907581662,Kununurra,"Kimberley, Western Australia"
2020-04-03,6.67801919770827,64.0825907581662,Kununurra,"Kimberley, Western Australia"
2020-04-04,12.965690688189769,64.0825907581662,Kununurra,"Kimberley, Western Australia"
2020-04-05,0.0,64.0825907581662,Kununurra,"Kimberley, Western Australia"
2020-04-06,0.0,64.0825907581662,Kununurra,"Kimberley, Western Australia"
2020-04-07,0.0,64.0825907581662,Kununurra,"Kimberley, Western Australia"
2020-04-08,0.0,64.0825907581662,Kununurra,"Kimberley, Western Australia"
2020-04-09,0.0,64.0825907581662,Kununurra,"Kimberley, Western Australia"
2020-04-10,0.0,64.0825907581662,Kununurra,"Kimberley, Western Australia"
2020-04-11,0.0,64.0825907581662,Kununurra,"Kimberley, Western Australia"
2020-04-12,0.0,64.0825907581662,Kununurra,"Kimberley, Western Australia"
2020-04-13,3.633229947105178,64.0825907581662,Kununurra,"Kimberley, Western Australia"
2020-04-14,0.0,64.0825907581662,Kununurra,"Kimberley, Western Australia"
2020-04-15,0.0,64.0825907581662,Kununurra,"Kimberley, Western Australia"
2020-04-16,7.471848739113661,64.0825907581662,Kununurra,"Kimberley, Western Australia"
2020-04-17,0.0,64.0825907581662,Kununurra,"Kimberley, Western Australia"
2020-04-18,0.0,64.0825907581662,Kununurra,"Kimberley, Western Australia"
2020-04-19,0.0,64.0825907581662,Kununurra,"Kimberley, Western Australia"
2020-04-20,0.0,64.0825907581662,Kununurra,"Kimberley, Western Australia"
2020-04-21,0.0,64.0825907581662,Kununurra,"Kimberley, Western Australia"
2020-04-22,9.578432841785272,64.0825907581662,Kununurra,"Kimberley, Western Australia"
2020-04-23,0.0,64.0825907581662,Kununurra,"Kimberley, Western Australia"
2020-04-24,0.0,64.0825907581662,Kununurra,"Kimberley, Western Australia"
2020-04-25,0.0,64.0825907581662,Kununurra,"Kimberley, Western Australia"
2020-04-26,0.0,64.0825907581662,Kununurra,"Kimberley, Western Australia"
2020-04-27,0.0,64.0825907581662,Kununurra,"Kimberley, Western Australia"
2020-04-28,14.681360308835291,64.0825907581662,Kununurra,"Kimberley, Western Australia"
2020-04-29,0.0,64.0825907581662,Kununurra,"Kimberley, Western Australia"
2020-04-30,0.0,64.0825907581662,Kununurra,"Kimberley, Western Australia"
2020-05-01,0.0,34.98652126681351,Kununurra,"Kimberley, Western Australia"
2020-05-02,0.0,34.98652126681351,Kununurra,"Kimberley, Western Australia"
2020-05-03,0.0,34.98652126681351,Kununurra,"Kimberley, Western Australia"
2020-05-04,7.299880438122809,34.98652126681351,Kununurra,"Kimberley, Western Australia"
2020-05-05,0.0,34.98652126681351,Kununurra,"Kimberley, Western Australia"
2020-05-06,0.0,34.98652126681351,Kununurra,"Kimberley, Western Australia"
2020-05-07,0.0,34.98652126681351,Kununurra,"Kimberley, Western Australia"
2020-05-08,1.8021046799235714,34.98652126681351,Kununurra,"Kimberley, Western Australia"
2020-05-09,0.0,34.98652126681351,Kununurra,"Kimberley, Western Australia"
2020-05-10,0.0,34.98652126681351,Kununurra,"Kimberley, Western Australia"
2020-05-11,0.0,34.98652126681351,Kununurra,"Kimberley, Western Australia"
2020-05-12,0.0,34.98652126681351,Kununurra,"Kimberley, Western Australia"
2020-05-13,6.561107663825424,34.98652126681351,Kununurra,"Kimberley, Western Australia"
2020-05-14,0.0,34.98652126681351,Kununurra,"Kimberley, Western Australia"
2020-05-15,0.0,34.98652126681351,Kununurra,"Kimberley, Western Australia"
2020-05-16,0.0,34.98652126681351,Kununurra,"Kimberley, Western Australia"
2020-05-17,0.0,34.98652126681351,Kununurra,"Kimberley, Western Australia"
2020-05-18,0.0,34.98652126681351,Kununurra,"Kimberley, Western Australia"
2020-05-19,0.0,34.98652126681351,Kununurra,"Kimberley, Western Australia"
2020-05-20,0.0,34.98652126681351,Kununurra,"Kimberley, Western Australia"
2020-05-21,0.0,34.98652126681351,Kununurra,"Kimberley, Western Australia"
2020-05-22,0.0,34.98652126681351,Kununurra,"Kimberley, Western Australia"
2020-05-23,11.787627375011015,34.98652126681351,Kununurra,"Kimberley, Western Australia"
2020-05-24,0.0,34.98652126681351,Kununurra,"Kimberley, Western Australia"
2020-05-25,0.0,34.98652126681351,Kununurra,"Kimberley, Western Australia"
2020-05-26,0.0,34.98652126681351,Kununurra,"Kimberley, Western Australia"
2020-05-27,0.0,34.98652126681351,Kununurra,"Kimberley, Western Australia"
2020-05-28,0.0,34.98652126681351,Kununurra,"Kimberley, Western Australia"
2020-05-29,7.53580110993069,34.98652126681351,Kununurra,"Kimberley, Western Australia"
2020-05-30,0.0,34.98652126681351,Kununurra,"Kimberley, Western Australia"
2020-05-31,0.0,34.98652126681351,Kununurra,"Kimberley, Western Australia"
2020-06-01,0.0,20.967510998276897,Kununurra,"Kimberley, Western Australia"
2020-06-02,0.0,20.967510998276897,Kununurra,"Kimberley, Western Australia"
2020-06-03,0.0,20.967510998276897,Kununurra,"Kimberley, Western Australia"
2020-06-04,0.0,20.967510998276897,Kununurra,"Kimberley, Western Australia"
2020-06-05,7.878322987811069,20.967510998276897,Kununurra,"Kimberley, Western Australia"
2020-06-06,0.0,20.967510998276897,Kununurra,"Kimberley, Western Australia"
2020-06-07,0.0,20.967510998276897,Kununurra,"Kimberley, Western Australia"
2020-06-08,0.0,20.967510998276897,Kununurra,"Kimberley, Western Australia"
2020-06-09,0.0,20.967510998276897,Kununurra,"Kimberley, Western Australia"
2020-06-10,0.0,20.967510998276897,Kununurra,"Kimberley, Western Australia"
2020-06-11,0.0,20.967510998276897,Kununurra,"Kimberley, Western Australia"
2020-06-12,0.0,20.967510998276897,Kununurra,"Kimberley, Western Australia"
2020-06-13,0.0,20.967510998276897,Kununurra,"Kimberley, Western Australia"
2020-06-14,0.0,20.967510998276897,Kununurra,"Kimberley, Western Australia"
2020-06-15,0.0,20.967510998276897,Kununurra,"Kimberley, Western Australia"
2020-06-16,0.0,20.967510998276897,Kununurra,"Kimberley, Western Australia"
2020-06-17,0.0,20.967510998276897,Kununurra,"Kimberley, Western Australia"
2020-06-18,0.0,20.967510998276897,Kununurra,"Kimberley, Western Australia"
2020-06-19,0.0,20.967510998276897,Kununurra,"Kimberley, Western Australia"
2020-06-20,0.0,20.967510998276897,Kununurra,"Kimberley, Western Australia"
2020-06-21,0.0,20.967510998276897,Kununurra,"Kimberley, Western Australia"
2020-06-22,2.8548183783769723,20.967510998276897,Kununurra,"Kimberley, Western Australia"
2020-06-23,0.0,20.967510998276897,Kununurra,"Kimberley, Western Australia"
2020-06-24,0.0,20.967510998276897,Kununurra,"Kimberley, Western Australia"
2020-06-25,0.0,20.967510998276897,Kununurra,"Kimberley, Western Australia"
2020-06-26,4.289221326181372,20.967510998276897,Kununurra,"Kimberley, Western Australia"
2020-06-27,0.0,20.967510998276897,Kununurra,"Kimberley, Western Australia"
2020-06-28,5.945148305907484,20.967510998276897,Kununurra,"Kimberley, Western Australia"
2020-06-29,0.0,20.967510998276897,Kununurra,"Kimberley, Western Australia"
2020-06-30,0.0,20.967510998276897,Kununurra,"Kimberley, Western Australia"
2020-07-01,0.0,53.37322114045417,Kununurra,"Kimberley, Western Australia"
2020-07-02,0.0,53.37322114045417,Kununurra,"Kimberley, Western Australia"
2020-07-03,0.0,53.37322114045417,Kununurra,"Kimberley, Western Australia"
2020-07-04,2.8511345426264803,53.37322114045417,Kununurra,"Kimberley, Western Australia"
2020-07-05,0.0,53.37322114045417,Kununurra,"Kimberley, Western Australia"
2020-07-06,9.158213099739761,53.37322114045417,Kununurra,"Kimberley, Western Australia"
2020-07-07,0.0,53.37322114045417,Kununurra,"Kimberley, Western Australia"
2020-07-08,0.0,53.37322114045417,Kununurra,"Kimberley, Western Australia"
2020-07-09,5.38934935423916,53.37322114045417,Kununurra,"Kimberley, Western Australia"
2020-07-10,0.0,53.37322114045417,Kununurra,"Kimberley, Western Australia"
2020-07-11,10.171008571755504,53.37322114045417,Kununurra,"Kimberley, Western Australia"
2020-07-12,0.0,53.37322114045417,Kununurra,"Kimberley, Western Australia"
2020-07-13,0.0,53.37322114045417,Kununurra,"Kimberley, Western Australia"
2020-07-14,0.0,53.37322114045417,Kununurra,"Kimberley, Western Australia"
2020-07-15,0.0,53.37322114045417,Kununurra,"Kimberley, Western Australia"
2020-07-16,0.0,53.37322114045417,Kununurra,"Kimberley, Western Australia"
2020-07-17,0.0,53.37322114045417,Kununurra,"Kimberley, Western Australia"
2020-07-18,0.0,53.37322114045417,Kununurra,"Kimberley, Western Australia"
2020-07-19,0.0,53.37322114045417,Kununurra,"Kimberley, Western Australia"
2020-07-20,0.0,53.37322114045417,Kununurra,"Kimberley, Western Australia"
2020-07-21,8.386210333124126,53.37322114045417,Kununurra,"Kimberley, Western Australia"
2020-07-22,0.0,53.37322114045417,Kununurra,"Kimberley, Western Australia"
2020-07-23,4.433119368619287,53.37322114045417,Kununurra,"Kimberley, Western Australia"
2020-07-24,0.0,53.37322114045417,Kununurra,"Kimberley, Western Australia"
2020-07-25,4.877496996200143,53.37322114045417,Kununurra,"Kimberley, Western Australia"
2020-07-26,0.0,53.37322114045417,Kununurra,"Kimberley, Western Australia"
2020-07-27,0.0,53.37322114045417,Kununurra,"Kimberley, Western Australia"
2020-07-28,8.106688874149707,53.37322114045417,Kununurra,"Kimberley, Western Australia"
2020-07-29,0.0,53.37322114045417,Kununurra,"Kimberley, Western Australia"
2020-07-30,0.0,53.37322114045417,Kununurra,"Kimberley, Western Australia"
2020-07-31,0.0,53.37322114045417,Kununurra,"Kimberley, Western Australia"
2020-08-01,0.0,39.29037416783295,Kununurra,"Kimberley, Western Australia"
2020-08-02,0.0,39.29037416783295,Kununurra,"Kimberley, Western Australia"
2020-08-03,2.7941958486858307,39.29037416783295,Kununurra,"Kimberley, Western Australia"
2020-08-04,4.6466028195121964,39.29037416783295,Kununurra,"Kimberley, Western Australia"
2020-08-05,0.0,39.29037416783295,Kununurra,"Kimberley, Western Australia"
2020-08-06,0.0,39.29037416783295,Kununurra,"Kimberley, Western Australia"
2020-08-07,0.0,39.29037416783295,Kununurra,"Kimberley, Western Australia"
2020-08-08,0.0,39.29037416783295,Kununurra,"Kimberley, Western Australia"
2020-08-09,7.776371625090622,39.29037416783295,Kununurra,"Kimberley, Western Australia"
2020-08-10,0.0,39.29037416783295,Kununurra,"Kimberley, Western Australia"
2020-08-11,1.9726796555018031,39.29037416783295,Kununurra,"Kimberley, Western Australia"
2020-08-12,0.0,39.29037416783295,Kununurra,"Kimberley, Western Australia"
2020-08-13,0.0,39.29037416783295,Kununurra,"Kimberley, Western Australia"
2020-08-14,0.0,39.29037416783295,Kununurra,"Kimberley, Western Australia"
2020-08-15,0.0,39.29037416783295,Kununurra,"Kimberley, Western Australia"
2020-08-16,0.0,39.29037416783295,Kununurra,"Kimberley, Western Australia"
2020-08-17,0.0,39.29037416783295,Kununurra,"Kimberley, Western Australia"
2020-08-18,0.0,39.29037416783295,Kununurra,"Kimberley, Western Australia"
2020-08-19,0.0,39.29037416783295,Kununurra,"Kimberley, Western Australia"
2020-08-20,4.5199572225405,39.29037416783295,Kununurra,"Kimberley, Western Australia"
2020-08-21,0.0,39.29037416783295,Kununurra,"Kimberley, Western Australia"
2020-08-22,0.0,39.29037416783295,Kununurra,"Kimberley, Western Australia"
2020-08-23,0.0,39.29037416783295,Kununurra,"Kimberley, Western Australia"
2020-08-24,6.456806638327212,39.29037416783295,Kununurra,"Kimberley, Western Australia"
2020-08-25,0.0,39.29037416783295,Kununurra,"Kimberley, Western Australia"
2020-08-26,0.0,39.29037416783295,Kununurra,"Kimberley, Western Australia"
2020-08-27,0.0,39.29037416783295,Kununurra,"Kimberley, Western Australia"
2020-08-28,5.8289375179167,39.29037416783295,Kununurra,"Kimberley, Western Australia"
2020-08-29,0.0,39.29037416783295,Kununurra,"Kimberley, Western Australia"
2020-08-30,0.0,39.29037416783295,Kununurra,"Kimberley, Western Australia"
2020-08-31,5.294822840258087,39.29037416783295,Kununurra,"Kimberley, Western Australia"
2020-09-01,0.0,57.41514752969293,Kununurra,"Kimberley, Western Australia"
2020-09-02,4.216862862852835,57.41514752969293,Kununurra,"Kimberley, Western Australia"
2020-09-03,0.0,57.41514752969293,Kununurra,"Kimberley, Western Australia"
2020-09-04,0.0,57.41514752969293,Kununurra,"Kimberley, Western Australia"
2020-09-05,0.0,57.41514752969293,Kununurra,"Kimberley, Western Australia"
2020-09-06,0.0,57.41514752969293,Kununurra,"Kimberley, Western Australia"
2020-09-07,0.0,57.41514752969293,Kununurra,"Kimberley, Western Australia"
2020-09-08,0.0,57.41514752969293,Kununurra,"Kimberley, Western Australia"
2020-09-09,9.083778948252958,57.41514752969293,Kununurra,"Kimberley, Western Australia"
2020-09-10,16.200899196108256,57.41514752969293,Kununurra,"Kimberley, Western Australia"
2020-09-11,0.0,57.41514752969293,Kununurra,"Kimberley, Western Australia"
2020-09-12,0.0,57.41514752969293,Kununurra,"Kimberley, Western Australia"
2020-09-13,0.0,57.41514752969293,Kununurra,"Kimberley, Western Australia"
2020-09-14,0.0,57.41514752969293,Kununurra,"Kimberley, Western Australia"
2020-09-15,2.5668608256664536,57.41514752969293,Kununurra,"Kimberley, Western Australia"
2020-09-16,6.259011907450337,57.41514752969293,Kununurra,"Kimberley, Western Australia"
2020-09-17,9.408746200252056,57.41514752969293,Kununurra,"Kimberley, Western Australia"
2020-09-18,0.0,57.41514752969293,Kununurra,"Kimberley, Western Australia"
2020-09-19,0.0,57.41514752969293,Kununurra,"Kimberley, Western Australia"
2020-09-20,0.0,57.41514752969293,Kununurra,"Kimberley, Western Australia"
2020-09-21,0.0,57.41514752969293,Kununurra,"Kimberley, Western Australia"
2020-09-22,2.1004034657088733,57.41514752969293,Kununurra,"Kimberley, Western Australia"
2020-09-23,0.0,57.41514752969293,Kununurra,"Kimberley, Western Australia"
2020-09-24,0.0,57.41514752969293,Kununurra,"Kimberley, Western Australia"
2020-09-25,0.0,57.41514752969293,Kununurra,"Kimberley, Western Australia"
2020-09-26,0.0,57.41514752969293,Kununurra,"Kimberley, Western Australia"
2020-09-27,0.0,57.41514752969293,Kununurra,"Kimberley, Western Australia"
2020-09-28,7.0729437511593405,57.41514752969293,Kununurra,"Kimberley, Western Australia"
2020-09-29,0.0,57.41514752969293,Kununurra,"Kimberley, Western Australia"
2020-09-30,0.505640372241825,57.41514752969293,Kununurra,"Kimberley, Western Australia"
2020-10-01,0.0,30.109194209656337,Kununurra,"Kimberley, Western Australia"
2020-10-02,0.0,30.109194209656337,Kununurra,"Kimberley, Western Australia"
2020-10-03,0.0,30.109194209656337,Kununurra,"Kimberley, Western Australia"
2020-10-04,1.332622765696428,30.109194209656337,Kununurra,"Kimberley, Western Australia"
2020-10-05,2.457883201694357,30.109194209656337,Kununurra,"Kimberley, Western Australia"
2020-10-06,0.0,30.109194209656337,Kununurra,"Kimberley, Western Australia"
2020-10-07,0.0,30.109194209656337,Kununurra,"Kimberley, Western Australia"
2020-10-08,6.921398243017187,30.109194209656337,Kununurra,"Kimberley, Western Australia"
2020-10-09,11.184178935236861,30.109194209656337,Kununurra,"Kimberley, Western Australia"
2020-10-10,0.0,30.109194209656337,Kununurra,"Kimberley, Western Australia"
2020-10-11,0.0,30.109194209656337,Kununurra,"Kimberley, Western Australia"
2020-10-12,0.0,30.109194209656337,Kununurra,"Kimberley, Western Australia"
2020-10-13,0.0,30.109194209656337,Kununurra,"Kimberley, Western Australia"
2020-10-14,0.0,30.109194209656337,Kununurra,"Kimberley, Western Australia"
2020-10-15,0.0,30.109194209656337,Kununurra,"Kimberley, Western Australia"
2020-10-16,0.0,30.109194209656337,Kununurra,"Kimberley, Western Australia"
2020-10-17,6.569615577783646,30.109194209656337,Kununurra,"Kimberley, Western Australia"
2020-10-18,0.0,30.109194209656337,Kununurra,"Kimberley, Western Australia"
2020-10-19,0.0,30.109194209656337,Kununurra,"Kimberley, Western Australia"
2020-10-20,1.6434954862278575,30.109194209656337,Kununurra,"Kimberley, Western Australia"
2020-10-21,0.0,30.109194209656337,Kununurra,"Kimberley, Western Australia"
2020-10-22,0.0,30.109194209656337,Kununurra,"Kimberley, Western Australia"
2020-10-23,0.0,30.109194209656337,Kununurra,"Kimberley, Western Australia"
2020-10-24,0.0,30.109194209656337,Kununurra,"Kimberley, Western Australia"
2020-10-25,0.0,30.109194209656337,Kununurra,"Kimberley, Western Australia"
2020-10-26,0.0,30.109194209656337,Kununurra,"Kimberley, Western Australia"
2020-10-27,0.0,30.109194209656337,Kununurra,"Kimberley, Western Australia"
2020-10-28,0.0,30.109194209656337,Kununurra,"Kimberley, Western Australia"
2020-10-29,0.0,30.109194209656337,Kununurra,"Kimberley, Western Australia"
2020-10-30,0.0,30.109194209656337,Kununurra,"Kimberley, Western Australia"
2020-10-31,0.0,30.109194209656337,Kununurra,"Kimberley, Western Australia"
2020-11-01,1.8644583417003062,14.759396883842037,Kununurra,"Kimberley, Western Australia"
2020-11-02,0.0,14.759396883842037,Kununurra,"Kimberley, Western Australia"
2020-11-03,3.9670123546288787,14.759396883842037,Kununurra,"Kimberley, Western Australia"
2020-11-04,0.0,14.759396883842037,Kununurra,"Kimberley, Western Australia"
2020-11-05,0.0,14.759396883842037,Kununurra,"Kimberley, Western Australia"
2020-11-06,0.0,14.759396883842037,Kununurra,"Kimberley, Western Australia"
2020-11-07,0.0,14.759396883842037,Kununurra,"Kimberley, Western Australia"
2020-11-08,0.0,14.759396883842037,Kununurra,"Kimberley, Western Australia"
2020-11-09,0.0,14.759396883842037,Kununurra,"Kimberley, Western Australia"
2020-11-10,5.56345570055153,14.759396883842037,Kununurra,"Kimberley, Western Australia"
2020-11-11,0.0,14.759396883842037,Kununurra,"Kimberley, Western Australia"
2020-11-12,0.0,14.759396883842037,Kununurra,"Kimberley, Western Australia"
2020-11-13,0.0,14.759396883842037,Kununurra,"Kimberley, Western Australia"
2020-11-14,0.0,14.759396883842037,Kununurra,"Kimberley, Western Australia"
2020-11-15,0.0,14.759396883842037,Kununurra,"Kimberley, Western Australia"
2020-11-16,0.0,14.759396883842037,Kununurra,"Kimberley, Western Australia"
2020-11-17,0.0,14.759396883842037,Kununurra,"Kimberley, Western Australia"
2020-11-18,0.0,14.759396883842037,Kununurra,"Kimberley, Western Australia"
2020-11-19,0.0,14.759396883842037,Kununurra,"Kimberley, Western Australia"
2020-11-20,2.649234314921843,14.759396883842037,Kununurra,"Kimberley, Western Australia"
2020-11-21,0.715236172039478,14.759396883842037,Kununurra,"Kimberley, Western Australia"
2020-11-22,0.0,14.759396883842037,Kununurra,"Kimberley, Western Australia"
2020-11-23,0.0,14.759396883842037,Kununurra,"Kimberley, Western Australia"
2020-11-24,0.0,14.759396883842037,Kununurra,"Kimberley, Western Australia"
2020-11-25,0.0,14.759396883842037,Kununurra,"Kimberley, Western Australia"
2020-11-26,0.0,14.759396883842037,Kununurra,"Kimberley, Western Australia"
2020-11-27,0.0,14.759396883842037,Kununurra,"Kimberley, Western Australia"
2020-11-28,0.0,14.759396883842037,Kununurra,"Kimberley, Western Australia"
2020-11-29,0.0,14.759396883842037,Kununurra,"Kimberley, Western Australia"
2020-11-30,0.0,14.759396883842037,Kununurra,"Kimberley, Western Australia"
2020-12-01,0.0,37.1009517264542,Kununurra,"Kimberley, Western Australia"
2020-12-02,0.0,37.1009517264542,Kununurra,"Kimberley, Western Australia"
2020-12-03,0.0,37.1009517264542,Kununurra,"Kimberley, Western Australia"
2020-12-04,0.0,37.1009517264542,Kununurra,"Kimberley, Western Australia"
2020-12-05,0.0,37.1009517264542,Kununurra,"Kimberley, Western Australia"
2020-12-06,8.758895662779777,37.1009517264542,Kununurra,"Kimberley, Western Australia"
2020-12-07,0.0,37.1009517264542,Kununurra,"Kimberley, Western Australia"
2020-12-08,0.0,37.1009517264542,Kununurra,"Kimberley, Western Australia"
2020-12-09,0.0,37.1009517264542,Kununurra,"Kimberley, Western Australia"
2020-12-10,2.247849533370438,37.1009517264542,Kununurra,"Kimberley, Western Australia"
2020-12-11,0.0,37.1009517264542,Kununurra,"Kimberley, Western Australia"
2020-12-12,0.0,37.1009517264542,Kununurra,"Kimberley, Western Australia"
2020-12-13,4.669442614944787,37.1009517264542,Kununurra,"Kimberley, Western Australia"
2020-12-14,0.0,37.1009517264542,Kununurra,"Kimberley, Western Australia"
2020-12-15,9.125687255687987,37.1009517264542,Kununurra,"Kimberley, Western Australia"
2020-12-16,4.933372160277317,37.1009517264542,Kununurra,"Kimberley, Western Australia"
2020-12-17,0.0,37.1009517264542,Kununurra,"Kimberley, Western Australia"
2020-12-18,0.0,37.1009517264542,Kununurra,"Kimberley, Western Australia"
2020-12-19,0.0,37.1009517264542,Kununurra,"Kimberley, Western Australia"
2020-12-20,0.0,37.1009517264542,Kununurra,"Kimberley, Western Australia"
2020-12-21,0.0,37.1009517264542,Kununurra,"Kimberley, Western Australia"
2020-12-22,0.0,37.1009517264542,Kununurra,"Kimberley, Western Australia"
2020-12-23,0.0,37.1009517264542,Kununurra,"Kimberley, Western Australia"
2020-12-24,0.0,37.1009517264542,Kununurra,"Kimberley, Western Australia"
2020-12-25,0.0,37.1009517264542,Kununurra,"Kimberley, Western Australia"
2020-12-26,0.0,37.1009517264542,Kununurra,"Kimberley, Western Australia"
2020-12-27,0.0,37.1009517264542,Kununurra,"Kimberley, Western Australia"
2020-12-28,2.1027046417220907,37.1009517264542,Kununurra,"Kimberley, Western Australia"
2020-12-29,0.0,37.1009517264542,Kununurra,"Kimberley, Western Australia"
2020-12-30,5.2629998576718,37.1009517264542,Kununurra,"Kimberley, Western Australia"
2020-12-31,0.0,37.1009517264542,Kununurra,"Kimberley, Western Australia"
2021-01-01,0.0,54.11620608792101,Kununurra,"Kimberley, Western Australia"
2021-01-02,0.0,54.11620608792101,Kununurra,"Kimberley, Western Australia"
2021-01-03,6.461240459167512,54.11620608792101,Kununurra,"Kimberley, Western Australia"
2021-01-04,0.0,54.11620608792101,Kununurra,"Kimberley, Western Australia"
2021-01-05,0.0,54.11620608792101,Kununurra,"Kimberley, Western Australia"
2021-01-06,0.0,54.11620608792101,Kununurra,"Kimberley, Western Australia"
2021-01-07,3.203430673808821,54.11620608792101,Kununurra,"Kimberley, Western Australia"
2021-01-08,4.872206452172289,54.11620608792101,Kununurra,"Kimberley, Western Australia"
2021-01-09,0.0,54.11620608792101,Kununurra,"Kimberley, Western Australia"
2021-01-10,0.0,54.11620608792101,Kununurra,"Kimberley, Western Australia"
2021-01-11,0.0,54.11620608792101,Kununurra,"Kimberley, Western Australia"
2021-01-12,0.0,54.11620608792101,Kununurra,"Kimberley, Western Australia"
2021-01-13,0.0,54.11620608792101,Kununurra,"Kimberley, Western Australia"
2021-01-14,0.0,54.11620608792101,Kununurra,"Kimberley, Western Australia"
2021-01-15,0.0,54.11620608792101,Kununurra,"Kimberley, Western Australia"
2021-01-16,11.181443115390135,54.11620608792101,Kununurra,"Kimberley, Western Australia"
2021-01-17,6.232819342766506,54.11620608792101,Kununurra,"Kimberley, Western Australia"
2021-01-18,2.35476039156291,54.11620608792101,Kununurra,"Kimberley, Western Australia"
2021-01-19,0.0,54.11620608792101,Kununurra,"Kimberley, Western Australia"
2021-01-20,6.5810192061994615,54.11620608792101,Kununurra,"Kimberley, Western Australia"
2021-01-21,3.5356206601220386,54.11620608792101,Kununurra,"Kimberley, Western Australia"
2021-01-22,0.0,54.11620608792101,Kununurra,"Kimberley, Western Australia"
2021-01-23,0.0,54.11620608792101,Kununurra,"Kimberley, Western Australia"
2021-01-24,0.0,54.11620608792101,Kununurra,"Kimberley, Western Australia"
2021-01-25,0.0,54.11620608792101,Kununurra,"Kimberley, Western Australia"
2021-01-26,0.0,54.11620608792101,Kununurra,"Kimberley, Western Australia"
2021-01-27,0.0,54.11620608792101,Kununurra,"Kimberley, Western Australia"
2021-01-28,6.772939612411385,54.11620608792101,Kununurra,"Kimberley, Western Australia"
2021-01-29,0.0,54.11620608792101,Kununurra,"Kimberley, Western Australia"
2021-01-30,0.0,54.11620608792101,Kununurra,"Kimberley, Western Australia"
2021-01-31,2.9207261743199506,54.11620608792101,Kununurra,"Kimberley, Western Australia"
2021-02-01,0.0,54.10688923428754,Kununurra,"Kimberley, Western Australia"
2021-02-02,0.0,54.10688923428754,Kununurra,"Kimberley, Western Australia"
2021-02-03,3.140538572947439,54.10688923428754,Kununurra,"Kimberley, Western Australia"
2021-02-04,0.0,54.10688923428754,Kununurra,"Kimberley, Western Australia"
2021-02-05,6.08509087424575,54.10688923428754,Kununurra,"Kimberley, Western Australia"
2021-02-06,0.0,54.10688923428754,Kununurra,"Kimberley, Western Australia"
2021-02-07,0.0,54.10688923428754,Kununurra,"Kimberley, Western Australia"
2021-02-08,3.400415338957398,54.10688923428754,Kununurra,"Kimberley, Western Australia"
2021-02-09,9.693771337967874,54.10688923428754,Kununurra,"Kimberley, Western Australia"
2021-02-10,6.175851314145138,54.10688923428754,Kununurra,"Kimberley, Western Australia"
2021-02-11,0.0,54.10688923428754,Kununurra,"Kimberley, Western Australia"
2021-02-12,0.0,54.10688923428754,Kununurra,"Kimberley, Western Australia"
2021-02-13,0.0,54.10688923428754,Kununurra,"Kimberley, Western Australia"
2021-02-14,0.0,54.10688923428754,Kununurra,"Kimberley, Western Australia"
2021-02-15,0.0,54.10688923428754,Kununurra,"Kimberley, Western Australia"
2021-02-16,0.0,54.10688923428754,Kununurra,"Kimberley, Western Australia"
2021-02-17,11.206136927337889,54.10688923428754,Kununurra,"Kimberley, Western Australia"
2021-02-18,0.0,54.10688923428754,Kununurra,"Kimberley, Western Australia"
2021-02-19,0.0,54.10688923428754,Kununurra,"Kimberley, Western Australia"
2021-02-20,0.0,54.10688923428754,Kununurra,"Kimberley, Western Australia"
2021-02-21,3.888995116024912,54.10688923428754,Kununurra,"Kimberley, Western Australia"
2021-02-22,0.0,54.10688923428754,Kununurra,"Kimberley, Western Australia"
2021-02-23,0.0,54.10688923428754,Kununurra,"Kimberley, Western Australia"
2021-02-24,0.0,54.10688923428754,Kununurra,"Kimberley, Western Australia"
2021-02-25,0.0,54.10688923428754,Kununurra,"Kimberley, Western Australia"
2021-02-26,0.0,54.10688923428754,Kununurra,"Kimberley, Western Australia"
2021-02-27,10.516089752661145,54.10688923428754,Kununurra,"Kimberley, Western Australia"
2021-02-28,0.0,54.10688923428754,Kununurra,"Kimberley, Western Australia"
2021-03-01,0.0,43.90781925722593,Kununurra,"Kimberley, Western Australia"
2021-03-02,0.0,43.90781925722593,Kununurra,"Kimberley, Western Australia"
2021-03-03,0.0,43.90781925722593,Kununurra,"Kimberley, Western Australia"
2021-03-04,11.25701073171433,43.90781925722593,Kununurra,"Kimberley, Western Australia"
2021-03-05,7.3594250028163675,43.90781925722593,Kununurra,"Kimberley, Western Australia"
2021-03-06,0.0,43.90781925722593,Kununurra,"Kimberley, Western Australia"
2021-03-07,0.0,43.90781925722593,Kununurra,"Kimberley, Western Australia"
2021-03-08,0.0,43.90781925722593,Kununurra,"Kimberley, Western Australia"
2021-03-09,6.802766682982888,43.90781925722593,Kununurra,"Kimberley, Western Australia"
2021-03-10,0.0,43.90781925722593,Kununurra,"Kimberley, Western Australia"
2021-03-11,0.0,43.90781925722593,Kununurra,"Kimberley, Western Australia"
2021-03-12,0.0,43.90781925722593,Kununurra,"Kimberley, Western Australia"
2021-03-13,0.0,43.90781925722593,Kununurra,"Kimberley, Western Australia"
2021-03-14,0.0,43.90781925722593,Kununurra,"Kimberley, Western Australia"
2021-03-15,0.0,43.90781925722593,Kununurra,"Kimberley, Western Australia"
2021-03-16,1.3539436567263299,43.90781925722593,Kununurra,"Kimberley, Western Australia"
2021-03-17,0.0,43.90781925722593,Kununurra,"Kimberley, Western Australia"
2021-03-18,0.0,43.90781925722593,Kununurra,"Kimberley, Western Australia"
2021-03-19,0.0,43.90781925722593,Kununurra,"Kimberley, Western Australia"
2021-03-20,0.0,43.90781925722593,Kununurra,"Kimberley, Western Australia"
2021-03-21,0.0,43.90781925722593,Kununurra,"Kimberley, Western Australia"
2021-03-22,0.0,43.90781925722593,Kununurra,"Kimberley, Western Australia"
2021-03-23,2.887528453330731,43.90781925722593,Kununurra,"Kimberley, Western Australia"
2021-03-24,0.0,43.90781925722593,Kununurra,"Kimberley, Western Australia"
2021-03-25,0.0,43.90781925722593,Kununurra,"Kimberley, Western Australia"
2021-03-26,0.0,43.90781925722593,Kununurra,"Kimberley, Western Australia"
2021-03-27,0.0,43.90781925722593,Kununurra,"Kimberley, Western Australia"
2021-03-28,11.734807446540628,43.90781925722593,Kununurra,"Kimberley, Western Australia"
2021-03-29,0.0,43.90781925722593,Kununurra,"Kimberley, Western Australia"
2021-03-30,0.0,43.90781925722593,Kununurra,"Kimberley, Western Australia"
2021-03-31,2.5123372831146584,43.90781925722593,Kununurra,"Kimberley, Western Australia"
2021-04-01,0.0,33.388135273627974,Kununurra,"Kimberley, Western Australia"
2021-04-02,0.0,33.388135273627974,Kununurra,"Kimberley, Western Australia"
2021-04-03,0.0,33.388135273627974,Kununurra,"Kimberley, Western Australia"
2021-04-04,0.0,33.388135273627974,Kununurra,"Kimberley, Western Australia"
2021-04-05,0.0,33.388135273627974,Kununurra,"Kimberley, Western Australia"
2021-04-06,0.0,33.388135273627974,Kununurra,"Kimberley, Western Australia"
2021-04-07,0.0,33.388135273627974,Kununurra,"Kimberley, Western Australia"
2021-04-08,3.4416612184921007,33.388135273627974,Kununurra,"Kimberley, Western Australia"
2021-04-09,7.870197475205065,33.388135273627974,Kununurra,"Kimberley, Western Australia"
2021-04-10,0.0,33.388135273627974,Kununurra,"Kimberley, Western Australia"
2021-04-11,0.0,33.388135273627974,Kununurra,"Kimberley, Western Australia"
2021-04-12,0.0,33.388135273627974,Kununurra,"Kimberley, Western Australia"
2021-04-13,0.0,33.388135273627974,Kununurra,"Kimberley, Western Australia"
2021-04-14,0.0,33.388135273627974,Kununurra,"Kimberley, Western Australia"
2021-04-15,0.0,33.388135273627974,Kununurra,"Kimberley, Western Australia"
2021-04-16,0.0,33.388135273627974,Kununurra,"Kimberley, Western Australia"
2021-04-17,0.0,33.388135273627974,Kununurra,"Kimberley, Western Australia"
2021-04-18,0.0,33.388135273627974,Kununurra,"Kimberley, Western Australia"
2021-04-19,0.0,33.388135273627974,Kununurra,"Kimberley, Western Australia"
2021-04-20,0.0,33.388135273627974,Kununurra,"Kimberley, Western Australia"
2021-04-21,0.0,33.388135273627974,Kununurra,"Kimberley, Western Australia"
2021-04-22,3.8005543777374067,33.388135273627974,Kununurra,"Kimberley, Western Australia"
2021-04-23,0.0,33.388135273627974,Kununurra,"Kimberley, Western Australia"
2021-04-24,5.006768339391568,33.388135273627974,Kununurra,"Kimberley, Western Australia"
2021-04-25,0.0,33.388135273627974,Kununurra,"Kimberley, Western Australia"
2021-04-26,6.898596099820649,33.388135273627974,Kununurra,"Kimberley, Western Australia"
2021-04-27,0.0,33.388135273627974,Kununurra,"Kimberley, Western Australia"
2021-04-28,0.0,33.388135273627974,Kununurra,"Kimberley, Western Australia"
2021-04-29,0.0,33.388135273627974,Kununurra,"Kimberley, Western Australia"
2021-04-30,6.3703577629811825,33.388135273627974,Kununurra,"Kimberley, Western Australia"
2021-05-01,1.0643570785366694,42.797909185674946,Kununurra,"Kimberley, Western Australia"
2021-05-02,0.0,42.797909185674946,Kununurra,"Kimberley, Western Australia"
2021-05-03,0.0,42.797909185674946,Kununurra,"Kimberley, Western Australia"
2021-05-04,0.0,42.797909185674946,Kununurra,"Kimberley, Western Australia"
2021-05-05,1.5705791498485118,42.797909185674946,Kununurra,"Kimberley, Western Australia"
2021-05-06,0.0,42.797909185674946,Kununurra,"Kimberley, Western Australia"
2021-05-07,2.5130025345410045,42.797909185674946,Kununurra,"Kimberley, Western Australia"
2021-05-08,0.0,42.797909185674946,Kununurra,"Kimberley, Western Australia"
2021-05-09,0.0,42.797909185674946,Kununurra,"Kimberley, Western Australia"
2021-05-10,0.0,42.797909185674946,Kununurra,"Kimberley, Western Australia"
2021-05-11,0.0,42.797909185674946,Kununurra,"Kimberley, Western Australia"
2021-05-12,0.0,42.797909185674946,Kununurra,"Kimberley, Western Australia"
2021-05-13,0.0,42.797909185674946,Kununurra,"Kimberley, Western Australia"
2021-05-14,0.0,42.797909185674946,Kununurra,"Kimberley, Western Australia"
2021-05-15,0.0,42.797909185674946,Kununurra,"Kimberley, Western Australia"
2021-05-16,7.096484065043409,42.797909185674946,Kununurra,"Kimberley, Western Australia"
2021-05-17,0.0,42.797909185674946,Kununurra,"Kimberley, Western Australia"
2021-05-18,2.3324067453256943,42.797909185674946,Kununurra,"Kimberley, Western Australia"
2021-05-19,0.0,42.797909185674946,Kununurra,"Kimberley, Western Australia"
2021-05-20,0.0,42.797909185674946,Kununurra,"Kimberley, Western Australia"
2021-05-21,0.0,42.797909185674946,Kununurra,"Kimberley, Western Australia"
2021-05-22,5.333808627436985,42.797909185674946,Kununurra,"Kimberley, Western Australia"
2021-05-23,0.0,42.797909185674946,Kununurra,"Kimberley, Western Australia"
2021-05-24,0.0,42.797909185674946,Kununurra,"Kimberley, Western Australia"
2021-05-25,2.2447621647842655,42.797909185674946,Kununurra,"Kimberley, Western Australia"
2021-05-26,0.0,42.797909185674946,Kununurra,"Kimberley, Western Australia"
2021-05-27,15.917392005312792,42.797909185674946,Kununurra,"Kimberley, Western Australia"
2021-05-28,3.506082662762773,42.797909185674946,Kununurra,"Kimberley, Western Australia"
2021-05-29,1.2190341520828423,42.797909185674946,Kununurra,"Kimberley, Western Australia"
2021-05-30,0.0,42.797909185674946,Kununurra,"Kimberley, Western Australia"
2021-05-31,0.0,42.797909185674946,Kununurra,"Kimberley, Western Australia"
2021-06-01,0.0,62.93008228144217,Kununurra,"Kimberley, Western Australia"
2021-06-02,0.0,62.93008228144217,Kununurra,"Kimberley, Western Australia"
2021-06-03,0.0,62.93008228144217,Kununurra,"Kimberley, Western Australia"
2021-06-04,4.249191945601093,62.93008228144217,Kununurra,"Kimberley, Western Australia"
2021-06-05,9.5777287660006,62.93008228144217,Kununurra,"Kimberley, Western Australia"
2021-06-06,9.1064932401296,62.93008228144217,Kununurra,"Kimberley, Western Australia"
2021-06-07,4.815114045595379,62.93008228144217,Kununurra,"Kimberley, Western Australia"
2021-06-08,0.0,62.93008228144217,Kununurra,"Kimberley, Western Australia"
2021-06-09,0.9882053055641857,62.93008228144217,Kununurra,"Kimberley, Western Australia"
2021-06-10,0.0,62.93008228144217,Kununurra,"Kimberley, Western Australia"
2021-06-11,0.0,62.93008228144217,Kununurra,"Kimberley, Western Australia"
2021-06-12,0.0,62.93008228144217,Kununurra,"Kimberley, Western Australia"
2021-06-13,0.0,62.93008228144217,Kununurra,"Kimberley, Western Australia"
2021-06-14,0.0,62.93008228144217,Kununurra,"Kimberley, Western Australia"
2021-06-15,0.0,62.93008228144217,Kununurra,"Kimberley, Western Australia"
2021-06-16,0.0,62.93008228144217,Kununurra,"Kimberley, Western Australia"
2021-06-17,0.0,62.93008228144217,Kununurra,"Kimberley, Western Australia"
2021-06-18,8.584199296198939,62.93008228144217,Kununurra,"Kimberley, Western Australia"
2021-06-19,0.0,62.93008228144217,Kununurra,"Kimberley, Western Australia"
2021-06-20,7.35289333980327,62.93008228144217,Kununurra,"Kimberley, Western Australia"
2021-06-21,4.125503302868266,62.93008228144217,Kununurra,"Kimberley, Western Australia"
2021-06-22,2.51038862429614,62.93008228144217,Kununurra,"Kimberley, Western Australia"
2021-06-23,0.0,62.93008228144217,Kununurra,"Kimberley, Western Australia"
2021-06-24,0.0,62.93008228144217,Kununurra,"Kimberley, Western Australia"
2021-06-25,0.0,62.93008228144217,Kununurra,"Kimberley, Western Australia"
2021-06-26,0.0,62.93008228144217,Kununurra,"Kimberley, Western Australia"
2021-06-27,0.0,62.93008228144217,Kununurra,"Kimberley, Western Australia"
2021-06-28,5.906773635365168,62.93008228144217,Kununurra,"Kimberley, Western Australia"
2021-06-29,5.713590780019526,62.93008228144217,Kununurra,"Kimberley, Western Australia"
2021-06-30,0.0,62.93008228144217,Kununurra,"Kimberley, Western Australia"
2021-07-01,0.0,28.352499977656173,Kununurra,"Kimberley, Western Australia"
2021-07-02,0.0,28.352499977656173,Kununurra,"Kimberley, Western Australia"
2021-07-03,0.0,28.352499977656173,Kununurra,"Kimberley, Western Australia"
2021-07-04,6.036675695024702,28.352499977656173,Kununurra,"Kimberley, Western Australia"
2021-07-05,0.0,28.352499977656173,Kununurra,"Kimberley, Western Australia"
2021-07-06,0.0,28.352499977656173,Kununurra,"Kimberley, Western Australia"
2021-07-07,0.0,28.352499977656173,Kununurra,"Kimberley, Western Australia"
2021-07-08,0.0,28.352499977656173,Kununurra,"Kimberley, Western Australia"
2021-07-09,0.0,28.352499977656173,Kununurra,"Kimberley, Western Australia"
2021-07-10,0.0,28.352499977656173,Kununurra,"Kimberley, Western Australia"
2021-07-11,0.0,28.352499977656173,Kununurra,"Kimberley, Western Australia"
2021-07-12,0.0,28.352499977656173,Kununurra,"Kimberley, Western Australia"
2021-07-13,4.197506792727415,28.352499977656173,Kununurra,"Kimberley, Western Australia"
2021-07-14,5.997441059972864,28.352499977656173,Kununurra,"Kimberley, Western Australia"
2021-07-15,2.7999037351083755,28.352499977656173,Kununurra,"Kimberley, Western Australia"
2021-07-16,0.0,28.352499977656173,Kununurra,"Kimberley, Western Australia"
2021-07-17,0.0,28.352499977656173,Kununurra,"Kimberley, Western Australia"
2021-07-18,6.930795669776699,28.352499977656173,Kununurra,"Kimberley, Western Australia"
2021-07-19,0.0,28.352499977656173,Kununurra,"Kimberley, Western Australia"
2021-07-20,0.0,28.352499977656173,Kununurra,"Kimberley, Western Australia"
2021-07-21,0.0,28.352499977656173,Kununurra,"Kimberley, Western Australia"
2021-07-22,0.0,28.352499977656173,Kununurra,"Kimberley, Western Australia"
2021-07-23,0.0,28.352499977656173,Kununurra,"Kimberley, Western Australia"
2021-07-24,0.0,28.352499977656173,Kununurra,"Kimberley, Western Australia"
2021-07-25,0.0,28.352499977656173,Kununurra,"Kimberley, Western Australia"
2021-07-26,0.0,28.352499977656173,Kununurra,"Kimberley, Western Australia"
2021-07-27,0.0,28.352499977656173,Kununurra,"Kimberley, Western Australia"
2021-07-28,0.0,28.352499977656173,Kununurra,"Kimberley, Western Australia"
2021-07-29,2.3901770250461167,28.352499977656173,Kununurra,"Kimberley, Western Australia"
2021-07-30,0.0,28.352499977656173,Kununurra,"Kimberley, Western Australia"
2021-07-31,0.0,28.352499977656173,Kununurra,"Kimberley, Western Australia"
2021-08-01,0.0,21.07751620363907,Kununurra,"Kimberley, Western Australia"
2021-08-02,4.664515965903337,21.07751620363907,Kununurra,"Kimberley, Western Australia"
2021-08-03,0.0,21.07751620363907,Kununurra,"Kimberley, Western Australia"
2021-08-04,0.0,21.07751620363907,Kununurra,"Kimberley, Western Australia"
2021-08-05,0.0,21.07751620363907,Kununurra,"Kimberley, Western Australia"
2021-08-06,0.0,21.07751620363907,Kununurra,"Kimberley, Western Australia"
2021-08-07,0.0,21.07751620363907,Kununurra,"Kimberley, Western Australia"
2021-08-08,0.0,21.07751620363907,Kununurra,"Kimberley, Western Australia"
2021-08-09,0.0,21.07751620363907,Kununurra,"Kimberley, Western Australia"
2021-08-10,0.0,21.07751620363907,Kununurra,"Kimberley, Western Australia"
2021-08-11,0.0,21.07751620363907,Kununurra,"Kimberley, Western Australia"
2021-08-12,0.0,21.07751620363907,Kununurra,"Kimberley, Western Australia"
2021-08-13,0.0,21.07751620363907,Kununurra,"Kimberley, Western Australia"
2021-08-14,2.60681031686223,21.07751620363907,Kununurra,"Kimberley, Western Australia"
2021-08-15,3.923516036070485,21.07751620363907,Kununurra,"Kimberley, Western Australia"
2021-08-16,0.0,21.07751620363907,Kununurra,"Kimberley, Western Australia"
2021-08-17,0.8029582058175566,21.07751620363907,Kununurra,"Kimberley, Western Australia"
2021-08-18,0.0,21.07751620363907,Kununurra,"Kimberley, Western Australia"
2021-08-19,0.0,21.07751620363907,Kununurra,"Kimberley, Western Australia"
2021-08-20,0.0,21.07751620363907,Kununurra,"Kimberley, Western Australia"
2021-08-21,0.0,21.07751620363907,Kununurra,"Kimberley, Western Australia"
2021-08-22,0.0,21.07751620363907,Kununurra,"Kimberley, Western Australia"
2021-08-23,0.0,21.07751620363907,Kununurra,"Kimberley, Western Australia"
2021-08-24,9.079715678985462,21.07751620363907,Kununurra,"Kimberley, Western Australia"
2021-08-25,0.0,21.07751620363907,Kununurra,"Kimberley, Western Australia"
2021-08-26,0.0,21.07751620363907,Kununurra,"Kimberley, Western Australia"
2021-08-27,0.0,21.07751620363907,Kununurra,"Kimberley, Western Australia"
2021-08-28,0.0,21.07751620363907,Kununurra,"Kimberley, Western Australia"
2021-08-29,0.0,21.07751620363907,Kununurra,"Kimberley, Western Australia"
2021-08-30,0.0,21.07751620363907,Kununurra,"Kimberley, Western Australia"
2021-08-31,0.0,21.07751620363907,Kununurra,"Kimberley, Western Australia"
2021-09-01,0.0,79.37772001117453,Kununurra,"Kimberley, Western Australia"
2021-09-02,3.616854503850918,79.37772001117453,Kununurra,"Kimberley, Western Australia"
2021-09-03,10.70769173766202,79.37772001117453,Kununurra,"Kimberley, Western Australia"
2021-09-04,0.0,79.37772001117453,Kununurra,"Kimberley, Western Australia"
2021-09-05,0.0,79.37772001117453,Kununurra,"Kimberley, Western Australia"
2021-09-06,2.141318055522752,79.37772001117453,Kununurra,"Kimberley, Western Australia"
2021-09-07,17.818692107223367,79.37772001117453,Kununurra,"Kimberley, Western Australia"
2021-09-08,0.0,79.37772001117453,Kununurra,"Kimberley, Western Australia"
2021-09-09,13.071383083794098,79.37772001117453,Kununurra,"Kimberley, Western Australia"
2021-09-10,0.0,79.37772001117453,Kununurra,"Kimberley, Western Australia"
2021-09-11,0.0,79.37772001117453,Kununurra,"Kimberley, Western Australia"
2021-09-12,0.0,79.37772001117453,Kununurra,"Kimberley, Western Australia"
2021-09-13,0.0,79.37772001117453,Kununurra,"Kimberley, Western Australia"
2021-09-14,0.0,79.37772001117453,Kununurra,"Kimberley, Western Australia"
2021-09-15,3.7558048579430015,79.37772001117453,Kununurra,"Kimberley, Western Australia"
2021-09-16,0.0,79.37772001117453,Kununurra,"Kimberley, Western Australia"
2021-09-17,2.0955952508274276,79.37772001117453,Kununurra,"Kimberley, Western Australia"
2021-09-18,0.0,79.37772001117453,Kununurra,"Kimberley, Western Australia"
2021-09-19,7.600883479469745,79.37772001117453,Kununurra,"Kimberley, Western Australia"
2021-09-20,0.0,79.37772001117453,Kununurra,"Kimberley, Western Australia"
2021-09-21,0.0,79.37772001117453,Kununurra,"Kimberley, Western Australia"
2021-09-22,0.0,79.37772001117453,Kununurra,"Kimberley, Western Australia"
2021-09-23,3.260190146332909,79.37772001117453,Kununurra,"Kimberley, Western Australia"
2021-09-24,0.0,79.37772001117453,Kununurra,"Kimberley, Western Australia"
2021-09-25,1.3779815400263251,79.37772001117453,Kununurra,"Kimberley, Western Australia"
2021-09-26,5.868676104794826,79.37772001117453,Kununurra,"Kimberley, Western Australia"
2021-09-27,8.062649143727143,79.37772001117453,Kununurra,"Kimberley, Western Australia"
2021-09-28,0.0,79.37772001117453,Kununurra,"Kimberley, Western Australia"
2021-09-29,0.0,79.37772001117453,Kununurra,"Kimberley, Western Australia"
2021-09-30,0.0,79.37772001117453,Kununurra,"Kimberley, Western Australia"
2021-10-01,9.337975590653238,45.20013044937972,Kununurra,"Kimberley, Western Australia"
2021-10-02,0.0,45.20013044937972,Kununurra,"Kimberley, Western Australia"
2021-10-03,0.0,45.20013044937972,Kununurra,"Kimberley, Western Australia"
2021-10-04,0.0,45.20013044937972,Kununurra,"Kimberley, Western Australia"
2021-10-05,0.0,45.20013044937972,Kununurra,"Kimberley, Western Australia"
2021-10-06,6.934417095018425,45.20013044937972,Kununurra,"Kimberley, Western Australia"
2021-10-07,3.1667593612126197,45.20013044937972,Kununurra,"Kimberley, Western Australia"
2021-10-08,0.0,45.20013044937972,Kununurra,"Kimberley, Western Australia"
2021-10-09,0.0,45.20013044937972,Kununurra,"Kimberley, Western Australia"
2021-10-10,7.765721941405253,45.20013044937972,Kununurra,"Kimberley, Western Australia"
2021-10-11,5.622390058846526,45.20013044937972,Kununurra,"Kimberley, Western Australia"
2021-10-12,0.0,45.20013044937972,Kununurra,"Kimberley, Western Australia"
2021-10-13,0.0,45.20013044937972,Kununurra,"Kimberley, Western Australia"
2021-10-14,0.0,45.20013044937972,Kununurra,"Kimberley, Western Australia"
2021-10-15,0.0,45.20013044937972,Kununurra,"Kimberley, Western Australia"
2021-10-16,0.0,45.20013044937972,Kununurra,"Kimberley, Western Australia"
2021-10-17,0.0,45.20013044937972,Kununurra,"Kimberley, Western Australia"
2021-10-18,2.159810776601339,45.20013044937972,Kununurra,"Kimberley, Western Australia"
2021-10-19,0.0,45.20013044937972,Kununurra,"Kimberley, Western Australia"
2021-10-20,0.0,45.20013044937972,Kununurra,"Kimberley, Western Australia"
2021-10-21,0.0,45.20013044937972,Kununurra,"Kimberley, Western Australia"
2021-10-22,0.0,45.20013044937972,Kununurra,"Kimberley, Western Australia"
2021-10-23,1.0118877572190736,45.20013044937972,Kununurra,"Kimberley, Western Australia"
2021-10-24,0.0,45.20013044937972,Kununurra,"Kimberley, Western Australia"
2021-10-25,0.0,45.20013044937972,Kununurra,"Kimberley, Western Australia"
2021-10-26,0.0,45.20013044937972,Kununurra,"Kimberley, Western Australia"
2021-10-27,5.36334899331619,45.20013044937972,Kununurra,"Kimberley, Western Australia"
2021-10-28,0.735953264968783,45.20013044937972,Kununurra,"Kimberley, Western Australia"
2021-10-29,0.0,45.20013044937972,Kununurra,"Kimberley, Western Australia"
2021-10-30,3.10186561013827,45.20013044937972,Kununurra,"Kimberley, Western Australia"
2021-10-31,0.0,45.20013044937972,Kununurra,"Kimberley, Western Australia"
2021-11-01,0.0,62.63842725661735,Kununurra,"Kimberley, Western Australia"
2021-11-02,0.0,62.63842725661735,Kununurra,"Kimberley, Western Australia"
2021-11-03,0.0,62.63842725661735,Kununurra,"Kimberley, Western Australia"
2021-11-04,3.8344897191836718,62.63842725661735,Kununurra,"Kimberley, Western Australia"
2021-11-05,0.0,62.63842725661735,Kununurra,"Kimberley, Western Australia"
2021-11-06,0.0,62.63842725661735,Kununurra,"Kimberley, Western Australia"
2021-11-07,1.0370363835428933,62.63842725661735,Kununurra,"Kimberley, Western Australia"
2021-11-08,9.520624596461223,62.63842725661735,Kununurra,"Kimberley, Western Australia"
2021-11-09,0.0,62.63842725661735,Kununurra,"Kimberley, Western Australia"
2021-11-10,0.0,62.63842725661735,Kununurra,"Kimberley, Western Australia"
2021-11-11,4.653752902349481,62.63842725661735,Kununurra,"Kimberley, Western Australia"
2021-11-12,1.767167254656771,62.63842725661735,Kununurra,"Kimberley, Western Australia"
2021-11-13,0.0,62.63842725661735,Kununurra,"Kimberley, Western Australia"
2021-11-14,0.0,62.63842725661735,Kununurra,"Kimberley, Western Australia"
2021-11-15,7.079384560422827,62.63842725661735,Kununurra,"Kimberley, Western Australia"
2021-11-16,4.794694386571307,62.63842725661735,Kununurra,"Kimberley, Western Australia"
2021-11-17,0.0,62.63842725661735,Kununurra,"Kimberley, Western Australia"
2021-11-18,2.598285478435701,62.63842725661735,Kununurra,"Kimberley, Western Australia"
2021-11-19,0.0,62.63842725661735,Kununurra,"Kimberley, Western Australia"
2021-11-20,0.0,62.63842725661735,Kununurra,"Kimberley, Western Australia"
2021-11-21,14.69348310941869,62.63842725661735,Kununurra,"Kimberley, Western Australia"
2021-11-22,0.0,62.63842725661735,Kununurra,"Kimberley, Western Australia"
2021-11-23,6.6306168438686335,62.63842725661735,Kununurra,"Kimberley, Western Australia"
2021-11-24,0.0,62.63842725661735,Kununurra,"Kimberley, Western Australia"
2021-11-25,0.0,62.63842725661735,Kununurra,"Kimberley, Western Australia"
2021-11-26,1.4774984556225932,62.63842725661735,Kununurra,"Kimberley, Western Australia"
2021-11-27,4.551393566083558,62.63842725661735,Kununurra,"Kimberley, Western Australia"
2021-11-28,0.0,62.63842725661735,Kununurra,"Kimberley, Western Australia"
2021-11-29,0.0,62.63842725661735,Kununurra,"Kimberley, Western Australia"
2021-11-30,0.0,62.63842725661735,Kununurra,"Kimberley, Western Australia"
2021-12-01,0.0,8.941399321497753,Kununurra,"Kimberley, Western Australia"
2021-12-02,0.0,8.941399321497753,Kununurra,"Kimberley, Western Australia"
2021-12-03,0.0,8.941399321497753,Kununurra,"Kimberley, Western Australia"
2021-12-04,0.5499291374228824,8.941399321497753,Kununurra,"Kimberley, Western Australia"
2021-12-05,0.0,8.941399321497753,Kununurra,"Kimberley, Western Australia"
2021-12-06,0.0,8.941399321497753,Kununurra,"Kimberley, Western Australia"
2021-12-07,0.0,8.941399321497753,Kununurra,"Kimberley, Western Australia"
2021-12-08,0.0,8.941399321497753,Kununurra,"Kimberley, Western Australia"
2021-12-09,0.0,8.941399321497753,Kununurra,"Kimberley, Western Australia"
2021-12-10,0.0,8.941399321497753,Kununurra,"Kimberley, Western Australia"
2021-12-11,0.0,8.941399321497753,Kununurra,"Kimberley, Western Australia"
2021-12-12,0.0,8.941399321497753,Kununurra,"Kimberley, Western Australia"
2021-12-13,0.0,8.941399321497753,Kununurra,"Kimberley, Western Australia"
2021-12-14,0.0,8.941399321497753,Kununurra,"Kimberley, Western Australia"
2021-12-15,4.230563444392553,8.941399321497753,Kununurra,"Kimberley, Western Australia"
2021-12-16,0.0,8.941399321497753,Kununurra,"Kimberley, Western Australia"
2021-12-17,4.160906739682318,8.941399321497753,Kununurra,"Kimberley, Western Australia"
2021-12-18,0.0,8.941399321497753,Kununurra,"Kimberley, Western Australia"
2021-12-19,0.0,8.941399321497753,Kununurra,"Kimberley, Western Australia"
2021-12-20,0.0,8.941399321497753,Kununurra,"Kimberley, Western Australia"
2021-12-21,0.0,8.941399321497753,Kununurra,"Kimberley, Western Australia"
2021-12-22,0.0,8.941399321497753,Kununurra,"Kimberley, Western Australia"
2021-12-23,0.0,8.941399321497753,Kununurra,"Kimberley, Western Australia"
2021-12-24,0.0,8.941399321497753,Kununurra,"Kimberley, Western Australia"
2021-12-25,0.0,8.941399321497753,Kununurra,"Kimberley, Western Australia"
2021-12-26,0.0,8.941399321497753,Kununurra,"Kimberley, Western Australia"
2021-12-27,0.0,8.941399321497753,Kununurra,"Kimberley, Western Australia"
2021-12-28,0.0,8.941399321497753,Kununurra,"Kimberley, Western Australia"
2021-12-29,0.0,8.941399321497753,Kununurra,"Kimberley, Western Australia"
2021-12-30,0.0,8.941399321497753,Kununurra,"Kimberley, Western Australia"
2021-12-31,0.0,8.941399321497753,Kununurra,"Kimberley, Western Australia"
2022-01-01,0.0,24.384344933249384,Kununurra,"Kimberley, Western Australia"
2022-01-02,0.0,24.384344933249384,Kununurra,"Kimberley, Western Australia"
2022-01-03,0.0,24.384344933249384,Kununurra,"Kimberley, Western Australia"
2022-01-04,0.0,24.384344933249384,Kununurra,"Kimberley, Western Australia"
2022-01-05,0.0,24.384344933249384,Kununurra,"Kimberley, Western Australia"
2022-01-06,0.0,24.384344933249384,Kununurra,"Kimberley, Western Australia"
2022-01-07,0.0,24.384344933249384,Kununurra,"Kimberley, Western Australia"
2022-01-08,0.0,24.384344933249384,Kununurra,"Kimberley, Western Australia"
2022-01-09,0.0,24.384344933249384,Kununurra,"Kimberley, Western Australia"
2022-01-10,0.0,24.384344933249384,Kununurra,"Kimberley, Western Australia"
2022-01-11,0.0,24.384344933249384,Kununurra,"Kimberley, Western Australia"
2022-01-12,0.0,24.384344933249384,Kununurra,"Kimberley, Western Australia"
2022-01-13,4.822017538932616,24.384344933249384,Kununurra,"Kimberley, Western Australia"
2022-01-14,5.7665135858302285,24.384344933249384,Kununurra,"Kimberley, Western Australia"
2022-01-15,7.704210789201605,24.384344933249384,Kununurra,"Kimberley, Western Australia"
2022-01-16,0.0,24.384344933249384,Kununurra,"Kimberley, Western Australia"
2022-01-17,0.0,24.384344933249384,Kununurra,"Kimberley, Western Australia"
2022-01-18,0.0,24.384344933249384,Kununurra,"Kimberley, Western Australia"
2022-01-19,0.7252823104468281,24.384344933249384,Kununurra,"Kimberley, Western Australia"
2022-01-20,0.0,24.384344933249384,Kununurra,"Kimberley, Western Australia"
2022-01-21,0.0,24.384344933249384,Kununurra,"Kimberley, Western Australia"
2022-01-22,0.0,24.384344933249384,Kununurra,"Kimberley, Western Australia"
2022-01-23,0.0,24.384344933249384,Kununurra,"Kimberley, Western Australia"
2022-01-24,0.0,24.384344933249384,Kununurra,"Kimberley, Western Australia"
2022-01-25,0.0,24.384344933249384,Kununurra,"Kimberley, Western Australia"
2022-01-26,0.0,24.384344933249384,Kununurra,"Kimberley, Western Australia"
2022-01-27,0.0,24.384344933249384,Kununurra,"Kimberley, Western Australia"
2022-01-28,5.366320708838106,24.384344933249384,Kununurra,"Kimberley, Western Australia"
2022-01-29,0.0,24.384344933249384,Kununurra,"Kimberley, Western Australia"
2022-01-30,0.0,24.384344933249384,Kununurra,"Kimberley, Western Australia"
2022-01-31,0.0,24.384344933249384,Kununurra,"Kimberley, Western Australia"
2022-02-01,0.0,38.85270165627449,Kununurra,"Kimberley, Western Australia"
2022-02-02,3.6355566969198687,38.85270165627449,Kununurra,"Kimberley, Western Australia"
2022-02-03,6.751493751091765,38.85270165627449,Kununurra,"Kimberley, Western Australia"
2022-02-04,4.24868298197652,38.85270165627449,Kununurra,"Kimberley, Western Australia"
2022-02-05,0.0,38.85270165627449,Kununurra,"Kimberley, Western Australia"
2022-02-06,0.0,38.85270165627449,Kununurra,"Kimberley, Western Australia"
2022-02-07,0.0,38.85270165627449,Kununurra,"Kimberley, Western Australia"
2022-02-08,0.0,38.85270165627449,Kununurra,"Kimberley, Western Australia"
2022-02-09,9.350920269927125,38.85270165627449,Kununurra,"Kimberley, Western Australia"
2022-02-10,0.0,38.85270165627449,Kununurra,"Kimberley, Western Australia"
2022-02-11,1.5640905669445146,38.85270165627449,Kununurra,"Kimberley, Western Australia"
2022-02-12,0.0,38.85270165627449,Kununurra,"Kimberley, Western Australia"
2022-02-13,0.0,38.85270165627449,Kununurra,"Kimberley, Western Australia"
2022-02-14,0.0,38.85270165627449,Kununurra,"Kimberley, Western Australia"
2022-02-15,0.0,38.85270165627449,Kununurra,"Kimberley, Western Australia"
2022-02-16,0.0,38.85270165627449,Kununurra,"Kimberley, Western Australia"
2022-02-17,1.4066058133264299,38.85270165627449,Kununurra,"Kimberley, Western Australia"
2022-02-18,0.0,38.85270165627449,Kununurra,"Kimberley, Western Australia"
2022-02-19,0.0,38.85270165627449,Kununurra,"Kimberley, Western Australia"
2022-02-20,4.071919347308516,38.85270165627449,Kununurra,"Kimberley, Western Australia"
2022-02-21,1.384420766171583,38.85270165627449,Kununurra,"Kimberley, Western Australia"
2022-02-22,6.439011462608171,38.85270165627449,Kununurra,"Kimberley, Western Australia"
2022-02-23,0.0,38.85270165627449,Kununurra,"Kimberley, Western Australia"
2022-02-24,0.0,38.85270165627449,Kununurra,"Kimberley, Western Australia"
2022-02-25,0.0,38.85270165627449,Kununurra,"Kimberley, Western Australia"
2022-02-26,0.0,38.85270165627449,Kununurra,"Kimberley, Western Australia"
2022-02-27,0.0,38.85270165627449,Kununurra,"Kimberley, Western Australia"
2022-02-28,0.0,38.85270165627449,Kununurra,"Kimberley, Western Australia"
2022-03-01,2.022979979322019,37.958291824788205,Kununurra,"Kimberley, Western Australia"
2022-03-02,0.0,37.958291824788205,Kununurra,"Kimberley, Western Australia"
2022-03-03,0.0,37.958291824788205,Kununurra,"Kimberley, Western Australia"
2022-03-04,0.0,37.958291824788205,Kununurra,"Kimberley, Western Australia"
2022-03-05,0.0,37.958291824788205,Kununurra,"Kimberley, Western Australia"
2022-03-06,0.0,37.958291824788205,Kununurra,"Kimberley, Western Australia"
2022-03-07,0.0,37.958291824788205,Kununurra,"Kimberley, Western Australia"
2022-03-08,2.832267982529343,37.958291824788205,Kununurra,"Kimberley, Western Australia"
2022-03-09,4.30057018351634,37.958291824788205,Kununurra,"Kimberley, Western Australia"
2022-03-10,0.0,37.958291824788205,Kununurra,"Kimberley, Western Australia"
2022-03-11,10.263599885344002,37.958291824788205,Kununurra,"Kimberley, Western Australia"
2022-03-12,0.0,37.958291824788205,Kununurra,"Kimberley, Western Australia"
2022-03-13,0.0,37.958291824788205,Kununurra,"Kimberley, Western Australia"
2022-03-14,0.0,37.958291824788205,Kununurra,"Kimberley, Western Australia"
2022-03-15,0.0,37.958291824788205,Kununurra,"Kimberley, Western Australia"
2022-03-16,0.0,37.958291824788205,Kununurra,"Kimberley, Western Australia"
2022-03-17,0.0,37.958291824788205,Kununurra,"Kimberley, Western Australia"
2022-03-18,9.317326220323103,37.958291824788205,Kununurra,"Kimberley, Western Australia"
2022-03-19,5.4073973185842235,37.958291824788205,Kununurra,"Kimberley, Western Australia"
2022-03-20,0.0,37.958291824788205,Kununurra,"Kimberley, Western Australia"
2022-03-21,0.0,37.958291824788205,Kununurra,"Kimberley, Western Australia"
2022-03-22,3.8141502551691753,37.958291824788205,Kununurra,"Kimberley, Western Australia"
2022-03-23,0.0,37.958291824788205,Kununurra,"Kimberley, Western Australia"
2022-03-24,0.0,37.958291824788205,Kununurra,"Kimberley, Western Australia"
2022-03-25,0.0,37.958291824788205,Kununurra,"Kimberley, Western Australia"
2022-03-26,0.0,37.958291824788205,Kununurra,"Kimberley, Western Australia"
2022-03-27,0.0,37.958291824788205,Kununurra,"Kimberley, Western Australia"
2022-03-28,0.0,37.958291824788205,Kununurra,"Kimberley, Western Australia"
2022-03-29,0.0,37.958291824788205,Kununurra,"Kimberley, Western Australia"
2022-03-30,0.0,37.958291824788205,Kununurra,"Kimberley, Western Australia"
2022-03-31,0.0,37.958291824788205,Kununurra,"Kimberley, Western Australia"
2022-04-01,0.0,65.28658176453405,Kununurra,"Kimberley, Western Australia"
2022-04-02,1.4907344621160208,65.28658176453405,Kununurra,"Kimberley, Western Australia"
2022-04-03,7.106494912677588,65.28658176453405,Kununurra,"Kimberley, Western Australia"
2022-04-04,3.245692828020911,65.28658176453405,Kununurra,"Kimberley, Western Australia"
2022-04-05,8.529504142976855,65.28658176453405,Kununurra,"Kimberley, Western Australia"
2022-04-06,4.917549272613065,65.28658176453405,Kununurra,"Kimberley, Western Australia"
2022-04-07,0.0,65.28658176453405,Kununurra,"Kimberley, Western Australia"
2022-04-08,5.63159243952348,65.28658176453405,Kununurra,"Kimberley, Western Australia"
2022-04-09,0.0,65.28658176453405,Kununurra,"Kimberley, Western Australia"
2022-04-10,0.0,65.28658176453405,Kununurra,"Kimberley, Western Australia"
2022-04-11,0.0,65.28658176453405,Kununurra,"Kimberley, Western Australia"
2022-04-12,0.0,65.28658176453405,Kununurra,"Kimberley, Western Australia"
2022-04-13,0.0,65.28658176453405,Kununurra,"Kimberley, Western Australia"
2022-04-14,0.0,65.28658176453405,Kununurra,"Kimberley, Western Australia"
2022-04-15,11.703776431675085,65.28658176453405,Kununurra,"Kimberley, Western Australia"
2022-04-16,0.0,65.28658176453405,Kununurra,"Kimberley, Western Australia"
2022-04-17,6.105106759693095,65.28658176453405,Kununurra,"Kimberley, Western Australia"
2022-04-18,0.0,65.28658176453405,Kununurra,"Kimberley, Western Australia"
2022-04-19,0.0,65.28658176453405,Kununurra,"Kimberley, Western Australia"
2022-04-20,0.0,65.28658176453405,Kununurra,"Kimberley, Western Australia"
2022-04-21,9.212848448079761,65.28658176453405,Kununurra,"Kimberley, Western Australia"
2022-04-22,0.0,65.28658176453405,Kununurra,"Kimberley, Western Australia"
2022-04-23,0.0,65.28658176453405,Kununurra,"Kimberley, Western Australia"
2022-04-24,5.624905905436378,65.28658176453405,Kununurra,"Kimberley, Western Australia"
2022-04-25,0.0,65.28658176453405,Kununurra,"Kimberley, Western Australia"
2022-04-26,0.0,65.28658176453405,Kununurra,"Kimberley, Western Australia"
2022-04-27,0.0,65.28658176453405,Kununurra,"Kimberley, Western Australia"
2022-04-28,0.0,65.28658176453405,Kununurra,"Kimberley, Western Australia"
2022-04-29,0.33103106213076045,65.28658176453405,Kununurra,"Kimberley, Western Australia"
2022-04-30,1.3873450995910475,65.28658176453405,Kununurra,"Kimberley, Western Australia"
2022-05-01,0.0,42.48447749835865,Kununurra,"Kimberley, Western Australia"
2022-05-02,0.0,42.48447749835865,Kununurra,"Kimberley, Western Australia"
2022-05-03,0.0,42.48447749835865,Kununurra,"Kimberley, Western Australia"
2022-05-04,0.0,42.48447749835865,Kununurra,"Kimberley, Western Australia"
2022-05-05,0.0,42.48447749835865,Kununurra,"Kimberley, Western Australia"
2022-05-06,0.0,42.48447749835865,Kununurra,"Kimberley, Western Australia"
2022-05-07,7.04816754127845,42.48447749835865,Kununurra,"Kimberley, Western Australia"
2022-05-08,0.0,42.48447749835865,Kununurra,"Kimberley, Western Australia"
2022-05-09,0.0,42.48447749835865,Kununurra,"Kimberley, Western Australia"
2022-05-10,0.0,42.48447749835865,Kununurra,"Kimberley, Western Australia"
2022-05-11,0.0,42.48447749835865,Kununurra,"Kimberley, Western Australia"
2022-05-12,0.0,42.48447749835865,Kununurra,"Kimberley, Western Australia"
2022-05-13,0.0,42.48447749835865,Kununurra,"Kimberley, Western Australia"
2022-05-14,0.0,42.48447749835865,Kununurra,"Kimberley, Western Australia"
2022-05-15,0.0,42.48447749835865,Kununurra,"Kimberley, Western Australia"
2022-05-16,0.0,42.48447749835865,Kununurra,"Kimberley, Western Australia"
2022-05-17,0.0,42.48447749835865,Kununurra,"Kimberley, Western Australia"
2022-05-18,12.782731775819261,42.48447749835865,Kununurra,"Kimberley, Western Australia"
2022-05-19,0.0,42.48447749835865,Kununurra,"Kimberley, Western Australia"
2022-05-20,0.0,42.48447749835865,Kununurra,"Kimberley, Western Australia"
2022-05-21,11.411248028416088,42.48447749835865,Kununurra,"Kimberley, Western Australia"
2022-05-22,0.0,42.48447749835865,Kununurra,"Kimberley, Western Australia"
2022-05-23,0.0,42.48447749835865,Kununurra,"Kimberley, Western Australia"
2022-05-24,0.0,42.48447749835865,Kununurra,"Kimberley, Western Australia"
2022-05-25,4.326473292549181,42.48447749835865,Kununurra,"Kimberley, Western Australia"
2022-05-26,0.0,42.48447749835865,Kununurra,"Kimberley, Western Australia"
2022-05-27,0.0,42.48447749835865,Kununurra,"Kimberley, Western Australia"
2022-05-28,6.009453178918948,42.48447749835865,Kununurra,"Kimberley, Western Australia"
2022-05-29,0.0,42.48447749835865,Kununurra,"Kimberley, Western Australia"
2022-05-30,0.9064036813767266,42.48447749835865,Kununurra,"Kimberley, Western Australia"
2022-05-31,0.0,42.48447749835865,Kununurra,"Kimberley, Western Australia"
2022-06-01,0.0,35.99031654847847,Kununurra,"Kimberley, Western Australia"
2022-06-02,10.541854212605168,35.99031654847847,Kununurra,"Kimberley, Western Australia"
2022-06-03,0.0,35.99031654847847,Kununurra,"Kimberley, Western Australia"
2022-06-04,0.0,35.99031654847847,Kununurra,"Kimberley, Western Australia"
2022-06-05,0.0,35.99031654847847,Kununurra,"Kimberley, Western Australia"
2022-06-06,2.441122273090172,35.99031654847847,Kununurra,"Kimberley, Western Australia"
2022-06-07,0.0,35.99031654847847,Kununurra,"Kimberley, Western Australia"
2022-06-08,0.0,35.99031654847847,Kununurra,"Kimberley, Western Australia"
2022-06-09,0.0,35.99031654847847,Kununurra,"Kimberley, Western Australia"
2022-06-10,10.060566998576641,35.99031654847847,Kununurra,"Kimberley, Western Australia"
2022-06-11,0.0,35.99031654847847,Kununurra,"Kimberley, Western Australia"
2022-06-12,1.6035790659170677,35.99031654847847,Kununurra,"Kimberley, Western Australia"
2022-06-13,3.6295562902774345,35.99031654847847,Kununurra,"Kimberley, Western Australia"
2022-06-14,0.0,35.99031654847847,Kununurra,"Kimberley, Western Australia"
2022-06-15,0.0,35.99031654847847,Kununurra,"Kimberley, Western Australia"
2022-06-16,2.4413859512062683,35.99031654847847,Kununurra,"Kimberley, Western Australia"
2022-06-17,0.0,35.99031654847847,Kununurra,"Kimberley, Western Australia"
2022-06-18,0.0,35.99031654847847,Kununurra,"Kimberley, Western Australia"
2022-06-19,0.0,35.99031654847847,Kununurra,"Kimberley, Western Australia"
2022-06-20,0.0,35.99031654847847,Kununurra,"Kimberley, Western Australia"
2022-06-21,0.0,35.99031654847847,Kununurra,"Kimberley, Western Australia"
2022-06-22,0.0,35.99031654847847,Kununurra,"Kimberley, Western Australia"
2022-06-23,0.0,35.99031654847847,Kununurra,"Kimberley, Western Australia"
2022-06-24,0.0,35.99031654847847,Kununurra,"Kimberley, Western Australia"
2022-06-25,0.0,35.99031654847847,Kununurra,"Kimberley, Western Australia"
2022-06-26,0.5576318252847529,35.99031654847847,Kununurra,"Kimberley, Western Australia"
2022-06-27,0.0,35.99031654847847,Kununurra,"Kimberley, Western Australia"
2022-06-28,0.0,35.99031654847847,Kununurra,"Kimberley, Western Australia"
2022-06-29,4.714619931520962,35.99031654847847,Kununurra,"Kimberley, Western Australia"
2022-06-30,0.0,35.99031654847847,Kununurra,"Kimberley, Western Australia"
2022-07-01,0.0,26.143431998562747,Kununurra,"Kimberley, Western Australia"
2022-07-02,0.0,26.143431998562747,Kununurra,"Kimberley, Western Australia"
2022-07-03,0.0,26.143431998562747,Kununurra,"Kimberley, Western Australia"
2022-07-04,0.0,26.143431998562747,Kununurra,"Kimberley, Western Australia"
2022-07-05,0.0,26.143431998562747,Kununurra,"Kimberley, Western Australia"
2022-07-06,0.0,26.143431998562747,Kununurra,"Kimberley, Western Australia"
2022-07-07,0.0,26.143431998562747,Kununurra,"Kimberley, Western Australia"
2022-07-08,0.0,26.143431998562747,Kununurra,"Kimberley, Western Australia"
2022-07-09,0.0,26.143431998562747,Kununurra,"Kimberley, Western Australia"
2022-07-10,0.0,26.143431998562747,Kununurra,"Kimberley, Western Australia"
2022-07-11,0.0,26.143431998562747,Kununurra,"Kimberley, Western Australia"
2022-07-12,0.0,26.143431998562747,Kununurra,"Kimberley, Western Australia"
2022-07-13,0.0,26.143431998562747,Kununurra,"Kimberley, Western Australia"
2022-07-14,0.0,26.143431998562747,Kununurra,"Kimberley, Western Australia"
2022-07-15,0.0,26.143431998562747,Kununurra,"Kimberley, Western Australia"
2022-07-16,5.7439949115718445,26.143431998562747,Kununurra,"Kimberley, Western Australia"
2022-07-17,0.0,26.143431998562747,Kununurra,"Kimberley, Western Australia"
2022-07-18,6.843155874402024,26.143431998562747,Kununurra,"Kimberley, Western Australia"
2022-07-19,0.0,26.143431998562747,Kununurra,"Kimberley, Western Australia"
2022-07-20,0.0,26.143431998562747,Kununurra,"Kimberley, Western Australia"
2022-07-21,0.0,26.143431998562747,Kununurra,"Kimberley, Western Australia"
2022-07-22,9.46158304382996,26.143431998562747,Kununurra,"Kimberley, Western Australia"
2022-07-23,0.0,26.143431998562747,Kununurra,"Kimberley, Western Australia"
2022-07-24,0.0,26.143431998562747,Kununurra,"Kimberley, Western Australia"
2022-07-25,0.0,26.143431998562747,Kununurra,"Kimberley, Western Australia"
2022-07-26,4.094698168758919,26.143431998562747,Kununurra,"Kimberley, Western Australia"
2022-07-27,0.0,26.143431998562747,Kununurra,"Kimberley, Western Australia"
2022-07-28,0.0,26.143431998562747,Kununurra,"Kimberley, Western Australia"
2022-07-29,0.0,26.143431998562747,Kununurra,"Kimberley, Western Australia"
2022-07-30,0.0,26.143431998562747,Kununurra,"Kimberley, Western Australia"
2022-07-31,0.0,26.143431998562747,Kununurra,"Kimberley, Western Australia"
2022-08-01,0.0,52.792720705313364,Kununurra,"Kimberley, Western Australia"
2022-08-02,0.0,52.792720705313364,Kununurra,"Kimberley, Western Australia"
2022-08-03,3.4352304892141414,52.792720705313364,Kununurra,"Kimberley, Western Australia"
2022-08-04,0.0,52.792720705313364,Kununurra,"Kimberley, Western Australia"
2022-08-05,0.0,52.792720705313364,Kununurra,"Kimberley, Western Australia"
2022-08-06,0.0,52.792720705313364,Kununurra,"Kimberley, Western Australia"
2022-08-07,0.0,52.792720705313364,Kununurra,"Kimberley, Western Australia"
2022-08-08,0.0,52.792720705313364,Kununurra,"Kimberley, Western Australia"
2022-08-09,0.0,52.792720705313364,Kununurra,"Kimberley, Western Australia"
2022-08-10,0.0,52.792720705313364,Kununurra,"Kimberley, Western Australia"
2022-08-11,0.0,52.792720705313364,Kununurra,"Kimberley, Western Australia"
2022-08-12,0.0,52.792720705313364,Kununurra,"Kimberley, Western Australia"
2022-08-13,0.0,52.792720705313364,Kununurra,"Kimberley, Western Australia"
2022-08-14,0.0,52.792720705313364,Kununurra,"Kimberley, Western Australia"
2022-08-15,0.0,52.792720705313364,Kununurra,"Kimberley, Western Australia"
2022-08-16,0.0,52.792720705313364,Kununurra,"Kimberley, Western Australia"
2022-08-17,0.0,52.792720705313364,Kununurra,"Kimberley, Western Australia"
2022-08-18,0.0,52.792720705313364,Kununurra,"Kimberley, Western Australia"
2022-08-19,0.0,52.792720705313364,Kununurra,"Kimberley, Western Australia"
2022-08-20,19.870019967862344,52.792720705313364,Kununurra,"Kimberley, Western Australia"
2022-08-21,0.0,52.792720705313364,Kununurra,"Kimberley, Western Australia"
2022-08-22,0.0,52.792720705313364,Kununurra,"Kimberley, Western Australia"
2022-08-23,0.0,52.792720705313364,Kununurra,"Kimberley, Western Australia"
2022-08-24,10.5735707337338,52.792720705313364,Kununurra,"Kimberley, Western Australia"
2022-08-25,0.0,52.792720705313364,Kununurra,"Kimberley, Western Australia"
2022-08-26,0.0,52.792720705313364,Kununurra,"Kimberley, Western Australia"
2022-08-27,0.0,52.792720705313364,Kununurra,"Kimberley, Western Australia"
2022-08-28,0.0,52.792720705313364,Kununurra,"Kimberley, Western Australia"
2022-08-29,8.690779856467383,52.792720705313364,Kununurra,"Kimberley, Western Australia"
2022-08-30,4.983969247516381,52.792720705313364,Kununurra,"Kimberley, Western Australia"
2022-08-31,5.239150410519317,52.792720705313364,Kununurra,"Kimberley, Western Australia"
2022-09-01,0.0,21.523529676528486,Kununurra,"Kimberley, Western Australia"
2022-09-02,1.3094304966152188,21.523529676528486,Kununurra,"Kimberley, Western Australia"
2022-09-03,0.0,21.523529676528486,Kununurra,"Kimberley, Western Australia"
2022-09-04,0.0,21.523529676528486,Kununurra,"Kimberley, Western Australia"
2022-09-05,4.444461766260634,21.523529676528486,Kununurra,"Kimberley, Western Australia"
2022-09-06,0.0,21.523529676528486,Kununurra,"Kimberley, Western Australia"
2022-09-07,0.0,21.523529676528486,Kununurra,"Kimberley, Western Australia"
2022-09-08,0.0,21.523529676528486,Kununurra,"Kimberley, Western Australia"
2022-09-09,0.0,21.523529676528486,Kununurra,"Kimberley, Western Australia"
2022-09-10,2.6776649690566376,21.523529676528486,Kununurra,"Kimberley, Western Australia"
2022-09-11,0.0,21.523529676528486,Kununurra,"Kimberley, Western Australia"
2022-09-12,0.0,21.523529676528486,Kununurra,"Kimberley, Western Australia"
2022-09-13,0.0,21.523529676528486,Kununurra,"Kimberley, Western Australia"
2022-09-14,0.0,21.523529676528486,Kununurra,"Kimberley, Western Australia"
2022-09-15,8.368292913343446,21.523529676528486,Kununurra,"Kimberley, Western Australia"
2022-09-16,0.0,21.523529676528486,Kununurra,"Kimberley, Western Australia"
2022-09-17,0.0,21.523529676528486,Kununurra,"Kimberley, Western Australia"
2022-09-18,0.0,21.523529676528486,Kununurra,"Kimberley, Western Australia"
2022-09-19,0.0,21.523529676528486,Kununurra,"Kimberley, Western Australia"
2022-09-20,0.0,21.523529676528486,Kununurra,"Kimberley, Western Australia"
2022-09-21,0.0,21.523529676528486,Kununurra,"Kimberley, Western Australia"
2022-09-22,0.0,21.523529676528486,Kununurra,"Kimberley, Western Australia"
2022-09-23,0.0,21.523529676528486,Kununurra,"Kimberley, Western Australia"
2022-09-24,0.0,21.523529676528486,Kununurra,"Kimberley, Western Australia"
2022-09-25,0.0,21.523529676528486,Kununurra,"Kimberley, Western Australia"
2022-09-26,0.0,21.523529676528486,Kununurra,"Kimberley, Western Australia"
2022-09-27,0.0,21.523529676528486,Kununurra,"Kimberley, Western Australia"
2022-09-28,0.0,21.523529676528486,Kununurra,"Kimberley, Western Australia"
2022-09-29,0.0,21.523529676528486,Kununurra,"Kimberley, Western Australia"
2022-09-30,4.72367953125255,21.523529676528486,Kununurra,"Kimberley, Western Australia"
2022-10-01,9.57575948505445,81.42232092361957,Kununurra,"Kimberley, Western Australia"
2022-10-02,1.54047120219834,81.42232092361957,Kununurra,"Kimberley, Western Australia"
2022-10-03,0.0,81.42232092361957,Kununurra,"Kimberley, Western Australia"
2022-10-04,8.974856217355274,81.42232092361957,Kununurra,"Kimberley, Western Australia"
2022-10-05,0.0,81.42232092361957,Kununurra,"Kimberley, Western Australia"
2022-10-06,6.885614682367569,81.42232092361957,Kununurra,"Kimberley, Western Australia"
2022-10-07,0.0,81.42232092361957,Kununurra,"Kimberley, Western Australia"
2022-10-08,0.0,81.42232092361957,Kununurra,"Kimberley, Western Australia"
2022-10-09,8.090053689447707,81.42232092361957,Kununurra,"Kimberley, Western Australia"
2022-10-10,0.0,81.42232092361957,Kununurra,"Kimberley, Western Australia"
2022-10-11,0.0,81.42232092361957,Kununurra,"Kimberley, Western Australia"
2022-10-12,1.0008661554488838,81.42232092361957,Kununurra,"Kimberley, Western Australia"
2022-10-13,0.0,81.42232092361957,Kununurra,"Kimberley, Western Australia"
2022-10-14,0.0,81.42232092361957,Kununurra,"Kimberley, Western Australia"
2022-10-15,0.0,81.42232092361957,Kununurra,"Kimberley, Western Australia"
2022-10-16,13.305847240903741,81.42232092361957,Kununurra,"Kimberley, Western Australia"
2022-10-17,7.712068576512981,81.42232092361957,Kununurra,"Kimberley, Western Australia"
2022-10-18,0.0,81.42232092361957,Kununurra,"Kimberley, Western Australia"
2022-10-19,0.0,81.42232092361957,Kununurra,"Kimberley, Western Australia"
2022-10-20,0.0,81.42232092361957,Kununurra,"Kimberley, Western Australia"
2022-10-21,0.0,81.42232092361957,Kununurra,"Kimberley, Western Australia"
2022-10-22,0.0,81.42232092361957,Kununurra,"Kimberley, Western Australia"
2022-10-23,0.0,81.42232092361957,Kununurra,"Kimberley, Western Australia"
2022-10-24,10.427036603099507,81.42232092361957,Kununurra,"Kimberley, Western Australia"
2022-10-25,11.703121597914059,81.42232092361957,Kununurra,"Kimberley, Western Australia"
2022-10-26,2.206625473317052,81.42232092361957,Kununurra,"Kimberley, Western Australia"
2022-10-27,0.0,81.42232092361957,Kununurra,"Kimberley, Western Australia"
2022-10-28,0.0,81.42232092361957,Kununurra,"Kimberley, Western Australia"
2022-10-29,0.0,81.42232092361957,Kununurra,"Kimberley, Western Australia"
2022-10-30,0.0,81.42232092361957,Kununurra,"Kimberley, Western Australia"
2022-10-31,0.0,81.42232092361957,Kununurra,"Kimberley, Western Australia"
2022-11-01,0.0,40.620415874645566,Kununurra,"Kimberley, Western Australia"
2022-11-02,0.0,40.620415874645566,Kununurra,"Kimberley, Western Australia"
2022-11-03,6.866148761586644,40.620415874645566,Kununurra,"Kimberley, Western Australia"
2022-11-04,0.0,40.620415874645566,Kununurra,"Kimberley, Western Australia"
2022-11-05,0.0,40.620415874645566,Kununurra,"Kimberley, Western Australia"
2022-11-06,0.0,40.620415874645566,Kununurra,"Kimberley, Western Australia"
2022-11-07,7.336154847395156,40.620415874645566,Kununurra,"Kimberley, Western Australia"
2022-11-08,0.0,40.620415874645566,Kununurra,"Kimberley, Western Australia"
2022-11-09,0.0,40.620415874645566,Kununurra,"Kimberley, Western Australia"
2022-11-10,0.0,40.620415874645566,Kununurra,"Kimberley, Western Australia"
2022-11-11,6.606836344280465,40.620415874645566,Kununurra,"Kimberley, Western Australia"
2022-11-12,0.0,40.620415874645566,Kununurra,"Kimberley, Western Australia"
2022-11-13,0.0,40.620415874645566,Kununurra,"Kimberley, Western Australia"
2022-11-14,0.0,40.620415874645566,Kununurra,"Kimberley, Western Australia"
2022-11-15,4.327756050541467,40.620415874645566,Kununurra,"Kimberley, Western Australia"
2022-11-16,0.0,40.620415874645566,Kununurra,"Kimberley, Western Australia"
2022-11-17,0.0,40.620415874645566,Kununurra,"Kimberley, Western Australia"
2022-11-18,3.8293567696674033,40.620415874645566,Kununurra,"Kimberley, Western Australia"
2022-11-19,0.0,40.620415874645566,Kununurra,"Kimberley, Western Australia"
2022-11-20,0.0,40.620415874645566,Kununurra,"Kimberley, Western Australia"
2022-11-21,0.0,40.620415874645566,Kununurra,"Kimberley, Western Australia"
2022-11-22,0.0,40.620415874645566,Kununurra,"Kimberley, Western Australia"
2022-11-23,0.0,40.620415874645566,Kununurra,"Kimberley, Western Australia"
2022-11-24,0.0,40.620415874645566,Kununurra,"Kimberley, Western Australia"
2022-11-25,0.0,40.620415874645566,Kununurra,"Kimberley, Western Australia"
2022-11-26,0.0,40.620415874645566,Kununurra,"Kimberley, Western Australia"
2022-11-27,0.0,40.620415874645566,Kununurra,"Kimberley, Western Australia"
2022-11-28,4.813758146314419,40.620415874645566,Kununurra,"Kimberley, Western Australia"
2022-11-29,0.0,40.620415874645566,Kununurra,"Kimberley, Western Australia"
2022-11-30,6.840404954860014,40.620415874645566,Kununurra,"Kimberley, Western Australia"
2022-12-01,0.0,33.313697672684675,Kununurra,"Kimberley, Western Australia"
2022-12-02,0.0,33.313697672684675,Kununurra,"Kimberley, Western Australia"
2022-12-03,7.324647975582556,33.313697672684675,Kununurra,"Kimberley, Western Australia"
2022-12-04,0.0,33.313697672684675,Kununurra,"Kimberley, Western Australia"
2022-12-05,0.0,33.313697672684675,Kununurra,"Kimberley, Western Australia"
2022-12-06,4.117187395584159,33.313697672684675,Kununurra,"Kimberley, Western Australia"
2022-12-07,0.0,33.313697672684675,Kununurra,"Kimberley, Western Australia"
2022-12-08,0.0,33.313697672684675,Kununurra,"Kimberley, Western Australia"
2022-12-09,0.0,33.313697672684675,Kununurra,"Kimberley, Western Australia"
2022-12-10,0.0,33.313697672684675,Kununurra,"Kimberley, Western Australia"
2022-12-11,8.151390912084011,33.313697672684675,Kununurra,"Kimberley, Western Australia"
2022-12-12,0.0,33.313697672684675,Kununurra,"Kimberley, Western Australia"
2022-12-13,0.0,33.313697672684675,Kununurra,"Kimberley, Western Australia"
2022-12-14,0.0,33.313697672684675,Kununurra,"Kimberley, Western Australia"
2022-12-15,2.7647620783494937,33.313697672684675,Kununurra,"Kimberley, Western Australia"
2022-12-16,0.0,33.313697672684675,Kununurra,"Kimberley, Western Australia"
2022-12-17,0.0,33.313697672684675,Kununurra,"Kimberley, Western Australia"
2022-12-18,0.0,33.313697672684675,Kununurra,"Kimberley, Western Australia"
2022-12-19,0.0,33.313697672684675,Kununurra,"Kimberley, Western Australia"
2022-12-20,0.0,33.313697672684675,Kununurra,"Kimberley, Western Australia"
2022-12-21,0.0,33.313697672684675,Kununurra,"Kimberley, Western Australia"
2022-12-22,0.0,33.313697672684675,Kununurra,"Kimberley, Western Australia"
2022-12-23,8.073382537821676,33.313697672684675,Kununurra,"Kimberley, Western Australia"
2022-12-24,2.8823267732627826,33.313697672684675,Kununurra,"Kimberley, Western Australia"
2022-12-25,0.0,33.313697672684675,Kununurra,"Kimberley, Western Australia"
2022-12-26,0.0,33.313697672684675,Kununurra,"Kimberley, Western Australia"
2022-12-27,0.0,33.313697672684675,Kununurra,"Kimberley, Western Australia"
2022-12-28,0.0,33.313697672684675,Kununurra,"Kimberley, Western Australia"
2022-12-29,0.0,33.313697672684675,Kununurra,"Kimberley, Western Australia"
2022-12-30,0.0,33.313697672684675,Kununurra,"Kimberley, Western Australia"
2022-12-31,0.0,33.313697672684675,Kununurra,"Kimberley, Western Australia"
2023-01-01,3.9843806201922742,76.83552598469792,Kununurra,"Kimberley, Western Australia"
2023-01-02,0.0,76.83552598469792,Kununurra,"Kimberley, Western Australia"
2023-01-03,1.4576191297004912,76.83552598469792,Kununurra,"Kimberley, Western Australia"
2023-01-04,0.0,76.83552598469792,Kununurra,"Kimberley, Western Australia"
2023-01-05,3.2054352738737855,76.83552598469792,Kununurra,"Kimberley, Western Australia"
2023-01-06,0.0,76.83552598469792,Kununurra,"Kimberley, Western Australia"
2023-01-07,0.0,76.83552598469792,Kununurra,"Kimberley, Western Australia"
2023-01-08,0.0,76.83552598469792,Kununurra,"Kimberley, Western Australia"
2023-01-09,0.0,76.83552598469792,Kununurra,"Kimberley, Western Australia"
2023-01-10,0.0,76.83552598469792,Kununurra,"Kimberley, Western Australia"
2023-01-11,0.0,76.83552598469792,Kununurra,"Kimberley, Western Australia"
2023-01-12,0.0,76.83552598469792,Kununurra,"Kimberley, Western Australia"
2023-01-13,10.106383712728814,76.83552598469792,Kununurra,"Kimberley, Western Australia"
2023-01-14,0.0,76.83552598469792,Kununurra,"Kimberley, Western Australia"
2023-01-15,11.350597499022253,76.83552598469792,Kununurra,"Kimberley, Western Australia"
2023-01-16,1.1678685507905053,76.83552598469792,Kununurra,"Kimberley, Western Australia"
2023-01-17,0.0,76.83552598469792,Kununurra,"Kimberley, Western Australia"
2023-01-18,22.195010796455673,76.83552598469792,Kununurra,"Kimberley, Western Australia"
2023-01-19,6.801449063581143,76.83552598469792,Kununurra,"Kimberley, Western Australia"
2023-01-20,0.0,76.83552598469792,Kununurra,"Kimberley, Western Australia"
2023-01-21,7.983808002915746,76.83552598469792,Kununurra,"Kimberley, Western Australia"
2023-01-22,0.7379441767840828,76.83552598469792,Kununurra,"Kimberley, Western Australia"
2023-01-23,6.53162391131723,76.83552598469792,Kununurra,"Kimberley, Western Australia"
2023-01-24,0.0,76.83552598469792,Kununurra,"Kimberley, Western Australia"
2023-01-25,0.0,76.83552598469792,Kununurra,"Kimberley, Western Australia"
2023-01-26,1.3134052473359243,76.83552598469792,Kununurra,"Kimberley, Western Australia"
2023-01-27,0.0,76.83552598469792,Kununurra,"Kimberley, Western Australia"
2023-01-28,0.0,76.83552598469792,Kununurra,"Kimberley, Western Australia"
2023-01-29,0.0,76.83552598469792,Kununurra,"Kimberley, Western Australia"
2023-01-30,0.0,76.83552598469792,Kununurra,"Kimberley, Western Australia"
2023-01-31,0.0,76.83552598469792,Kununurra,"Kimberley, Western Australia"
2023-02-01,0.0,72.97264826149608,Kununurra,"Kimberley, Western Australia"
2023-02-02,0.0,72.97264826149608,Kununurra,"Kimberley, Western Australia"
2023-02-03,0.0,72.97264826149608,Kununurra,"Kimberley, Western Australia"
2023-02-04,6.110249759942384,72.97264826149608,Kununurra,"Kimberley, Western Australia"
2023-02-05,10.592421523225006,72.97264826149608,Kununurra,"Kimberley, Western Australia"
2023-02-06,0.0,72.97264826149608,Kununurra,"Kimberley, Western Australia"
2023-02-07,0.0,72.97264826149608,Kununurra,"Kimberley, Western Australia"
2023-02-08,1.6019715599546467,72.97264826149608,Kununurra,"Kimberley, Western Australia"
2023-02-09,0.0,72.97264826149608,Kununurra,"Kimberley, Western Australia"
2023-02-10,16.213382739224482,72.97264826149608,Kununurra,"Kimberley, Western Australia"
2023-02-11,14.656627900885614,72.97264826149608,Kununurra,"Kimberley, Western Australia"
2023-02-12,0.0,72.97264826149608,Kununurra,"Kimberley, Western Australia"
2023-02-13,0.0,72.97264826149608,Kununurra,"Kimberley, Western Australia"
2023-02-14,0.0,72.97264826149608,Kununurra,"Kimberley, Western Australia"
2023-02-15,0.0,72.97264826149608,Kununurra,"Kimberley, Western Australia"
2023-02-16,7.137119485676616,72.97264826149608,Kununurra,"Kimberley, Western Australia"
2023-02-17,0.0,72.97264826149608,Kununurra,"Kimberley, Western Australia"
2023-02-18,0.0,72.97264826149608,Kununurra,"Kimberley, Western Australia"
2023-02-19,0.0,72.97264826149608,Kununurra,"Kimberley, Western Australia"
2023-02-20,0.0,72.97264826149608,Kununurra,"Kimberley, Western Australia"
2023-02-21,0.0,72.97264826149608,Kununurra,"Kimberley, Western Australia"
2023-02-22,0.0,72.97264826149608,Kununurra,"Kimberley, Western Australia"
2023-02-23,0.0,72.97264826149608,Kununurra,"Kimberley, Western Australia"
2023-02-24,6.432507720466049,72.97264826149608,Kununurra,"Kimberley, Western Australia"
2023-02-25,0.0,72.97264826149608,Kununurra,"Kimberley, Western Australia"
2023-02-26,4.913353290548762,72.97264826149608,Kununurra,"Kimberley, Western Australia"
2023-02-27,0.0,72.97264826149608,Kununurra,"Kimberley, Western Australia"
2023-02-28,5.315014281572523,72.97264826149608,Kununurra,"Kimberley, Western Australia"
2023-03-01,0.0,43.60014294369664,Kununurra,"Kimberley, Western Australia"
2023-03-02,0.0,43.60014294369664,Kununurra,"Kimberley, Western Australia"
2023-03-03,1.5463377459217278,43.60014294369664,Kununurra,"Kimberley, Western Australia"
2023-03-04,0.0,43.60014294369664,Kununurra,"Kimberley, Western Australia"
2023-03-05,4.111982351849177,43.60014294369664,Kununurra,"Kimberley, Western Australia"
2023-03-06,0.0,43.60014294369664,Kununurra,"Kimberley, Western Australia"
2023-03-07,0.0,43.60014294369664,Kununurra,"Kimberley, Western Australia"
2023-03-08,0.0,43.60014294369664,Kununurra,"Kimberley, Western Australia"
2023-03-09,0.0,43.60014294369664,Kununurra,"Kimberley, Western Australia"
2023-03-10,0.0,43.60014294369664,Kununurra,"Kimberley, Western Australia"
2023-03-11,5.629457124025455,43.60014294369664,Kununurra,"Kimberley, Western Australia"
2023-03-12,5.5058467160209466,43.60014294369664,Kununurra,"Kimberley, Western Australia"
2023-03-13,0.0,43.60014294369664,Kununurra,"Kimberley, Western Australia"
2023-03-14,0.0,43.60014294369664,Kununurra,"Kimberley, Western Australia"
2023-03-15,0.0,43.60014294369664,Kununurra,"Kimberley, Western Australia"
2023-03-16,0.0,43.60014294369664,Kununurra,"Kimberley, Western Australia"
2023-03-17,0.0,43.60014294369664,Kununurra,"Kimberley, Western Australia"
2023-03-18,0.2842996662876864,43.60014294369664,Kununurra,"Kimberley, Western Australia"
2023-03-19,10.613271100453002,43.60014294369664,Kununurra,"Kimberley, Western Australia"
2023-03-20,0.0,43.60014294369664,Kununurra,"Kimberley, Western Australia"
2023-03-21,0.0,43.60014294369664,Kununurra,"Kimberley, Western Australia"
2023-03-22,0.0,43.60014294369664,Kununurra,"Kimberley, Western Australia"
2023-03-23,0.0,43.60014294369664,Kununurra,"Kimberley, Western Australia"
2023-03-24,0.0,43.60014294369664,Kununurra,"Kimberley, Western Australia"
2023-03-25,0.0,43.60014294369664,Kununurra,"Kimberley, Western Australia"
2023-03-26,0.0,43.60014294369664,Kununurra,"Kimberley, Western Australia"
2023-03-27,3.785013179834737,43.60014294369664,Kununurra,"Kimberley, Western Australia"
2023-03-28,0.0,43.60014294369664,Kununurra,"Kimberley, Western Australia"
2023-03-29,0.0,43.60014294369664,Kununurra,"Kimberley, Western Australia"
2023-03-30,4.927712158067597,43.60014294369664,Kununurra,"Kimberley, Western Australia"
2023-03-31,7.19622290123631,43.60014294369664,Kununurra,"Kimberley, Western Australia"
2023-04-01,0.0,17.826960169439822,Kununurra,"Kimberley, Western Australia"
2023-04-02,0.0,17.826960169439822,Kununurra,"Kimberley, Western Australia"
2023-04-03,0.0,17.826960169439822,Kununurra,"Kimberley, Western Australia"
2023-04-04,0.0,17.826960169439822,Kununurra,"Kimberley, Western Australia"
2023-04-05,0.0,17.826960169439822,Kununurra,"Kimberley, Western Australia"
2023-04-06,0.0,17.826960169439822,Kununurra,"Kimberley, Western Australia"
2023-04-07,0.0,17.826960169439822,Kununurra,"Kimberley, Western Australia"
2023-04-08,0.0,17.826960169439822,Kununurra,"Kimberley, Western Australia"
2023-04-09,0.0,17.826960169439822,Kununurra,"Kimberley, Western Australia"
2023-04-10,0.0,17.826960169439822,Kununurra,"Kimberley, Western Australia"
2023-04-11,0.0,17.826960169439822,Kununurra,"Kimberley, Western Australia"
2023-04-12,4.405608743572289,17.826960169439822,Kununurra,"Kimberley, Western Australia"
2023-04-13,0.7376798453759863,17.826960169439822,Kununurra,"Kimberley, Western Australia"
2023-04-14,0.0,17.826960169439822,Kununurra,"Kimberley, Western Australia"
2023-04-15,0.0,17.826960169439822,Kununurra,"Kimberley, Western Australia"
2023-04-16,0.0,17.826960169439822,Kununurra,"Kimberley, Western Australia"
2023-04-17,3.8114405171846695,17.826960169439822,Kununurra,"Kimberley, Western Australia"
2023-04-18,8.872231063306877,17.826960169439822,Kununurra,"Kimberley, Western Australia"
2023-04-19,0.0,17.826960169439822,Kununurra,"Kimberley, Western Australia"
2023-04-20,0.0,17.826960169439822,Kununurra,"Kimberley, Western Australia"
2023-04-21,0.0,17.826960169439822,Kununurra,"Kimberley, Western Australia"
2023-04-22,0.0,17.826960169439822,Kununurra,"Kimberley, Western Australia"
2023-04-23,0.0,17.826960169439822,Kununurra,"Kimberley, Western Australia"
2023-04-24,0.0,17.826960169439822,Kununurra,"Kimberley, Western Australia"
2023-04-25,0.0,17.826960169439822,Kununurra,"Kimberley, Western Australia"
2023-04-26,0.0,17.826960169439822,Kununurra,"Kimberley, Western Australia"
2023-04-27,0.0,17.826960169439822,Kununurra,"Kimberley, Western Australia"
2023-04-28,0.0,17.826960169439822,Kununurra,"Kimberley, Western Australia"
2023-04-29,0.0,17.826960169439822,Kununurra,"Kimberley, Western Australia"
2023-04-30,0.0,17.826960169439822,Kununurra,"Kimberley, Western Australia"
2023-05-01,0.0,57.14199783858807,Kununurra,"Kimberley, Western Australia"
2023-05-02,3.843197094129879,57.14199783858807,Kununurra,"Kimberley, Western Australia"
2023-05-03,15.592154979176179,57.14199783858807,Kununurra,"Kimberley, Western Australia"
2023-05-04,0.0,57.14199783858807,Kununurra,"Kimberley, Western Australia"
2023-05-05,0.0,57.14199783858807,Kununurra,"Kimberley, Western Australia"
2023-05-06,0.0,57.14199783858807,Kununurra,"Kimberley, Western Australia"
2023-05-07,0.0,57.14199783858807,Kununurra,"Kimberley, Western Australia"
2023-05-08,8.832183614283236,57.14199783858807,Kununurra,"Kimberley, Western Australia"
2023-05-09,0.0,57.14199783858807,Kununurra,"Kimberley, Western Australia"
2023-05-10,0.0,57.14199783858807,Kununurra,"Kimberley, Western Australia"
2023-05-11,0.0,57.14199783858807,Kununurra,"Kimberley, Western Australia"
2023-05-12,3.439306033745515,57.14199783858807,Kununurra,"Kimberley, Western Australia"
2023-05-13,0.812253430548542,57.14199783858807,Kununurra,"Kimberley, Western Australia"
2023-05-14,0.0,57.14199783858807,Kununurra,"Kimberley, Western Australia"
2023-05-15,11.01618306323908,57.14199783858807,Kununurra,"Kimberley, Western Australia"
2023-05-16,1.1656709639764808,57.14199783858807,Kununurra,"Kimberley, Western Australia"
2023-05-17,0.0,57.14199783858807,Kununurra,"Kimberley, Western Australia"
2023-05-18,0.0,57.14199783858807,Kununurra,"Kimberley, Western Australia"
2023-05-19,0.0,57.14199783858807,Kununurra,"Kimberley, Western Australia"
2023-05-20,3.740279472728748,57.14199783858807,Kununurra,"Kimberley, Western Australia"
2023-05-21,0.0,57.14199783858807,Kununurra,"Kimberley, Western Australia"
2023-05-22,0.0,57.14199783858807,Kununurra,"Kimberley, Western Australia"
2023-05-23,0.0,57.14199783858807,Kununurra,"Kimberley, Western Australia"
2023-05-24,0.0,57.14199783858807,Kununurra,"Kimberley, Western Australia"
2023-05-25,0.0,57.14199783858807,Kununurra,"Kimberley, Western Australia"
2023-05-26,0.0,57.14199783858807,Kununurra,"Kimberley, Western Australia"
2023-05-27,0.0,57.14199783858807,Kununurra,"Kimberley, Western Australia"
2023-05-28,0.0,57.14199783858807,Kununurra,"Kimberley, Western Australia"
2023-05-29,0.0,57.14199783858807,Kununurra,"Kimberley, Western Australia"
2023-05-30,0.0,57.14199783858807,Kununurra,"Kimberley, Western Australia"
2023-05-31,8.70076918676041,57.14199783858807,Kununurra,"Kimberley, Western Australia"
2023-06-01,0.0,26.792270054850484,Kununurra,"Kimberley, Western Australia"
2023-06-02,0.0,26.792270054850484,Kununurra,"Kimberley, Western Australia"
2023-06-03,0.0,26.792270054850484,Kununurra,"Kimberley, Western Australia"
2023-06-04,0.5803537113558488,26.792270054850484,Kununurra,"Kimberley, Western Australia"
2023-06-05,0.0,26.792270054850484,Kununurra,"Kimberley, Western Australia"
2023-06-06,0.0,26.792270054850484,Kununurra,"Kimberley, Western Australia"
2023-06-07,7.802401212490983,26.792270054850484,Kununurra,"Kimberley, Western Australia"
2023-06-08,0.0,26.792270054850484,Kununurra,"Kimberley, Western Australia"
2023-06-09,0.0,26.792270054850484,Kununurra,"Kimberley, Western Australia"
2023-06-10,6.0869944599457995,26.792270054850484,Kununurra,"Kimberley, Western Australia"
2023-06-11,2.957323523348042,26.792270054850484,Kununurra,"Kimberley, Western Australia"
2023-06-12,0.0,26.792270054850484,Kununurra,"Kimberley, Western Australia"
2023-06-13,0.0,26.792270054850484,Kununurra,"Kimberley, Western Australia"
2023-06-14,0.0,26.792270054850484,Kununurra,"Kimberley, Western Australia"
2023-06-15,1.4569539858970006,26.792270054850484,Kununurra,"Kimberley, Western Australia"
2023-06-16,0.0,26.792270054850484,Kununurra,"Kimberley, Western Australia"
2023-06-17,0.0,26.792270054850484,Kununurra,"Kimberley, Western Australia"
2023-06-18,1.698592135637186,26.792270054850484,Kununurra,"Kimberley, Western Australia"
2023-06-19,6.209651026175623,26.792270054850484,Kununurra,"Kimberley, Western Australia"
2023-06-20,0.0,26.792270054850484,Kununurra,"Kimberley, Western Australia"
2023-06-21,0.0,26.792270054850484,Kununurra,"Kimberley, Western Australia"
2023-06-22,0.0,26.792270054850484,Kununurra,"Kimberley, Western Australia"
2023-06-23,0.0,26.792270054850484,Kununurra,"Kimberley, Western Australia"
2023-06-24,0.0,26.792270054850484,Kununurra,"Kimberley, Western Australia"
2023-06-25,0.0,26.792270054850484,Kununurra,"Kimberley, Western Australia"
2023-06-26,0.0,26.792270054850484,Kununurra,"Kimberley, Western Australia"
2023-06-27,0.0,26.792270054850484,Kununurra,"Kimberley, Western Australia"
2023-06-28,0.0,26.792270054850484,Kununurra,"Kimberley, Western Australia"
2023-06-29,0.0,26.792270054850484,Kununurra,"Kimberley, Western Australia"
2023-06-30,0.0,26.792270054850484,Kununurra,"Kimberley, Western Australia"
2023-07-01,0.0,20.779634675827268,Kununurra,"Kimberley, Western Australia"
2023-07-02,0.0,20.779634675827268,Kununurra,"Kimberley, Western Australia"
2023-07-03,0.0,20.779634675827268,Kununurra,"Kimberley, Western Australia"
2023-07-04,5.357405710047844,20.779634675827268,Kununurra,"Kimberley, Western Australia"
2023-07-05,0.0,20.779634675827268,Kununurra,"Kimberley, Western Australia"
2023-07-06,0.0,20.779634675827268,Kununurra,"Kimberley, Western Australia"
2023-07-07,0.0,20.779634675827268,Kununurra,"Kimberley, Western Australia"
2023-07-08,0.0,20.779634675827268,Kununurra,"Kimberley, Western Australia"
2023-07-09,0.0,20.779634675827268,Kununurra,"Kimberley, Western Australia"
2023-07-10,0.0,20.779634675827268,Kununurra,"Kimberley, Western Australia"
2023-07-11,0.0,20.779634675827268,Kununurra,"Kimberley, Western Australia"
2023-07-12,2.6202344689355157,20.779634675827268,Kununurra,"Kimberley, Western Australia"
2023-07-13,0.0,20.779634675827268,Kununurra,"Kimberley, Western Australia"
2023-07-14,0.0,20.779634675827268,Kununurra,"Kimberley, Western Australia"
2023-07-15,0.0,20.779634675827268,Kununurra,"Kimberley, Western Australia"
2023-07-16,6.187595524749593,20.779634675827268,Kununurra,"Kimberley, Western Australia"
2023-07-17,0.0,20.779634675827268,Kununurra,"Kimberley, Western Australia"
2023-07-18,0.0,20.779634675827268,Kununurra,"Kimberley, Western Australia"
2023-07-19,0.0,20.779634675827268,Kununurra,"Kimberley, Western Australia"
2023-07-20,0.0,20.779634675827268,Kununurra,"Kimberley, Western Australia"
2023-07-21,0.0,20.779634675827268,Kununurra,"Kimberley, Western Australia"
2023-07-22,0.0,20.779634675827268,Kununurra,"Kimberley, Western Australia"
2023-07-23,0.0,20.779634675827268,Kununurra,"Kimberley, Western Australia"
2023-07-24,6.614398972094314,20.779634675827268,Kununurra,"Kimberley, Western Australia"
2023-07-25,0.0,20.779634675827268,Kununurra,"Kimberley, Western Australia"
2023-07-26,0.0,20.779634675827268,Kununurra,"Kimberley, Western Australia"
2023-07-27,0.0,20.779634675827268,Kununurra,"Kimberley, Western Australia"
2023-07-28,0.0,20.779634675827268,Kununurra,"Kimberley, Western Australia"
2023-07-29,0.0,20.779634675827268,Kununurra,"Kimberley, Western Australia"
2023-07-30,0.0,20.779634675827268,Kununurra,"Kimberley, Western Australia"
2023-07-31,0.0,20.779634675827268,Kununurra,"Kimberley, Western Australia"
2023-08-01,0.0,38.455368512758966,Kununurra,"Kimberley, Western Australia"
2023-08-02,0.0,38.455368512758966,Kununurra,"Kimberley, Western Australia"
2023-08-03,0.0,38.455368512758966,Kununurra,"Kimberley, Western Australia"
2023-08-04,6.461161619886809,38.455368512758966,Kununurra,"Kimberley, Western Australia"
2023-08-05,0.0,38.455368512758966,Kununurra,"Kimberley, Western Australia"
2023-08-06,3.683136280447675,38.455368512758966,Kununurra,"Kimberley, Western Australia"
2023-08-07,0.0,38.455368512758966,Kununurra,"Kimberley, Western Australia"
2023-08-08,0.0,38.455368512758966,Kununurra,"Kimberley, Western Australia"
2023-08-09,0.0,38.455368512758966,Kununurra,"Kimberley, Western Australia"
2023-08-10,0.0,38.455368512758966,Kununurra,"Kimberley, Western Australia"
2023-08-11,0.0,38.455368512758966,Kununurra,"Kimberley, Western Australia"
2023-08-12,0.0,38.455368512758966,Kununurra,"Kimberley, Western Australia"
2023-08-13,13.810781804934432,38.455368512758966,Kununurra,"Kimberley, Western Australia"
2023-08-14,0.0,38.455368512758966,Kununurra,"Kimberley, Western Australia"
2023-08-15,0.0,38.455368512758966,Kununurra,"Kimberley, Western Australia"
2023-08-16,6.222501381532507,38.455368512758966,Kununurra,"Kimberley, Western Australia"
2023-08-17,0.0,38.455368512758966,Kununurra,"Kimberley, Western Australia"
2023-08-18,8.277787425957543,38.455368512758966,Kununurra,"Kimberley, Western Australia"
2023-08-19,0.0,38.455368512758966,Kununurra,"Kimberley, Western Australia"
2023-08-20,0.0,38.455368512758966,Kununurra,"Kimberley, Western Australia"
2023-08-21,0.0,38.455368512758966,Kununurra,"Kimberley, Western Australia"
2023-08-22,0.0,38.455368512758966,Kununurra,"Kimberley, Western Australia"
2023-08-23,0.0,38.455368512758966,Kununurra,"Kimberley, Western Australia"
2023-08-24,0.0,38.455368512758966,Kununurra,"Kimberley, Western Australia"
2023-08-25,0.0,38.455368512758966,Kununurra,"Kimberley, Western Australia"
2023-08-26,0.0,38.455368512758966,Kununurra,"Kimberley, Western Australia"
2023-08-27,0.0,38.455368512758966,Kununurra,"Kimberley, Western Australia"
2023-08-28,0.0,38.455368512758966,Kununurra,"Kimberley, Western Australia"
2023-08-29,0.0,38.455368512758966,Kununurra,"Kimberley, Western Australia"
2023-08-30,0.0,38.455368512758966,Kununurra,"Kimberley, Western Australia"
2023-08-31,0.0,38.455368512758966,Kununurra,"Kimberley, Western Australia"
2023-09-01,8.74187041752709,33.891230161761285,Kununurra,"Kimberley, Western Australia"
2023-09-02,6.360979933525711,33.891230161761285,Kununurra,"Kimberley, Western Australia"
2023-09-03,0.0,33.891230161761285,Kununurra,"Kimberley, Western Australia"
2023-09-04,0.0,33.891230161761285,Kununurra,"Kimberley, Western Australia"
2023-09-05,0.0,33.891230161761285,Kununurra,"Kimberley, Western Australia"
2023-09-06,0.0,33.891230161761285,Kununurra,"Kimberley, Western Australia"
2023-09-07,8.087295466509373,33.891230161761285,Kununurra,"Kimberley, Western Australia"
2023-09-08,0.0,33.891230161761285,Kununurra,"Kimberley, Western Australia"
2023-09-09,0.0,33.891230161761285,Kununurra,"Kimberley, Western Australia"
2023-09-10,0.0,33.891230161761285,Kununurra,"Kimberley, Western Australia"
2023-09-11,0.0,33.891230161761285,Kununurra,"Kimberley, Western Australia"
2023-09-12,0.0,33.891230161761285,Kununurra,"Kimberley, Western Australia"
2023-09-13,0.0,33.891230161761285,Kununurra,"Kimberley, Western Australia"
2023-09-14,0.0,33.891230161761285,Kununurra,"Kimberley, Western Australia"
2023-09-15,0.0,33.891230161761285,Kununurra,"Kimberley, Western Australia"
2023-09-16,0.0,33.891230161761285,Kununurra,"Kimberley, Western Australia"
2023-09-17,0.0,33.891230161761285,Kununurra,"Kimberley, Western Australia"
2023-09-18,0.0,33.891230161761285,Kununurra,"Kimberley, Western Australia"
2023-09-19,0.0,33.891230161761285,Kununurra,"Kimberley, Western Australia"
2023-09-20,0.0,33.891230161761285,Kununurra,"Kimberley, Western Australia"
2023-09-21,8.754588235063288,33.891230161761285,Kununurra,"Kimberley, Western Australia"
2023-09-22,0.0,33.891230161761285,Kununurra,"Kimberley, Western Australia"
2023-09-23,0.0,33.891230161761285,Kununurra,"Kimberley, Western Australia"
2023-09-24,1.946496109135821,33.891230161761285,Kununurra,"Kimberley, Western Australia"
2023-09-25,0.0,33.891230161761285,Kununurra,"Kimberley, Western Australia"
2023-09-26,0.0,33.891230161761285,Kununurra,"Kimberley, Western Australia"
2023-09-27,0.0,33.891230161761285,Kununurra,"Kimberley, Western Australia"
2023-09-28,0.0,33.891230161761285,Kununurra,"Kimberley, Western Australia"
2023-09-29,0.0,33.891230161761285,Kununurra,"Kimberley, Western Australia"
2023-09-30,0.0,33.891230161761285,Kununurra,"Kimberley, Western Australia"
2023-10-01,0.0,32.67269348975886,Kununurra,"Kimberley, Western Australia"
2023-10-02,5.511277799321427,32.67269348975886,Kununurra,"Kimberley, Western Australia"
2023-10-03,13.514864260420394,32.67269348975886,Kununurra,"Kimberley, Western Australia"
2023-10-04,0.0,32.67269348975886,Kununurra,"Kimberley, Western Australia"
2023-10-05,0.0,32.67269348975886,Kununurra,"Kimberley, Western Australia"
2023-10-06,0.0,32.67269348975886,Kununurra,"Kimberley, Western Australia"
2023-10-07,0.0,32.67269348975886,Kununurra,"Kimberley, Western Australia"
2023-10-08,0.0,32.67269348975886,Kununurra,"Kimberley, Western Australia"
2023-10-09,0.0,32.67269348975886,Kununurra,"Kimberley, Western Australia"
2023-10-10,0.0,32.67269348975886,Kununurra,"Kimberley, Western Australia"
2023-10-11,0.0,32.67269348975886,Kununurra,"Kimberley, Western Australia"
2023-10-12,0.0,32.67269348975886,Kununurra,"Kimberley, Western Australia"
2023-10-13,0.0,32.67269348975886,Kununurra,"Kimberley, Western Australia"
2023-10-14,0.0,32.67269348975886,Kununurra,"Kimberley, Western Australia"
2023-10-15,0.0,32.67269348975886,Kununurra,"Kimberley, Western Australia"
2023-10-16,0.0,32.67269348975886,Kununurra,"Kimberley, Western Australia"
2023-10-17,0.0,32.67269348975886,Kununurra,"Kimberley, Western Australia"
2023-10-18,0.0,32.67269348975886,Kununurra,"Kimberley, Western Australia"
2023-10-19,6.128140525456313,32.67269348975886,Kununurra,"Kimberley, Western Australia"
2023-10-20,0.0,32.67269348975886,Kununurra,"Kimberley, Western Australia"
2023-10-21,0.9388543896217507,32.67269348975886,Kununurra,"Kimberley, Western Australia"
2023-10-22,0.0,32.67269348975886,Kununurra,"Kimberley, Western Australia"
2023-10-23,0.0,32.67269348975886,Kununurra,"Kimberley, Western Australia"
2023-10-24,3.080916559634243,32.67269348975886,Kununurra,"Kimberley, Western Australia"
2023-10-25,0.0,32.67269348975886,Kununurra,"Kimberley, Western Australia"
2023-10-26,0.0,32.67269348975886,Kununurra,"Kimberley, Western Australia"
2023-10-27,0.0,32.67269348975886,Kununurra,"Kimberley, Western Australia"
2023-10-28,0.0,32.67269348975886,Kununurra,"Kimberley, Western Australia"
2023-10-29,0.0,32.67269348975886,Kununurra,"Kimberley, Western Australia"
2023-10-30,0.0,32.67269348975886,Kununurra,"Kimberley, Western Australia"
2023-10-31,3.4986399553047374,32.67269348975886,Kununurra,"Kimberley, Western Australia"
2023-11-01,0.0,36.2347153002635,Kununurra,"Kimberley, Western Australia"
2023-11-02,0.0,36.2347153002635,Kununurra,"Kimberley, Western Australia"
2023-11-03,0.0,36.2347153002635,Kununurra,"Kimberley, Western Australia"
2023-11-04,3.1476730829519735,36.2347153002635,Kununurra,"Kimberley, Western Australia"
2023-11-05,0.0,36.2347153002635,Kununurra,"Kimberley, Western Australia"
2023-11-06,4.002537424750859,36.2347153002635,Kununurra,"Kimberley, Western Australia"
2023-11-07,5.559089106786863,36.2347153002635,Kununurra,"Kimberley, Western Australia"
2023-11-08,0.0,36.2347153002635,Kununurra,"Kimberley, Western Australia"
2023-11-09,0.0,36.2347153002635,Kununurra,"Kimberley, Western Australia"
2023-11-10,0.0,36.2347153002635,Kununurra,"Kimberley, Western Australia"
2023-11-11,0.0,36.2347153002635,Kununurra,"Kimberley, Western Australia"
2023-11-12,11.34791602204024,36.2347153002635,Kununurra,"Kimberley, Western Australia"
2023-11-13,0.0,36.2347153002635,Kununurra,"Kimberley, Western Australia"
2023-11-14,0.0,36.2347153002635,Kununurra,"Kimberley, Western Australia"
2023-11-15,0.0,36.2347153002635,Kununurra,"Kimberley, Western Australia"
2023-11-16,0.0,36.2347153002635,Kununurra,"Kimberley, Western Australia"
2023-11-17,0.0,36.2347153002635,Kununurra,"Kimberley, Western Australia"
2023-11-18,0.0,36.2347153002635,Kununurra,"Kimberley, Western Australia"
2023-11-19,0.0,36.2347153002635,Kununurra,"Kimberley, Western Australia"
2023-11-20,0.0,36.2347153002635,Kununurra,"Kimberley, Western Australia"
2023-11-21,0.0,36.2347153002635,Kununurra,"Kimberley, Western Australia"
2023-11-22,0.0,36.2347153002635,Kununurra,"Kimberley, Western Australia"
2023-11-23,0.0,36.2347153002635,Kununurra,"Kimberley, Western Australia"
2023-11-24,12.177499663733567,36.2347153002635,Kununurra,"Kimberley, Western Australia"
2023-11-25,0.0,36.2347153002635,Kununurra,"Kimberley, Western Australia"
2023-11-26,0.0,36.2347153002635,Kununurra,"Kimberley, Western Australia"
2023-11-27,0.0,36.2347153002635,Kununurra,"Kimberley, Western Australia"
2023-11-28,0.0,36.2347153002635,Kununurra,"Kimberley, Western Australia"
2023-11-29,0.0,36.2347153002635,Kununurra,"Kimberley, Western Australia"
2023-11-30,0.0,36.2347153002635,Kununurra,"Kimberley, Western Australia"
2023-12-01,0.0,35.067076314894415,Kununurra,"Kimberley, Western Australia"
2023-12-02,3.102500280094305,35.067076314894415,Kununurra,"Kimberley, Western Australia"
2023-12-03,0.0,35.067076314894415,Kununurra,"Kimberley, Western Australia"
2023-12-04,0.0,35.067076314894415,Kununurra,"Kimberley, Western Australia"
2023-12-05,0.0,35.067076314894415,Kununurra,"Kimberley, Western Australia"
2023-12-06,0.0,35.067076314894415,Kununurra,"Kimberley, Western Australia"
2023-12-07,0.0,35.067076314894415,Kununurra,"Kimberley, Western Australia"
2023-12-08,3.0608925009886985,35.067076314894415,Kununurra,"Kimberley, Western Australia"
2023-12-09,0.0,35.067076314894415,Kununurra,"Kimberley, Western Australia"
2023-12-10,0.0,35.067076314894415,Kununurra,"Kimberley, Western Australia"
2023-12-11,0.0,35.067076314894415,Kununurra,"Kimberley, Western Australia"
2023-12-12,0.0,35.067076314894415,Kununurra,"Kimberley, Western Australia"
2023-12-13,0.0,35.067076314894415,Kununurra,"Kimberley, Western Australia"
2023-12-14,6.98198889028661,35.067076314894415,Kununurra,"Kimberley, Western Australia"
2023-12-15,1.0976971767109207,35.067076314894415,Kununurra,"Kimberley, Western Australia"
2023-12-16,0.0,35.067076314894415,Kununurra,"Kimberley, Western Australia"
2023-12-17,0.0,35.067076314894415,Kununurra,"Kimberley, Western Australia"
2023-12-18,0.0,35.067076314894415,Kununurra,"Kimberley, Western Australia"
2023-12-19,10.577541265644971,35.067076314894415,Kununurra,"Kimberley, Western Australia"
2023-12-20,0.0,35.067076314894415,Kununurra,"Kimberley, Western Australia"
2023-12-21,0.0,35.067076314894415,Kununurra,"Kimberley, Western Australia"
2023-12-22,2.419826102682898,35.067076314894415,Kununurra,"Kimberley, Western Australia"
2023-12-23,1.2278135102893462,35.067076314894415,Kununurra,"Kimberley, Western Australia"
2023-12-24,0.0,35.067076314894415,Kununurra,"Kimberley, Western Australia"
2023-12-25,0.0,35.067076314894415,Kununurra,"Kimberley, Western Australia"
2023-12-26,0.0,35.067076314894415,Kununurra,"Kimberley, Western Australia"
2023-12-27,6.598816588196666,35.067076314894415,Kununurra,"Kimberley, Western Australia"
2023-12-28,0.0,35.067076314894415,Kununurra,"Kimberley, Western Australia"
2023-12-29,0.0,35.067076314894415,Kununurra,"Kimberley, Western Australia"
2023-12-30,0.0,35.067076314894415,Kununurra,"Kimberley, Western Australia"
2023-12-31,0.0,35.067076314894415,Kununurra,"Kimberley, Western Australia"
2024-01-01,2.5807916167055414,31.795417058919437,Kununurra,"Kimberley, Western Australia"
2024-01-02,0.0,31.795417058919437,Kununurra,"Kimberley, Western Australia"
2024-01-03,0.0,31.795417058919437,Kununurra,"Kimberley, Western Australia"
2024-01-04,0.0,31.795417058919437,Kununurra,"Kimberley, Western Australia"
2024-01-05,0.0,31.795417058919437,Kununurra,"Kimberley, Western Australia"
2024-01-06,0.9889714620522464,31.795417058919437,Kununurra,"Kimberley, Western Australia"
2024-01-07,0.0,31.795417058919437,Kununurra,"Kimberley, Western Australia"
2024-01-08,0.0,31.795417058919437,Kununurra,"Kimberley, Western Australia"
2024-01-09,0.0,31.795417058919437,Kununurra,"Kimberley, Western Australia"
2024-01-10,0.0,31.795417058919437,Kununurra,"Kimberley, Western Australia"
2024-01-11,1.7699908589428142,31.795417058919437,Kununurra,"Kimberley, Western Australia"
2024-01-12,0.0,31.795417058919437,Kununurra,"Kimberley, Western Australia"
2024-01-13,0.0,31.795417058919437,Kununurra,"Kimberley, Western Australia"
2024-01-14,0.0,31.795417058919437,Kununurra,"Kimberley, Western Australia"
2024-01-15,0.0,31.795417058919437,Kununurra,"Kimberley, Western Australia"
2024-01-16,0.0,31.795417058919437,Kununurra,"Kimberley, Western Australia"
2024-01-17,5.2437585581956,31.795417058919437,Kununurra,"Kimberley, Western Australia"
2024-01-18,0.0,31.795417058919437,Kununurra,"Kimberley, Western Australia"
2024-01-19,0.5917218280324859,31.795417058919437,Kununurra,"Kimberley, Western Australia"
2024-01-20,3.6461604192307915,31.795417058919437,Kununurra,"Kimberley, Western Australia"
2024-01-21,0.0,31.795417058919437,Kununurra,"Kimberley, Western Australia"
2024-01-22,2.981078516269452,31.795417058919437,Kununurra,"Kimberley, Western Australia"
2024-01-23,0.0,31.795417058919437,Kununurra,"Kimberley, Western Australia"
2024-01-24,0.0,31.795417058919437,Kununurra,"Kimberley, Western Australia"
2024-01-25,3.9833316481801146,31.795417058919437,Kununurra,"Kimberley, Western Australia"
2024-01-26,0.0,31.795417058919437,Kununurra,"Kimberley, Western Australia"
2024-01-27,10.009612151310392,31.795417058919437,Kununurra,"Kimberley, Western Australia"
2024-01-28,0.0,31.795417058919437,Kununurra,"Kimberley, Western Australia"
2024-01-29,0.0,31.795417058919437,Kununurra,"Kimberley, Western Australia"
2024-01-30,0.0,31.795417058919437,Kununurra,"Kimberley, Western Australia"
2024-01-31,0.0,31.795417058919437,Kununurra,"Kimberley, Western Australia"
2024-02-01,8.483762717463776,37.0420474023189,Kununurra,"Kimberley, Western Australia"
2024-02-02,0.0,37.0420474023189,Kununurra,"Kimberley, Western Australia"
2024-02-03,9.716781074151152,37.0420474023189,Kununurra,"Kimberley, Western Australia"
2024-02-04,0.0,37.0420474023189,Kununurra,"Kimberley, Western Australia"
2024-02-05,0.0,37.0420474023189,Kununurra,"Kimberley, Western Australia"
2024-02-06,0.0,37.0420474023189,Kununurra,"Kimberley, Western Australia"
2024-02-07,0.0,37.0420474023189,Kununurra,"Kimberley, Western Australia"
2024-02-08,0.0,37.0420474023189,Kununurra,"Kimberley, Western Australia"
2024-02-09,0.0,37.0420474023189,Kununurra,"Kimberley, Western Australia"
2024-02-10,0.0,37.0420474023189,Kununurra,"Kimberley, Western Australia"
2024-02-11,0.0,37.0420474023189,Kununurra,"Kimberley, Western Australia"
2024-02-12,6.297903538552674,37.0420474023189,Kununurra,"Kimberley, Western Australia"
2024-02-13,0.0,37.0420474023189,Kununurra,"Kimberley, Western Australia"
2024-02-14,0.0,37.0420474023189,Kununurra,"Kimberley, Western Australia"
2024-02-15,0.0,37.0420474023189,Kununurra,"Kimberley, Western Australia"
2024-02-16,0.0,37.0420474023189,Kununurra,"Kimberley, Western Australia"
2024-02-17,0.0,37.0420474023189,Kununurra,"Kimberley, Western Australia"
2024-02-18,0.0,37.0420474023189,Kununurra,"Kimberley, Western Australia"
2024-02-19,8.201400086186144,37.0420474023189,Kununurra,"Kimberley, Western Australia"
2024-02-20,0.0,37.0420474023189,Kununurra,"Kimberley, Western Australia"
2024-02-21,0.0,37.0420474023189,Kununurra,"Kimberley, Western Australia"
2024-02-22,0.0,37.0420474023189,Kununurra,"Kimberley, Western Australia"
2024-02-23,0.0,37.0420474023189,Kununurra,"Kimberley, Western Australia"
2024-02-24,0.0,37.0420474023189,Kununurra,"Kimberley, Western Australia"
2024-02-25,0.0,37.0420474023189,Kununurra,"Kimberley, Western Australia"
2024-02-26,4.342199985965151,37.0420474023189,Kununurra,"Kimberley, Western Australia"
2024-02-27,0.0,37.0420474023189,Kununurra,"Kimberley, Western Australia"
2024-02-28,0.0,37.0420474023189,Kununurra,"Kimberley, Western Australia"
2024-02-29,0.0,37.0420474023189,Kununurra,"Kimberley, Western Australia"
2024-03-01,0.0,91.503603032409,Kununurra,"Kimberley, Western Australia"
2024-03-02,17.269496586078727,91.503603032409,Kununurra,"Kimberley, Western Australia"
2024-03-03,0.0,91.503603032409,Kununurra,"Kimberley, Western Australia"
2024-03-04,0.0,91.503603032409,Kununurra,"Kimberley, Western Australia"
2024-03-05,0.0,91.503603032409,Kununurra,"Kimberley, Western Australia"
2024-03-06,1.723920509314454,91.503603032409,Kununurra,"Kimberley, Western Australia"
2024-03-07,4.418202286193226,91.503603032409,Kununurra,"Kimberley, Western Australia"
2024-03-08,0.0,91.503603032409,Kununurra,"Kimberley, Western Australia"
2024-03-09,4.585667617103088,91.503603032409,Kununurra,"Kimberley, Western Australia"
2024-03-10,0.0,91.503603032409,Kununurra,"Kimberley, Western Australia"
2024-03-11,0.0,91.503603032409,Kununurra,"Kimberley, Western Australia"
2024-03-12,0.0,91.503603032409,Kununurra,"Kimberley, Western Australia"
2024-03-13,13.87070990386023,91.503603032409,Kununurra,"Kimberley, Western Australia"
2024-03-14,0.0,91.503603032409,Kununurra,"Kimberley, Western Australia"
2024-03-15,11.135453352219598,91.503603032409,Kununurra,"Kimberley, Western Australia"
2024-03-16,15.021095894974,91.503603032409,Kununurra,"Kimberley, Western Australia"
2024-03-17,0.0,91.503603032409,Kununurra,"Kimberley, Western Australia"
2024-03-18,0.0,91.503603032409,Kununurra,"Kimberley, Western Australia"
2024-03-19,11.017139430723253,91.503603032409,Kununurra,"Kimberley, Western Australia"
2024-03-20,12.461917451942432,91.503603032409,Kununurra,"Kimberley, Western Australia"
2024-03-21,0.0,91.503603032409,Kununurra,"Kimberley, Western Australia"
2024-03-22,0.0,91.503603032409,Kununurra,"Kimberley, Western Australia"
2024-03-23,0.0,91.503603032409,Kununurra,"Kimberley, Western Australia"
2024-03-24,0.0,91.503603032409,Kununurra,"Kimberley, Western Australia"
2024-03-25,0.0,91.503603032409,Kununurra,"Kimberley, Western Australia"
2024-03-26,0.0,91.503603032409,Kununurra,"Kimberley, Western Australia"
2024-03-27,0.0,91.503603032409,Kununurra,"Kimberley, Western Australia"
2024-03-28,0.0,91.503603032409,Kununurra,"Kimberley, Western Australia"
2024-03-29,0.0,91.503603032409,Kununurra,"Kimberley, Western Australia"
2024-03-30,0.0,91.503603032409,Kununurra,"Kimberley, Western Australia"
2024-03-31,0.0,91.503603032409,Kununurra,"Kimberley, Western Australia"
2024-04-01,0.0,50.429155316242,Kununurra,"Kimberley, Western Australia"
2024-04-02,0.0,50.429155316242,Kununurra,"Kimberley, Western Australia"
2024-04-03,1.45328405985545,50.429155316242,Kununurra,"Kimberley, Western Australia"
2024-04-04,0.0,50.429155316242,Kununurra,"Kimberley, Western Australia"
2024-04-05,0.0,50.429155316242,Kununurra,"Kimberley, Western Australia"
2024-04-06,6.060011086438321,50.429155316242,Kununurra,"Kimberley, Western Australia"
2024-04-07,0.0,50.429155316242,Kununurra,"Kimberley, Western Australia"
2024-04-08,2.0284672214509287,50.429155316242,Kununurra,"Kimberley, Western Australia"
2024-04-09,0.0,50.429155316242,Kununurra,"Kimberley, Western Australia"
2024-04-10,5.749975234807986,50.429155316242,Kununurra,"Kimberley, Western Australia"
2024-04-11,0.0,50.429155316242,Kununurra,"Kimberley, Western Australia"
2024-04-12,7.172470576044546,50.429155316242,Kununurra,"Kimberley, Western Australia"
2024-04-13,0.0,50.429155316242,Kununurra,"Kimberley, Western Australia"
2024-04-14,10.7526986938655,50.429155316242,Kununurra,"Kimberley, Western Australia"
2024-04-15,0.0,50.429155316242,Kununurra,"Kimberley, Western Australia"
2024-04-16,0.0,50.429155316242,Kununurra,"Kimberley, Western Australia"
2024-04-17,0.8818292861876195,50.429155316242,Kununurra,"Kimberley, Western Australia"
2024-04-18,0.0,50.429155316242,Kununurra,"Kimberley, Western Australia"
2024-04-19,0.0,50.429155316242,Kununurra,"Kimberley, Western Australia"
2024-04-20,0.0,50.429155316242,Kununurra,"Kimberley, Western Australia"
2024-04-21,0.0,50.429155316242,Kununurra,"Kimberley, Western Australia"
2024-04-22,8.179089251840338,50.429155316242,Kununurra,"Kimberley, Western Australia"
2024-04-23,0.0,50.429155316242,Kununurra,"Kimberley, Western Australia"
2024-04-24,0.0,50.429155316242,Kununurra,"Kimberley, Western Australia"
2024-04-25,0.0,50.429155316242,Kununurra,"Kimberley, Western Australia"
2024-04-26,0.0,50.429155316242,Kununurra,"Kimberley, Western Australia"
2024-04-27,8.151329905751311,50.429155316242,Kununurra,"Kimberley, Western Australia"
2024-04-28,0.0,50.429155316242,Kununurra,"Kimberley, Western Australia"
2024-04-29,0.0,50.429155316242,Kununurra,"Kimberley, Western Australia"
2024-04-30,0.0,50.429155316242,Kununurra,"Kimberley, Western Australia"
2024-05-01,0.0,43.883313882892146,Kununurra,"Kimberley, Western Australia"
2024-05-02,0.0,43.883313882892146,Kununurra,"Kimberley, Western Australia"
2024-05-03,2.297970196453336,43.883313882892146,Kununurra,"Kimberley, Western Australia"
2024-05-04,0.0,43.883313882892146,Kununurra,"Kimberley, Western Australia"
2024-05-05,0.0,43.883313882892146,Kununurra,"Kimberley, Western Australia"
2024-05-06,0.0,43.883313882892146,Kununurra,"Kimberley, Western Australia"
2024-05-07,0.0,43.883313882892146,Kununurra,"Kimberley, Western Australia"
2024-05-08,2.940314157364262,43.883313882892146,Kununurra,"Kimberley, Western Australia"
2024-05-09,0.0,43.883313882892146,Kununurra,"Kimberley, Western Australia"
2024-05-10,2.0765536203972577,43.883313882892146,Kununurra,"Kimberley, Western Australia"
2024-05-11,17.08229301710155,43.883313882892146,Kununurra,"Kimberley, Western Australia"
2024-05-12,1.0642583823298424,43.883313882892146,Kununurra,"Kimberley, Western Australia"
2024-05-13,2.359145571800232,43.883313882892146,Kununurra,"Kimberley, Western Australia"
2024-05-14,0.0,43.883313882892146,Kununurra,"Kimberley, Western Australia"
2024-05-15,0.0,43.883313882892146,Kununurra,"Kimberley, Western Australia"
2024-05-16,0.0,43.883313882892146,Kununurra,"Kimberley, Western Australia"
2024-05-17,0.0,43.883313882892146,Kununurra,"Kimberley, Western Australia"
2024-05-18,0.0,43.883313882892146,Kununurra,"Kimberley, Western Australia"
2024-05-19,0.0,43.883313882892146,Kununurra,"Kimberley, Western Australia"
2024-05-20,0.0,43.883313882892146,Kununurra,"Kimberley, Western Australia"
2024-05-21,4.121200051893968,43.883313882892146,Kununurra,"Kimberley, Western Australia"
2024-05-22,7.966863070143413,43.883313882892146,Kununurra,"Kimberley, Western Australia"
2024-05-23,0.0,43.883313882892146,Kununurra,"Kimberley, Western Australia"
2024-05-24,0.0,43.883313882892146,Kununurra,"Kimberley, Western Australia"
2024-05-25,0.0,43.883313882892146,Kununurra,"Kimberley, Western Australia"
2024-05-26,0.0,43.883313882892146,Kununurra,"Kimberley, Western Australia"
2024-05-27,3.974715815408289,43.883313882892146,Kununurra,"Kimberley, Western Australia"
2024-05-28,0.0,43.883313882892146,Kununurra,"Kimberley, Western Australia"
2024-05-29,0.0,43.883313882892146,Kununurra,"Kimberley, Western Australia"
2024-05-30,0.0,43.883313882892146,Kununurra,"Kimberley, Western Australia"
2024-05-31,0.0,43.883313882892146,Kununurra,"Kimberley, Western Australia"
2024-06-01,13.512893833262913,32.578610043344746,Kununurra,"Kimberley, Western Australia"
2024-06-02,0.0,32.578610043344746,Kununurra,"Kimberley, Western Australia"
2024-06-03,0.0,32.578610043344746,Kununurra,"Kimberley, Western Australia"
2024-06-04,0.0,32.578610043344746,Kununurra,"Kimberley, Western Australia"
2024-06-05,2.486805566749652,32.578610043344746,Kununurra,"Kimberley, Western Australia"
2024-06-06,0.0,32.578610043344746,Kununurra,"Kimberley, Western Australia"
2024-06-07,0.0,32.578610043344746,Kununurra,"Kimberley, Western Australia"
2024-06-08,2.1540800444075487,32.578610043344746,Kununurra,"Kimberley, Western Australia"
2024-06-09,0.0,32.578610043344746,Kununurra,"Kimberley, Western Australia"
2024-06-10,0.0,32.578610043344746,Kununurra,"Kimberley, Western Australia"
2024-06-11,0.0,32.578610043344746,Kununurra,"Kimberley, Western Australia"
2024-06-12,0.0,32.578610043344746,Kununurra,"Kimberley, Western Australia"
2024-06-13,0.0,32.578610043344746,Kununurra,"Kimberley, Western Australia"
2024-06-14,1.6322522950488474,32.578610043344746,Kununurra,"Kimberley, Western Australia"
2024-06-15,0.0,32.578610043344746,Kununurra,"Kimberley, Western Australia"
2024-06-16,0.0,32.578610043344746,Kununurra,"Kimberley, Western Australia"
2024-06-17,1.1826905670393915,32.578610043344746,Kununurra,"Kimberley, Western Australia"
2024-06-18,0.0,32.578610043344746,Kununurra,"Kimberley, Western Australia"
2024-06-19,0.0,32.578610043344746,Kununurra,"Kimberley, Western Australia"
2024-06-20,2.199928120386853,32.578610043344746,Kununurra,"Kimberley, Western Australia"
2024-06-21,0.0,32.578610043344746,Kununurra,"Kimberley, Western Australia"
2024-06-22,0.0,32.578610043344746,Kununurra,"Kimberley, Western Australia"
2024-06-23,0.0,32.578610043344746,Kununurra,"Kimberley, Western Australia"
2024-06-24,0.0,32.578610043344746,Kununurra,"Kimberley, Western Australia"
2024-06-25,0.0,32.578610043344746,Kununurra,"Kimberley, Western Australia"
2024-06-26,0.0,32.578610043344746,Kununurra,"Kimberley, Western Australia"
2024-06-27,0.0,32.578610043344746,Kununurra,"Kimberley, Western Australia"
2024-06-28,0.0,32.578610043344746,Kununurra,"Kimberley, Western Australia"
2024-06-29,9.40995961644954,32.578610043344746,Kununurra,"Kimberley, Western Australia"
2024-06-30,0.0,32.578610043344746,Kununurra,"Kimberley, Western Australia"
2024-07-01,0.0,56.56947063702493,Kununurra,"Kimberley, Western Australia"
2024-07-02,5.689179735107896,56.56947063702493,Kununurra,"Kimberley, Western Australia"
2024-07-03,1.925843427271555,56.56947063702493,Kununurra,"Kimberley, Western Australia"
2024-07-04,0.0,56.56947063702493,Kununurra,"Kimberley, Western Australia"
2024-07-05,4.450990582306959,56.56947063702493,Kununurra,"Kimberley, Western Australia"
2024-07-06,0.0,56.56947063702493,Kununurra,"Kimberley, Western Australia"
2024-07-07,0.0,56.56947063702493,Kununurra,"Kimberley, Western Australia"
2024-07-08,0.0,56.56947063702493,Kununurra,"Kimberley, Western Australia"
2024-07-09,0.0,56.56947063702493,Kununurra,"Kimberley, Western Australia"
2024-07-10,2.9428094171398738,56.56947063702493,Kununurra,"Kimberley, Western Australia"
2024-07-11,0.0,56.56947063702493,Kununurra,"Kimberley, Western Australia"
2024-07-12,1.7161276305294324,56.56947063702493,Kununurra,"Kimberley, Western Australia"
2024-07-13,0.0,56.56947063702493,Kununurra,"Kimberley, Western Australia"
2024-07-14,12.685785139841741,56.56947063702493,Kununurra,"Kimberley, Western Australia"
2024-07-15,0.0,56.56947063702493,Kununurra,"Kimberley, Western Australia"
2024-07-16,0.0,56.56947063702493,Kununurra,"Kimberley, Western Australia"
2024-07-17,0.0,56.56947063702493,Kununurra,"Kimberley, Western Australia"
2024-07-18,0.0,56.56947063702493,Kununurra,"Kimberley, Western Australia"
2024-07-19,0.0,56.56947063702493,Kununurra,"Kimberley, Western Australia"
2024-07-20,0.0,56.56947063702493,Kununurra,"Kimberley, Western Australia"
2024-07-21,0.0,56.56947063702493,Kununurra,"Kimberley, Western Australia"
2024-07-22,7.961789759715911,56.56947063702493,Kununurra,"Kimberley, Western Australia"
2024-07-23,0.0,56.56947063702493,Kununurra,"Kimberley, Western Australia"
2024-07-24,0.0,56.56947063702493,Kununurra,"Kimberley, Western Australia"
2024-07-25,0.0,56.56947063702493,Kununurra,"Kimberley, Western Australia"
2024-07-26,7.3824888363093955,56.56947063702493,Kununurra,"Kimberley, Western Australia"
2024-07-27,0.0,56.56947063702493,Kununurra,"Kimberley, Western Australia"
2024-07-28,0.0,56.56947063702493,Kununurra,"Kimberley, Western Australia"
2024-07-29,6.207040668160348,56.56947063702493,Kununurra,"Kimberley, Western Australia"
2024-07-30,0.0,56.56947063702493,Kununurra,"Kimberley, Western Australia"
2024-07-31,5.607415440641813,56.56947063702493,Kununurra,"Kimberley, Western Australia"
2024-08-01,3.596449526336975,62.847682265850864,Kununurra,"Kimberley, Western Australia"
2024-08-02,2.040121286625391,62.847682265850864,Kununurra,"Kimberley, Western Australia"
2024-08-03,3.098586562671562,62.847682265850864,Kununurra,"Kimberley, Western Australia"
2024-08-04,0.0,62.847682265850864,Kununurra,"Kimberley, Western Australia"
2024-08-05,0.0,62.847682265850864,Kununurra,"Kimberley, Western Australia"
2024-08-06,0.0,62.847682265850864,Kununurra,"Kimberley, Western Australia"
2024-08-07,0.0,62.847682265850864,Kununurra,"Kimberley, Western Australia"
2024-08-08,0.4656034222015484,62.847682265850864,Kununurra,"Kimberley, Western Australia"
2024-08-09,0.0,62.847682265850864,Kununurra,"Kimberley, Western Australia"
2024-08-10,0.0,62.847682265850864,Kununurra,"Kimberley, Western Australia"
2024-08-11,5.112920000241999,62.847682265850864,Kununurra,"Kimberley, Western Australia"
2024-08-12,0.0,62.847682265850864,Kununurra,"Kimberley, Western Australia"
2024-08-13,0.0,62.847682265850864,Kununurra,"Kimberley, Western Australia"
2024-08-14,0.0,62.847682265850864,Kununurra,"Kimberley, Western Australia"
2024-08-15,0.0,62.847682265850864,Kununurra,"Kimberley, Western Australia"
2024-08-16,0.0,62.847682265850864,Kununurra,"Kimberley, Western Australia"
2024-08-17,2.433411368764534,62.847682265850864,Kununurra,"Kimberley, Western Australia"
2024-08-18,3.9820290651745553,62.847682265850864,Kununurra,"Kimberley, Western Australia"
2024-08-19,0.0,62.847682265850864,Kununurra,"Kimberley, Western Australia"
2024-08-20,0.0,62.847682265850864,Kununurra,"Kimberley, Western Australia"
2024-08-21,3.841645878802101,62.847682265850864,Kununurra,"Kimberley, Western Australia"
2024-08-22,0.0,62.847682265850864,Kununurra,"Kimberley, Western Australia"
2024-08-23,8.572692226961317,62.847682265850864,Kununurra,"Kimberley, Western Australia"
2024-08-24,0.0,62.847682265850864,Kununurra,"Kimberley, Western Australia"
2024-08-25,4.278982071242687,62.847682265850864,Kununurra,"Kimberley, Western Australia"
2024-08-26,0.0,62.847682265850864,Kununurra,"Kimberley, Western Australia"
2024-08-27,0.0,62.847682265850864,Kununurra,"Kimberley, Western Australia"
2024-08-28,0.0,62.847682265850864,Kununurra,"Kimberley, Western Australia"
2024-08-29,7.530785576378782,62.847682265850864,Kununurra,"Kimberley, Western Australia"
2024-08-30,0.0,62.847682265850864,Kununurra,"Kimberley, Western Australia"
2024-08-31,17.894455280449407,62.847682265850864,Kununurra,"Kimberley, Western Australia"
2024-09-01,0.0,36.081938717115165,Kununurra,"Kimberley, Western Australia"
2024-09-02,0.0,36.081938717115165,Kununurra,"Kimberley, Western Australia"
2024-09-03,3.0844479230880473,36.081938717115165,Kununurra,"Kimberley, Western Australia"
2024-09-04,0.0,36.081938717115165,Kununurra,"Kimberley, Western Australia"
2024-09-05,0.0,36.081938717115165,Kununurra,"Kimberley, Western Australia"
2024-09-06,0.0,36.081938717115165,Kununurra,"Kimberley, Western Australia"
2024-09-07,5.320319183280826,36.081938717115165,Kununurra,"Kimberley, Western Australia"
2024-09-08,0.0,36.081938717115165,Kununurra,"Kimberley, Western Australia"
2024-09-09,7.922309153034944,36.081938717115165,Kununurra,"Kimberley, Western Australia"
2024-09-10,3.296974191556159,36.081938717115165,Kununurra,"Kimberley, Western Australia"
2024-09-11,0.0,36.081938717115165,Kununurra,"Kimberley, Western Australia"
2024-09-12,0.0,36.081938717115165,Kununurra,"Kimberley, Western Australia"
2024-09-13,0.0,36.081938717115165,Kununurra,"Kimberley, Western Australia"
2024-09-14,0.0,36.081938717115165,Kununurra,"Kimberley, Western Australia"
2024-09-15,0.0,36.081938717115165,Kununurra,"Kimberley, Western Australia"
2024-09-16,4.147063048657344,36.081938717115165,Kununurra,"Kimberley, Western Australia"
2024-09-17,0.0,36.081938717115165,Kununurra,"Kimberley, Western Australia"
2024-09-18,0.0,36.081938717115165,Kununurra,"Kimberley, Western Australia"
2024-09-19,2.8364855127452215,36.081938717115165,Kununurra,"Kimberley, Western Australia"
2024-09-20,0.0,36.081938717115165,Kununurra,"Kimberley, Western Australia"
2024-09-21,0.0,36.081938717115165,Kununurra,"Kimberley, Western Australia"
2024-09-22,4.159004954074495,36.081938717115165,Kununurra,"Kimberley, Western Australia"
2024-09-23,0.0,36.081938717115165,Kununurra,"Kimberley, Western Australia"
2024-09-24,0.0,36.081938717115165,Kununurra,"Kimberley, Western Australia"
2024-09-25,0.0,36.081938717115165,Kununurra,"Kimberley, Western Australia"
2024-09-26,0.0,36.081938717115165,Kununurra,"Kimberley, Western Australia"
2024-09-27,0.0,36.081938717115165,Kununurra,"Kimberley, Western Australia"
2024-09-28,0.0,36.081938717115165,Kununurra,"Kimberley, Western Australia"
2024-09-29,5.315334750678131,36.081938717115165,Kununurra,"Kimberley, Western Australia"
2024-09-30,0.0,36.081938717115165,Kununurra,"Kimberley, Western Australia"
2024-10-01,0.0,29.15255535561089,Kununurra,"Kimberley, Western Australia"
2024-10-02,0.0,29.15255535561089,Kununurra,"Kimberley, Western Australia"
2024-10-03,0.0,29.15255535561089,Kununurra,"Kimberley, Western Australia"
2024-10-04,0.0,29.15255535561089,Kununurra,"Kimberley, Western Australia"
2024-10-05,0.0,29.15255535561089,Kununurra,"Kimberley, Western Australia"
2024-10-06,0.0,29.15255535561089,Kununurra,"Kimberley, Western Australia"
2024-10-07,2.5665818260686293,29.15255535561089,Kununurra,"Kimberley, Western Australia"
2024-10-08,2.4445434505621417,29.15255535561089,Kununurra,"Kimberley, Western Australia"
2024-10-09,0.0,29.15255535561089,Kununurra,"Kimberley, Western Australia"
2024-10-10,0.0,29.15255535561089,Kununurra,"Kimberley, Western Australia"
2024-10-11,0.0,29.15255535561089,Kununurra,"Kimberley, Western Australia"
2024-10-12,13.887402982351178,29.15255535561089,Kununurra,"Kimberley, Western Australia"
2024-10-13,0.0,29.15255535561089,Kununurra,"Kimberley, Western Australia"
2024-10-14,0.0,29.15255535561089,Kununurra,"Kimberley, Western Australia"
2024-10-15,0.0,29.15255535561089,Kununurra,"Kimberley, Western Australia"
2024-10-16,0.0,29.15255535561089,Kununurra,"Kimberley, Western Australia"
2024-10-17,3.903052559641049,29.15255535561089,Kununurra,"Kimberley, Western Australia"
2024-10-18,0.0,29.15255535561089,Kununurra,"Kimberley, Western Australia"
2024-10-19,0.0,29.15255535561089,Kununurra,"Kimberley, Western Australia"
2024-10-20,0.0,29.15255535561089,Kununurra,"Kimberley, Western Australia"
2024-10-21,0.0,29.15255535561089,Kununurra,"Kimberley, Western Australia"
2024-10-22,0.0,29.15255535561089,Kununurra,"Kimberley, Western Australia"
2024-10-23,0.0,29.15255535561089,Kununurra,"Kimberley, Western Australia"
2024-10-24,0.0,29.15255535561089,Kununurra,"Kimberley, Western Australia"
2024-10-25,0.0,29.15255535561089,Kununurra,"Kimberley, Western Australia"
2024-10-26,0.0,29.15255535561089,Kununurra,"Kimberley, Western Australia"
2024-10-27,0.0,29.15255535561089,Kununurra,"Kimberley, Western Australia"
2024-10-28,0.0,29.15255535561089,Kununurra,"Kimberley, Western Australia"
2024-10-29,6.350974536987891,29.15255535561089,Kununurra,"Kimberley, Western Australia"
2024-10-30,0.0,29.15255535561089,Kununurra,"Kimberley, Western Australia"
2024-10-31,0.0,29.15255535561089,Kununurra,"Kimberley, Western Australia"
2024-11-01,7.910611353297477,62.500673170686106,Kununurra,"Kimberley, Western Australia"
2024-11-02,0.0,62.500673170686106,Kununurra,"Kimberley, Western Australia"
2024-11-03,4.151949314673607,62.500673170686106,Kununurra,"Kimberley, Western Australia"
2024-11-04,0.0,62.500673170686106,Kununurra,"Kimberley, Western Australia"
2024-11-05,0.0,62.500673170686106,Kununurra,"Kimberley, Western Australia"
2024-11-06,4.669995062816554,62.500673170686106,Kununurra,"Kimberley, Western Australia"
2024-11-07,0.0,62.500673170686106,Kununurra,"Kimberley, Western Australia"
2024-11-08,0.0,62.500673170686106,Kununurra,"Kimberley, Western Australia"
2024-11-09,0.0,62.500673170686106,Kununurra,"Kimberley, Western Australia"
2024-11-10,4.56916867422105,62.500673170686106,Kununurra,"Kimberley, Western Australia"
2024-11-11,0.0,62.500673170686106,Kununurra,"Kimberley, Western Australia"
2024-11-12,0.0,62.500673170686106,Kununurra,"Kimberley, Western Australia"
2024-11-13,9.91873517552353,62.500673170686106,Kununurra,"Kimberley, Western Australia"
2024-11-14,3.760517188820418,62.500673170686106,Kununurra,"Kimberley, Western Australia"
2024-11-15,7.178643543417493,62.500673170686106,Kununurra,"Kimberley, Western Australia"
2024-11-16,0.0,62.500673170686106,Kununurra,"Kimberley, Western Australia"
2024-11-17,6.086887451362883,62.500673170686106,Kununurra,"Kimberley, Western Australia"
2024-11-18,0.0,62.500673170686106,Kununurra,"Kimberley, Western Australia"
2024-11-19,3.3644456632497532,62.500673170686106,Kununurra,"Kimberley, Western Australia"
2024-11-20,0.0,62.500673170686106,Kununurra,"Kimberley, Western Australia"
2024-11-21,0.0,62.500673170686106,Kununurra,"Kimberley, Western Australia"
2024-11-22,0.0,62.500673170686106,Kununurra,"Kimberley, Western Australia"
2024-11-23,6.20852933479911,62.500673170686106,Kununurra,"Kimberley, Western Australia"
2024-11-24,0.0,62.500673170686106,Kununurra,"Kimberley, Western Australia"
2024-11-25,0.0,62.500673170686106,Kununurra,"Kimberley, Western Australia"
2024-11-26,0.8602053299184041,62.500673170686106,Kununurra,"Kimberley, Western Australia"
2024-11-27,0.0,62.500673170686106,Kununurra,"Kimberley, Western Australia"
2024-11-28,0.0,62.500673170686106,Kununurra,"Kimberley, Western Australia"
2024-11-29,0.0,62.500673170686106,Kununurra,"Kimberley, Western Australia"
2024-11-30,3.820985078585824,62.500673170686106,Kununurra,"Kimberley, Western Australia"
2024-12-01,0.0,31.681077413704237,Kununurra,"Kimberley, Western Australia"
2024-12-02,0.0,31.681077413704237,Kununurra,"Kimberley, Western Australia"
2024-12-03,3.9691698716598918,31.681077413704237,Kununurra,"Kimberley, Western Australia"
2024-12-04,0.0,31.681077413704237,Kununurra,"Kimberley, Western Australia"
2024-12-05,4.887181540761352,31.681077413704237,Kununurra,"Kimberley, Western Australia"
2024-12-06,0.0,31.681077413704237,Kununurra,"Kimberley, Western Australia"
2024-12-07,0.0,31.681077413704237,Kununurra,"Kimberley, Western Australia"
2024-12-08,0.0,31.681077413704237,Kununurra,"Kimberley, Western Australia"
2024-12-09,7.1668776166018855,31.681077413704237,Kununurra,"Kimberley, Western Australia"
2024-12-10,8.079069451953876,31.681077413704237,Kununurra,"Kimberley, Western Australia"
2024-12-11,0.0,31.681077413704237,Kununurra,"Kimberley, Western Australia"
2024-12-12,0.0,31.681077413704237,Kununurra,"Kimberley, Western Australia"
2024-12-13,0.0,31.681077413704237,Kununurra,"Kimberley, Western Australia"
2024-12-14,0.0,31.681077413704237,Kununurra,"Kimberley, Western Australia"
2024-12-15,5.563487961886956,31.681077413704237,Kununurra,"Kimberley, Western Australia"
2024-12-16,0.0,31.681077413704237,Kununurra,"Kimberley, Western Australia"
2024-12-17,0.0,31.681077413704237,Kununurra,"Kimberley, Western Australia"
2024-12-18,0.0,31.681077413704237,Kununurra,"Kimberley, Western Australia"
2024-12-19,1.7630746847653067,31.681077413704237,Kununurra,"Kimberley, Western Australia"
2024-12-20,0.0,31.681077413704237,Kununurra,"Kimberley, Western Australia"
2024-12-21,0.0,31.681077413704237,Kununurra,"Kimberley, Western Australia"
2024-12-22,0.0,31.681077413704237,Kununurra,"Kimberley, Western Australia"
2024-12-23,0.0,31.681077413704237,Kununurra,"Kimberley, Western Australia"
2024-12-24,0.0,31.681077413704237,Kununurra,"Kimberley, Western Australia"
2024-12-25,0.0,31.681077413704237,Kununurra,"Kimberley, Western Australia"
2024-12-26,0.0,31.681077413704237,Kununurra,"Kimberley, Western Australia"
2024-12-27,0.0,31.681077413704237,Kununurra,"Kimberley, Western Australia"
2024-12-28,0.0,31.681077413704237,Kununurra,"Kimberley, Western Australia"
2024-12-29,0.0,31.681077413704237,Kununurra,"Kimberley, Western Australia"
2024-12-30,0.25221628607497004,31.681077413704237,Kununurra,"Kimberley, Western Australia"
2024-12-31,0.0,31.681077413704237,Kununurra,"Kimberley, Western Australia"
