Date,Daily Rainfall (mm),Monthly Rainfall (mm),Station Name,Region Name
1990-01-01,10.277659152680489,29.898965566868053,Merredin,"Wheatbelt, Western Australia"
1990-01-02,0.0,29.898965566868053,Merredin,"Wheatbelt, Western Australia"
1990-01-03,0.0,29.898965566868053,Merredin,"Wheatbelt, Western Australia"
1990-01-04,0.0,29.898965566868053,Merredin,"Wheatbelt, Western Australia"
1990-01-05,0.0,29.898965566868053,Merredin,"Wheatbelt, Western Australia"
1990-01-06,0.0,29.898965566868053,Merredin,"Wheatbelt, Western Australia"
1990-01-07,0.0,29.898965566868053,Merredin,"Wheatbelt, Western Australia"
1990-01-08,3.657470106586067,29.898965566868053,Merredin,"Wheatbelt, Western Australia"
1990-01-09,0.0,29.898965566868053,Merredin,"Wheatbelt, Western Australia"
1990-01-10,0.0,29.898965566868053,Merredin,"Wheatbelt, Western Australia"
1990-01-11,0.0,29.898965566868053,Merredin,"Wheatbelt, Western Australia"
1990-01-12,0.0,29.898965566868053,Merredin,"Wheatbelt, Western Australia"
1990-01-13,0.0,29.898965566868053,Merredin,"Wheatbelt, Western Australia"
1990-01-14,0.0,29.898965566868053,Merredin,"Wheatbelt, Western Australia"
1990-01-15,0.0,29.898965566868053,Merredin,"Wheatbelt, Western Australia"
1990-01-16,0.0,29.898965566868053,Merredin,"Wheatbelt, Western Australia"
1990-01-17,9.06385094577682,29.898965566868053,Merredin,"Wheatbelt, Western Australia"
1990-01-18,0.0,29.898965566868053,Merredin,"Wheatbelt, Western Australia"
1990-01-19,0.0,29.898965566868053,Merredin,"Wheatbelt, Western Australia"
1990-01-20,0.38871735942184116,29.898965566868053,Merredin,"Wheatbelt, Western Australia"
1990-01-21,0.0,29.898965566868053,Merredin,"Wheatbelt, Western Australia"
1990-01-22,0.0,29.898965566868053,Merredin,"Wheatbelt, Western Australia"
1990-01-23,0.0,29.898965566868053,Merredin,"Wheatbelt, Western Australia"
1990-01-24,0.0,29.898965566868053,Merredin,"Wheatbelt, Western Australia"
1990-01-25,2.1829849976412268,29.898965566868053,Merredin,"Wheatbelt, Western Australia"
1990-01-26,0.0,29.898965566868053,Merredin,"Wheatbelt, Western Australia"
1990-01-27,0.0,29.898965566868053,Merredin,"Wheatbelt, Western Australia"
1990-01-28,2.8136601287944982,29.898965566868053,Merredin,"Wheatbelt, Western Australia"
1990-01-29,1.5146228759671108,29.898965566868053,Merredin,"Wheatbelt, Western Australia"
1990-01-30,0.0,29.898965566868053,Merredin,"Wheatbelt, Western Australia"
1990-01-31,0.0,29.898965566868053,Merredin,"Wheatbelt, Western Australia"
1990-02-01,4.5661026239920925,20.971009595566446,Merredin,"Wheatbelt, Western Australia"
1990-02-02,0.0,20.971009595566446,Merredin,"Wheatbelt, Western Australia"
1990-02-03,0.0,20.971009595566446,Merredin,"Wheatbelt, Western Australia"
1990-02-04,0.0,20.971009595566446,Merredin,"Wheatbelt, Western Australia"
1990-02-05,0.0,20.971009595566446,Merredin,"Wheatbelt, Western Australia"
1990-02-06,0.6472987744150721,20.971009595566446,Merredin,"Wheatbelt, Western Australia"
1990-02-07,0.0,20.971009595566446,Merredin,"Wheatbelt, Western Australia"
1990-02-08,5.592456618675048,20.971009595566446,Merredin,"Wheatbelt, Western Australia"
1990-02-09,0.0,20.971009595566446,Merredin,"Wheatbelt, Western Australia"
1990-02-10,0.0,20.971009595566446,Merredin,"Wheatbelt, Western Australia"
1990-02-11,0.0,20.971009595566446,Merredin,"Wheatbelt, Western Australia"
1990-02-12,2.591882996492925,20.971009595566446,Merredin,"Wheatbelt, Western Australia"
1990-02-13,0.0,20.971009595566446,Merredin,"Wheatbelt, Western Australia"
1990-02-14,0.0,20.971009595566446,Merredin,"Wheatbelt, Western Australia"
1990-02-15,0.0,20.971009595566446,Merredin,"Wheatbelt, Western Australia"
1990-02-16,0.0,20.971009595566446,Merredin,"Wheatbelt, Western Australia"
1990-02-17,0.0,20.971009595566446,Merredin,"Wheatbelt, Western Australia"
1990-02-18,0.0,20.971009595566446,Merredin,"Wheatbelt, Western Australia"
1990-02-19,2.890017162509597,20.971009595566446,Merredin,"Wheatbelt, Western Australia"
1990-02-20,0.0,20.971009595566446,Merredin,"Wheatbelt, Western Australia"
1990-02-21,0.0,20.971009595566446,Merredin,"Wheatbelt, Western Australia"
1990-02-22,0.0,20.971009595566446,Merredin,"Wheatbelt, Western Australia"
1990-02-23,0.0,20.971009595566446,Merredin,"Wheatbelt, Western Australia"
1990-02-24,3.6718740211006335,20.971009595566446,Merredin,"Wheatbelt, Western Australia"
1990-02-25,0.0,20.971009595566446,Merredin,"Wheatbelt, Western Australia"
1990-02-26,1.0113773983810768,20.971009595566446,Merredin,"Wheatbelt, Western Australia"
1990-02-27,0.0,20.971009595566446,Merredin,"Wheatbelt, Western Australia"
1990-02-28,0.0,20.971009595566446,Merredin,"Wheatbelt, Western Australia"
1990-03-01,0.0,42.49520843985881,Merredin,"Wheatbelt, Western Australia"
1990-03-02,10.854270052620263,42.49520843985881,Merredin,"Wheatbelt, Western Australia"
1990-03-03,0.0,42.49520843985881,Merredin,"Wheatbelt, Western Australia"
1990-03-04,0.0,42.49520843985881,Merredin,"Wheatbelt, Western Australia"
1990-03-05,5.864206418905019,42.49520843985881,Merredin,"Wheatbelt, Western Australia"
1990-03-06,0.0,42.49520843985881,Merredin,"Wheatbelt, Western Australia"
1990-03-07,0.0,42.49520843985881,Merredin,"Wheatbelt, Western Australia"
1990-03-08,0.0,42.49520843985881,Merredin,"Wheatbelt, Western Australia"
1990-03-09,0.0,42.49520843985881,Merredin,"Wheatbelt, Western Australia"
1990-03-10,0.0,42.49520843985881,Merredin,"Wheatbelt, Western Australia"
1990-03-11,0.0,42.49520843985881,Merredin,"Wheatbelt, Western Australia"
1990-03-12,2.331282857048392,42.49520843985881,Merredin,"Wheatbelt, Western Australia"
1990-03-13,0.0,42.49520843985881,Merredin,"Wheatbelt, Western Australia"
1990-03-14,0.0,42.49520843985881,Merredin,"Wheatbelt, Western Australia"
1990-03-15,0.0,42.49520843985881,Merredin,"Wheatbelt, Western Australia"
1990-03-16,1.9463691107910757,42.49520843985881,Merredin,"Wheatbelt, Western Australia"
1990-03-17,0.0,42.49520843985881,Merredin,"Wheatbelt, Western Australia"
1990-03-18,0.0,42.49520843985881,Merredin,"Wheatbelt, Western Australia"
1990-03-19,0.0,42.49520843985881,Merredin,"Wheatbelt, Western Australia"
1990-03-20,0.0,42.49520843985881,Merredin,"Wheatbelt, Western Australia"
1990-03-21,0.0,42.49520843985881,Merredin,"Wheatbelt, Western Australia"
1990-03-22,0.0,42.49520843985881,Merredin,"Wheatbelt, Western Australia"
1990-03-23,7.129242675073937,42.49520843985881,Merredin,"Wheatbelt, Western Australia"
1990-03-24,3.160220642851495,42.49520843985881,Merredin,"Wheatbelt, Western Australia"
1990-03-25,0.0,42.49520843985881,Merredin,"Wheatbelt, Western Australia"
1990-03-26,0.0,42.49520843985881,Merredin,"Wheatbelt, Western Australia"
1990-03-27,0.0,42.49520843985881,Merredin,"Wheatbelt, Western Australia"
1990-03-28,0.0,42.49520843985881,Merredin,"Wheatbelt, Western Australia"
1990-03-29,0.0,42.49520843985881,Merredin,"Wheatbelt, Western Australia"
1990-03-30,0.0,42.49520843985881,Merredin,"Wheatbelt, Western Australia"
1990-03-31,11.209616682568624,42.49520843985881,Merredin,"Wheatbelt, Western Australia"
1990-04-01,0.0,8.874690314511506,Merredin,"Wheatbelt, Western Australia"
1990-04-02,0.0,8.874690314511506,Merredin,"Wheatbelt, Western Australia"
1990-04-03,0.0,8.874690314511506,Merredin,"Wheatbelt, Western Australia"
1990-04-04,0.0,8.874690314511506,Merredin,"Wheatbelt, Western Australia"
1990-04-05,0.0,8.874690314511506,Merredin,"Wheatbelt, Western Australia"
1990-04-06,0.0,8.874690314511506,Merredin,"Wheatbelt, Western Australia"
1990-04-07,0.0,8.874690314511506,Merredin,"Wheatbelt, Western Australia"
1990-04-08,5.421085414289579,8.874690314511506,Merredin,"Wheatbelt, Western Australia"
1990-04-09,0.0,8.874690314511506,Merredin,"Wheatbelt, Western Australia"
1990-04-10,0.0,8.874690314511506,Merredin,"Wheatbelt, Western Australia"
1990-04-11,0.0,8.874690314511506,Merredin,"Wheatbelt, Western Australia"
1990-04-12,0.0,8.874690314511506,Merredin,"Wheatbelt, Western Australia"
1990-04-13,0.0,8.874690314511506,Merredin,"Wheatbelt, Western Australia"
1990-04-14,0.0,8.874690314511506,Merredin,"Wheatbelt, Western Australia"
1990-04-15,0.0,8.874690314511506,Merredin,"Wheatbelt, Western Australia"
1990-04-16,0.0,8.874690314511506,Merredin,"Wheatbelt, Western Australia"
1990-04-17,0.985518594025354,8.874690314511506,Merredin,"Wheatbelt, Western Australia"
1990-04-18,0.0,8.874690314511506,Merredin,"Wheatbelt, Western Australia"
1990-04-19,0.0,8.874690314511506,Merredin,"Wheatbelt, Western Australia"
1990-04-20,0.0,8.874690314511506,Merredin,"Wheatbelt, Western Australia"
1990-04-21,0.0,8.874690314511506,Merredin,"Wheatbelt, Western Australia"
1990-04-22,2.468086306196572,8.874690314511506,Merredin,"Wheatbelt, Western Australia"
1990-04-23,0.0,8.874690314511506,Merredin,"Wheatbelt, Western Australia"
1990-04-24,0.0,8.874690314511506,Merredin,"Wheatbelt, Western Australia"
1990-04-25,0.0,8.874690314511506,Merredin,"Wheatbelt, Western Australia"
1990-04-26,0.0,8.874690314511506,Merredin,"Wheatbelt, Western Australia"
1990-04-27,0.0,8.874690314511506,Merredin,"Wheatbelt, Western Australia"
1990-04-28,0.0,8.874690314511506,Merredin,"Wheatbelt, Western Australia"
1990-04-29,0.0,8.874690314511506,Merredin,"Wheatbelt, Western Australia"
1990-04-30,0.0,8.874690314511506,Merredin,"Wheatbelt, Western Australia"
1990-05-01,4.221303712891517,30.643702044728705,Merredin,"Wheatbelt, Western Australia"
1990-05-02,0.0,30.643702044728705,Merredin,"Wheatbelt, Western Australia"
1990-05-03,0.0,30.643702044728705,Merredin,"Wheatbelt, Western Australia"
1990-05-04,0.0,30.643702044728705,Merredin,"Wheatbelt, Western Australia"
1990-05-05,0.0,30.643702044728705,Merredin,"Wheatbelt, Western Australia"
1990-05-06,2.2738975893260767,30.643702044728705,Merredin,"Wheatbelt, Western Australia"
1990-05-07,0.0,30.643702044728705,Merredin,"Wheatbelt, Western Australia"
1990-05-08,0.0,30.643702044728705,Merredin,"Wheatbelt, Western Australia"
1990-05-09,3.96947904150803,30.643702044728705,Merredin,"Wheatbelt, Western Australia"
1990-05-10,0.8426882677377001,30.643702044728705,Merredin,"Wheatbelt, Western Australia"
1990-05-11,2.2149413280235213,30.643702044728705,Merredin,"Wheatbelt, Western Australia"
1990-05-12,2.118957464297049,30.643702044728705,Merredin,"Wheatbelt, Western Australia"
1990-05-13,0.0,30.643702044728705,Merredin,"Wheatbelt, Western Australia"
1990-05-14,1.1505759738029357,30.643702044728705,Merredin,"Wheatbelt, Western Australia"
1990-05-15,5.784579428126249,30.643702044728705,Merredin,"Wheatbelt, Western Australia"
1990-05-16,0.0,30.643702044728705,Merredin,"Wheatbelt, Western Australia"
1990-05-17,0.0,30.643702044728705,Merredin,"Wheatbelt, Western Australia"
1990-05-18,0.0,30.643702044728705,Merredin,"Wheatbelt, Western Australia"
1990-05-19,0.0,30.643702044728705,Merredin,"Wheatbelt, Western Australia"
1990-05-20,0.0,30.643702044728705,Merredin,"Wheatbelt, Western Australia"
1990-05-21,0.0,30.643702044728705,Merredin,"Wheatbelt, Western Australia"
1990-05-22,4.867840201939368,30.643702044728705,Merredin,"Wheatbelt, Western Australia"
1990-05-23,0.0,30.643702044728705,Merredin,"Wheatbelt, Western Australia"
1990-05-24,0.0,30.643702044728705,Merredin,"Wheatbelt, Western Australia"
1990-05-25,0.0,30.643702044728705,Merredin,"Wheatbelt, Western Australia"
1990-05-26,0.0,30.643702044728705,Merredin,"Wheatbelt, Western Australia"
1990-05-27,0.0,30.643702044728705,Merredin,"Wheatbelt, Western Australia"
1990-05-28,0.0,30.643702044728705,Merredin,"Wheatbelt, Western Australia"
1990-05-29,3.199439037076259,30.643702044728705,Merredin,"Wheatbelt, Western Australia"
1990-05-30,0.0,30.643702044728705,Merredin,"Wheatbelt, Western Australia"
1990-05-31,0.0,30.643702044728705,Merredin,"Wheatbelt, Western Australia"
1990-06-01,0.0,36.179049943891165,Merredin,"Wheatbelt, Western Australia"
1990-06-02,0.0,36.179049943891165,Merredin,"Wheatbelt, Western Australia"
1990-06-03,11.363201276088711,36.179049943891165,Merredin,"Wheatbelt, Western Australia"
1990-06-04,0.0,36.179049943891165,Merredin,"Wheatbelt, Western Australia"
1990-06-05,0.0,36.179049943891165,Merredin,"Wheatbelt, Western Australia"
1990-06-06,0.0,36.179049943891165,Merredin,"Wheatbelt, Western Australia"
1990-06-07,0.0,36.179049943891165,Merredin,"Wheatbelt, Western Australia"
1990-06-08,0.0,36.179049943891165,Merredin,"Wheatbelt, Western Australia"
1990-06-09,0.0,36.179049943891165,Merredin,"Wheatbelt, Western Australia"
1990-06-10,1.2973455475151239,36.179049943891165,Merredin,"Wheatbelt, Western Australia"
1990-06-11,0.0,36.179049943891165,Merredin,"Wheatbelt, Western Australia"
1990-06-12,0.0,36.179049943891165,Merredin,"Wheatbelt, Western Australia"
1990-06-13,2.2391983952223735,36.179049943891165,Merredin,"Wheatbelt, Western Australia"
1990-06-14,13.522393736675351,36.179049943891165,Merredin,"Wheatbelt, Western Australia"
1990-06-15,0.0,36.179049943891165,Merredin,"Wheatbelt, Western Australia"
1990-06-16,0.0,36.179049943891165,Merredin,"Wheatbelt, Western Australia"
1990-06-17,0.0,36.179049943891165,Merredin,"Wheatbelt, Western Australia"
1990-06-18,0.0,36.179049943891165,Merredin,"Wheatbelt, Western Australia"
1990-06-19,4.383015428560614,36.179049943891165,Merredin,"Wheatbelt, Western Australia"
1990-06-20,0.0,36.179049943891165,Merredin,"Wheatbelt, Western Australia"
1990-06-21,0.0,36.179049943891165,Merredin,"Wheatbelt, Western Australia"
1990-06-22,0.9388339187334194,36.179049943891165,Merredin,"Wheatbelt, Western Australia"
1990-06-23,0.0,36.179049943891165,Merredin,"Wheatbelt, Western Australia"
1990-06-24,0.0,36.179049943891165,Merredin,"Wheatbelt, Western Australia"
1990-06-25,0.0,36.179049943891165,Merredin,"Wheatbelt, Western Australia"
1990-06-26,0.0,36.179049943891165,Merredin,"Wheatbelt, Western Australia"
1990-06-27,0.0,36.179049943891165,Merredin,"Wheatbelt, Western Australia"
1990-06-28,2.4350616410955714,36.179049943891165,Merredin,"Wheatbelt, Western Australia"
1990-06-29,0.0,36.179049943891165,Merredin,"Wheatbelt, Western Australia"
1990-06-30,0.0,36.179049943891165,Merredin,"Wheatbelt, Western Australia"
1990-07-01,0.0,16.8969516200709,Merredin,"Wheatbelt, Western Australia"
1990-07-02,0.0,16.8969516200709,Merredin,"Wheatbelt, Western Australia"
1990-07-03,1.5215793267222621,16.8969516200709,Merredin,"Wheatbelt, Western Australia"
1990-07-04,0.0,16.8969516200709,Merredin,"Wheatbelt, Western Australia"
1990-07-05,0.0,16.8969516200709,Merredin,"Wheatbelt, Western Australia"
1990-07-06,0.0,16.8969516200709,Merredin,"Wheatbelt, Western Australia"
1990-07-07,0.0,16.8969516200709,Merredin,"Wheatbelt, Western Australia"
1990-07-08,0.0,16.8969516200709,Merredin,"Wheatbelt, Western Australia"
1990-07-09,0.0,16.8969516200709,Merredin,"Wheatbelt, Western Australia"
1990-07-10,0.0,16.8969516200709,Merredin,"Wheatbelt, Western Australia"
1990-07-11,0.0,16.8969516200709,Merredin,"Wheatbelt, Western Australia"
1990-07-12,0.0,16.8969516200709,Merredin,"Wheatbelt, Western Australia"
1990-07-13,0.0,16.8969516200709,Merredin,"Wheatbelt, Western Australia"
1990-07-14,0.0,16.8969516200709,Merredin,"Wheatbelt, Western Australia"
1990-07-15,2.3195660451644784,16.8969516200709,Merredin,"Wheatbelt, Western Australia"
1990-07-16,0.0,16.8969516200709,Merredin,"Wheatbelt, Western Australia"
1990-07-17,0.0,16.8969516200709,Merredin,"Wheatbelt, Western Australia"
1990-07-18,3.7545324707721104,16.8969516200709,Merredin,"Wheatbelt, Western Australia"
1990-07-19,0.0,16.8969516200709,Merredin,"Wheatbelt, Western Australia"
1990-07-20,0.0,16.8969516200709,Merredin,"Wheatbelt, Western Australia"
1990-07-21,0.0,16.8969516200709,Merredin,"Wheatbelt, Western Australia"
1990-07-22,0.0,16.8969516200709,Merredin,"Wheatbelt, Western Australia"
1990-07-23,2.2419152913907143,16.8969516200709,Merredin,"Wheatbelt, Western Australia"
1990-07-24,0.0,16.8969516200709,Merredin,"Wheatbelt, Western Australia"
1990-07-25,0.0,16.8969516200709,Merredin,"Wheatbelt, Western Australia"
1990-07-26,0.0,16.8969516200709,Merredin,"Wheatbelt, Western Australia"
1990-07-27,3.293006026416052,16.8969516200709,Merredin,"Wheatbelt, Western Australia"
1990-07-28,3.7663524596052844,16.8969516200709,Merredin,"Wheatbelt, Western Australia"
1990-07-29,0.0,16.8969516200709,Merredin,"Wheatbelt, Western Australia"
1990-07-30,0.0,16.8969516200709,Merredin,"Wheatbelt, Western Australia"
1990-07-31,0.0,16.8969516200709,Merredin,"Wheatbelt, Western Australia"
1990-08-01,0.0,26.05637971266632,Merredin,"Wheatbelt, Western Australia"
1990-08-02,0.0,26.05637971266632,Merredin,"Wheatbelt, Western Australia"
1990-08-03,0.0,26.05637971266632,Merredin,"Wheatbelt, Western Australia"
1990-08-04,0.5902639690033621,26.05637971266632,Merredin,"Wheatbelt, Western Australia"
1990-08-05,0.0,26.05637971266632,Merredin,"Wheatbelt, Western Australia"
1990-08-06,0.0,26.05637971266632,Merredin,"Wheatbelt, Western Australia"
1990-08-07,0.6246098484817632,26.05637971266632,Merredin,"Wheatbelt, Western Australia"
1990-08-08,0.0,26.05637971266632,Merredin,"Wheatbelt, Western Australia"
1990-08-09,3.7756022234159055,26.05637971266632,Merredin,"Wheatbelt, Western Australia"
1990-08-10,0.0,26.05637971266632,Merredin,"Wheatbelt, Western Australia"
1990-08-11,0.0,26.05637971266632,Merredin,"Wheatbelt, Western Australia"
1990-08-12,0.0,26.05637971266632,Merredin,"Wheatbelt, Western Australia"
1990-08-13,0.0,26.05637971266632,Merredin,"Wheatbelt, Western Australia"
1990-08-14,0.0,26.05637971266632,Merredin,"Wheatbelt, Western Australia"
1990-08-15,0.0,26.05637971266632,Merredin,"Wheatbelt, Western Australia"
1990-08-16,0.0,26.05637971266632,Merredin,"Wheatbelt, Western Australia"
1990-08-17,0.0,26.05637971266632,Merredin,"Wheatbelt, Western Australia"
1990-08-18,0.0,26.05637971266632,Merredin,"Wheatbelt, Western Australia"
1990-08-19,3.4878051066938864,26.05637971266632,Merredin,"Wheatbelt, Western Australia"
1990-08-20,0.0,26.05637971266632,Merredin,"Wheatbelt, Western Australia"
1990-08-21,0.0,26.05637971266632,Merredin,"Wheatbelt, Western Australia"
1990-08-22,0.0,26.05637971266632,Merredin,"Wheatbelt, Western Australia"
1990-08-23,0.0,26.05637971266632,Merredin,"Wheatbelt, Western Australia"
1990-08-24,0.0,26.05637971266632,Merredin,"Wheatbelt, Western Australia"
1990-08-25,0.0,26.05637971266632,Merredin,"Wheatbelt, Western Australia"
1990-08-26,6.355370093018449,26.05637971266632,Merredin,"Wheatbelt, Western Australia"
1990-08-27,5.07394543611885,26.05637971266632,Merredin,"Wheatbelt, Western Australia"
1990-08-28,0.0,26.05637971266632,Merredin,"Wheatbelt, Western Australia"
1990-08-29,0.0,26.05637971266632,Merredin,"Wheatbelt, Western Australia"
1990-08-30,2.0688659187170777,26.05637971266632,Merredin,"Wheatbelt, Western Australia"
1990-08-31,4.079917117217028,26.05637971266632,Merredin,"Wheatbelt, Western Australia"
1990-09-01,0.0,17.08469324565684,Merredin,"Wheatbelt, Western Australia"
1990-09-02,0.0,17.08469324565684,Merredin,"Wheatbelt, Western Australia"
1990-09-03,0.0,17.08469324565684,Merredin,"Wheatbelt, Western Australia"
1990-09-04,0.0,17.08469324565684,Merredin,"Wheatbelt, Western Australia"
1990-09-05,0.0,17.08469324565684,Merredin,"Wheatbelt, Western Australia"
1990-09-06,0.0,17.08469324565684,Merredin,"Wheatbelt, Western Australia"
1990-09-07,0.0,17.08469324565684,Merredin,"Wheatbelt, Western Australia"
1990-09-08,0.0,17.08469324565684,Merredin,"Wheatbelt, Western Australia"
1990-09-09,0.0,17.08469324565684,Merredin,"Wheatbelt, Western Australia"
1990-09-10,0.0,17.08469324565684,Merredin,"Wheatbelt, Western Australia"
1990-09-11,4.677823530142162,17.08469324565684,Merredin,"Wheatbelt, Western Australia"
1990-09-12,4.107132516885041,17.08469324565684,Merredin,"Wheatbelt, Western Australia"
1990-09-13,0.0,17.08469324565684,Merredin,"Wheatbelt, Western Australia"
1990-09-14,2.1677027362698063,17.08469324565684,Merredin,"Wheatbelt, Western Australia"
1990-09-15,0.0,17.08469324565684,Merredin,"Wheatbelt, Western Australia"
1990-09-16,2.1963218641141604,17.08469324565684,Merredin,"Wheatbelt, Western Australia"
1990-09-17,0.0,17.08469324565684,Merredin,"Wheatbelt, Western Australia"
1990-09-18,0.0,17.08469324565684,Merredin,"Wheatbelt, Western Australia"
1990-09-19,0.0,17.08469324565684,Merredin,"Wheatbelt, Western Australia"
1990-09-20,0.0,17.08469324565684,Merredin,"Wheatbelt, Western Australia"
1990-09-21,0.0,17.08469324565684,Merredin,"Wheatbelt, Western Australia"
1990-09-22,0.0,17.08469324565684,Merredin,"Wheatbelt, Western Australia"
1990-09-23,0.0,17.08469324565684,Merredin,"Wheatbelt, Western Australia"
1990-09-24,0.0,17.08469324565684,Merredin,"Wheatbelt, Western Australia"
1990-09-25,0.0,17.08469324565684,Merredin,"Wheatbelt, Western Australia"
1990-09-26,0.0,17.08469324565684,Merredin,"Wheatbelt, Western Australia"
1990-09-27,0.0,17.08469324565684,Merredin,"Wheatbelt, Western Australia"
1990-09-28,0.0,17.08469324565684,Merredin,"Wheatbelt, Western Australia"
1990-09-29,0.0,17.08469324565684,Merredin,"Wheatbelt, Western Australia"
1990-09-30,3.935712598245671,17.08469324565684,Merredin,"Wheatbelt, Western Australia"
1990-10-01,0.0,37.99128284475007,Merredin,"Wheatbelt, Western Australia"
1990-10-02,0.0,37.99128284475007,Merredin,"Wheatbelt, Western Australia"
1990-10-03,16.266000328827168,37.99128284475007,Merredin,"Wheatbelt, Western Australia"
1990-10-04,0.0,37.99128284475007,Merredin,"Wheatbelt, Western Australia"
1990-10-05,0.0,37.99128284475007,Merredin,"Wheatbelt, Western Australia"
1990-10-06,0.0,37.99128284475007,Merredin,"Wheatbelt, Western Australia"
1990-10-07,0.0,37.99128284475007,Merredin,"Wheatbelt, Western Australia"
1990-10-08,0.0,37.99128284475007,Merredin,"Wheatbelt, Western Australia"
1990-10-09,0.0,37.99128284475007,Merredin,"Wheatbelt, Western Australia"
1990-10-10,0.0,37.99128284475007,Merredin,"Wheatbelt, Western Australia"
1990-10-11,0.0,37.99128284475007,Merredin,"Wheatbelt, Western Australia"
1990-10-12,0.0,37.99128284475007,Merredin,"Wheatbelt, Western Australia"
1990-10-13,0.0,37.99128284475007,Merredin,"Wheatbelt, Western Australia"
1990-10-14,0.0,37.99128284475007,Merredin,"Wheatbelt, Western Australia"
1990-10-15,0.0,37.99128284475007,Merredin,"Wheatbelt, Western Australia"
1990-10-16,10.161140272725286,37.99128284475007,Merredin,"Wheatbelt, Western Australia"
1990-10-17,0.0,37.99128284475007,Merredin,"Wheatbelt, Western Australia"
1990-10-18,0.0,37.99128284475007,Merredin,"Wheatbelt, Western Australia"
1990-10-19,0.0,37.99128284475007,Merredin,"Wheatbelt, Western Australia"
1990-10-20,1.5249414830546724,37.99128284475007,Merredin,"Wheatbelt, Western Australia"
1990-10-21,0.19496758402764916,37.99128284475007,Merredin,"Wheatbelt, Western Australia"
1990-10-22,0.0,37.99128284475007,Merredin,"Wheatbelt, Western Australia"
1990-10-23,0.0,37.99128284475007,Merredin,"Wheatbelt, Western Australia"
1990-10-24,0.0,37.99128284475007,Merredin,"Wheatbelt, Western Australia"
1990-10-25,0.0,37.99128284475007,Merredin,"Wheatbelt, Western Australia"
1990-10-26,0.0,37.99128284475007,Merredin,"Wheatbelt, Western Australia"
1990-10-27,0.0,37.99128284475007,Merredin,"Wheatbelt, Western Australia"
1990-10-28,0.0,37.99128284475007,Merredin,"Wheatbelt, Western Australia"
1990-10-29,2.4355525521009116,37.99128284475007,Merredin,"Wheatbelt, Western Australia"
1990-10-30,0.0,37.99128284475007,Merredin,"Wheatbelt, Western Australia"
1990-10-31,7.408680624014378,37.99128284475007,Merredin,"Wheatbelt, Western Australia"
1990-11-01,1.9534888822246275,15.63958753062423,Merredin,"Wheatbelt, Western Australia"
1990-11-02,0.0,15.63958753062423,Merredin,"Wheatbelt, Western Australia"
1990-11-03,2.6890451872330248,15.63958753062423,Merredin,"Wheatbelt, Western Australia"
1990-11-04,0.0,15.63958753062423,Merredin,"Wheatbelt, Western Australia"
1990-11-05,0.0,15.63958753062423,Merredin,"Wheatbelt, Western Australia"
1990-11-06,0.0,15.63958753062423,Merredin,"Wheatbelt, Western Australia"
1990-11-07,1.7282778686791356,15.63958753062423,Merredin,"Wheatbelt, Western Australia"
1990-11-08,0.0,15.63958753062423,Merredin,"Wheatbelt, Western Australia"
1990-11-09,0.0,15.63958753062423,Merredin,"Wheatbelt, Western Australia"
1990-11-10,0.0,15.63958753062423,Merredin,"Wheatbelt, Western Australia"
1990-11-11,0.0,15.63958753062423,Merredin,"Wheatbelt, Western Australia"
1990-11-12,0.0,15.63958753062423,Merredin,"Wheatbelt, Western Australia"
1990-11-13,0.0,15.63958753062423,Merredin,"Wheatbelt, Western Australia"
1990-11-14,0.0,15.63958753062423,Merredin,"Wheatbelt, Western Australia"
1990-11-15,0.0,15.63958753062423,Merredin,"Wheatbelt, Western Australia"
1990-11-16,0.0,15.63958753062423,Merredin,"Wheatbelt, Western Australia"
1990-11-17,0.0,15.63958753062423,Merredin,"Wheatbelt, Western Australia"
1990-11-18,0.0,15.63958753062423,Merredin,"Wheatbelt, Western Australia"
1990-11-19,0.0,15.63958753062423,Merredin,"Wheatbelt, Western Australia"
1990-11-20,0.0,15.63958753062423,Merredin,"Wheatbelt, Western Australia"
1990-11-21,0.0,15.63958753062423,Merredin,"Wheatbelt, Western Australia"
1990-11-22,0.0,15.63958753062423,Merredin,"Wheatbelt, Western Australia"
1990-11-23,4.942152632787628,15.63958753062423,Merredin,"Wheatbelt, Western Australia"
1990-11-24,0.0,15.63958753062423,Merredin,"Wheatbelt, Western Australia"
1990-11-25,4.326622959699813,15.63958753062423,Merredin,"Wheatbelt, Western Australia"
1990-11-26,0.0,15.63958753062423,Merredin,"Wheatbelt, Western Australia"
1990-11-27,0.0,15.63958753062423,Merredin,"Wheatbelt, Western Australia"
1990-11-28,0.0,15.63958753062423,Merredin,"Wheatbelt, Western Australia"
1990-11-29,0.0,15.63958753062423,Merredin,"Wheatbelt, Western Australia"
1990-11-30,0.0,15.63958753062423,Merredin,"Wheatbelt, Western Australia"
1990-12-01,0.0,27.753432490615367,Merredin,"Wheatbelt, Western Australia"
1990-12-02,0.0,27.753432490615367,Merredin,"Wheatbelt, Western Australia"
1990-12-03,3.6395708195862264,27.753432490615367,Merredin,"Wheatbelt, Western Australia"
1990-12-04,0.0,27.753432490615367,Merredin,"Wheatbelt, Western Australia"
1990-12-05,5.152573758092925,27.753432490615367,Merredin,"Wheatbelt, Western Australia"
1990-12-06,0.0,27.753432490615367,Merredin,"Wheatbelt, Western Australia"
1990-12-07,3.9453424293465473,27.753432490615367,Merredin,"Wheatbelt, Western Australia"
1990-12-08,0.0,27.753432490615367,Merredin,"Wheatbelt, Western Australia"
1990-12-09,0.0,27.753432490615367,Merredin,"Wheatbelt, Western Australia"
1990-12-10,0.0,27.753432490615367,Merredin,"Wheatbelt, Western Australia"
1990-12-11,0.0,27.753432490615367,Merredin,"Wheatbelt, Western Australia"
1990-12-12,1.0638953516414393,27.753432490615367,Merredin,"Wheatbelt, Western Australia"
1990-12-13,3.1904889600208914,27.753432490615367,Merredin,"Wheatbelt, Western Australia"
1990-12-14,0.0,27.753432490615367,Merredin,"Wheatbelt, Western Australia"
1990-12-15,4.687656485878588,27.753432490615367,Merredin,"Wheatbelt, Western Australia"
1990-12-16,0.0,27.753432490615367,Merredin,"Wheatbelt, Western Australia"
1990-12-17,0.0,27.753432490615367,Merredin,"Wheatbelt, Western Australia"
1990-12-18,0.0,27.753432490615367,Merredin,"Wheatbelt, Western Australia"
1990-12-19,0.0,27.753432490615367,Merredin,"Wheatbelt, Western Australia"
1990-12-20,0.0,27.753432490615367,Merredin,"Wheatbelt, Western Australia"
1990-12-21,0.0,27.753432490615367,Merredin,"Wheatbelt, Western Australia"
1990-12-22,0.0,27.753432490615367,Merredin,"Wheatbelt, Western Australia"
1990-12-23,0.0,27.753432490615367,Merredin,"Wheatbelt, Western Australia"
1990-12-24,0.0,27.753432490615367,Merredin,"Wheatbelt, Western Australia"
1990-12-25,0.0,27.753432490615367,Merredin,"Wheatbelt, Western Australia"
1990-12-26,0.0,27.753432490615367,Merredin,"Wheatbelt, Western Australia"
1990-12-27,4.6345307972449845,27.753432490615367,Merredin,"Wheatbelt, Western Australia"
1990-12-28,0.0,27.753432490615367,Merredin,"Wheatbelt, Western Australia"
1990-12-29,1.4393738888037673,27.753432490615367,Merredin,"Wheatbelt, Western Australia"
1990-12-30,0.0,27.753432490615367,Merredin,"Wheatbelt, Western Australia"
1990-12-31,0.0,27.753432490615367,Merredin,"Wheatbelt, Western Australia"
1991-01-01,0.0,21.269181709123686,Merredin,"Wheatbelt, Western Australia"
1991-01-02,0.0,21.269181709123686,Merredin,"Wheatbelt, Western Australia"
1991-01-03,0.0,21.269181709123686,Merredin,"Wheatbelt, Western Australia"
1991-01-04,0.0,21.269181709123686,Merredin,"Wheatbelt, Western Australia"
1991-01-05,0.0,21.269181709123686,Merredin,"Wheatbelt, Western Australia"
1991-01-06,0.0,21.269181709123686,Merredin,"Wheatbelt, Western Australia"
1991-01-07,0.0,21.269181709123686,Merredin,"Wheatbelt, Western Australia"
1991-01-08,0.0,21.269181709123686,Merredin,"Wheatbelt, Western Australia"
1991-01-09,0.0,21.269181709123686,Merredin,"Wheatbelt, Western Australia"
1991-01-10,1.9094157121782644,21.269181709123686,Merredin,"Wheatbelt, Western Australia"
1991-01-11,0.0,21.269181709123686,Merredin,"Wheatbelt, Western Australia"
1991-01-12,0.0,21.269181709123686,Merredin,"Wheatbelt, Western Australia"
1991-01-13,0.0,21.269181709123686,Merredin,"Wheatbelt, Western Australia"
1991-01-14,0.0,21.269181709123686,Merredin,"Wheatbelt, Western Australia"
1991-01-15,0.0,21.269181709123686,Merredin,"Wheatbelt, Western Australia"
1991-01-16,0.0,21.269181709123686,Merredin,"Wheatbelt, Western Australia"
1991-01-17,3.871055209480246,21.269181709123686,Merredin,"Wheatbelt, Western Australia"
1991-01-18,0.0,21.269181709123686,Merredin,"Wheatbelt, Western Australia"
1991-01-19,1.6835175611353335,21.269181709123686,Merredin,"Wheatbelt, Western Australia"
1991-01-20,0.0,21.269181709123686,Merredin,"Wheatbelt, Western Australia"
1991-01-21,6.382964507371369,21.269181709123686,Merredin,"Wheatbelt, Western Australia"
1991-01-22,0.0,21.269181709123686,Merredin,"Wheatbelt, Western Australia"
1991-01-23,0.0,21.269181709123686,Merredin,"Wheatbelt, Western Australia"
1991-01-24,0.0,21.269181709123686,Merredin,"Wheatbelt, Western Australia"
1991-01-25,1.8393005620667202,21.269181709123686,Merredin,"Wheatbelt, Western Australia"
1991-01-26,2.6383464235859284,21.269181709123686,Merredin,"Wheatbelt, Western Australia"
1991-01-27,0.0,21.269181709123686,Merredin,"Wheatbelt, Western Australia"
1991-01-28,2.2724138437647206,21.269181709123686,Merredin,"Wheatbelt, Western Australia"
1991-01-29,0.0,21.269181709123686,Merredin,"Wheatbelt, Western Australia"
1991-01-30,0.0,21.269181709123686,Merredin,"Wheatbelt, Western Australia"
1991-01-31,0.672167889541103,21.269181709123686,Merredin,"Wheatbelt, Western Australia"
1991-02-01,0.0,10.58526962435508,Merredin,"Wheatbelt, Western Australia"
1991-02-02,0.0,10.58526962435508,Merredin,"Wheatbelt, Western Australia"
1991-02-03,0.0,10.58526962435508,Merredin,"Wheatbelt, Western Australia"
1991-02-04,0.0,10.58526962435508,Merredin,"Wheatbelt, Western Australia"
1991-02-05,0.0,10.58526962435508,Merredin,"Wheatbelt, Western Australia"
1991-02-06,0.0,10.58526962435508,Merredin,"Wheatbelt, Western Australia"
1991-02-07,0.0,10.58526962435508,Merredin,"Wheatbelt, Western Australia"
1991-02-08,0.0,10.58526962435508,Merredin,"Wheatbelt, Western Australia"
1991-02-09,0.0,10.58526962435508,Merredin,"Wheatbelt, Western Australia"
1991-02-10,0.0,10.58526962435508,Merredin,"Wheatbelt, Western Australia"
1991-02-11,0.0,10.58526962435508,Merredin,"Wheatbelt, Western Australia"
1991-02-12,4.984152566450343,10.58526962435508,Merredin,"Wheatbelt, Western Australia"
1991-02-13,0.0,10.58526962435508,Merredin,"Wheatbelt, Western Australia"
1991-02-14,0.0,10.58526962435508,Merredin,"Wheatbelt, Western Australia"
1991-02-15,0.0,10.58526962435508,Merredin,"Wheatbelt, Western Australia"
1991-02-16,0.0,10.58526962435508,Merredin,"Wheatbelt, Western Australia"
1991-02-17,0.0,10.58526962435508,Merredin,"Wheatbelt, Western Australia"
1991-02-18,1.8199506455312284,10.58526962435508,Merredin,"Wheatbelt, Western Australia"
1991-02-19,0.0,10.58526962435508,Merredin,"Wheatbelt, Western Australia"
1991-02-20,0.7035797713706242,10.58526962435508,Merredin,"Wheatbelt, Western Australia"
1991-02-21,0.0,10.58526962435508,Merredin,"Wheatbelt, Western Australia"
1991-02-22,0.0,10.58526962435508,Merredin,"Wheatbelt, Western Australia"
1991-02-23,3.077586641002884,10.58526962435508,Merredin,"Wheatbelt, Western Australia"
1991-02-24,0.0,10.58526962435508,Merredin,"Wheatbelt, Western Australia"
1991-02-25,0.0,10.58526962435508,Merredin,"Wheatbelt, Western Australia"
1991-02-26,0.0,10.58526962435508,Merredin,"Wheatbelt, Western Australia"
1991-02-27,0.0,10.58526962435508,Merredin,"Wheatbelt, Western Australia"
1991-02-28,0.0,10.58526962435508,Merredin,"Wheatbelt, Western Australia"
1991-03-01,3.184340226611024,32.823841058951665,Merredin,"Wheatbelt, Western Australia"
1991-03-02,0.0,32.823841058951665,Merredin,"Wheatbelt, Western Australia"
1991-03-03,8.847177279042848,32.823841058951665,Merredin,"Wheatbelt, Western Australia"
1991-03-04,4.868634130237857,32.823841058951665,Merredin,"Wheatbelt, Western Australia"
1991-03-05,0.0,32.823841058951665,Merredin,"Wheatbelt, Western Australia"
1991-03-06,0.0,32.823841058951665,Merredin,"Wheatbelt, Western Australia"
1991-03-07,0.0,32.823841058951665,Merredin,"Wheatbelt, Western Australia"
1991-03-08,0.0,32.823841058951665,Merredin,"Wheatbelt, Western Australia"
1991-03-09,0.0,32.823841058951665,Merredin,"Wheatbelt, Western Australia"
1991-03-10,0.0,32.823841058951665,Merredin,"Wheatbelt, Western Australia"
1991-03-11,0.0,32.823841058951665,Merredin,"Wheatbelt, Western Australia"
1991-03-12,0.0,32.823841058951665,Merredin,"Wheatbelt, Western Australia"
1991-03-13,1.2540054730786734,32.823841058951665,Merredin,"Wheatbelt, Western Australia"
1991-03-14,0.0,32.823841058951665,Merredin,"Wheatbelt, Western Australia"
1991-03-15,0.0,32.823841058951665,Merredin,"Wheatbelt, Western Australia"
1991-03-16,6.400786033923264,32.823841058951665,Merredin,"Wheatbelt, Western Australia"
1991-03-17,0.0,32.823841058951665,Merredin,"Wheatbelt, Western Australia"
1991-03-18,0.0,32.823841058951665,Merredin,"Wheatbelt, Western Australia"
1991-03-19,0.0,32.823841058951665,Merredin,"Wheatbelt, Western Australia"
1991-03-20,6.687889569598455,32.823841058951665,Merredin,"Wheatbelt, Western Australia"
1991-03-21,0.0,32.823841058951665,Merredin,"Wheatbelt, Western Australia"
1991-03-22,0.0,32.823841058951665,Merredin,"Wheatbelt, Western Australia"
1991-03-23,0.0,32.823841058951665,Merredin,"Wheatbelt, Western Australia"
1991-03-24,1.5810083464595457,32.823841058951665,Merredin,"Wheatbelt, Western Australia"
1991-03-25,0.0,32.823841058951665,Merredin,"Wheatbelt, Western Australia"
1991-03-26,0.0,32.823841058951665,Merredin,"Wheatbelt, Western Australia"
1991-03-27,0.0,32.823841058951665,Merredin,"Wheatbelt, Western Australia"
1991-03-28,0.0,32.823841058951665,Merredin,"Wheatbelt, Western Australia"
1991-03-29,0.0,32.823841058951665,Merredin,"Wheatbelt, Western Australia"
1991-03-30,0.0,32.823841058951665,Merredin,"Wheatbelt, Western Australia"
1991-03-31,0.0,32.823841058951665,Merredin,"Wheatbelt, Western Australia"
1991-04-01,4.244470546051408,18.09591301315102,Merredin,"Wheatbelt, Western Australia"
1991-04-02,0.0,18.09591301315102,Merredin,"Wheatbelt, Western Australia"
1991-04-03,0.0,18.09591301315102,Merredin,"Wheatbelt, Western Australia"
1991-04-04,6.111507359445421,18.09591301315102,Merredin,"Wheatbelt, Western Australia"
1991-04-05,0.0,18.09591301315102,Merredin,"Wheatbelt, Western Australia"
1991-04-06,0.0,18.09591301315102,Merredin,"Wheatbelt, Western Australia"
1991-04-07,0.0,18.09591301315102,Merredin,"Wheatbelt, Western Australia"
1991-04-08,0.0,18.09591301315102,Merredin,"Wheatbelt, Western Australia"
1991-04-09,0.0,18.09591301315102,Merredin,"Wheatbelt, Western Australia"
1991-04-10,0.0,18.09591301315102,Merredin,"Wheatbelt, Western Australia"
1991-04-11,3.4187647910248606,18.09591301315102,Merredin,"Wheatbelt, Western Australia"
1991-04-12,0.0,18.09591301315102,Merredin,"Wheatbelt, Western Australia"
1991-04-13,0.0,18.09591301315102,Merredin,"Wheatbelt, Western Australia"
1991-04-14,0.0,18.09591301315102,Merredin,"Wheatbelt, Western Australia"
1991-04-15,0.0,18.09591301315102,Merredin,"Wheatbelt, Western Australia"
1991-04-16,0.0,18.09591301315102,Merredin,"Wheatbelt, Western Australia"
1991-04-17,0.0,18.09591301315102,Merredin,"Wheatbelt, Western Australia"
1991-04-18,0.0,18.09591301315102,Merredin,"Wheatbelt, Western Australia"
1991-04-19,0.0,18.09591301315102,Merredin,"Wheatbelt, Western Australia"
1991-04-20,3.0456802156005156,18.09591301315102,Merredin,"Wheatbelt, Western Australia"
1991-04-21,0.0,18.09591301315102,Merredin,"Wheatbelt, Western Australia"
1991-04-22,0.0,18.09591301315102,Merredin,"Wheatbelt, Western Australia"
1991-04-23,0.0,18.09591301315102,Merredin,"Wheatbelt, Western Australia"
1991-04-24,0.0,18.09591301315102,Merredin,"Wheatbelt, Western Australia"
1991-04-25,1.2754901010288149,18.09591301315102,Merredin,"Wheatbelt, Western Australia"
1991-04-26,0.0,18.09591301315102,Merredin,"Wheatbelt, Western Australia"
1991-04-27,0.0,18.09591301315102,Merredin,"Wheatbelt, Western Australia"
1991-04-28,0.0,18.09591301315102,Merredin,"Wheatbelt, Western Australia"
1991-04-29,0.0,18.09591301315102,Merredin,"Wheatbelt, Western Australia"
1991-04-30,0.0,18.09591301315102,Merredin,"Wheatbelt, Western Australia"
1991-05-01,2.1520007091519693,20.980018407607506,Merredin,"Wheatbelt, Western Australia"
1991-05-02,1.92599405667562,20.980018407607506,Merredin,"Wheatbelt, Western Australia"
1991-05-03,0.0,20.980018407607506,Merredin,"Wheatbelt, Western Australia"
1991-05-04,0.0,20.980018407607506,Merredin,"Wheatbelt, Western Australia"
1991-05-05,0.0,20.980018407607506,Merredin,"Wheatbelt, Western Australia"
1991-05-06,1.574792562778685,20.980018407607506,Merredin,"Wheatbelt, Western Australia"
1991-05-07,0.0,20.980018407607506,Merredin,"Wheatbelt, Western Australia"
1991-05-08,0.8043942067842669,20.980018407607506,Merredin,"Wheatbelt, Western Australia"
1991-05-09,1.8617762156497153,20.980018407607506,Merredin,"Wheatbelt, Western Australia"
1991-05-10,0.0,20.980018407607506,Merredin,"Wheatbelt, Western Australia"
1991-05-11,3.849256813080561,20.980018407607506,Merredin,"Wheatbelt, Western Australia"
1991-05-12,0.0,20.980018407607506,Merredin,"Wheatbelt, Western Australia"
1991-05-13,0.0,20.980018407607506,Merredin,"Wheatbelt, Western Australia"
1991-05-14,0.0,20.980018407607506,Merredin,"Wheatbelt, Western Australia"
1991-05-15,0.0,20.980018407607506,Merredin,"Wheatbelt, Western Australia"
1991-05-16,0.0,20.980018407607506,Merredin,"Wheatbelt, Western Australia"
1991-05-17,0.0,20.980018407607506,Merredin,"Wheatbelt, Western Australia"
1991-05-18,0.0,20.980018407607506,Merredin,"Wheatbelt, Western Australia"
1991-05-19,0.0,20.980018407607506,Merredin,"Wheatbelt, Western Australia"
1991-05-20,0.9788533199761013,20.980018407607506,Merredin,"Wheatbelt, Western Australia"
1991-05-21,7.832950523510588,20.980018407607506,Merredin,"Wheatbelt, Western Australia"
1991-05-22,0.0,20.980018407607506,Merredin,"Wheatbelt, Western Australia"
1991-05-23,0.0,20.980018407607506,Merredin,"Wheatbelt, Western Australia"
1991-05-24,0.0,20.980018407607506,Merredin,"Wheatbelt, Western Australia"
1991-05-25,0.0,20.980018407607506,Merredin,"Wheatbelt, Western Australia"
1991-05-26,0.0,20.980018407607506,Merredin,"Wheatbelt, Western Australia"
1991-05-27,0.0,20.980018407607506,Merredin,"Wheatbelt, Western Australia"
1991-05-28,0.0,20.980018407607506,Merredin,"Wheatbelt, Western Australia"
1991-05-29,0.0,20.980018407607506,Merredin,"Wheatbelt, Western Australia"
1991-05-30,0.0,20.980018407607506,Merredin,"Wheatbelt, Western Australia"
1991-05-31,0.0,20.980018407607506,Merredin,"Wheatbelt, Western Australia"
1991-06-01,0.0,37.09938235185294,Merredin,"Wheatbelt, Western Australia"
1991-06-02,0.0,37.09938235185294,Merredin,"Wheatbelt, Western Australia"
1991-06-03,0.0,37.09938235185294,Merredin,"Wheatbelt, Western Australia"
1991-06-04,3.1442344277213135,37.09938235185294,Merredin,"Wheatbelt, Western Australia"
1991-06-05,0.0,37.09938235185294,Merredin,"Wheatbelt, Western Australia"
1991-06-06,4.822034480564271,37.09938235185294,Merredin,"Wheatbelt, Western Australia"
1991-06-07,0.0,37.09938235185294,Merredin,"Wheatbelt, Western Australia"
1991-06-08,8.418666453601537,37.09938235185294,Merredin,"Wheatbelt, Western Australia"
1991-06-09,0.0,37.09938235185294,Merredin,"Wheatbelt, Western Australia"
1991-06-10,0.0,37.09938235185294,Merredin,"Wheatbelt, Western Australia"
1991-06-11,1.657316389398619,37.09938235185294,Merredin,"Wheatbelt, Western Australia"
1991-06-12,0.0,37.09938235185294,Merredin,"Wheatbelt, Western Australia"
1991-06-13,0.0,37.09938235185294,Merredin,"Wheatbelt, Western Australia"
1991-06-14,2.2094751988558943,37.09938235185294,Merredin,"Wheatbelt, Western Australia"
1991-06-15,0.0,37.09938235185294,Merredin,"Wheatbelt, Western Australia"
1991-06-16,0.0,37.09938235185294,Merredin,"Wheatbelt, Western Australia"
1991-06-17,0.0,37.09938235185294,Merredin,"Wheatbelt, Western Australia"
1991-06-18,3.950366056561292,37.09938235185294,Merredin,"Wheatbelt, Western Australia"
1991-06-19,8.36038436774381,37.09938235185294,Merredin,"Wheatbelt, Western Australia"
1991-06-20,0.0,37.09938235185294,Merredin,"Wheatbelt, Western Australia"
1991-06-21,1.5630818768266312,37.09938235185294,Merredin,"Wheatbelt, Western Australia"
1991-06-22,0.0,37.09938235185294,Merredin,"Wheatbelt, Western Australia"
1991-06-23,2.9738231005795694,37.09938235185294,Merredin,"Wheatbelt, Western Australia"
1991-06-24,0.0,37.09938235185294,Merredin,"Wheatbelt, Western Australia"
1991-06-25,0.0,37.09938235185294,Merredin,"Wheatbelt, Western Australia"
1991-06-26,0.0,37.09938235185294,Merredin,"Wheatbelt, Western Australia"
1991-06-27,0.0,37.09938235185294,Merredin,"Wheatbelt, Western Australia"
1991-06-28,0.0,37.09938235185294,Merredin,"Wheatbelt, Western Australia"
1991-06-29,0.0,37.09938235185294,Merredin,"Wheatbelt, Western Australia"
1991-06-30,0.0,37.09938235185294,Merredin,"Wheatbelt, Western Australia"
1991-07-01,0.0,10.731522454760736,Merredin,"Wheatbelt, Western Australia"
1991-07-02,0.0,10.731522454760736,Merredin,"Wheatbelt, Western Australia"
1991-07-03,0.0,10.731522454760736,Merredin,"Wheatbelt, Western Australia"
1991-07-04,3.611079693816779,10.731522454760736,Merredin,"Wheatbelt, Western Australia"
1991-07-05,0.0,10.731522454760736,Merredin,"Wheatbelt, Western Australia"
1991-07-06,0.0,10.731522454760736,Merredin,"Wheatbelt, Western Australia"
1991-07-07,0.0,10.731522454760736,Merredin,"Wheatbelt, Western Australia"
1991-07-08,0.0,10.731522454760736,Merredin,"Wheatbelt, Western Australia"
1991-07-09,0.0,10.731522454760736,Merredin,"Wheatbelt, Western Australia"
1991-07-10,0.0,10.731522454760736,Merredin,"Wheatbelt, Western Australia"
1991-07-11,0.0,10.731522454760736,Merredin,"Wheatbelt, Western Australia"
1991-07-12,0.0,10.731522454760736,Merredin,"Wheatbelt, Western Australia"
1991-07-13,0.0,10.731522454760736,Merredin,"Wheatbelt, Western Australia"
1991-07-14,0.0,10.731522454760736,Merredin,"Wheatbelt, Western Australia"
1991-07-15,0.0,10.731522454760736,Merredin,"Wheatbelt, Western Australia"
1991-07-16,0.0,10.731522454760736,Merredin,"Wheatbelt, Western Australia"
1991-07-17,0.0,10.731522454760736,Merredin,"Wheatbelt, Western Australia"
1991-07-18,0.0,10.731522454760736,Merredin,"Wheatbelt, Western Australia"
1991-07-19,0.0,10.731522454760736,Merredin,"Wheatbelt, Western Australia"
1991-07-20,0.0,10.731522454760736,Merredin,"Wheatbelt, Western Australia"
1991-07-21,0.0,10.731522454760736,Merredin,"Wheatbelt, Western Australia"
1991-07-22,0.0,10.731522454760736,Merredin,"Wheatbelt, Western Australia"
1991-07-23,0.0,10.731522454760736,Merredin,"Wheatbelt, Western Australia"
1991-07-24,0.0,10.731522454760736,Merredin,"Wheatbelt, Western Australia"
1991-07-25,0.0,10.731522454760736,Merredin,"Wheatbelt, Western Australia"
1991-07-26,7.120442760943958,10.731522454760736,Merredin,"Wheatbelt, Western Australia"
1991-07-27,0.0,10.731522454760736,Merredin,"Wheatbelt, Western Australia"
1991-07-28,0.0,10.731522454760736,Merredin,"Wheatbelt, Western Australia"
1991-07-29,0.0,10.731522454760736,Merredin,"Wheatbelt, Western Australia"
1991-07-30,0.0,10.731522454760736,Merredin,"Wheatbelt, Western Australia"
1991-07-31,0.0,10.731522454760736,Merredin,"Wheatbelt, Western Australia"
1991-08-01,0.0,9.069968256647707,Merredin,"Wheatbelt, Western Australia"
1991-08-02,0.0,9.069968256647707,Merredin,"Wheatbelt, Western Australia"
1991-08-03,0.0,9.069968256647707,Merredin,"Wheatbelt, Western Australia"
1991-08-04,3.9050504559076167,9.069968256647707,Merredin,"Wheatbelt, Western Australia"
1991-08-05,0.0,9.069968256647707,Merredin,"Wheatbelt, Western Australia"
1991-08-06,0.0,9.069968256647707,Merredin,"Wheatbelt, Western Australia"
1991-08-07,0.0,9.069968256647707,Merredin,"Wheatbelt, Western Australia"
1991-08-08,0.0,9.069968256647707,Merredin,"Wheatbelt, Western Australia"
1991-08-09,4.5250444456324725,9.069968256647707,Merredin,"Wheatbelt, Western Australia"
1991-08-10,0.0,9.069968256647707,Merredin,"Wheatbelt, Western Australia"
1991-08-11,0.0,9.069968256647707,Merredin,"Wheatbelt, Western Australia"
1991-08-12,0.0,9.069968256647707,Merredin,"Wheatbelt, Western Australia"
1991-08-13,0.0,9.069968256647707,Merredin,"Wheatbelt, Western Australia"
1991-08-14,0.0,9.069968256647707,Merredin,"Wheatbelt, Western Australia"
1991-08-15,0.0,9.069968256647707,Merredin,"Wheatbelt, Western Australia"
1991-08-16,0.0,9.069968256647707,Merredin,"Wheatbelt, Western Australia"
1991-08-17,0.0,9.069968256647707,Merredin,"Wheatbelt, Western Australia"
1991-08-18,0.0,9.069968256647707,Merredin,"Wheatbelt, Western Australia"
1991-08-19,0.0,9.069968256647707,Merredin,"Wheatbelt, Western Australia"
1991-08-20,0.0,9.069968256647707,Merredin,"Wheatbelt, Western Australia"
1991-08-21,0.0,9.069968256647707,Merredin,"Wheatbelt, Western Australia"
1991-08-22,0.6398733551076174,9.069968256647707,Merredin,"Wheatbelt, Western Australia"
1991-08-23,0.0,9.069968256647707,Merredin,"Wheatbelt, Western Australia"
1991-08-24,0.0,9.069968256647707,Merredin,"Wheatbelt, Western Australia"
1991-08-25,0.0,9.069968256647707,Merredin,"Wheatbelt, Western Australia"
1991-08-26,0.0,9.069968256647707,Merredin,"Wheatbelt, Western Australia"
1991-08-27,0.0,9.069968256647707,Merredin,"Wheatbelt, Western Australia"
1991-08-28,0.0,9.069968256647707,Merredin,"Wheatbelt, Western Australia"
1991-08-29,0.0,9.069968256647707,Merredin,"Wheatbelt, Western Australia"
1991-08-30,0.0,9.069968256647707,Merredin,"Wheatbelt, Western Australia"
1991-08-31,0.0,9.069968256647707,Merredin,"Wheatbelt, Western Australia"
1991-09-01,0.0,26.81548205528738,Merredin,"Wheatbelt, Western Australia"
1991-09-02,0.0,26.81548205528738,Merredin,"Wheatbelt, Western Australia"
1991-09-03,0.0,26.81548205528738,Merredin,"Wheatbelt, Western Australia"
1991-09-04,0.0,26.81548205528738,Merredin,"Wheatbelt, Western Australia"
1991-09-05,0.0,26.81548205528738,Merredin,"Wheatbelt, Western Australia"
1991-09-06,0.0,26.81548205528738,Merredin,"Wheatbelt, Western Australia"
1991-09-07,0.0,26.81548205528738,Merredin,"Wheatbelt, Western Australia"
1991-09-08,0.0,26.81548205528738,Merredin,"Wheatbelt, Western Australia"
1991-09-09,0.0,26.81548205528738,Merredin,"Wheatbelt, Western Australia"
1991-09-10,0.0,26.81548205528738,Merredin,"Wheatbelt, Western Australia"
1991-09-11,1.163560876185786,26.81548205528738,Merredin,"Wheatbelt, Western Australia"
1991-09-12,0.0,26.81548205528738,Merredin,"Wheatbelt, Western Australia"
1991-09-13,0.0,26.81548205528738,Merredin,"Wheatbelt, Western Australia"
1991-09-14,0.0,26.81548205528738,Merredin,"Wheatbelt, Western Australia"
1991-09-15,3.926121154249682,26.81548205528738,Merredin,"Wheatbelt, Western Australia"
1991-09-16,0.0,26.81548205528738,Merredin,"Wheatbelt, Western Australia"
1991-09-17,0.785022911482007,26.81548205528738,Merredin,"Wheatbelt, Western Australia"
1991-09-18,1.0089623494108477,26.81548205528738,Merredin,"Wheatbelt, Western Australia"
1991-09-19,0.0,26.81548205528738,Merredin,"Wheatbelt, Western Australia"
1991-09-20,2.687304795554097,26.81548205528738,Merredin,"Wheatbelt, Western Australia"
1991-09-21,0.0,26.81548205528738,Merredin,"Wheatbelt, Western Australia"
1991-09-22,0.0,26.81548205528738,Merredin,"Wheatbelt, Western Australia"
1991-09-23,7.586000658555143,26.81548205528738,Merredin,"Wheatbelt, Western Australia"
1991-09-24,0.0,26.81548205528738,Merredin,"Wheatbelt, Western Australia"
1991-09-25,0.0,26.81548205528738,Merredin,"Wheatbelt, Western Australia"
1991-09-26,0.0,26.81548205528738,Merredin,"Wheatbelt, Western Australia"
1991-09-27,0.0,26.81548205528738,Merredin,"Wheatbelt, Western Australia"
1991-09-28,0.0,26.81548205528738,Merredin,"Wheatbelt, Western Australia"
1991-09-29,9.658509309849816,26.81548205528738,Merredin,"Wheatbelt, Western Australia"
1991-09-30,0.0,26.81548205528738,Merredin,"Wheatbelt, Western Australia"
1991-10-01,0.0,32.964916039699474,Merredin,"Wheatbelt, Western Australia"
1991-10-02,5.4096156266305595,32.964916039699474,Merredin,"Wheatbelt, Western Australia"
1991-10-03,0.0,32.964916039699474,Merredin,"Wheatbelt, Western Australia"
1991-10-04,0.0,32.964916039699474,Merredin,"Wheatbelt, Western Australia"
1991-10-05,0.0,32.964916039699474,Merredin,"Wheatbelt, Western Australia"
1991-10-06,0.0,32.964916039699474,Merredin,"Wheatbelt, Western Australia"
1991-10-07,0.0,32.964916039699474,Merredin,"Wheatbelt, Western Australia"
1991-10-08,3.0077550630441467,32.964916039699474,Merredin,"Wheatbelt, Western Australia"
1991-10-09,10.597411736229837,32.964916039699474,Merredin,"Wheatbelt, Western Australia"
1991-10-10,0.0,32.964916039699474,Merredin,"Wheatbelt, Western Australia"
1991-10-11,0.0,32.964916039699474,Merredin,"Wheatbelt, Western Australia"
1991-10-12,0.0,32.964916039699474,Merredin,"Wheatbelt, Western Australia"
1991-10-13,0.0,32.964916039699474,Merredin,"Wheatbelt, Western Australia"
1991-10-14,0.0,32.964916039699474,Merredin,"Wheatbelt, Western Australia"
1991-10-15,0.0,32.964916039699474,Merredin,"Wheatbelt, Western Australia"
1991-10-16,0.0,32.964916039699474,Merredin,"Wheatbelt, Western Australia"
1991-10-17,2.668449585999181,32.964916039699474,Merredin,"Wheatbelt, Western Australia"
1991-10-18,0.0,32.964916039699474,Merredin,"Wheatbelt, Western Australia"
1991-10-19,2.905211811787305,32.964916039699474,Merredin,"Wheatbelt, Western Australia"
1991-10-20,0.0,32.964916039699474,Merredin,"Wheatbelt, Western Australia"
1991-10-21,8.376472216008448,32.964916039699474,Merredin,"Wheatbelt, Western Australia"
1991-10-22,0.0,32.964916039699474,Merredin,"Wheatbelt, Western Australia"
1991-10-23,0.0,32.964916039699474,Merredin,"Wheatbelt, Western Australia"
1991-10-24,0.0,32.964916039699474,Merredin,"Wheatbelt, Western Australia"
1991-10-25,0.0,32.964916039699474,Merredin,"Wheatbelt, Western Australia"
1991-10-26,0.0,32.964916039699474,Merredin,"Wheatbelt, Western Australia"
1991-10-27,0.0,32.964916039699474,Merredin,"Wheatbelt, Western Australia"
1991-10-28,0.0,32.964916039699474,Merredin,"Wheatbelt, Western Australia"
1991-10-29,0.0,32.964916039699474,Merredin,"Wheatbelt, Western Australia"
1991-10-30,0.0,32.964916039699474,Merredin,"Wheatbelt, Western Australia"
1991-10-31,0.0,32.964916039699474,Merredin,"Wheatbelt, Western Australia"
1991-11-01,0.0,11.219243254673998,Merredin,"Wheatbelt, Western Australia"
1991-11-02,0.0,11.219243254673998,Merredin,"Wheatbelt, Western Australia"
1991-11-03,0.0,11.219243254673998,Merredin,"Wheatbelt, Western Australia"
1991-11-04,0.0,11.219243254673998,Merredin,"Wheatbelt, Western Australia"
1991-11-05,0.0,11.219243254673998,Merredin,"Wheatbelt, Western Australia"
1991-11-06,0.0,11.219243254673998,Merredin,"Wheatbelt, Western Australia"
1991-11-07,0.0,11.219243254673998,Merredin,"Wheatbelt, Western Australia"
1991-11-08,2.931785388878053,11.219243254673998,Merredin,"Wheatbelt, Western Australia"
1991-11-09,0.0,11.219243254673998,Merredin,"Wheatbelt, Western Australia"
1991-11-10,0.0,11.219243254673998,Merredin,"Wheatbelt, Western Australia"
1991-11-11,0.0,11.219243254673998,Merredin,"Wheatbelt, Western Australia"
1991-11-12,1.7007463495627388,11.219243254673998,Merredin,"Wheatbelt, Western Australia"
1991-11-13,0.0,11.219243254673998,Merredin,"Wheatbelt, Western Australia"
1991-11-14,0.0,11.219243254673998,Merredin,"Wheatbelt, Western Australia"
1991-11-15,3.951114473643979,11.219243254673998,Merredin,"Wheatbelt, Western Australia"
1991-11-16,0.0,11.219243254673998,Merredin,"Wheatbelt, Western Australia"
1991-11-17,0.0,11.219243254673998,Merredin,"Wheatbelt, Western Australia"
1991-11-18,0.0,11.219243254673998,Merredin,"Wheatbelt, Western Australia"
1991-11-19,0.0,11.219243254673998,Merredin,"Wheatbelt, Western Australia"
1991-11-20,0.0,11.219243254673998,Merredin,"Wheatbelt, Western Australia"
1991-11-21,0.0,11.219243254673998,Merredin,"Wheatbelt, Western Australia"
1991-11-22,2.635597042589226,11.219243254673998,Merredin,"Wheatbelt, Western Australia"
1991-11-23,0.0,11.219243254673998,Merredin,"Wheatbelt, Western Australia"
1991-11-24,0.0,11.219243254673998,Merredin,"Wheatbelt, Western Australia"
1991-11-25,0.0,11.219243254673998,Merredin,"Wheatbelt, Western Australia"
1991-11-26,0.0,11.219243254673998,Merredin,"Wheatbelt, Western Australia"
1991-11-27,0.0,11.219243254673998,Merredin,"Wheatbelt, Western Australia"
1991-11-28,0.0,11.219243254673998,Merredin,"Wheatbelt, Western Australia"
1991-11-29,0.0,11.219243254673998,Merredin,"Wheatbelt, Western Australia"
1991-11-30,0.0,11.219243254673998,Merredin,"Wheatbelt, Western Australia"
1991-12-01,0.0,29.317610974423843,Merredin,"Wheatbelt, Western Australia"
1991-12-02,4.34961092874257,29.317610974423843,Merredin,"Wheatbelt, Western Australia"
1991-12-03,0.0,29.317610974423843,Merredin,"Wheatbelt, Western Australia"
1991-12-04,11.167898184170745,29.317610974423843,Merredin,"Wheatbelt, Western Australia"
1991-12-05,0.0,29.317610974423843,Merredin,"Wheatbelt, Western Australia"
1991-12-06,0.0,29.317610974423843,Merredin,"Wheatbelt, Western Australia"
1991-12-07,0.0,29.317610974423843,Merredin,"Wheatbelt, Western Australia"
1991-12-08,0.0,29.317610974423843,Merredin,"Wheatbelt, Western Australia"
1991-12-09,0.9573047355640976,29.317610974423843,Merredin,"Wheatbelt, Western Australia"
1991-12-10,0.0,29.317610974423843,Merredin,"Wheatbelt, Western Australia"
1991-12-11,0.0,29.317610974423843,Merredin,"Wheatbelt, Western Australia"
1991-12-12,4.824772712789504,29.317610974423843,Merredin,"Wheatbelt, Western Australia"
1991-12-13,0.0,29.317610974423843,Merredin,"Wheatbelt, Western Australia"
1991-12-14,0.0,29.317610974423843,Merredin,"Wheatbelt, Western Australia"
1991-12-15,3.596096276492573,29.317610974423843,Merredin,"Wheatbelt, Western Australia"
1991-12-16,0.0,29.317610974423843,Merredin,"Wheatbelt, Western Australia"
1991-12-17,0.0,29.317610974423843,Merredin,"Wheatbelt, Western Australia"
1991-12-18,0.0,29.317610974423843,Merredin,"Wheatbelt, Western Australia"
1991-12-19,0.0,29.317610974423843,Merredin,"Wheatbelt, Western Australia"
1991-12-20,0.0,29.317610974423843,Merredin,"Wheatbelt, Western Australia"
1991-12-21,0.0,29.317610974423843,Merredin,"Wheatbelt, Western Australia"
1991-12-22,0.0,29.317610974423843,Merredin,"Wheatbelt, Western Australia"
1991-12-23,0.0,29.317610974423843,Merredin,"Wheatbelt, Western Australia"
1991-12-24,0.0,29.317610974423843,Merredin,"Wheatbelt, Western Australia"
1991-12-25,2.400299960197189,29.317610974423843,Merredin,"Wheatbelt, Western Australia"
1991-12-26,0.0,29.317610974423843,Merredin,"Wheatbelt, Western Australia"
1991-12-27,0.0,29.317610974423843,Merredin,"Wheatbelt, Western Australia"
1991-12-28,2.0216281764671638,29.317610974423843,Merredin,"Wheatbelt, Western Australia"
1991-12-29,0.0,29.317610974423843,Merredin,"Wheatbelt, Western Australia"
1991-12-30,0.0,29.317610974423843,Merredin,"Wheatbelt, Western Australia"
1991-12-31,0.0,29.317610974423843,Merredin,"Wheatbelt, Western Australia"
1992-01-01,0.0,29.101896442949652,Merredin,"Wheatbelt, Western Australia"
1992-01-02,0.0,29.101896442949652,Merredin,"Wheatbelt, Western Australia"
1992-01-03,0.0,29.101896442949652,Merredin,"Wheatbelt, Western Australia"
1992-01-04,0.0,29.101896442949652,Merredin,"Wheatbelt, Western Australia"
1992-01-05,0.0,29.101896442949652,Merredin,"Wheatbelt, Western Australia"
1992-01-06,0.0,29.101896442949652,Merredin,"Wheatbelt, Western Australia"
1992-01-07,0.0,29.101896442949652,Merredin,"Wheatbelt, Western Australia"
1992-01-08,0.0,29.101896442949652,Merredin,"Wheatbelt, Western Australia"
1992-01-09,0.0,29.101896442949652,Merredin,"Wheatbelt, Western Australia"
1992-01-10,0.0,29.101896442949652,Merredin,"Wheatbelt, Western Australia"
1992-01-11,1.6281994155873734,29.101896442949652,Merredin,"Wheatbelt, Western Australia"
1992-01-12,1.4002210628222607,29.101896442949652,Merredin,"Wheatbelt, Western Australia"
1992-01-13,0.0,29.101896442949652,Merredin,"Wheatbelt, Western Australia"
1992-01-14,0.0,29.101896442949652,Merredin,"Wheatbelt, Western Australia"
1992-01-15,0.0,29.101896442949652,Merredin,"Wheatbelt, Western Australia"
1992-01-16,0.0,29.101896442949652,Merredin,"Wheatbelt, Western Australia"
1992-01-17,0.0,29.101896442949652,Merredin,"Wheatbelt, Western Australia"
1992-01-18,5.973603787991031,29.101896442949652,Merredin,"Wheatbelt, Western Australia"
1992-01-19,4.7586852431839075,29.101896442949652,Merredin,"Wheatbelt, Western Australia"
1992-01-20,4.9314546519943026,29.101896442949652,Merredin,"Wheatbelt, Western Australia"
1992-01-21,0.0,29.101896442949652,Merredin,"Wheatbelt, Western Australia"
1992-01-22,0.0,29.101896442949652,Merredin,"Wheatbelt, Western Australia"
1992-01-23,2.3963574845804163,29.101896442949652,Merredin,"Wheatbelt, Western Australia"
1992-01-24,4.011938294589593,29.101896442949652,Merredin,"Wheatbelt, Western Australia"
1992-01-25,0.0,29.101896442949652,Merredin,"Wheatbelt, Western Australia"
1992-01-26,0.0,29.101896442949652,Merredin,"Wheatbelt, Western Australia"
1992-01-27,0.0,29.101896442949652,Merredin,"Wheatbelt, Western Australia"
1992-01-28,0.0,29.101896442949652,Merredin,"Wheatbelt, Western Australia"
1992-01-29,0.0,29.101896442949652,Merredin,"Wheatbelt, Western Australia"
1992-01-30,0.0,29.101896442949652,Merredin,"Wheatbelt, Western Australia"
1992-01-31,4.001436502200765,29.101896442949652,Merredin,"Wheatbelt, Western Australia"
1992-02-01,0.0,10.221149235692048,Merredin,"Wheatbelt, Western Australia"
1992-02-02,0.0,10.221149235692048,Merredin,"Wheatbelt, Western Australia"
1992-02-03,0.0,10.221149235692048,Merredin,"Wheatbelt, Western Australia"
1992-02-04,3.3399765061195694,10.221149235692048,Merredin,"Wheatbelt, Western Australia"
1992-02-05,0.0,10.221149235692048,Merredin,"Wheatbelt, Western Australia"
1992-02-06,0.0,10.221149235692048,Merredin,"Wheatbelt, Western Australia"
1992-02-07,0.0,10.221149235692048,Merredin,"Wheatbelt, Western Australia"
1992-02-08,0.0,10.221149235692048,Merredin,"Wheatbelt, Western Australia"
1992-02-09,0.0,10.221149235692048,Merredin,"Wheatbelt, Western Australia"
1992-02-10,0.0,10.221149235692048,Merredin,"Wheatbelt, Western Australia"
1992-02-11,0.0,10.221149235692048,Merredin,"Wheatbelt, Western Australia"
1992-02-12,6.8107288484021895,10.221149235692048,Merredin,"Wheatbelt, Western Australia"
1992-02-13,0.0,10.221149235692048,Merredin,"Wheatbelt, Western Australia"
1992-02-14,0.0,10.221149235692048,Merredin,"Wheatbelt, Western Australia"
1992-02-15,0.0,10.221149235692048,Merredin,"Wheatbelt, Western Australia"
1992-02-16,0.0,10.221149235692048,Merredin,"Wheatbelt, Western Australia"
1992-02-17,0.0,10.221149235692048,Merredin,"Wheatbelt, Western Australia"
1992-02-18,0.0,10.221149235692048,Merredin,"Wheatbelt, Western Australia"
1992-02-19,0.0,10.221149235692048,Merredin,"Wheatbelt, Western Australia"
1992-02-20,0.0,10.221149235692048,Merredin,"Wheatbelt, Western Australia"
1992-02-21,0.0,10.221149235692048,Merredin,"Wheatbelt, Western Australia"
1992-02-22,0.0,10.221149235692048,Merredin,"Wheatbelt, Western Australia"
1992-02-23,0.0,10.221149235692048,Merredin,"Wheatbelt, Western Australia"
1992-02-24,0.0,10.221149235692048,Merredin,"Wheatbelt, Western Australia"
1992-02-25,0.0704438811702896,10.221149235692048,Merredin,"Wheatbelt, Western Australia"
1992-02-26,0.0,10.221149235692048,Merredin,"Wheatbelt, Western Australia"
1992-02-27,0.0,10.221149235692048,Merredin,"Wheatbelt, Western Australia"
1992-02-28,0.0,10.221149235692048,Merredin,"Wheatbelt, Western Australia"
1992-02-29,0.0,10.221149235692048,Merredin,"Wheatbelt, Western Australia"
1992-03-01,6.552145971627909,28.895502766059355,Merredin,"Wheatbelt, Western Australia"
1992-03-02,5.3654752273842385,28.895502766059355,Merredin,"Wheatbelt, Western Australia"
1992-03-03,0.0,28.895502766059355,Merredin,"Wheatbelt, Western Australia"
1992-03-04,0.0,28.895502766059355,Merredin,"Wheatbelt, Western Australia"
1992-03-05,0.0,28.895502766059355,Merredin,"Wheatbelt, Western Australia"
1992-03-06,0.0,28.895502766059355,Merredin,"Wheatbelt, Western Australia"
1992-03-07,0.0,28.895502766059355,Merredin,"Wheatbelt, Western Australia"
1992-03-08,0.0,28.895502766059355,Merredin,"Wheatbelt, Western Australia"
1992-03-09,0.0,28.895502766059355,Merredin,"Wheatbelt, Western Australia"
1992-03-10,0.0,28.895502766059355,Merredin,"Wheatbelt, Western Australia"
1992-03-11,0.0,28.895502766059355,Merredin,"Wheatbelt, Western Australia"
1992-03-12,0.0,28.895502766059355,Merredin,"Wheatbelt, Western Australia"
1992-03-13,0.0,28.895502766059355,Merredin,"Wheatbelt, Western Australia"
1992-03-14,0.0,28.895502766059355,Merredin,"Wheatbelt, Western Australia"
1992-03-15,0.0,28.895502766059355,Merredin,"Wheatbelt, Western Australia"
1992-03-16,0.0,28.895502766059355,Merredin,"Wheatbelt, Western Australia"
1992-03-17,0.0,28.895502766059355,Merredin,"Wheatbelt, Western Australia"
1992-03-18,0.0,28.895502766059355,Merredin,"Wheatbelt, Western Australia"
1992-03-19,0.0,28.895502766059355,Merredin,"Wheatbelt, Western Australia"
1992-03-20,0.0,28.895502766059355,Merredin,"Wheatbelt, Western Australia"
1992-03-21,0.0,28.895502766059355,Merredin,"Wheatbelt, Western Australia"
1992-03-22,0.0,28.895502766059355,Merredin,"Wheatbelt, Western Australia"
1992-03-23,5.7711891984533485,28.895502766059355,Merredin,"Wheatbelt, Western Australia"
1992-03-24,0.0,28.895502766059355,Merredin,"Wheatbelt, Western Australia"
1992-03-25,0.0,28.895502766059355,Merredin,"Wheatbelt, Western Australia"
1992-03-26,6.18612904383406,28.895502766059355,Merredin,"Wheatbelt, Western Australia"
1992-03-27,0.0,28.895502766059355,Merredin,"Wheatbelt, Western Australia"
1992-03-28,0.0,28.895502766059355,Merredin,"Wheatbelt, Western Australia"
1992-03-29,0.0,28.895502766059355,Merredin,"Wheatbelt, Western Australia"
1992-03-30,5.020563324759799,28.895502766059355,Merredin,"Wheatbelt, Western Australia"
1992-03-31,0.0,28.895502766059355,Merredin,"Wheatbelt, Western Australia"
1992-04-01,0.0,10.27946018941405,Merredin,"Wheatbelt, Western Australia"
1992-04-02,0.0,10.27946018941405,Merredin,"Wheatbelt, Western Australia"
1992-04-03,0.0,10.27946018941405,Merredin,"Wheatbelt, Western Australia"
1992-04-04,0.0,10.27946018941405,Merredin,"Wheatbelt, Western Australia"
1992-04-05,0.0,10.27946018941405,Merredin,"Wheatbelt, Western Australia"
1992-04-06,0.0,10.27946018941405,Merredin,"Wheatbelt, Western Australia"
1992-04-07,0.0,10.27946018941405,Merredin,"Wheatbelt, Western Australia"
1992-04-08,1.7642463541411095,10.27946018941405,Merredin,"Wheatbelt, Western Australia"
1992-04-09,0.0,10.27946018941405,Merredin,"Wheatbelt, Western Australia"
1992-04-10,0.0,10.27946018941405,Merredin,"Wheatbelt, Western Australia"
1992-04-11,0.0,10.27946018941405,Merredin,"Wheatbelt, Western Australia"
1992-04-12,0.0,10.27946018941405,Merredin,"Wheatbelt, Western Australia"
1992-04-13,0.0,10.27946018941405,Merredin,"Wheatbelt, Western Australia"
1992-04-14,0.0,10.27946018941405,Merredin,"Wheatbelt, Western Australia"
1992-04-15,0.0,10.27946018941405,Merredin,"Wheatbelt, Western Australia"
1992-04-16,0.0,10.27946018941405,Merredin,"Wheatbelt, Western Australia"
1992-04-17,0.0,10.27946018941405,Merredin,"Wheatbelt, Western Australia"
1992-04-18,3.8688127575711,10.27946018941405,Merredin,"Wheatbelt, Western Australia"
1992-04-19,1.5768433915911844,10.27946018941405,Merredin,"Wheatbelt, Western Australia"
1992-04-20,0.0,10.27946018941405,Merredin,"Wheatbelt, Western Australia"
1992-04-21,0.0,10.27946018941405,Merredin,"Wheatbelt, Western Australia"
1992-04-22,0.0,10.27946018941405,Merredin,"Wheatbelt, Western Australia"
1992-04-23,0.0,10.27946018941405,Merredin,"Wheatbelt, Western Australia"
1992-04-24,0.0,10.27946018941405,Merredin,"Wheatbelt, Western Australia"
1992-04-25,0.0,10.27946018941405,Merredin,"Wheatbelt, Western Australia"
1992-04-26,0.0,10.27946018941405,Merredin,"Wheatbelt, Western Australia"
1992-04-27,3.069557686110656,10.27946018941405,Merredin,"Wheatbelt, Western Australia"
1992-04-28,0.0,10.27946018941405,Merredin,"Wheatbelt, Western Australia"
1992-04-29,0.0,10.27946018941405,Merredin,"Wheatbelt, Western Australia"
1992-04-30,0.0,10.27946018941405,Merredin,"Wheatbelt, Western Australia"
1992-05-01,0.0,29.423914617930635,Merredin,"Wheatbelt, Western Australia"
1992-05-02,0.0,29.423914617930635,Merredin,"Wheatbelt, Western Australia"
1992-05-03,0.0,29.423914617930635,Merredin,"Wheatbelt, Western Australia"
1992-05-04,0.0,29.423914617930635,Merredin,"Wheatbelt, Western Australia"
1992-05-05,0.0,29.423914617930635,Merredin,"Wheatbelt, Western Australia"
1992-05-06,0.0,29.423914617930635,Merredin,"Wheatbelt, Western Australia"
1992-05-07,0.0,29.423914617930635,Merredin,"Wheatbelt, Western Australia"
1992-05-08,0.0,29.423914617930635,Merredin,"Wheatbelt, Western Australia"
1992-05-09,0.0,29.423914617930635,Merredin,"Wheatbelt, Western Australia"
1992-05-10,3.4482952306008214,29.423914617930635,Merredin,"Wheatbelt, Western Australia"
1992-05-11,5.284630029334657,29.423914617930635,Merredin,"Wheatbelt, Western Australia"
1992-05-12,0.0,29.423914617930635,Merredin,"Wheatbelt, Western Australia"
1992-05-13,3.1800820760493527,29.423914617930635,Merredin,"Wheatbelt, Western Australia"
1992-05-14,4.104122056613603,29.423914617930635,Merredin,"Wheatbelt, Western Australia"
1992-05-15,0.0,29.423914617930635,Merredin,"Wheatbelt, Western Australia"
1992-05-16,0.0,29.423914617930635,Merredin,"Wheatbelt, Western Australia"
1992-05-17,0.0,29.423914617930635,Merredin,"Wheatbelt, Western Australia"
1992-05-18,6.626130420307463,29.423914617930635,Merredin,"Wheatbelt, Western Australia"
1992-05-19,0.0,29.423914617930635,Merredin,"Wheatbelt, Western Australia"
1992-05-20,0.0,29.423914617930635,Merredin,"Wheatbelt, Western Australia"
1992-05-21,0.0,29.423914617930635,Merredin,"Wheatbelt, Western Australia"
1992-05-22,0.0,29.423914617930635,Merredin,"Wheatbelt, Western Australia"
1992-05-23,0.6680886942500497,29.423914617930635,Merredin,"Wheatbelt, Western Australia"
1992-05-24,0.8964484126143285,29.423914617930635,Merredin,"Wheatbelt, Western Australia"
1992-05-25,0.0,29.423914617930635,Merredin,"Wheatbelt, Western Australia"
1992-05-26,0.0,29.423914617930635,Merredin,"Wheatbelt, Western Australia"
1992-05-27,5.216117698160359,29.423914617930635,Merredin,"Wheatbelt, Western Australia"
1992-05-28,0.0,29.423914617930635,Merredin,"Wheatbelt, Western Australia"
1992-05-29,0.0,29.423914617930635,Merredin,"Wheatbelt, Western Australia"
1992-05-30,0.0,29.423914617930635,Merredin,"Wheatbelt, Western Australia"
1992-05-31,0.0,29.423914617930635,Merredin,"Wheatbelt, Western Australia"
1992-06-01,0.0,15.859391045394085,Merredin,"Wheatbelt, Western Australia"
1992-06-02,0.0,15.859391045394085,Merredin,"Wheatbelt, Western Australia"
1992-06-03,0.0,15.859391045394085,Merredin,"Wheatbelt, Western Australia"
1992-06-04,0.0,15.859391045394085,Merredin,"Wheatbelt, Western Australia"
1992-06-05,0.0,15.859391045394085,Merredin,"Wheatbelt, Western Australia"
1992-06-06,1.4716267995974555,15.859391045394085,Merredin,"Wheatbelt, Western Australia"
1992-06-07,8.470520990788028,15.859391045394085,Merredin,"Wheatbelt, Western Australia"
1992-06-08,0.0,15.859391045394085,Merredin,"Wheatbelt, Western Australia"
1992-06-09,2.9611000042282805,15.859391045394085,Merredin,"Wheatbelt, Western Australia"
1992-06-10,0.7208731828065361,15.859391045394085,Merredin,"Wheatbelt, Western Australia"
1992-06-11,0.0,15.859391045394085,Merredin,"Wheatbelt, Western Australia"
1992-06-12,0.0,15.859391045394085,Merredin,"Wheatbelt, Western Australia"
1992-06-13,0.0,15.859391045394085,Merredin,"Wheatbelt, Western Australia"
1992-06-14,0.0,15.859391045394085,Merredin,"Wheatbelt, Western Australia"
1992-06-15,1.2724840346300785,15.859391045394085,Merredin,"Wheatbelt, Western Australia"
1992-06-16,0.0,15.859391045394085,Merredin,"Wheatbelt, Western Australia"
1992-06-17,0.0,15.859391045394085,Merredin,"Wheatbelt, Western Australia"
1992-06-18,0.0,15.859391045394085,Merredin,"Wheatbelt, Western Australia"
1992-06-19,0.0,15.859391045394085,Merredin,"Wheatbelt, Western Australia"
1992-06-20,0.0,15.859391045394085,Merredin,"Wheatbelt, Western Australia"
1992-06-21,0.0,15.859391045394085,Merredin,"Wheatbelt, Western Australia"
1992-06-22,0.0,15.859391045394085,Merredin,"Wheatbelt, Western Australia"
1992-06-23,0.0,15.859391045394085,Merredin,"Wheatbelt, Western Australia"
1992-06-24,0.9627860333437065,15.859391045394085,Merredin,"Wheatbelt, Western Australia"
1992-06-25,0.0,15.859391045394085,Merredin,"Wheatbelt, Western Australia"
1992-06-26,0.0,15.859391045394085,Merredin,"Wheatbelt, Western Australia"
1992-06-27,0.0,15.859391045394085,Merredin,"Wheatbelt, Western Australia"
1992-06-28,0.0,15.859391045394085,Merredin,"Wheatbelt, Western Australia"
1992-06-29,0.0,15.859391045394085,Merredin,"Wheatbelt, Western Australia"
1992-06-30,0.0,15.859391045394085,Merredin,"Wheatbelt, Western Australia"
1992-07-01,8.077632939375922,25.110840899039477,Merredin,"Wheatbelt, Western Australia"
1992-07-02,0.0,25.110840899039477,Merredin,"Wheatbelt, Western Australia"
1992-07-03,0.0,25.110840899039477,Merredin,"Wheatbelt, Western Australia"
1992-07-04,0.0,25.110840899039477,Merredin,"Wheatbelt, Western Australia"
1992-07-05,0.0,25.110840899039477,Merredin,"Wheatbelt, Western Australia"
1992-07-06,6.602277364533855,25.110840899039477,Merredin,"Wheatbelt, Western Australia"
1992-07-07,0.0,25.110840899039477,Merredin,"Wheatbelt, Western Australia"
1992-07-08,0.0,25.110840899039477,Merredin,"Wheatbelt, Western Australia"
1992-07-09,0.0,25.110840899039477,Merredin,"Wheatbelt, Western Australia"
1992-07-10,0.0,25.110840899039477,Merredin,"Wheatbelt, Western Australia"
1992-07-11,0.0,25.110840899039477,Merredin,"Wheatbelt, Western Australia"
1992-07-12,0.0,25.110840899039477,Merredin,"Wheatbelt, Western Australia"
1992-07-13,0.0,25.110840899039477,Merredin,"Wheatbelt, Western Australia"
1992-07-14,0.0,25.110840899039477,Merredin,"Wheatbelt, Western Australia"
1992-07-15,0.0,25.110840899039477,Merredin,"Wheatbelt, Western Australia"
1992-07-16,0.0,25.110840899039477,Merredin,"Wheatbelt, Western Australia"
1992-07-17,0.0,25.110840899039477,Merredin,"Wheatbelt, Western Australia"
1992-07-18,0.0,25.110840899039477,Merredin,"Wheatbelt, Western Australia"
1992-07-19,5.096247051844434,25.110840899039477,Merredin,"Wheatbelt, Western Australia"
1992-07-20,0.0,25.110840899039477,Merredin,"Wheatbelt, Western Australia"
1992-07-21,0.0,25.110840899039477,Merredin,"Wheatbelt, Western Australia"
1992-07-22,0.0,25.110840899039477,Merredin,"Wheatbelt, Western Australia"
1992-07-23,0.0,25.110840899039477,Merredin,"Wheatbelt, Western Australia"
1992-07-24,0.0,25.110840899039477,Merredin,"Wheatbelt, Western Australia"
1992-07-25,0.0,25.110840899039477,Merredin,"Wheatbelt, Western Australia"
1992-07-26,0.0,25.110840899039477,Merredin,"Wheatbelt, Western Australia"
1992-07-27,0.0,25.110840899039477,Merredin,"Wheatbelt, Western Australia"
1992-07-28,0.0,25.110840899039477,Merredin,"Wheatbelt, Western Australia"
1992-07-29,0.0,25.110840899039477,Merredin,"Wheatbelt, Western Australia"
1992-07-30,0.0,25.110840899039477,Merredin,"Wheatbelt, Western Australia"
1992-07-31,5.334683543285267,25.110840899039477,Merredin,"Wheatbelt, Western Australia"
1992-08-01,0.0,5.601581683615205,Merredin,"Wheatbelt, Western Australia"
1992-08-02,0.0,5.601581683615205,Merredin,"Wheatbelt, Western Australia"
1992-08-03,0.0,5.601581683615205,Merredin,"Wheatbelt, Western Australia"
1992-08-04,2.1880854934392437,5.601581683615205,Merredin,"Wheatbelt, Western Australia"
1992-08-05,0.0,5.601581683615205,Merredin,"Wheatbelt, Western Australia"
1992-08-06,0.0,5.601581683615205,Merredin,"Wheatbelt, Western Australia"
1992-08-07,0.0,5.601581683615205,Merredin,"Wheatbelt, Western Australia"
1992-08-08,0.0,5.601581683615205,Merredin,"Wheatbelt, Western Australia"
1992-08-09,0.0,5.601581683615205,Merredin,"Wheatbelt, Western Australia"
1992-08-10,0.0,5.601581683615205,Merredin,"Wheatbelt, Western Australia"
1992-08-11,0.0,5.601581683615205,Merredin,"Wheatbelt, Western Australia"
1992-08-12,0.0,5.601581683615205,Merredin,"Wheatbelt, Western Australia"
1992-08-13,0.0,5.601581683615205,Merredin,"Wheatbelt, Western Australia"
1992-08-14,0.0,5.601581683615205,Merredin,"Wheatbelt, Western Australia"
1992-08-15,0.0,5.601581683615205,Merredin,"Wheatbelt, Western Australia"
1992-08-16,0.0,5.601581683615205,Merredin,"Wheatbelt, Western Australia"
1992-08-17,1.9032266634554393,5.601581683615205,Merredin,"Wheatbelt, Western Australia"
1992-08-18,0.0,5.601581683615205,Merredin,"Wheatbelt, Western Australia"
1992-08-19,0.0,5.601581683615205,Merredin,"Wheatbelt, Western Australia"
1992-08-20,0.0,5.601581683615205,Merredin,"Wheatbelt, Western Australia"
1992-08-21,0.0,5.601581683615205,Merredin,"Wheatbelt, Western Australia"
1992-08-22,0.0,5.601581683615205,Merredin,"Wheatbelt, Western Australia"
1992-08-23,0.0,5.601581683615205,Merredin,"Wheatbelt, Western Australia"
1992-08-24,0.0,5.601581683615205,Merredin,"Wheatbelt, Western Australia"
1992-08-25,0.0,5.601581683615205,Merredin,"Wheatbelt, Western Australia"
1992-08-26,1.5102695267205222,5.601581683615205,Merredin,"Wheatbelt, Western Australia"
1992-08-27,0.0,5.601581683615205,Merredin,"Wheatbelt, Western Australia"
1992-08-28,0.0,5.601581683615205,Merredin,"Wheatbelt, Western Australia"
1992-08-29,0.0,5.601581683615205,Merredin,"Wheatbelt, Western Australia"
1992-08-30,0.0,5.601581683615205,Merredin,"Wheatbelt, Western Australia"
1992-08-31,0.0,5.601581683615205,Merredin,"Wheatbelt, Western Australia"
1992-09-01,0.0,23.183648692643565,Merredin,"Wheatbelt, Western Australia"
1992-09-02,0.0,23.183648692643565,Merredin,"Wheatbelt, Western Australia"
1992-09-03,0.0,23.183648692643565,Merredin,"Wheatbelt, Western Australia"
1992-09-04,4.479251866458859,23.183648692643565,Merredin,"Wheatbelt, Western Australia"
1992-09-05,0.0,23.183648692643565,Merredin,"Wheatbelt, Western Australia"
1992-09-06,0.0,23.183648692643565,Merredin,"Wheatbelt, Western Australia"
1992-09-07,0.0,23.183648692643565,Merredin,"Wheatbelt, Western Australia"
1992-09-08,0.0,23.183648692643565,Merredin,"Wheatbelt, Western Australia"
1992-09-09,0.0,23.183648692643565,Merredin,"Wheatbelt, Western Australia"
1992-09-10,0.0,23.183648692643565,Merredin,"Wheatbelt, Western Australia"
1992-09-11,0.0,23.183648692643565,Merredin,"Wheatbelt, Western Australia"
1992-09-12,0.0,23.183648692643565,Merredin,"Wheatbelt, Western Australia"
1992-09-13,0.0,23.183648692643565,Merredin,"Wheatbelt, Western Australia"
1992-09-14,0.0,23.183648692643565,Merredin,"Wheatbelt, Western Australia"
1992-09-15,10.80775113878106,23.183648692643565,Merredin,"Wheatbelt, Western Australia"
1992-09-16,0.0,23.183648692643565,Merredin,"Wheatbelt, Western Australia"
1992-09-17,0.0,23.183648692643565,Merredin,"Wheatbelt, Western Australia"
1992-09-18,0.16969846595722832,23.183648692643565,Merredin,"Wheatbelt, Western Australia"
1992-09-19,0.0,23.183648692643565,Merredin,"Wheatbelt, Western Australia"
1992-09-20,0.0,23.183648692643565,Merredin,"Wheatbelt, Western Australia"
1992-09-21,5.165848020627714,23.183648692643565,Merredin,"Wheatbelt, Western Australia"
1992-09-22,0.0,23.183648692643565,Merredin,"Wheatbelt, Western Australia"
1992-09-23,0.0,23.183648692643565,Merredin,"Wheatbelt, Western Australia"
1992-09-24,0.0,23.183648692643565,Merredin,"Wheatbelt, Western Australia"
1992-09-25,0.0,23.183648692643565,Merredin,"Wheatbelt, Western Australia"
1992-09-26,0.0,23.183648692643565,Merredin,"Wheatbelt, Western Australia"
1992-09-27,0.0,23.183648692643565,Merredin,"Wheatbelt, Western Australia"
1992-09-28,0.0,23.183648692643565,Merredin,"Wheatbelt, Western Australia"
1992-09-29,1.942773712507158,23.183648692643565,Merredin,"Wheatbelt, Western Australia"
1992-09-30,0.618325488311546,23.183648692643565,Merredin,"Wheatbelt, Western Australia"
1992-10-01,0.0,6.304629228117578,Merredin,"Wheatbelt, Western Australia"
1992-10-02,0.0,6.304629228117578,Merredin,"Wheatbelt, Western Australia"
1992-10-03,0.0,6.304629228117578,Merredin,"Wheatbelt, Western Australia"
1992-10-04,0.0,6.304629228117578,Merredin,"Wheatbelt, Western Australia"
1992-10-05,0.0,6.304629228117578,Merredin,"Wheatbelt, Western Australia"
1992-10-06,0.9769608148335878,6.304629228117578,Merredin,"Wheatbelt, Western Australia"
1992-10-07,0.0,6.304629228117578,Merredin,"Wheatbelt, Western Australia"
1992-10-08,0.0,6.304629228117578,Merredin,"Wheatbelt, Western Australia"
1992-10-09,0.0,6.304629228117578,Merredin,"Wheatbelt, Western Australia"
1992-10-10,3.390087884806375,6.304629228117578,Merredin,"Wheatbelt, Western Australia"
1992-10-11,0.0,6.304629228117578,Merredin,"Wheatbelt, Western Australia"
1992-10-12,0.0,6.304629228117578,Merredin,"Wheatbelt, Western Australia"
1992-10-13,0.0,6.304629228117578,Merredin,"Wheatbelt, Western Australia"
1992-10-14,0.0,6.304629228117578,Merredin,"Wheatbelt, Western Australia"
1992-10-15,0.0,6.304629228117578,Merredin,"Wheatbelt, Western Australia"
1992-10-16,0.0,6.304629228117578,Merredin,"Wheatbelt, Western Australia"
1992-10-17,0.0,6.304629228117578,Merredin,"Wheatbelt, Western Australia"
1992-10-18,0.0,6.304629228117578,Merredin,"Wheatbelt, Western Australia"
1992-10-19,0.0,6.304629228117578,Merredin,"Wheatbelt, Western Australia"
1992-10-20,0.0,6.304629228117578,Merredin,"Wheatbelt, Western Australia"
1992-10-21,0.0,6.304629228117578,Merredin,"Wheatbelt, Western Australia"
1992-10-22,0.0,6.304629228117578,Merredin,"Wheatbelt, Western Australia"
1992-10-23,0.0,6.304629228117578,Merredin,"Wheatbelt, Western Australia"
1992-10-24,0.0,6.304629228117578,Merredin,"Wheatbelt, Western Australia"
1992-10-25,0.0,6.304629228117578,Merredin,"Wheatbelt, Western Australia"
1992-10-26,0.0,6.304629228117578,Merredin,"Wheatbelt, Western Australia"
1992-10-27,0.0,6.304629228117578,Merredin,"Wheatbelt, Western Australia"
1992-10-28,0.0,6.304629228117578,Merredin,"Wheatbelt, Western Australia"
1992-10-29,0.0,6.304629228117578,Merredin,"Wheatbelt, Western Australia"
1992-10-30,1.937580528477616,6.304629228117578,Merredin,"Wheatbelt, Western Australia"
1992-10-31,0.0,6.304629228117578,Merredin,"Wheatbelt, Western Australia"
1992-11-01,0.0,17.869833420928178,Merredin,"Wheatbelt, Western Australia"
1992-11-02,0.0,17.869833420928178,Merredin,"Wheatbelt, Western Australia"
1992-11-03,0.0,17.869833420928178,Merredin,"Wheatbelt, Western Australia"
1992-11-04,0.0,17.869833420928178,Merredin,"Wheatbelt, Western Australia"
1992-11-05,5.558176528686786,17.869833420928178,Merredin,"Wheatbelt, Western Australia"
1992-11-06,0.0,17.869833420928178,Merredin,"Wheatbelt, Western Australia"
1992-11-07,0.0,17.869833420928178,Merredin,"Wheatbelt, Western Australia"
1992-11-08,0.0,17.869833420928178,Merredin,"Wheatbelt, Western Australia"
1992-11-09,0.0,17.869833420928178,Merredin,"Wheatbelt, Western Australia"
1992-11-10,0.0,17.869833420928178,Merredin,"Wheatbelt, Western Australia"
1992-11-11,4.688057135538498,17.869833420928178,Merredin,"Wheatbelt, Western Australia"
1992-11-12,0.0,17.869833420928178,Merredin,"Wheatbelt, Western Australia"
1992-11-13,0.0,17.869833420928178,Merredin,"Wheatbelt, Western Australia"
1992-11-14,0.0,17.869833420928178,Merredin,"Wheatbelt, Western Australia"
1992-11-15,0.0,17.869833420928178,Merredin,"Wheatbelt, Western Australia"
1992-11-16,0.0,17.869833420928178,Merredin,"Wheatbelt, Western Australia"
1992-11-17,0.0,17.869833420928178,Merredin,"Wheatbelt, Western Australia"
1992-11-18,0.0,17.869833420928178,Merredin,"Wheatbelt, Western Australia"
1992-11-19,0.0,17.869833420928178,Merredin,"Wheatbelt, Western Australia"
1992-11-20,0.0,17.869833420928178,Merredin,"Wheatbelt, Western Australia"
1992-11-21,0.0,17.869833420928178,Merredin,"Wheatbelt, Western Australia"
1992-11-22,0.0,17.869833420928178,Merredin,"Wheatbelt, Western Australia"
1992-11-23,3.513611535567764,17.869833420928178,Merredin,"Wheatbelt, Western Australia"
1992-11-24,0.0,17.869833420928178,Merredin,"Wheatbelt, Western Australia"
1992-11-25,0.0,17.869833420928178,Merredin,"Wheatbelt, Western Australia"
1992-11-26,0.0,17.869833420928178,Merredin,"Wheatbelt, Western Australia"
1992-11-27,0.0,17.869833420928178,Merredin,"Wheatbelt, Western Australia"
1992-11-28,0.0,17.869833420928178,Merredin,"Wheatbelt, Western Australia"
1992-11-29,0.0,17.869833420928178,Merredin,"Wheatbelt, Western Australia"
1992-11-30,4.109988221135129,17.869833420928178,Merredin,"Wheatbelt, Western Australia"
1992-12-01,0.0,45.386012531826104,Merredin,"Wheatbelt, Western Australia"
1992-12-02,0.0,45.386012531826104,Merredin,"Wheatbelt, Western Australia"
1992-12-03,2.533101060484132,45.386012531826104,Merredin,"Wheatbelt, Western Australia"
1992-12-04,11.830613786097118,45.386012531826104,Merredin,"Wheatbelt, Western Australia"
1992-12-05,0.0,45.386012531826104,Merredin,"Wheatbelt, Western Australia"
1992-12-06,1.2721271906952025,45.386012531826104,Merredin,"Wheatbelt, Western Australia"
1992-12-07,5.406681344470181,45.386012531826104,Merredin,"Wheatbelt, Western Australia"
1992-12-08,0.0,45.386012531826104,Merredin,"Wheatbelt, Western Australia"
1992-12-09,0.0,45.386012531826104,Merredin,"Wheatbelt, Western Australia"
1992-12-10,1.5691545533689732,45.386012531826104,Merredin,"Wheatbelt, Western Australia"
1992-12-11,0.0,45.386012531826104,Merredin,"Wheatbelt, Western Australia"
1992-12-12,7.4896997432384955,45.386012531826104,Merredin,"Wheatbelt, Western Australia"
1992-12-13,0.0,45.386012531826104,Merredin,"Wheatbelt, Western Australia"
1992-12-14,0.0,45.386012531826104,Merredin,"Wheatbelt, Western Australia"
1992-12-15,0.0,45.386012531826104,Merredin,"Wheatbelt, Western Australia"
1992-12-16,0.0,45.386012531826104,Merredin,"Wheatbelt, Western Australia"
1992-12-17,0.0,45.386012531826104,Merredin,"Wheatbelt, Western Australia"
1992-12-18,1.9150826902800748,45.386012531826104,Merredin,"Wheatbelt, Western Australia"
1992-12-19,0.0,45.386012531826104,Merredin,"Wheatbelt, Western Australia"
1992-12-20,6.2391642720732445,45.386012531826104,Merredin,"Wheatbelt, Western Australia"
1992-12-21,0.0,45.386012531826104,Merredin,"Wheatbelt, Western Australia"
1992-12-22,0.0,45.386012531826104,Merredin,"Wheatbelt, Western Australia"
1992-12-23,0.0,45.386012531826104,Merredin,"Wheatbelt, Western Australia"
1992-12-24,7.130387891118683,45.386012531826104,Merredin,"Wheatbelt, Western Australia"
1992-12-25,0.0,45.386012531826104,Merredin,"Wheatbelt, Western Australia"
1992-12-26,0.0,45.386012531826104,Merredin,"Wheatbelt, Western Australia"
1992-12-27,0.0,45.386012531826104,Merredin,"Wheatbelt, Western Australia"
1992-12-28,0.0,45.386012531826104,Merredin,"Wheatbelt, Western Australia"
1992-12-29,0.0,45.386012531826104,Merredin,"Wheatbelt, Western Australia"
1992-12-30,0.0,45.386012531826104,Merredin,"Wheatbelt, Western Australia"
1992-12-31,0.0,45.386012531826104,Merredin,"Wheatbelt, Western Australia"
1993-01-01,0.0,33.49162731223259,Merredin,"Wheatbelt, Western Australia"
1993-01-02,0.0,33.49162731223259,Merredin,"Wheatbelt, Western Australia"
1993-01-03,0.0,33.49162731223259,Merredin,"Wheatbelt, Western Australia"
1993-01-04,0.0,33.49162731223259,Merredin,"Wheatbelt, Western Australia"
1993-01-05,4.532814249097487,33.49162731223259,Merredin,"Wheatbelt, Western Australia"
1993-01-06,0.0,33.49162731223259,Merredin,"Wheatbelt, Western Australia"
1993-01-07,0.0,33.49162731223259,Merredin,"Wheatbelt, Western Australia"
1993-01-08,0.0,33.49162731223259,Merredin,"Wheatbelt, Western Australia"
1993-01-09,0.0,33.49162731223259,Merredin,"Wheatbelt, Western Australia"
1993-01-10,0.0,33.49162731223259,Merredin,"Wheatbelt, Western Australia"
1993-01-11,8.419521631355183,33.49162731223259,Merredin,"Wheatbelt, Western Australia"
1993-01-12,0.0,33.49162731223259,Merredin,"Wheatbelt, Western Australia"
1993-01-13,0.7352315114900003,33.49162731223259,Merredin,"Wheatbelt, Western Australia"
1993-01-14,0.0,33.49162731223259,Merredin,"Wheatbelt, Western Australia"
1993-01-15,0.0,33.49162731223259,Merredin,"Wheatbelt, Western Australia"
1993-01-16,0.0,33.49162731223259,Merredin,"Wheatbelt, Western Australia"
1993-01-17,5.499989647357094,33.49162731223259,Merredin,"Wheatbelt, Western Australia"
1993-01-18,6.353941126875983,33.49162731223259,Merredin,"Wheatbelt, Western Australia"
1993-01-19,0.0,33.49162731223259,Merredin,"Wheatbelt, Western Australia"
1993-01-20,0.0,33.49162731223259,Merredin,"Wheatbelt, Western Australia"
1993-01-21,0.0,33.49162731223259,Merredin,"Wheatbelt, Western Australia"
1993-01-22,4.548567042738525,33.49162731223259,Merredin,"Wheatbelt, Western Australia"
1993-01-23,0.0,33.49162731223259,Merredin,"Wheatbelt, Western Australia"
1993-01-24,0.0,33.49162731223259,Merredin,"Wheatbelt, Western Australia"
1993-01-25,0.0,33.49162731223259,Merredin,"Wheatbelt, Western Australia"
1993-01-26,0.0,33.49162731223259,Merredin,"Wheatbelt, Western Australia"
1993-01-27,3.401562103318314,33.49162731223259,Merredin,"Wheatbelt, Western Australia"
1993-01-28,0.0,33.49162731223259,Merredin,"Wheatbelt, Western Australia"
1993-01-29,0.0,33.49162731223259,Merredin,"Wheatbelt, Western Australia"
1993-01-30,0.0,33.49162731223259,Merredin,"Wheatbelt, Western Australia"
1993-01-31,0.0,33.49162731223259,Merredin,"Wheatbelt, Western Australia"
1993-02-01,0.0,22.035518950439247,Merredin,"Wheatbelt, Western Australia"
1993-02-02,0.0,22.035518950439247,Merredin,"Wheatbelt, Western Australia"
1993-02-03,8.8846245097342,22.035518950439247,Merredin,"Wheatbelt, Western Australia"
1993-02-04,0.0,22.035518950439247,Merredin,"Wheatbelt, Western Australia"
1993-02-05,3.70989873715615,22.035518950439247,Merredin,"Wheatbelt, Western Australia"
1993-02-06,0.0,22.035518950439247,Merredin,"Wheatbelt, Western Australia"
1993-02-07,0.0,22.035518950439247,Merredin,"Wheatbelt, Western Australia"
1993-02-08,0.0,22.035518950439247,Merredin,"Wheatbelt, Western Australia"
1993-02-09,0.0,22.035518950439247,Merredin,"Wheatbelt, Western Australia"
1993-02-10,1.5277269687196517,22.035518950439247,Merredin,"Wheatbelt, Western Australia"
1993-02-11,0.0,22.035518950439247,Merredin,"Wheatbelt, Western Australia"
1993-02-12,0.0,22.035518950439247,Merredin,"Wheatbelt, Western Australia"
1993-02-13,0.0,22.035518950439247,Merredin,"Wheatbelt, Western Australia"
1993-02-14,0.0,22.035518950439247,Merredin,"Wheatbelt, Western Australia"
1993-02-15,0.0,22.035518950439247,Merredin,"Wheatbelt, Western Australia"
1993-02-16,0.0,22.035518950439247,Merredin,"Wheatbelt, Western Australia"
1993-02-17,0.0,22.035518950439247,Merredin,"Wheatbelt, Western Australia"
1993-02-18,0.0,22.035518950439247,Merredin,"Wheatbelt, Western Australia"
1993-02-19,0.0,22.035518950439247,Merredin,"Wheatbelt, Western Australia"
1993-02-20,0.0,22.035518950439247,Merredin,"Wheatbelt, Western Australia"
1993-02-21,0.0,22.035518950439247,Merredin,"Wheatbelt, Western Australia"
1993-02-22,0.0,22.035518950439247,Merredin,"Wheatbelt, Western Australia"
1993-02-23,0.0,22.035518950439247,Merredin,"Wheatbelt, Western Australia"
1993-02-24,4.247292147755668,22.035518950439247,Merredin,"Wheatbelt, Western Australia"
1993-02-25,3.665976587073576,22.035518950439247,Merredin,"Wheatbelt, Western Australia"
1993-02-26,0.0,22.035518950439247,Merredin,"Wheatbelt, Western Australia"
1993-02-27,0.0,22.035518950439247,Merredin,"Wheatbelt, Western Australia"
1993-02-28,0.0,22.035518950439247,Merredin,"Wheatbelt, Western Australia"
1993-03-01,0.0,49.88188326623607,Merredin,"Wheatbelt, Western Australia"
1993-03-02,3.29474027312438,49.88188326623607,Merredin,"Wheatbelt, Western Australia"
1993-03-03,0.0,49.88188326623607,Merredin,"Wheatbelt, Western Australia"
1993-03-04,0.0,49.88188326623607,Merredin,"Wheatbelt, Western Australia"
1993-03-05,0.0,49.88188326623607,Merredin,"Wheatbelt, Western Australia"
1993-03-06,3.332255917272713,49.88188326623607,Merredin,"Wheatbelt, Western Australia"
1993-03-07,0.0,49.88188326623607,Merredin,"Wheatbelt, Western Australia"
1993-03-08,0.0,49.88188326623607,Merredin,"Wheatbelt, Western Australia"
1993-03-09,0.0,49.88188326623607,Merredin,"Wheatbelt, Western Australia"
1993-03-10,0.0,49.88188326623607,Merredin,"Wheatbelt, Western Australia"
1993-03-11,0.0,49.88188326623607,Merredin,"Wheatbelt, Western Australia"
1993-03-12,0.0,49.88188326623607,Merredin,"Wheatbelt, Western Australia"
1993-03-13,0.0,49.88188326623607,Merredin,"Wheatbelt, Western Australia"
1993-03-14,0.0,49.88188326623607,Merredin,"Wheatbelt, Western Australia"
1993-03-15,0.0,49.88188326623607,Merredin,"Wheatbelt, Western Australia"
1993-03-16,7.957305243456562,49.88188326623607,Merredin,"Wheatbelt, Western Australia"
1993-03-17,3.67634891449356,49.88188326623607,Merredin,"Wheatbelt, Western Australia"
1993-03-18,0.0,49.88188326623607,Merredin,"Wheatbelt, Western Australia"
1993-03-19,0.0,49.88188326623607,Merredin,"Wheatbelt, Western Australia"
1993-03-20,3.2127468545773055,49.88188326623607,Merredin,"Wheatbelt, Western Australia"
1993-03-21,0.0,49.88188326623607,Merredin,"Wheatbelt, Western Australia"
1993-03-22,11.01744438257171,49.88188326623607,Merredin,"Wheatbelt, Western Australia"
1993-03-23,0.0,49.88188326623607,Merredin,"Wheatbelt, Western Australia"
1993-03-24,0.0,49.88188326623607,Merredin,"Wheatbelt, Western Australia"
1993-03-25,6.731315266596975,49.88188326623607,Merredin,"Wheatbelt, Western Australia"
1993-03-26,2.6636472251880456,49.88188326623607,Merredin,"Wheatbelt, Western Australia"
1993-03-27,1.765499346452929,49.88188326623607,Merredin,"Wheatbelt, Western Australia"
1993-03-28,0.0,49.88188326623607,Merredin,"Wheatbelt, Western Australia"
1993-03-29,0.0,49.88188326623607,Merredin,"Wheatbelt, Western Australia"
1993-03-30,6.230579842501896,49.88188326623607,Merredin,"Wheatbelt, Western Australia"
1993-03-31,0.0,49.88188326623607,Merredin,"Wheatbelt, Western Australia"
1993-04-01,0.0,28.69758435449682,Merredin,"Wheatbelt, Western Australia"
1993-04-02,0.0,28.69758435449682,Merredin,"Wheatbelt, Western Australia"
1993-04-03,0.6673104121777839,28.69758435449682,Merredin,"Wheatbelt, Western Australia"
1993-04-04,1.7089880530955979,28.69758435449682,Merredin,"Wheatbelt, Western Australia"
1993-04-05,0.0,28.69758435449682,Merredin,"Wheatbelt, Western Australia"
1993-04-06,0.0,28.69758435449682,Merredin,"Wheatbelt, Western Australia"
1993-04-07,7.176237134097478,28.69758435449682,Merredin,"Wheatbelt, Western Australia"
1993-04-08,0.0,28.69758435449682,Merredin,"Wheatbelt, Western Australia"
1993-04-09,0.0,28.69758435449682,Merredin,"Wheatbelt, Western Australia"
1993-04-10,0.0,28.69758435449682,Merredin,"Wheatbelt, Western Australia"
1993-04-11,0.0,28.69758435449682,Merredin,"Wheatbelt, Western Australia"
1993-04-12,0.0,28.69758435449682,Merredin,"Wheatbelt, Western Australia"
1993-04-13,0.0,28.69758435449682,Merredin,"Wheatbelt, Western Australia"
1993-04-14,0.0,28.69758435449682,Merredin,"Wheatbelt, Western Australia"
1993-04-15,0.0,28.69758435449682,Merredin,"Wheatbelt, Western Australia"
1993-04-16,0.0,28.69758435449682,Merredin,"Wheatbelt, Western Australia"
1993-04-17,0.0,28.69758435449682,Merredin,"Wheatbelt, Western Australia"
1993-04-18,0.0,28.69758435449682,Merredin,"Wheatbelt, Western Australia"
1993-04-19,0.0,28.69758435449682,Merredin,"Wheatbelt, Western Australia"
1993-04-20,0.0,28.69758435449682,Merredin,"Wheatbelt, Western Australia"
1993-04-21,7.717126181289244,28.69758435449682,Merredin,"Wheatbelt, Western Australia"
1993-04-22,1.3106697345057916,28.69758435449682,Merredin,"Wheatbelt, Western Australia"
1993-04-23,0.0,28.69758435449682,Merredin,"Wheatbelt, Western Australia"
1993-04-24,0.0,28.69758435449682,Merredin,"Wheatbelt, Western Australia"
1993-04-25,0.0,28.69758435449682,Merredin,"Wheatbelt, Western Australia"
1993-04-26,0.0,28.69758435449682,Merredin,"Wheatbelt, Western Australia"
1993-04-27,10.117252839330922,28.69758435449682,Merredin,"Wheatbelt, Western Australia"
1993-04-28,0.0,28.69758435449682,Merredin,"Wheatbelt, Western Australia"
1993-04-29,0.0,28.69758435449682,Merredin,"Wheatbelt, Western Australia"
1993-04-30,0.0,28.69758435449682,Merredin,"Wheatbelt, Western Australia"
1993-05-01,0.0,13.295047322300249,Merredin,"Wheatbelt, Western Australia"
1993-05-02,0.0,13.295047322300249,Merredin,"Wheatbelt, Western Australia"
1993-05-03,0.0,13.295047322300249,Merredin,"Wheatbelt, Western Australia"
1993-05-04,0.0,13.295047322300249,Merredin,"Wheatbelt, Western Australia"
1993-05-05,0.0,13.295047322300249,Merredin,"Wheatbelt, Western Australia"
1993-05-06,1.702322086072251,13.295047322300249,Merredin,"Wheatbelt, Western Australia"
1993-05-07,0.0,13.295047322300249,Merredin,"Wheatbelt, Western Australia"
1993-05-08,10.458477924757748,13.295047322300249,Merredin,"Wheatbelt, Western Australia"
1993-05-09,0.0,13.295047322300249,Merredin,"Wheatbelt, Western Australia"
1993-05-10,0.0,13.295047322300249,Merredin,"Wheatbelt, Western Australia"
1993-05-11,0.0,13.295047322300249,Merredin,"Wheatbelt, Western Australia"
1993-05-12,0.0,13.295047322300249,Merredin,"Wheatbelt, Western Australia"
1993-05-13,0.0,13.295047322300249,Merredin,"Wheatbelt, Western Australia"
1993-05-14,0.0,13.295047322300249,Merredin,"Wheatbelt, Western Australia"
1993-05-15,1.1342473114702503,13.295047322300249,Merredin,"Wheatbelt, Western Australia"
1993-05-16,0.0,13.295047322300249,Merredin,"Wheatbelt, Western Australia"
1993-05-17,0.0,13.295047322300249,Merredin,"Wheatbelt, Western Australia"
1993-05-18,0.0,13.295047322300249,Merredin,"Wheatbelt, Western Australia"
1993-05-19,0.0,13.295047322300249,Merredin,"Wheatbelt, Western Australia"
1993-05-20,0.0,13.295047322300249,Merredin,"Wheatbelt, Western Australia"
1993-05-21,0.0,13.295047322300249,Merredin,"Wheatbelt, Western Australia"
1993-05-22,0.0,13.295047322300249,Merredin,"Wheatbelt, Western Australia"
1993-05-23,0.0,13.295047322300249,Merredin,"Wheatbelt, Western Australia"
1993-05-24,0.0,13.295047322300249,Merredin,"Wheatbelt, Western Australia"
1993-05-25,0.0,13.295047322300249,Merredin,"Wheatbelt, Western Australia"
1993-05-26,0.0,13.295047322300249,Merredin,"Wheatbelt, Western Australia"
1993-05-27,0.0,13.295047322300249,Merredin,"Wheatbelt, Western Australia"
1993-05-28,0.0,13.295047322300249,Merredin,"Wheatbelt, Western Australia"
1993-05-29,0.0,13.295047322300249,Merredin,"Wheatbelt, Western Australia"
1993-05-30,0.0,13.295047322300249,Merredin,"Wheatbelt, Western Australia"
1993-05-31,0.0,13.295047322300249,Merredin,"Wheatbelt, Western Australia"
1993-06-01,0.0,28.377252341129655,Merredin,"Wheatbelt, Western Australia"
1993-06-02,6.695729917521957,28.377252341129655,Merredin,"Wheatbelt, Western Australia"
1993-06-03,0.0,28.377252341129655,Merredin,"Wheatbelt, Western Australia"
1993-06-04,4.988127950202116,28.377252341129655,Merredin,"Wheatbelt, Western Australia"
1993-06-05,0.0,28.377252341129655,Merredin,"Wheatbelt, Western Australia"
1993-06-06,0.0,28.377252341129655,Merredin,"Wheatbelt, Western Australia"
1993-06-07,0.0,28.377252341129655,Merredin,"Wheatbelt, Western Australia"
1993-06-08,4.787033548920307,28.377252341129655,Merredin,"Wheatbelt, Western Australia"
1993-06-09,0.0,28.377252341129655,Merredin,"Wheatbelt, Western Australia"
1993-06-10,0.0,28.377252341129655,Merredin,"Wheatbelt, Western Australia"
1993-06-11,0.0,28.377252341129655,Merredin,"Wheatbelt, Western Australia"
1993-06-12,0.9699431536980857,28.377252341129655,Merredin,"Wheatbelt, Western Australia"
1993-06-13,0.0,28.377252341129655,Merredin,"Wheatbelt, Western Australia"
1993-06-14,0.0,28.377252341129655,Merredin,"Wheatbelt, Western Australia"
1993-06-15,0.0,28.377252341129655,Merredin,"Wheatbelt, Western Australia"
1993-06-16,0.0,28.377252341129655,Merredin,"Wheatbelt, Western Australia"
1993-06-17,6.062771698426087,28.377252341129655,Merredin,"Wheatbelt, Western Australia"
1993-06-18,0.0,28.377252341129655,Merredin,"Wheatbelt, Western Australia"
1993-06-19,2.7890891308533106,28.377252341129655,Merredin,"Wheatbelt, Western Australia"
1993-06-20,0.0,28.377252341129655,Merredin,"Wheatbelt, Western Australia"
1993-06-21,2.0845569415077922,28.377252341129655,Merredin,"Wheatbelt, Western Australia"
1993-06-22,0.0,28.377252341129655,Merredin,"Wheatbelt, Western Australia"
1993-06-23,0.0,28.377252341129655,Merredin,"Wheatbelt, Western Australia"
1993-06-24,0.0,28.377252341129655,Merredin,"Wheatbelt, Western Australia"
1993-06-25,0.0,28.377252341129655,Merredin,"Wheatbelt, Western Australia"
1993-06-26,0.0,28.377252341129655,Merredin,"Wheatbelt, Western Australia"
1993-06-27,0.0,28.377252341129655,Merredin,"Wheatbelt, Western Australia"
1993-06-28,0.0,28.377252341129655,Merredin,"Wheatbelt, Western Australia"
1993-06-29,0.0,28.377252341129655,Merredin,"Wheatbelt, Western Australia"
1993-06-30,0.0,28.377252341129655,Merredin,"Wheatbelt, Western Australia"
1993-07-01,0.0,20.070229476103222,Merredin,"Wheatbelt, Western Australia"
1993-07-02,3.9883659477039153,20.070229476103222,Merredin,"Wheatbelt, Western Australia"
1993-07-03,0.0,20.070229476103222,Merredin,"Wheatbelt, Western Australia"
1993-07-04,0.0,20.070229476103222,Merredin,"Wheatbelt, Western Australia"
1993-07-05,0.0,20.070229476103222,Merredin,"Wheatbelt, Western Australia"
1993-07-06,4.852709382735376,20.070229476103222,Merredin,"Wheatbelt, Western Australia"
1993-07-07,0.0,20.070229476103222,Merredin,"Wheatbelt, Western Australia"
1993-07-08,0.0,20.070229476103222,Merredin,"Wheatbelt, Western Australia"
1993-07-09,1.07298003336076,20.070229476103222,Merredin,"Wheatbelt, Western Australia"
1993-07-10,0.0,20.070229476103222,Merredin,"Wheatbelt, Western Australia"
1993-07-11,0.530037296925897,20.070229476103222,Merredin,"Wheatbelt, Western Australia"
1993-07-12,0.0,20.070229476103222,Merredin,"Wheatbelt, Western Australia"
1993-07-13,0.0,20.070229476103222,Merredin,"Wheatbelt, Western Australia"
1993-07-14,0.0,20.070229476103222,Merredin,"Wheatbelt, Western Australia"
1993-07-15,0.0,20.070229476103222,Merredin,"Wheatbelt, Western Australia"
1993-07-16,0.0,20.070229476103222,Merredin,"Wheatbelt, Western Australia"
1993-07-17,0.0,20.070229476103222,Merredin,"Wheatbelt, Western Australia"
1993-07-18,0.0,20.070229476103222,Merredin,"Wheatbelt, Western Australia"
1993-07-19,0.0,20.070229476103222,Merredin,"Wheatbelt, Western Australia"
1993-07-20,0.0,20.070229476103222,Merredin,"Wheatbelt, Western Australia"
1993-07-21,0.0,20.070229476103222,Merredin,"Wheatbelt, Western Australia"
1993-07-22,0.0,20.070229476103222,Merredin,"Wheatbelt, Western Australia"
1993-07-23,0.0,20.070229476103222,Merredin,"Wheatbelt, Western Australia"
1993-07-24,0.0,20.070229476103222,Merredin,"Wheatbelt, Western Australia"
1993-07-25,1.2279461699746343,20.070229476103222,Merredin,"Wheatbelt, Western Australia"
1993-07-26,0.0,20.070229476103222,Merredin,"Wheatbelt, Western Australia"
1993-07-27,0.0,20.070229476103222,Merredin,"Wheatbelt, Western Australia"
1993-07-28,0.0,20.070229476103222,Merredin,"Wheatbelt, Western Australia"
1993-07-29,8.398190645402638,20.070229476103222,Merredin,"Wheatbelt, Western Australia"
1993-07-30,0.0,20.070229476103222,Merredin,"Wheatbelt, Western Australia"
1993-07-31,0.0,20.070229476103222,Merredin,"Wheatbelt, Western Australia"
1993-08-01,0.0,26.356432692805075,Merredin,"Wheatbelt, Western Australia"
1993-08-02,0.0,26.356432692805075,Merredin,"Wheatbelt, Western Australia"
1993-08-03,0.0,26.356432692805075,Merredin,"Wheatbelt, Western Australia"
1993-08-04,8.294212611903303,26.356432692805075,Merredin,"Wheatbelt, Western Australia"
1993-08-05,0.0,26.356432692805075,Merredin,"Wheatbelt, Western Australia"
1993-08-06,1.5685978131479148,26.356432692805075,Merredin,"Wheatbelt, Western Australia"
1993-08-07,0.0,26.356432692805075,Merredin,"Wheatbelt, Western Australia"
1993-08-08,6.074394635342774,26.356432692805075,Merredin,"Wheatbelt, Western Australia"
1993-08-09,0.0,26.356432692805075,Merredin,"Wheatbelt, Western Australia"
1993-08-10,2.78587958098967,26.356432692805075,Merredin,"Wheatbelt, Western Australia"
1993-08-11,0.0,26.356432692805075,Merredin,"Wheatbelt, Western Australia"
1993-08-12,0.0,26.356432692805075,Merredin,"Wheatbelt, Western Australia"
1993-08-13,3.741893352868195,26.356432692805075,Merredin,"Wheatbelt, Western Australia"
1993-08-14,0.0,26.356432692805075,Merredin,"Wheatbelt, Western Australia"
1993-08-15,0.0,26.356432692805075,Merredin,"Wheatbelt, Western Australia"
1993-08-16,0.0,26.356432692805075,Merredin,"Wheatbelt, Western Australia"
1993-08-17,0.0,26.356432692805075,Merredin,"Wheatbelt, Western Australia"
1993-08-18,0.0,26.356432692805075,Merredin,"Wheatbelt, Western Australia"
1993-08-19,1.7876139023356918,26.356432692805075,Merredin,"Wheatbelt, Western Australia"
1993-08-20,0.0,26.356432692805075,Merredin,"Wheatbelt, Western Australia"
1993-08-21,0.0,26.356432692805075,Merredin,"Wheatbelt, Western Australia"
1993-08-22,0.0,26.356432692805075,Merredin,"Wheatbelt, Western Australia"
1993-08-23,0.0,26.356432692805075,Merredin,"Wheatbelt, Western Australia"
1993-08-24,0.0,26.356432692805075,Merredin,"Wheatbelt, Western Australia"
1993-08-25,0.0,26.356432692805075,Merredin,"Wheatbelt, Western Australia"
1993-08-26,0.0,26.356432692805075,Merredin,"Wheatbelt, Western Australia"
1993-08-27,2.1038407962175283,26.356432692805075,Merredin,"Wheatbelt, Western Australia"
1993-08-28,0.0,26.356432692805075,Merredin,"Wheatbelt, Western Australia"
1993-08-29,0.0,26.356432692805075,Merredin,"Wheatbelt, Western Australia"
1993-08-30,0.0,26.356432692805075,Merredin,"Wheatbelt, Western Australia"
1993-08-31,0.0,26.356432692805075,Merredin,"Wheatbelt, Western Australia"
1993-09-01,0.0,6.129282353138883,Merredin,"Wheatbelt, Western Australia"
1993-09-02,0.0,6.129282353138883,Merredin,"Wheatbelt, Western Australia"
1993-09-03,0.0,6.129282353138883,Merredin,"Wheatbelt, Western Australia"
1993-09-04,0.0,6.129282353138883,Merredin,"Wheatbelt, Western Australia"
1993-09-05,1.8941800971022875,6.129282353138883,Merredin,"Wheatbelt, Western Australia"
1993-09-06,2.3831303179802608,6.129282353138883,Merredin,"Wheatbelt, Western Australia"
1993-09-07,0.0,6.129282353138883,Merredin,"Wheatbelt, Western Australia"
1993-09-08,0.0,6.129282353138883,Merredin,"Wheatbelt, Western Australia"
1993-09-09,0.0,6.129282353138883,Merredin,"Wheatbelt, Western Australia"
1993-09-10,0.0,6.129282353138883,Merredin,"Wheatbelt, Western Australia"
1993-09-11,0.0,6.129282353138883,Merredin,"Wheatbelt, Western Australia"
1993-09-12,1.8519719380563349,6.129282353138883,Merredin,"Wheatbelt, Western Australia"
1993-09-13,0.0,6.129282353138883,Merredin,"Wheatbelt, Western Australia"
1993-09-14,0.0,6.129282353138883,Merredin,"Wheatbelt, Western Australia"
1993-09-15,0.0,6.129282353138883,Merredin,"Wheatbelt, Western Australia"
1993-09-16,0.0,6.129282353138883,Merredin,"Wheatbelt, Western Australia"
1993-09-17,0.0,6.129282353138883,Merredin,"Wheatbelt, Western Australia"
1993-09-18,0.0,6.129282353138883,Merredin,"Wheatbelt, Western Australia"
1993-09-19,0.0,6.129282353138883,Merredin,"Wheatbelt, Western Australia"
1993-09-20,0.0,6.129282353138883,Merredin,"Wheatbelt, Western Australia"
1993-09-21,0.0,6.129282353138883,Merredin,"Wheatbelt, Western Australia"
1993-09-22,0.0,6.129282353138883,Merredin,"Wheatbelt, Western Australia"
1993-09-23,0.0,6.129282353138883,Merredin,"Wheatbelt, Western Australia"
1993-09-24,0.0,6.129282353138883,Merredin,"Wheatbelt, Western Australia"
1993-09-25,0.0,6.129282353138883,Merredin,"Wheatbelt, Western Australia"
1993-09-26,0.0,6.129282353138883,Merredin,"Wheatbelt, Western Australia"
1993-09-27,0.0,6.129282353138883,Merredin,"Wheatbelt, Western Australia"
1993-09-28,0.0,6.129282353138883,Merredin,"Wheatbelt, Western Australia"
1993-09-29,0.0,6.129282353138883,Merredin,"Wheatbelt, Western Australia"
1993-09-30,0.0,6.129282353138883,Merredin,"Wheatbelt, Western Australia"
1993-10-01,0.0,29.237542481368145,Merredin,"Wheatbelt, Western Australia"
1993-10-02,0.0,29.237542481368145,Merredin,"Wheatbelt, Western Australia"
1993-10-03,0.0,29.237542481368145,Merredin,"Wheatbelt, Western Australia"
1993-10-04,0.0,29.237542481368145,Merredin,"Wheatbelt, Western Australia"
1993-10-05,0.0,29.237542481368145,Merredin,"Wheatbelt, Western Australia"
1993-10-06,5.3855346652882705,29.237542481368145,Merredin,"Wheatbelt, Western Australia"
1993-10-07,0.0,29.237542481368145,Merredin,"Wheatbelt, Western Australia"
1993-10-08,0.0,29.237542481368145,Merredin,"Wheatbelt, Western Australia"
1993-10-09,0.0,29.237542481368145,Merredin,"Wheatbelt, Western Australia"
1993-10-10,0.0,29.237542481368145,Merredin,"Wheatbelt, Western Australia"
1993-10-11,0.0,29.237542481368145,Merredin,"Wheatbelt, Western Australia"
1993-10-12,0.0,29.237542481368145,Merredin,"Wheatbelt, Western Australia"
1993-10-13,0.0,29.237542481368145,Merredin,"Wheatbelt, Western Australia"
1993-10-14,0.0,29.237542481368145,Merredin,"Wheatbelt, Western Australia"
1993-10-15,0.0,29.237542481368145,Merredin,"Wheatbelt, Western Australia"
1993-10-16,0.0,29.237542481368145,Merredin,"Wheatbelt, Western Australia"
1993-10-17,0.0,29.237542481368145,Merredin,"Wheatbelt, Western Australia"
1993-10-18,0.0,29.237542481368145,Merredin,"Wheatbelt, Western Australia"
1993-10-19,4.814626495186312,29.237542481368145,Merredin,"Wheatbelt, Western Australia"
1993-10-20,0.0,29.237542481368145,Merredin,"Wheatbelt, Western Australia"
1993-10-21,4.713116162257077,29.237542481368145,Merredin,"Wheatbelt, Western Australia"
1993-10-22,0.0,29.237542481368145,Merredin,"Wheatbelt, Western Australia"
1993-10-23,0.0,29.237542481368145,Merredin,"Wheatbelt, Western Australia"
1993-10-24,1.3297362480670851,29.237542481368145,Merredin,"Wheatbelt, Western Australia"
1993-10-25,0.0,29.237542481368145,Merredin,"Wheatbelt, Western Australia"
1993-10-26,0.0,29.237542481368145,Merredin,"Wheatbelt, Western Australia"
1993-10-27,0.0,29.237542481368145,Merredin,"Wheatbelt, Western Australia"
1993-10-28,0.0,29.237542481368145,Merredin,"Wheatbelt, Western Australia"
1993-10-29,0.0,29.237542481368145,Merredin,"Wheatbelt, Western Australia"
1993-10-30,7.86667764034445,29.237542481368145,Merredin,"Wheatbelt, Western Australia"
1993-10-31,5.12785127022495,29.237542481368145,Merredin,"Wheatbelt, Western Australia"
1993-11-01,6.2417907249762195,26.516253319318036,Merredin,"Wheatbelt, Western Australia"
1993-11-02,6.2051478629300725,26.516253319318036,Merredin,"Wheatbelt, Western Australia"
1993-11-03,0.0,26.516253319318036,Merredin,"Wheatbelt, Western Australia"
1993-11-04,2.9075249130815632,26.516253319318036,Merredin,"Wheatbelt, Western Australia"
1993-11-05,3.6709286860708223,26.516253319318036,Merredin,"Wheatbelt, Western Australia"
1993-11-06,0.0,26.516253319318036,Merredin,"Wheatbelt, Western Australia"
1993-11-07,6.095047229125724,26.516253319318036,Merredin,"Wheatbelt, Western Australia"
1993-11-08,0.0,26.516253319318036,Merredin,"Wheatbelt, Western Australia"
1993-11-09,0.0,26.516253319318036,Merredin,"Wheatbelt, Western Australia"
1993-11-10,0.0,26.516253319318036,Merredin,"Wheatbelt, Western Australia"
1993-11-11,0.0,26.516253319318036,Merredin,"Wheatbelt, Western Australia"
1993-11-12,0.0,26.516253319318036,Merredin,"Wheatbelt, Western Australia"
1993-11-13,1.0218984869832493,26.516253319318036,Merredin,"Wheatbelt, Western Australia"
1993-11-14,0.0,26.516253319318036,Merredin,"Wheatbelt, Western Australia"
1993-11-15,0.0,26.516253319318036,Merredin,"Wheatbelt, Western Australia"
1993-11-16,0.0,26.516253319318036,Merredin,"Wheatbelt, Western Australia"
1993-11-17,0.0,26.516253319318036,Merredin,"Wheatbelt, Western Australia"
1993-11-18,0.0,26.516253319318036,Merredin,"Wheatbelt, Western Australia"
1993-11-19,0.0,26.516253319318036,Merredin,"Wheatbelt, Western Australia"
1993-11-20,0.0,26.516253319318036,Merredin,"Wheatbelt, Western Australia"
1993-11-21,0.0,26.516253319318036,Merredin,"Wheatbelt, Western Australia"
1993-11-22,0.0,26.516253319318036,Merredin,"Wheatbelt, Western Australia"
1993-11-23,0.0,26.516253319318036,Merredin,"Wheatbelt, Western Australia"
1993-11-24,0.0,26.516253319318036,Merredin,"Wheatbelt, Western Australia"
1993-11-25,0.0,26.516253319318036,Merredin,"Wheatbelt, Western Australia"
1993-11-26,0.0,26.516253319318036,Merredin,"Wheatbelt, Western Australia"
1993-11-27,0.0,26.516253319318036,Merredin,"Wheatbelt, Western Australia"
1993-11-28,0.3739154161503834,26.516253319318036,Merredin,"Wheatbelt, Western Australia"
1993-11-29,0.0,26.516253319318036,Merredin,"Wheatbelt, Western Australia"
1993-11-30,0.0,26.516253319318036,Merredin,"Wheatbelt, Western Australia"
1993-12-01,1.3284190364710133,4.5644728166068695,Merredin,"Wheatbelt, Western Australia"
1993-12-02,0.0,4.5644728166068695,Merredin,"Wheatbelt, Western Australia"
1993-12-03,0.0,4.5644728166068695,Merredin,"Wheatbelt, Western Australia"
1993-12-04,0.0,4.5644728166068695,Merredin,"Wheatbelt, Western Australia"
1993-12-05,0.0,4.5644728166068695,Merredin,"Wheatbelt, Western Australia"
1993-12-06,0.0,4.5644728166068695,Merredin,"Wheatbelt, Western Australia"
1993-12-07,0.0,4.5644728166068695,Merredin,"Wheatbelt, Western Australia"
1993-12-08,0.0,4.5644728166068695,Merredin,"Wheatbelt, Western Australia"
1993-12-09,0.0,4.5644728166068695,Merredin,"Wheatbelt, Western Australia"
1993-12-10,0.0,4.5644728166068695,Merredin,"Wheatbelt, Western Australia"
1993-12-11,0.0,4.5644728166068695,Merredin,"Wheatbelt, Western Australia"
1993-12-12,1.5361183565761245,4.5644728166068695,Merredin,"Wheatbelt, Western Australia"
1993-12-13,0.0,4.5644728166068695,Merredin,"Wheatbelt, Western Australia"
1993-12-14,1.6999354235597317,4.5644728166068695,Merredin,"Wheatbelt, Western Australia"
1993-12-15,0.0,4.5644728166068695,Merredin,"Wheatbelt, Western Australia"
1993-12-16,0.0,4.5644728166068695,Merredin,"Wheatbelt, Western Australia"
1993-12-17,0.0,4.5644728166068695,Merredin,"Wheatbelt, Western Australia"
1993-12-18,0.0,4.5644728166068695,Merredin,"Wheatbelt, Western Australia"
1993-12-19,0.0,4.5644728166068695,Merredin,"Wheatbelt, Western Australia"
1993-12-20,0.0,4.5644728166068695,Merredin,"Wheatbelt, Western Australia"
1993-12-21,0.0,4.5644728166068695,Merredin,"Wheatbelt, Western Australia"
1993-12-22,0.0,4.5644728166068695,Merredin,"Wheatbelt, Western Australia"
1993-12-23,0.0,4.5644728166068695,Merredin,"Wheatbelt, Western Australia"
1993-12-24,0.0,4.5644728166068695,Merredin,"Wheatbelt, Western Australia"
1993-12-25,0.0,4.5644728166068695,Merredin,"Wheatbelt, Western Australia"
1993-12-26,0.0,4.5644728166068695,Merredin,"Wheatbelt, Western Australia"
1993-12-27,0.0,4.5644728166068695,Merredin,"Wheatbelt, Western Australia"
1993-12-28,0.0,4.5644728166068695,Merredin,"Wheatbelt, Western Australia"
1993-12-29,0.0,4.5644728166068695,Merredin,"Wheatbelt, Western Australia"
1993-12-30,0.0,4.5644728166068695,Merredin,"Wheatbelt, Western Australia"
1993-12-31,0.0,4.5644728166068695,Merredin,"Wheatbelt, Western Australia"
1994-01-01,0.0,32.93409798292281,Merredin,"Wheatbelt, Western Australia"
1994-01-02,0.0,32.93409798292281,Merredin,"Wheatbelt, Western Australia"
1994-01-03,0.0,32.93409798292281,Merredin,"Wheatbelt, Western Australia"
1994-01-04,0.0,32.93409798292281,Merredin,"Wheatbelt, Western Australia"
1994-01-05,3.709410729457655,32.93409798292281,Merredin,"Wheatbelt, Western Australia"
1994-01-06,0.0,32.93409798292281,Merredin,"Wheatbelt, Western Australia"
1994-01-07,0.0,32.93409798292281,Merredin,"Wheatbelt, Western Australia"
1994-01-08,0.0,32.93409798292281,Merredin,"Wheatbelt, Western Australia"
1994-01-09,0.0,32.93409798292281,Merredin,"Wheatbelt, Western Australia"
1994-01-10,0.0,32.93409798292281,Merredin,"Wheatbelt, Western Australia"
1994-01-11,0.0,32.93409798292281,Merredin,"Wheatbelt, Western Australia"
1994-01-12,0.0,32.93409798292281,Merredin,"Wheatbelt, Western Australia"
1994-01-13,0.0,32.93409798292281,Merredin,"Wheatbelt, Western Australia"
1994-01-14,7.680691676453758,32.93409798292281,Merredin,"Wheatbelt, Western Australia"
1994-01-15,0.0,32.93409798292281,Merredin,"Wheatbelt, Western Australia"
1994-01-16,0.0,32.93409798292281,Merredin,"Wheatbelt, Western Australia"
1994-01-17,0.0,32.93409798292281,Merredin,"Wheatbelt, Western Australia"
1994-01-18,0.0,32.93409798292281,Merredin,"Wheatbelt, Western Australia"
1994-01-19,5.600491958266142,32.93409798292281,Merredin,"Wheatbelt, Western Australia"
1994-01-20,0.0,32.93409798292281,Merredin,"Wheatbelt, Western Australia"
1994-01-21,0.0,32.93409798292281,Merredin,"Wheatbelt, Western Australia"
1994-01-22,0.0,32.93409798292281,Merredin,"Wheatbelt, Western Australia"
1994-01-23,4.245468885016644,32.93409798292281,Merredin,"Wheatbelt, Western Australia"
1994-01-24,0.0,32.93409798292281,Merredin,"Wheatbelt, Western Australia"
1994-01-25,0.0,32.93409798292281,Merredin,"Wheatbelt, Western Australia"
1994-01-26,7.962069957675621,32.93409798292281,Merredin,"Wheatbelt, Western Australia"
1994-01-27,0.0,32.93409798292281,Merredin,"Wheatbelt, Western Australia"
1994-01-28,0.0,32.93409798292281,Merredin,"Wheatbelt, Western Australia"
1994-01-29,0.0,32.93409798292281,Merredin,"Wheatbelt, Western Australia"
1994-01-30,1.9655522170917772,32.93409798292281,Merredin,"Wheatbelt, Western Australia"
1994-01-31,1.7704125589612105,32.93409798292281,Merredin,"Wheatbelt, Western Australia"
1994-02-01,0.0,34.016352571362646,Merredin,"Wheatbelt, Western Australia"
1994-02-02,0.0,34.016352571362646,Merredin,"Wheatbelt, Western Australia"
1994-02-03,0.0,34.016352571362646,Merredin,"Wheatbelt, Western Australia"
1994-02-04,0.0,34.016352571362646,Merredin,"Wheatbelt, Western Australia"
1994-02-05,0.0,34.016352571362646,Merredin,"Wheatbelt, Western Australia"
1994-02-06,1.7992146043195687,34.016352571362646,Merredin,"Wheatbelt, Western Australia"
1994-02-07,5.901450628153854,34.016352571362646,Merredin,"Wheatbelt, Western Australia"
1994-02-08,0.0,34.016352571362646,Merredin,"Wheatbelt, Western Australia"
1994-02-09,0.0,34.016352571362646,Merredin,"Wheatbelt, Western Australia"
1994-02-10,2.213748453961678,34.016352571362646,Merredin,"Wheatbelt, Western Australia"
1994-02-11,0.0,34.016352571362646,Merredin,"Wheatbelt, Western Australia"
1994-02-12,0.0,34.016352571362646,Merredin,"Wheatbelt, Western Australia"
1994-02-13,5.389162224132319,34.016352571362646,Merredin,"Wheatbelt, Western Australia"
1994-02-14,0.0,34.016352571362646,Merredin,"Wheatbelt, Western Australia"
1994-02-15,3.1228751073515135,34.016352571362646,Merredin,"Wheatbelt, Western Australia"
1994-02-16,0.0,34.016352571362646,Merredin,"Wheatbelt, Western Australia"
1994-02-17,0.0,34.016352571362646,Merredin,"Wheatbelt, Western Australia"
1994-02-18,0.0,34.016352571362646,Merredin,"Wheatbelt, Western Australia"
1994-02-19,9.91709766160737,34.016352571362646,Merredin,"Wheatbelt, Western Australia"
1994-02-20,0.0,34.016352571362646,Merredin,"Wheatbelt, Western Australia"
1994-02-21,0.0,34.016352571362646,Merredin,"Wheatbelt, Western Australia"
1994-02-22,0.0,34.016352571362646,Merredin,"Wheatbelt, Western Australia"
1994-02-23,0.0,34.016352571362646,Merredin,"Wheatbelt, Western Australia"
1994-02-24,0.0,34.016352571362646,Merredin,"Wheatbelt, Western Australia"
1994-02-25,0.0,34.016352571362646,Merredin,"Wheatbelt, Western Australia"
1994-02-26,0.0,34.016352571362646,Merredin,"Wheatbelt, Western Australia"
1994-02-27,5.67280389183634,34.016352571362646,Merredin,"Wheatbelt, Western Australia"
1994-02-28,0.0,34.016352571362646,Merredin,"Wheatbelt, Western Australia"
1994-03-01,0.0,11.280565717719202,Merredin,"Wheatbelt, Western Australia"
1994-03-02,0.0,11.280565717719202,Merredin,"Wheatbelt, Western Australia"
1994-03-03,0.0,11.280565717719202,Merredin,"Wheatbelt, Western Australia"
1994-03-04,0.0,11.280565717719202,Merredin,"Wheatbelt, Western Australia"
1994-03-05,1.140105815104596,11.280565717719202,Merredin,"Wheatbelt, Western Australia"
1994-03-06,0.0,11.280565717719202,Merredin,"Wheatbelt, Western Australia"
1994-03-07,0.0,11.280565717719202,Merredin,"Wheatbelt, Western Australia"
1994-03-08,0.0,11.280565717719202,Merredin,"Wheatbelt, Western Australia"
1994-03-09,0.0,11.280565717719202,Merredin,"Wheatbelt, Western Australia"
1994-03-10,0.0,11.280565717719202,Merredin,"Wheatbelt, Western Australia"
1994-03-11,0.0,11.280565717719202,Merredin,"Wheatbelt, Western Australia"
1994-03-12,0.0,11.280565717719202,Merredin,"Wheatbelt, Western Australia"
1994-03-13,0.0,11.280565717719202,Merredin,"Wheatbelt, Western Australia"
1994-03-14,0.0,11.280565717719202,Merredin,"Wheatbelt, Western Australia"
1994-03-15,0.0,11.280565717719202,Merredin,"Wheatbelt, Western Australia"
1994-03-16,0.0,11.280565717719202,Merredin,"Wheatbelt, Western Australia"
1994-03-17,0.0,11.280565717719202,Merredin,"Wheatbelt, Western Australia"
1994-03-18,9.264256278286165,11.280565717719202,Merredin,"Wheatbelt, Western Australia"
1994-03-19,0.0,11.280565717719202,Merredin,"Wheatbelt, Western Australia"
1994-03-20,0.0,11.280565717719202,Merredin,"Wheatbelt, Western Australia"
1994-03-21,0.0,11.280565717719202,Merredin,"Wheatbelt, Western Australia"
1994-03-22,0.0,11.280565717719202,Merredin,"Wheatbelt, Western Australia"
1994-03-23,0.8762036243284409,11.280565717719202,Merredin,"Wheatbelt, Western Australia"
1994-03-24,0.0,11.280565717719202,Merredin,"Wheatbelt, Western Australia"
1994-03-25,0.0,11.280565717719202,Merredin,"Wheatbelt, Western Australia"
1994-03-26,0.0,11.280565717719202,Merredin,"Wheatbelt, Western Australia"
1994-03-27,0.0,11.280565717719202,Merredin,"Wheatbelt, Western Australia"
1994-03-28,0.0,11.280565717719202,Merredin,"Wheatbelt, Western Australia"
1994-03-29,0.0,11.280565717719202,Merredin,"Wheatbelt, Western Australia"
1994-03-30,0.0,11.280565717719202,Merredin,"Wheatbelt, Western Australia"
1994-03-31,0.0,11.280565717719202,Merredin,"Wheatbelt, Western Australia"
1994-04-01,0.0,21.11723881609172,Merredin,"Wheatbelt, Western Australia"
1994-04-02,0.0,21.11723881609172,Merredin,"Wheatbelt, Western Australia"
1994-04-03,0.0,21.11723881609172,Merredin,"Wheatbelt, Western Australia"
1994-04-04,0.0,21.11723881609172,Merredin,"Wheatbelt, Western Australia"
1994-04-05,0.0,21.11723881609172,Merredin,"Wheatbelt, Western Australia"
1994-04-06,2.157911875761821,21.11723881609172,Merredin,"Wheatbelt, Western Australia"
1994-04-07,2.601546912749641,21.11723881609172,Merredin,"Wheatbelt, Western Australia"
1994-04-08,0.0,21.11723881609172,Merredin,"Wheatbelt, Western Australia"
1994-04-09,0.0,21.11723881609172,Merredin,"Wheatbelt, Western Australia"
1994-04-10,1.6687685123686862,21.11723881609172,Merredin,"Wheatbelt, Western Australia"
1994-04-11,0.0,21.11723881609172,Merredin,"Wheatbelt, Western Australia"
1994-04-12,0.0,21.11723881609172,Merredin,"Wheatbelt, Western Australia"
1994-04-13,0.0,21.11723881609172,Merredin,"Wheatbelt, Western Australia"
1994-04-14,0.0,21.11723881609172,Merredin,"Wheatbelt, Western Australia"
1994-04-15,0.0,21.11723881609172,Merredin,"Wheatbelt, Western Australia"
1994-04-16,0.0,21.11723881609172,Merredin,"Wheatbelt, Western Australia"
1994-04-17,0.0,21.11723881609172,Merredin,"Wheatbelt, Western Australia"
1994-04-18,0.0,21.11723881609172,Merredin,"Wheatbelt, Western Australia"
1994-04-19,5.475025019940688,21.11723881609172,Merredin,"Wheatbelt, Western Australia"
1994-04-20,0.0,21.11723881609172,Merredin,"Wheatbelt, Western Australia"
1994-04-21,0.0,21.11723881609172,Merredin,"Wheatbelt, Western Australia"
1994-04-22,0.0,21.11723881609172,Merredin,"Wheatbelt, Western Australia"
1994-04-23,1.604378522010513,21.11723881609172,Merredin,"Wheatbelt, Western Australia"
1994-04-24,0.0,21.11723881609172,Merredin,"Wheatbelt, Western Australia"
1994-04-25,0.0,21.11723881609172,Merredin,"Wheatbelt, Western Australia"
1994-04-26,0.0,21.11723881609172,Merredin,"Wheatbelt, Western Australia"
1994-04-27,0.0,21.11723881609172,Merredin,"Wheatbelt, Western Australia"
1994-04-28,0.0,21.11723881609172,Merredin,"Wheatbelt, Western Australia"
1994-04-29,0.0,21.11723881609172,Merredin,"Wheatbelt, Western Australia"
1994-04-30,7.6096079732603705,21.11723881609172,Merredin,"Wheatbelt, Western Australia"
1994-05-01,0.0,41.243724840160645,Merredin,"Wheatbelt, Western Australia"
1994-05-02,0.0,41.243724840160645,Merredin,"Wheatbelt, Western Australia"
1994-05-03,2.8034728341053743,41.243724840160645,Merredin,"Wheatbelt, Western Australia"
1994-05-04,0.0,41.243724840160645,Merredin,"Wheatbelt, Western Australia"
1994-05-05,0.0,41.243724840160645,Merredin,"Wheatbelt, Western Australia"
1994-05-06,0.0,41.243724840160645,Merredin,"Wheatbelt, Western Australia"
1994-05-07,0.0,41.243724840160645,Merredin,"Wheatbelt, Western Australia"
1994-05-08,1.8485340342506877,41.243724840160645,Merredin,"Wheatbelt, Western Australia"
1994-05-09,0.2660248383697185,41.243724840160645,Merredin,"Wheatbelt, Western Australia"
1994-05-10,8.0616501464295,41.243724840160645,Merredin,"Wheatbelt, Western Australia"
1994-05-11,0.0,41.243724840160645,Merredin,"Wheatbelt, Western Australia"
1994-05-12,0.0,41.243724840160645,Merredin,"Wheatbelt, Western Australia"
1994-05-13,0.0,41.243724840160645,Merredin,"Wheatbelt, Western Australia"
1994-05-14,6.59988985412908,41.243724840160645,Merredin,"Wheatbelt, Western Australia"
1994-05-15,9.543140104321504,41.243724840160645,Merredin,"Wheatbelt, Western Australia"
1994-05-16,0.0,41.243724840160645,Merredin,"Wheatbelt, Western Australia"
1994-05-17,0.0,41.243724840160645,Merredin,"Wheatbelt, Western Australia"
1994-05-18,0.0,41.243724840160645,Merredin,"Wheatbelt, Western Australia"
1994-05-19,0.0,41.243724840160645,Merredin,"Wheatbelt, Western Australia"
1994-05-20,1.359553361920575,41.243724840160645,Merredin,"Wheatbelt, Western Australia"
1994-05-21,0.0,41.243724840160645,Merredin,"Wheatbelt, Western Australia"
1994-05-22,1.6527827487354119,41.243724840160645,Merredin,"Wheatbelt, Western Australia"
1994-05-23,0.0,41.243724840160645,Merredin,"Wheatbelt, Western Australia"
1994-05-24,0.0,41.243724840160645,Merredin,"Wheatbelt, Western Australia"
1994-05-25,7.759250589134125,41.243724840160645,Merredin,"Wheatbelt, Western Australia"
1994-05-26,0.0,41.243724840160645,Merredin,"Wheatbelt, Western Australia"
1994-05-27,0.0,41.243724840160645,Merredin,"Wheatbelt, Western Australia"
1994-05-28,0.0,41.243724840160645,Merredin,"Wheatbelt, Western Australia"
1994-05-29,0.0,41.243724840160645,Merredin,"Wheatbelt, Western Australia"
1994-05-30,0.0,41.243724840160645,Merredin,"Wheatbelt, Western Australia"
1994-05-31,1.3494263287646686,41.243724840160645,Merredin,"Wheatbelt, Western Australia"
1994-06-01,3.744994028533945,36.91436422399296,Merredin,"Wheatbelt, Western Australia"
1994-06-02,0.0,36.91436422399296,Merredin,"Wheatbelt, Western Australia"
1994-06-03,0.0,36.91436422399296,Merredin,"Wheatbelt, Western Australia"
1994-06-04,0.0,36.91436422399296,Merredin,"Wheatbelt, Western Australia"
1994-06-05,0.0,36.91436422399296,Merredin,"Wheatbelt, Western Australia"
1994-06-06,0.0,36.91436422399296,Merredin,"Wheatbelt, Western Australia"
1994-06-07,0.0,36.91436422399296,Merredin,"Wheatbelt, Western Australia"
1994-06-08,0.0,36.91436422399296,Merredin,"Wheatbelt, Western Australia"
1994-06-09,0.0,36.91436422399296,Merredin,"Wheatbelt, Western Australia"
1994-06-10,0.0,36.91436422399296,Merredin,"Wheatbelt, Western Australia"
1994-06-11,0.0,36.91436422399296,Merredin,"Wheatbelt, Western Australia"
1994-06-12,0.0,36.91436422399296,Merredin,"Wheatbelt, Western Australia"
1994-06-13,0.0,36.91436422399296,Merredin,"Wheatbelt, Western Australia"
1994-06-14,3.7775243131144096,36.91436422399296,Merredin,"Wheatbelt, Western Australia"
1994-06-15,0.0,36.91436422399296,Merredin,"Wheatbelt, Western Australia"
1994-06-16,4.0912284174883435,36.91436422399296,Merredin,"Wheatbelt, Western Australia"
1994-06-17,0.0,36.91436422399296,Merredin,"Wheatbelt, Western Australia"
1994-06-18,0.0,36.91436422399296,Merredin,"Wheatbelt, Western Australia"
1994-06-19,0.0,36.91436422399296,Merredin,"Wheatbelt, Western Australia"
1994-06-20,0.0,36.91436422399296,Merredin,"Wheatbelt, Western Australia"
1994-06-21,7.675311579089865,36.91436422399296,Merredin,"Wheatbelt, Western Australia"
1994-06-22,0.0,36.91436422399296,Merredin,"Wheatbelt, Western Australia"
1994-06-23,0.0,36.91436422399296,Merredin,"Wheatbelt, Western Australia"
1994-06-24,0.0,36.91436422399296,Merredin,"Wheatbelt, Western Australia"
1994-06-25,0.0,36.91436422399296,Merredin,"Wheatbelt, Western Australia"
1994-06-26,2.446232344705881,36.91436422399296,Merredin,"Wheatbelt, Western Australia"
1994-06-27,3.8751353713481396,36.91436422399296,Merredin,"Wheatbelt, Western Australia"
1994-06-28,11.303938169712378,36.91436422399296,Merredin,"Wheatbelt, Western Australia"
1994-06-29,0.0,36.91436422399296,Merredin,"Wheatbelt, Western Australia"
1994-06-30,0.0,36.91436422399296,Merredin,"Wheatbelt, Western Australia"
1994-07-01,0.0,18.76551350811939,Merredin,"Wheatbelt, Western Australia"
1994-07-02,1.3140552976563589,18.76551350811939,Merredin,"Wheatbelt, Western Australia"
1994-07-03,0.0,18.76551350811939,Merredin,"Wheatbelt, Western Australia"
1994-07-04,4.628008120503247,18.76551350811939,Merredin,"Wheatbelt, Western Australia"
1994-07-05,0.0,18.76551350811939,Merredin,"Wheatbelt, Western Australia"
1994-07-06,0.0,18.76551350811939,Merredin,"Wheatbelt, Western Australia"
1994-07-07,0.0,18.76551350811939,Merredin,"Wheatbelt, Western Australia"
1994-07-08,0.0,18.76551350811939,Merredin,"Wheatbelt, Western Australia"
1994-07-09,0.0,18.76551350811939,Merredin,"Wheatbelt, Western Australia"
1994-07-10,0.0,18.76551350811939,Merredin,"Wheatbelt, Western Australia"
1994-07-11,0.0,18.76551350811939,Merredin,"Wheatbelt, Western Australia"
1994-07-12,4.026165874027571,18.76551350811939,Merredin,"Wheatbelt, Western Australia"
1994-07-13,0.0,18.76551350811939,Merredin,"Wheatbelt, Western Australia"
1994-07-14,0.0,18.76551350811939,Merredin,"Wheatbelt, Western Australia"
1994-07-15,0.0,18.76551350811939,Merredin,"Wheatbelt, Western Australia"
1994-07-16,0.0,18.76551350811939,Merredin,"Wheatbelt, Western Australia"
1994-07-17,0.0,18.76551350811939,Merredin,"Wheatbelt, Western Australia"
1994-07-18,0.0,18.76551350811939,Merredin,"Wheatbelt, Western Australia"
1994-07-19,1.8894339351532845,18.76551350811939,Merredin,"Wheatbelt, Western Australia"
1994-07-20,0.0,18.76551350811939,Merredin,"Wheatbelt, Western Australia"
1994-07-21,0.0,18.76551350811939,Merredin,"Wheatbelt, Western Australia"
1994-07-22,2.904114030260951,18.76551350811939,Merredin,"Wheatbelt, Western Australia"
1994-07-23,0.0,18.76551350811939,Merredin,"Wheatbelt, Western Australia"
1994-07-24,0.0,18.76551350811939,Merredin,"Wheatbelt, Western Australia"
1994-07-25,4.003736250517979,18.76551350811939,Merredin,"Wheatbelt, Western Australia"
1994-07-26,0.0,18.76551350811939,Merredin,"Wheatbelt, Western Australia"
1994-07-27,0.0,18.76551350811939,Merredin,"Wheatbelt, Western Australia"
1994-07-28,0.0,18.76551350811939,Merredin,"Wheatbelt, Western Australia"
1994-07-29,0.0,18.76551350811939,Merredin,"Wheatbelt, Western Australia"
1994-07-30,0.0,18.76551350811939,Merredin,"Wheatbelt, Western Australia"
1994-07-31,0.0,18.76551350811939,Merredin,"Wheatbelt, Western Australia"
1994-08-01,0.0,21.387225031232116,Merredin,"Wheatbelt, Western Australia"
1994-08-02,0.0,21.387225031232116,Merredin,"Wheatbelt, Western Australia"
1994-08-03,0.0,21.387225031232116,Merredin,"Wheatbelt, Western Australia"
1994-08-04,0.0,21.387225031232116,Merredin,"Wheatbelt, Western Australia"
1994-08-05,12.59914479238444,21.387225031232116,Merredin,"Wheatbelt, Western Australia"
1994-08-06,0.0,21.387225031232116,Merredin,"Wheatbelt, Western Australia"
1994-08-07,0.0,21.387225031232116,Merredin,"Wheatbelt, Western Australia"
1994-08-08,0.0,21.387225031232116,Merredin,"Wheatbelt, Western Australia"
1994-08-09,0.0,21.387225031232116,Merredin,"Wheatbelt, Western Australia"
1994-08-10,2.222494814175858,21.387225031232116,Merredin,"Wheatbelt, Western Australia"
1994-08-11,0.0,21.387225031232116,Merredin,"Wheatbelt, Western Australia"
1994-08-12,0.0,21.387225031232116,Merredin,"Wheatbelt, Western Australia"
1994-08-13,0.0,21.387225031232116,Merredin,"Wheatbelt, Western Australia"
1994-08-14,0.0,21.387225031232116,Merredin,"Wheatbelt, Western Australia"
1994-08-15,0.0,21.387225031232116,Merredin,"Wheatbelt, Western Australia"
1994-08-16,0.0,21.387225031232116,Merredin,"Wheatbelt, Western Australia"
1994-08-17,0.0,21.387225031232116,Merredin,"Wheatbelt, Western Australia"
1994-08-18,0.0,21.387225031232116,Merredin,"Wheatbelt, Western Australia"
1994-08-19,0.0,21.387225031232116,Merredin,"Wheatbelt, Western Australia"
1994-08-20,2.3503308914855543,21.387225031232116,Merredin,"Wheatbelt, Western Australia"
1994-08-21,0.0,21.387225031232116,Merredin,"Wheatbelt, Western Australia"
1994-08-22,0.0,21.387225031232116,Merredin,"Wheatbelt, Western Australia"
1994-08-23,0.0,21.387225031232116,Merredin,"Wheatbelt, Western Australia"
1994-08-24,0.0,21.387225031232116,Merredin,"Wheatbelt, Western Australia"
1994-08-25,0.0,21.387225031232116,Merredin,"Wheatbelt, Western Australia"
1994-08-26,3.8869733457851714,21.387225031232116,Merredin,"Wheatbelt, Western Australia"
1994-08-27,0.3282811874010915,21.387225031232116,Merredin,"Wheatbelt, Western Australia"
1994-08-28,0.0,21.387225031232116,Merredin,"Wheatbelt, Western Australia"
1994-08-29,0.0,21.387225031232116,Merredin,"Wheatbelt, Western Australia"
1994-08-30,0.0,21.387225031232116,Merredin,"Wheatbelt, Western Australia"
1994-08-31,0.0,21.387225031232116,Merredin,"Wheatbelt, Western Australia"
1994-09-01,0.0,15.023265288820731,Merredin,"Wheatbelt, Western Australia"
1994-09-02,0.0,15.023265288820731,Merredin,"Wheatbelt, Western Australia"
1994-09-03,4.150845638917194,15.023265288820731,Merredin,"Wheatbelt, Western Australia"
1994-09-04,1.5437025176753616,15.023265288820731,Merredin,"Wheatbelt, Western Australia"
1994-09-05,0.0,15.023265288820731,Merredin,"Wheatbelt, Western Australia"
1994-09-06,0.0,15.023265288820731,Merredin,"Wheatbelt, Western Australia"
1994-09-07,0.0,15.023265288820731,Merredin,"Wheatbelt, Western Australia"
1994-09-08,0.0,15.023265288820731,Merredin,"Wheatbelt, Western Australia"
1994-09-09,0.0,15.023265288820731,Merredin,"Wheatbelt, Western Australia"
1994-09-10,0.0,15.023265288820731,Merredin,"Wheatbelt, Western Australia"
1994-09-11,0.0,15.023265288820731,Merredin,"Wheatbelt, Western Australia"
1994-09-12,0.0,15.023265288820731,Merredin,"Wheatbelt, Western Australia"
1994-09-13,0.0,15.023265288820731,Merredin,"Wheatbelt, Western Australia"
1994-09-14,0.0,15.023265288820731,Merredin,"Wheatbelt, Western Australia"
1994-09-15,0.0,15.023265288820731,Merredin,"Wheatbelt, Western Australia"
1994-09-16,0.0,15.023265288820731,Merredin,"Wheatbelt, Western Australia"
1994-09-17,1.4181058376388953,15.023265288820731,Merredin,"Wheatbelt, Western Australia"
1994-09-18,0.0,15.023265288820731,Merredin,"Wheatbelt, Western Australia"
1994-09-19,0.0,15.023265288820731,Merredin,"Wheatbelt, Western Australia"
1994-09-20,0.0,15.023265288820731,Merredin,"Wheatbelt, Western Australia"
1994-09-21,2.922469169381388,15.023265288820731,Merredin,"Wheatbelt, Western Australia"
1994-09-22,0.0,15.023265288820731,Merredin,"Wheatbelt, Western Australia"
1994-09-23,0.0,15.023265288820731,Merredin,"Wheatbelt, Western Australia"
1994-09-24,0.0,15.023265288820731,Merredin,"Wheatbelt, Western Australia"
1994-09-25,0.0,15.023265288820731,Merredin,"Wheatbelt, Western Australia"
1994-09-26,4.988142125207892,15.023265288820731,Merredin,"Wheatbelt, Western Australia"
1994-09-27,0.0,15.023265288820731,Merredin,"Wheatbelt, Western Australia"
1994-09-28,0.0,15.023265288820731,Merredin,"Wheatbelt, Western Australia"
1994-09-29,0.0,15.023265288820731,Merredin,"Wheatbelt, Western Australia"
1994-09-30,0.0,15.023265288820731,Merredin,"Wheatbelt, Western Australia"
1994-10-01,0.0,42.51290047283574,Merredin,"Wheatbelt, Western Australia"
1994-10-02,6.982708980032205,42.51290047283574,Merredin,"Wheatbelt, Western Australia"
1994-10-03,0.0,42.51290047283574,Merredin,"Wheatbelt, Western Australia"
1994-10-04,0.0,42.51290047283574,Merredin,"Wheatbelt, Western Australia"
1994-10-05,0.0,42.51290047283574,Merredin,"Wheatbelt, Western Australia"
1994-10-06,7.23533886221678,42.51290047283574,Merredin,"Wheatbelt, Western Australia"
1994-10-07,0.0,42.51290047283574,Merredin,"Wheatbelt, Western Australia"
1994-10-08,3.2245411401102237,42.51290047283574,Merredin,"Wheatbelt, Western Australia"
1994-10-09,4.439761848239492,42.51290047283574,Merredin,"Wheatbelt, Western Australia"
1994-10-10,0.6559296761974103,42.51290047283574,Merredin,"Wheatbelt, Western Australia"
1994-10-11,0.0,42.51290047283574,Merredin,"Wheatbelt, Western Australia"
1994-10-12,0.0,42.51290047283574,Merredin,"Wheatbelt, Western Australia"
1994-10-13,0.0,42.51290047283574,Merredin,"Wheatbelt, Western Australia"
1994-10-14,1.695309735287459,42.51290047283574,Merredin,"Wheatbelt, Western Australia"
1994-10-15,0.0,42.51290047283574,Merredin,"Wheatbelt, Western Australia"
1994-10-16,0.0,42.51290047283574,Merredin,"Wheatbelt, Western Australia"
1994-10-17,0.0,42.51290047283574,Merredin,"Wheatbelt, Western Australia"
1994-10-18,0.0,42.51290047283574,Merredin,"Wheatbelt, Western Australia"
1994-10-19,1.2324304814299116,42.51290047283574,Merredin,"Wheatbelt, Western Australia"
1994-10-20,17.04687974932225,42.51290047283574,Merredin,"Wheatbelt, Western Australia"
1994-10-21,0.0,42.51290047283574,Merredin,"Wheatbelt, Western Australia"
1994-10-22,0.0,42.51290047283574,Merredin,"Wheatbelt, Western Australia"
1994-10-23,0.0,42.51290047283574,Merredin,"Wheatbelt, Western Australia"
1994-10-24,0.0,42.51290047283574,Merredin,"Wheatbelt, Western Australia"
1994-10-25,0.0,42.51290047283574,Merredin,"Wheatbelt, Western Australia"
1994-10-26,0.0,42.51290047283574,Merredin,"Wheatbelt, Western Australia"
1994-10-27,0.0,42.51290047283574,Merredin,"Wheatbelt, Western Australia"
1994-10-28,0.0,42.51290047283574,Merredin,"Wheatbelt, Western Australia"
1994-10-29,0.0,42.51290047283574,Merredin,"Wheatbelt, Western Australia"
1994-10-30,0.0,42.51290047283574,Merredin,"Wheatbelt, Western Australia"
1994-10-31,0.0,42.51290047283574,Merredin,"Wheatbelt, Western Australia"
1994-11-01,3.83064904872151,29.006228988041258,Merredin,"Wheatbelt, Western Australia"
1994-11-02,0.0,29.006228988041258,Merredin,"Wheatbelt, Western Australia"
1994-11-03,6.996269485032826,29.006228988041258,Merredin,"Wheatbelt, Western Australia"
1994-11-04,0.0,29.006228988041258,Merredin,"Wheatbelt, Western Australia"
1994-11-05,0.0,29.006228988041258,Merredin,"Wheatbelt, Western Australia"
1994-11-06,0.0,29.006228988041258,Merredin,"Wheatbelt, Western Australia"
1994-11-07,0.0,29.006228988041258,Merredin,"Wheatbelt, Western Australia"
1994-11-08,0.0,29.006228988041258,Merredin,"Wheatbelt, Western Australia"
1994-11-09,3.2671359248290015,29.006228988041258,Merredin,"Wheatbelt, Western Australia"
1994-11-10,0.0,29.006228988041258,Merredin,"Wheatbelt, Western Australia"
1994-11-11,0.0,29.006228988041258,Merredin,"Wheatbelt, Western Australia"
1994-11-12,0.0,29.006228988041258,Merredin,"Wheatbelt, Western Australia"
1994-11-13,0.0,29.006228988041258,Merredin,"Wheatbelt, Western Australia"
1994-11-14,2.0230860494627882,29.006228988041258,Merredin,"Wheatbelt, Western Australia"
1994-11-15,0.0,29.006228988041258,Merredin,"Wheatbelt, Western Australia"
1994-11-16,3.6318004933704215,29.006228988041258,Merredin,"Wheatbelt, Western Australia"
1994-11-17,0.0,29.006228988041258,Merredin,"Wheatbelt, Western Australia"
1994-11-18,0.0,29.006228988041258,Merredin,"Wheatbelt, Western Australia"
1994-11-19,0.0,29.006228988041258,Merredin,"Wheatbelt, Western Australia"
1994-11-20,0.0,29.006228988041258,Merredin,"Wheatbelt, Western Australia"
1994-11-21,0.0,29.006228988041258,Merredin,"Wheatbelt, Western Australia"
1994-11-22,0.0,29.006228988041258,Merredin,"Wheatbelt, Western Australia"
1994-11-23,0.0,29.006228988041258,Merredin,"Wheatbelt, Western Australia"
1994-11-24,9.257287986624712,29.006228988041258,Merredin,"Wheatbelt, Western Australia"
1994-11-25,0.0,29.006228988041258,Merredin,"Wheatbelt, Western Australia"
1994-11-26,0.0,29.006228988041258,Merredin,"Wheatbelt, Western Australia"
1994-11-27,0.0,29.006228988041258,Merredin,"Wheatbelt, Western Australia"
1994-11-28,0.0,29.006228988041258,Merredin,"Wheatbelt, Western Australia"
1994-11-29,0.0,29.006228988041258,Merredin,"Wheatbelt, Western Australia"
1994-11-30,0.0,29.006228988041258,Merredin,"Wheatbelt, Western Australia"
1994-12-01,3.3256842363746557,26.58262839085062,Merredin,"Wheatbelt, Western Australia"
1994-12-02,0.5282971077656243,26.58262839085062,Merredin,"Wheatbelt, Western Australia"
1994-12-03,0.0,26.58262839085062,Merredin,"Wheatbelt, Western Australia"
1994-12-04,0.0,26.58262839085062,Merredin,"Wheatbelt, Western Australia"
1994-12-05,4.91600814769018,26.58262839085062,Merredin,"Wheatbelt, Western Australia"
1994-12-06,0.0,26.58262839085062,Merredin,"Wheatbelt, Western Australia"
1994-12-07,0.0,26.58262839085062,Merredin,"Wheatbelt, Western Australia"
1994-12-08,6.529938908502997,26.58262839085062,Merredin,"Wheatbelt, Western Australia"
1994-12-09,0.0,26.58262839085062,Merredin,"Wheatbelt, Western Australia"
1994-12-10,0.0,26.58262839085062,Merredin,"Wheatbelt, Western Australia"
1994-12-11,0.0,26.58262839085062,Merredin,"Wheatbelt, Western Australia"
1994-12-12,0.0,26.58262839085062,Merredin,"Wheatbelt, Western Australia"
1994-12-13,0.0,26.58262839085062,Merredin,"Wheatbelt, Western Australia"
1994-12-14,0.0,26.58262839085062,Merredin,"Wheatbelt, Western Australia"
1994-12-15,0.0,26.58262839085062,Merredin,"Wheatbelt, Western Australia"
1994-12-16,0.0,26.58262839085062,Merredin,"Wheatbelt, Western Australia"
1994-12-17,0.0,26.58262839085062,Merredin,"Wheatbelt, Western Australia"
1994-12-18,10.682300539007262,26.58262839085062,Merredin,"Wheatbelt, Western Australia"
1994-12-19,0.0,26.58262839085062,Merredin,"Wheatbelt, Western Australia"
1994-12-20,0.0,26.58262839085062,Merredin,"Wheatbelt, Western Australia"
1994-12-21,0.0,26.58262839085062,Merredin,"Wheatbelt, Western Australia"
1994-12-22,0.0,26.58262839085062,Merredin,"Wheatbelt, Western Australia"
1994-12-23,0.0,26.58262839085062,Merredin,"Wheatbelt, Western Australia"
1994-12-24,0.0,26.58262839085062,Merredin,"Wheatbelt, Western Australia"
1994-12-25,0.6003994515099025,26.58262839085062,Merredin,"Wheatbelt, Western Australia"
1994-12-26,0.0,26.58262839085062,Merredin,"Wheatbelt, Western Australia"
1994-12-27,0.0,26.58262839085062,Merredin,"Wheatbelt, Western Australia"
1994-12-28,0.0,26.58262839085062,Merredin,"Wheatbelt, Western Australia"
1994-12-29,0.0,26.58262839085062,Merredin,"Wheatbelt, Western Australia"
1994-12-30,0.0,26.58262839085062,Merredin,"Wheatbelt, Western Australia"
1994-12-31,0.0,26.58262839085062,Merredin,"Wheatbelt, Western Australia"
1995-01-01,0.0,12.06744737433516,Merredin,"Wheatbelt, Western Australia"
1995-01-02,0.0,12.06744737433516,Merredin,"Wheatbelt, Western Australia"
1995-01-03,0.0,12.06744737433516,Merredin,"Wheatbelt, Western Australia"
1995-01-04,3.07183326322188,12.06744737433516,Merredin,"Wheatbelt, Western Australia"
1995-01-05,0.0,12.06744737433516,Merredin,"Wheatbelt, Western Australia"
1995-01-06,3.1103218452233072,12.06744737433516,Merredin,"Wheatbelt, Western Australia"
1995-01-07,0.0,12.06744737433516,Merredin,"Wheatbelt, Western Australia"
1995-01-08,0.0,12.06744737433516,Merredin,"Wheatbelt, Western Australia"
1995-01-09,4.3982577916675165,12.06744737433516,Merredin,"Wheatbelt, Western Australia"
1995-01-10,0.0,12.06744737433516,Merredin,"Wheatbelt, Western Australia"
1995-01-11,0.0,12.06744737433516,Merredin,"Wheatbelt, Western Australia"
1995-01-12,0.0,12.06744737433516,Merredin,"Wheatbelt, Western Australia"
1995-01-13,0.0,12.06744737433516,Merredin,"Wheatbelt, Western Australia"
1995-01-14,0.0,12.06744737433516,Merredin,"Wheatbelt, Western Australia"
1995-01-15,0.0,12.06744737433516,Merredin,"Wheatbelt, Western Australia"
1995-01-16,0.0,12.06744737433516,Merredin,"Wheatbelt, Western Australia"
1995-01-17,0.0,12.06744737433516,Merredin,"Wheatbelt, Western Australia"
1995-01-18,0.0,12.06744737433516,Merredin,"Wheatbelt, Western Australia"
1995-01-19,0.0,12.06744737433516,Merredin,"Wheatbelt, Western Australia"
1995-01-20,0.0,12.06744737433516,Merredin,"Wheatbelt, Western Australia"
1995-01-21,0.0,12.06744737433516,Merredin,"Wheatbelt, Western Australia"
1995-01-22,0.0,12.06744737433516,Merredin,"Wheatbelt, Western Australia"
1995-01-23,0.0,12.06744737433516,Merredin,"Wheatbelt, Western Australia"
1995-01-24,0.0,12.06744737433516,Merredin,"Wheatbelt, Western Australia"
1995-01-25,0.0,12.06744737433516,Merredin,"Wheatbelt, Western Australia"
1995-01-26,0.0,12.06744737433516,Merredin,"Wheatbelt, Western Australia"
1995-01-27,0.0,12.06744737433516,Merredin,"Wheatbelt, Western Australia"
1995-01-28,1.487034474222456,12.06744737433516,Merredin,"Wheatbelt, Western Australia"
1995-01-29,0.0,12.06744737433516,Merredin,"Wheatbelt, Western Australia"
1995-01-30,0.0,12.06744737433516,Merredin,"Wheatbelt, Western Australia"
1995-01-31,0.0,12.06744737433516,Merredin,"Wheatbelt, Western Australia"
1995-02-01,1.224062808475215,22.104593974777917,Merredin,"Wheatbelt, Western Australia"
1995-02-02,0.0,22.104593974777917,Merredin,"Wheatbelt, Western Australia"
1995-02-03,3.45697091136507,22.104593974777917,Merredin,"Wheatbelt, Western Australia"
1995-02-04,0.0,22.104593974777917,Merredin,"Wheatbelt, Western Australia"
1995-02-05,1.3918126328732296,22.104593974777917,Merredin,"Wheatbelt, Western Australia"
1995-02-06,0.0,22.104593974777917,Merredin,"Wheatbelt, Western Australia"
1995-02-07,0.0,22.104593974777917,Merredin,"Wheatbelt, Western Australia"
1995-02-08,0.0,22.104593974777917,Merredin,"Wheatbelt, Western Australia"
1995-02-09,0.7910303511071048,22.104593974777917,Merredin,"Wheatbelt, Western Australia"
1995-02-10,0.0,22.104593974777917,Merredin,"Wheatbelt, Western Australia"
1995-02-11,0.0,22.104593974777917,Merredin,"Wheatbelt, Western Australia"
1995-02-12,0.0,22.104593974777917,Merredin,"Wheatbelt, Western Australia"
1995-02-13,0.0,22.104593974777917,Merredin,"Wheatbelt, Western Australia"
1995-02-14,7.777654147015209,22.104593974777917,Merredin,"Wheatbelt, Western Australia"
1995-02-15,0.0,22.104593974777917,Merredin,"Wheatbelt, Western Australia"
1995-02-16,0.0,22.104593974777917,Merredin,"Wheatbelt, Western Australia"
1995-02-17,0.0,22.104593974777917,Merredin,"Wheatbelt, Western Australia"
1995-02-18,0.0,22.104593974777917,Merredin,"Wheatbelt, Western Australia"
1995-02-19,0.0,22.104593974777917,Merredin,"Wheatbelt, Western Australia"
1995-02-20,0.0,22.104593974777917,Merredin,"Wheatbelt, Western Australia"
1995-02-21,0.0,22.104593974777917,Merredin,"Wheatbelt, Western Australia"
1995-02-22,0.0,22.104593974777917,Merredin,"Wheatbelt, Western Australia"
1995-02-23,0.4560457239366994,22.104593974777917,Merredin,"Wheatbelt, Western Australia"
1995-02-24,7.00701740000539,22.104593974777917,Merredin,"Wheatbelt, Western Australia"
1995-02-25,0.0,22.104593974777917,Merredin,"Wheatbelt, Western Australia"
1995-02-26,0.0,22.104593974777917,Merredin,"Wheatbelt, Western Australia"
1995-02-27,0.0,22.104593974777917,Merredin,"Wheatbelt, Western Australia"
1995-02-28,0.0,22.104593974777917,Merredin,"Wheatbelt, Western Australia"
1995-03-01,0.0,28.738821042985705,Merredin,"Wheatbelt, Western Australia"
1995-03-02,0.0,28.738821042985705,Merredin,"Wheatbelt, Western Australia"
1995-03-03,0.0,28.738821042985705,Merredin,"Wheatbelt, Western Australia"
1995-03-04,0.9443049483275506,28.738821042985705,Merredin,"Wheatbelt, Western Australia"
1995-03-05,0.0,28.738821042985705,Merredin,"Wheatbelt, Western Australia"
1995-03-06,0.0,28.738821042985705,Merredin,"Wheatbelt, Western Australia"
1995-03-07,3.981222928126303,28.738821042985705,Merredin,"Wheatbelt, Western Australia"
1995-03-08,1.7433039241727752,28.738821042985705,Merredin,"Wheatbelt, Western Australia"
1995-03-09,0.0,28.738821042985705,Merredin,"Wheatbelt, Western Australia"
1995-03-10,0.0,28.738821042985705,Merredin,"Wheatbelt, Western Australia"
1995-03-11,0.0,28.738821042985705,Merredin,"Wheatbelt, Western Australia"
1995-03-12,0.0,28.738821042985705,Merredin,"Wheatbelt, Western Australia"
1995-03-13,0.0,28.738821042985705,Merredin,"Wheatbelt, Western Australia"
1995-03-14,3.406597943605758,28.738821042985705,Merredin,"Wheatbelt, Western Australia"
1995-03-15,0.0,28.738821042985705,Merredin,"Wheatbelt, Western Australia"
1995-03-16,0.0,28.738821042985705,Merredin,"Wheatbelt, Western Australia"
1995-03-17,0.0,28.738821042985705,Merredin,"Wheatbelt, Western Australia"
1995-03-18,5.975610540205153,28.738821042985705,Merredin,"Wheatbelt, Western Australia"
1995-03-19,0.0,28.738821042985705,Merredin,"Wheatbelt, Western Australia"
1995-03-20,0.0,28.738821042985705,Merredin,"Wheatbelt, Western Australia"
1995-03-21,0.0,28.738821042985705,Merredin,"Wheatbelt, Western Australia"
1995-03-22,2.9054796572976946,28.738821042985705,Merredin,"Wheatbelt, Western Australia"
1995-03-23,0.0,28.738821042985705,Merredin,"Wheatbelt, Western Australia"
1995-03-24,0.686459385902457,28.738821042985705,Merredin,"Wheatbelt, Western Australia"
1995-03-25,0.0,28.738821042985705,Merredin,"Wheatbelt, Western Australia"
1995-03-26,0.0,28.738821042985705,Merredin,"Wheatbelt, Western Australia"
1995-03-27,2.945827593570387,28.738821042985705,Merredin,"Wheatbelt, Western Australia"
1995-03-28,2.903261019034636,28.738821042985705,Merredin,"Wheatbelt, Western Australia"
1995-03-29,0.0,28.738821042985705,Merredin,"Wheatbelt, Western Australia"
1995-03-30,0.0,28.738821042985705,Merredin,"Wheatbelt, Western Australia"
1995-03-31,3.2467531027429892,28.738821042985705,Merredin,"Wheatbelt, Western Australia"
1995-04-01,0.0,49.88860188854075,Merredin,"Wheatbelt, Western Australia"
1995-04-02,0.0,49.88860188854075,Merredin,"Wheatbelt, Western Australia"
1995-04-03,1.0275573803131006,49.88860188854075,Merredin,"Wheatbelt, Western Australia"
1995-04-04,6.3955889715642416,49.88860188854075,Merredin,"Wheatbelt, Western Australia"
1995-04-05,2.6659638855678547,49.88860188854075,Merredin,"Wheatbelt, Western Australia"
1995-04-06,8.239889630222567,49.88860188854075,Merredin,"Wheatbelt, Western Australia"
1995-04-07,0.0,49.88860188854075,Merredin,"Wheatbelt, Western Australia"
1995-04-08,0.0,49.88860188854075,Merredin,"Wheatbelt, Western Australia"
1995-04-09,0.0,49.88860188854075,Merredin,"Wheatbelt, Western Australia"
1995-04-10,7.393970668630023,49.88860188854075,Merredin,"Wheatbelt, Western Australia"
1995-04-11,4.285387049486866,49.88860188854075,Merredin,"Wheatbelt, Western Australia"
1995-04-12,8.638170107532998,49.88860188854075,Merredin,"Wheatbelt, Western Australia"
1995-04-13,0.0,49.88860188854075,Merredin,"Wheatbelt, Western Australia"
1995-04-14,0.0,49.88860188854075,Merredin,"Wheatbelt, Western Australia"
1995-04-15,0.0,49.88860188854075,Merredin,"Wheatbelt, Western Australia"
1995-04-16,0.0,49.88860188854075,Merredin,"Wheatbelt, Western Australia"
1995-04-17,0.0,49.88860188854075,Merredin,"Wheatbelt, Western Australia"
1995-04-18,5.069532410112395,49.88860188854075,Merredin,"Wheatbelt, Western Australia"
1995-04-19,0.0,49.88860188854075,Merredin,"Wheatbelt, Western Australia"
1995-04-20,0.0,49.88860188854075,Merredin,"Wheatbelt, Western Australia"
1995-04-21,0.0,49.88860188854075,Merredin,"Wheatbelt, Western Australia"
1995-04-22,0.0,49.88860188854075,Merredin,"Wheatbelt, Western Australia"
1995-04-23,0.499464455320231,49.88860188854075,Merredin,"Wheatbelt, Western Australia"
1995-04-24,5.6730773297904715,49.88860188854075,Merredin,"Wheatbelt, Western Australia"
1995-04-25,0.0,49.88860188854075,Merredin,"Wheatbelt, Western Australia"
1995-04-26,0.0,49.88860188854075,Merredin,"Wheatbelt, Western Australia"
1995-04-27,0.0,49.88860188854075,Merredin,"Wheatbelt, Western Australia"
1995-04-28,0.0,49.88860188854075,Merredin,"Wheatbelt, Western Australia"
1995-04-29,0.0,49.88860188854075,Merredin,"Wheatbelt, Western Australia"
1995-04-30,0.0,49.88860188854075,Merredin,"Wheatbelt, Western Australia"
1995-05-01,0.0,12.289911874909018,Merredin,"Wheatbelt, Western Australia"
1995-05-02,0.0,12.289911874909018,Merredin,"Wheatbelt, Western Australia"
1995-05-03,0.0,12.289911874909018,Merredin,"Wheatbelt, Western Australia"
1995-05-04,0.0,12.289911874909018,Merredin,"Wheatbelt, Western Australia"
1995-05-05,0.0,12.289911874909018,Merredin,"Wheatbelt, Western Australia"
1995-05-06,0.0,12.289911874909018,Merredin,"Wheatbelt, Western Australia"
1995-05-07,0.0,12.289911874909018,Merredin,"Wheatbelt, Western Australia"
1995-05-08,0.0,12.289911874909018,Merredin,"Wheatbelt, Western Australia"
1995-05-09,0.0,12.289911874909018,Merredin,"Wheatbelt, Western Australia"
1995-05-10,3.7743193412844933,12.289911874909018,Merredin,"Wheatbelt, Western Australia"
1995-05-11,0.0,12.289911874909018,Merredin,"Wheatbelt, Western Australia"
1995-05-12,0.0,12.289911874909018,Merredin,"Wheatbelt, Western Australia"
1995-05-13,0.0,12.289911874909018,Merredin,"Wheatbelt, Western Australia"
1995-05-14,0.0,12.289911874909018,Merredin,"Wheatbelt, Western Australia"
1995-05-15,0.0,12.289911874909018,Merredin,"Wheatbelt, Western Australia"
1995-05-16,0.0,12.289911874909018,Merredin,"Wheatbelt, Western Australia"
1995-05-17,2.232899941203052,12.289911874909018,Merredin,"Wheatbelt, Western Australia"
1995-05-18,0.0,12.289911874909018,Merredin,"Wheatbelt, Western Australia"
1995-05-19,0.0,12.289911874909018,Merredin,"Wheatbelt, Western Australia"
1995-05-20,0.0,12.289911874909018,Merredin,"Wheatbelt, Western Australia"
1995-05-21,0.0,12.289911874909018,Merredin,"Wheatbelt, Western Australia"
1995-05-22,0.0,12.289911874909018,Merredin,"Wheatbelt, Western Australia"
1995-05-23,0.0,12.289911874909018,Merredin,"Wheatbelt, Western Australia"
1995-05-24,0.0,12.289911874909018,Merredin,"Wheatbelt, Western Australia"
1995-05-25,0.0,12.289911874909018,Merredin,"Wheatbelt, Western Australia"
1995-05-26,0.0,12.289911874909018,Merredin,"Wheatbelt, Western Australia"
1995-05-27,0.0,12.289911874909018,Merredin,"Wheatbelt, Western Australia"
1995-05-28,1.7275021592604527,12.289911874909018,Merredin,"Wheatbelt, Western Australia"
1995-05-29,0.0,12.289911874909018,Merredin,"Wheatbelt, Western Australia"
1995-05-30,0.0,12.289911874909018,Merredin,"Wheatbelt, Western Australia"
1995-05-31,4.55519043316102,12.289911874909018,Merredin,"Wheatbelt, Western Australia"
1995-06-01,0.0,40.56326346028332,Merredin,"Wheatbelt, Western Australia"
1995-06-02,0.0,40.56326346028332,Merredin,"Wheatbelt, Western Australia"
1995-06-03,7.446560197910189,40.56326346028332,Merredin,"Wheatbelt, Western Australia"
1995-06-04,0.0,40.56326346028332,Merredin,"Wheatbelt, Western Australia"
1995-06-05,0.0,40.56326346028332,Merredin,"Wheatbelt, Western Australia"
1995-06-06,0.0,40.56326346028332,Merredin,"Wheatbelt, Western Australia"
1995-06-07,0.0,40.56326346028332,Merredin,"Wheatbelt, Western Australia"
1995-06-08,0.0,40.56326346028332,Merredin,"Wheatbelt, Western Australia"
1995-06-09,5.846683908289415,40.56326346028332,Merredin,"Wheatbelt, Western Australia"
1995-06-10,6.686269180974053,40.56326346028332,Merredin,"Wheatbelt, Western Australia"
1995-06-11,0.0,40.56326346028332,Merredin,"Wheatbelt, Western Australia"
1995-06-12,7.213479778564517,40.56326346028332,Merredin,"Wheatbelt, Western Australia"
1995-06-13,0.0,40.56326346028332,Merredin,"Wheatbelt, Western Australia"
1995-06-14,1.0081768079240927,40.56326346028332,Merredin,"Wheatbelt, Western Australia"
1995-06-15,0.0,40.56326346028332,Merredin,"Wheatbelt, Western Australia"
1995-06-16,0.0,40.56326346028332,Merredin,"Wheatbelt, Western Australia"
1995-06-17,0.0,40.56326346028332,Merredin,"Wheatbelt, Western Australia"
1995-06-18,0.0,40.56326346028332,Merredin,"Wheatbelt, Western Australia"
1995-06-19,0.0,40.56326346028332,Merredin,"Wheatbelt, Western Australia"
1995-06-20,0.5949171676080683,40.56326346028332,Merredin,"Wheatbelt, Western Australia"
1995-06-21,0.0,40.56326346028332,Merredin,"Wheatbelt, Western Australia"
1995-06-22,0.0,40.56326346028332,Merredin,"Wheatbelt, Western Australia"
1995-06-23,0.0,40.56326346028332,Merredin,"Wheatbelt, Western Australia"
1995-06-24,3.2598206639558986,40.56326346028332,Merredin,"Wheatbelt, Western Australia"
1995-06-25,0.0,40.56326346028332,Merredin,"Wheatbelt, Western Australia"
1995-06-26,0.0,40.56326346028332,Merredin,"Wheatbelt, Western Australia"
1995-06-27,0.0,40.56326346028332,Merredin,"Wheatbelt, Western Australia"
1995-06-28,0.0,40.56326346028332,Merredin,"Wheatbelt, Western Australia"
1995-06-29,4.361447301878451,40.56326346028332,Merredin,"Wheatbelt, Western Australia"
1995-06-30,4.145908453178637,40.56326346028332,Merredin,"Wheatbelt, Western Australia"
1995-07-01,0.0,27.27859345538094,Merredin,"Wheatbelt, Western Australia"
1995-07-02,0.0,27.27859345538094,Merredin,"Wheatbelt, Western Australia"
1995-07-03,0.0,27.27859345538094,Merredin,"Wheatbelt, Western Australia"
1995-07-04,6.760300977087441,27.27859345538094,Merredin,"Wheatbelt, Western Australia"
1995-07-05,0.0,27.27859345538094,Merredin,"Wheatbelt, Western Australia"
1995-07-06,0.0,27.27859345538094,Merredin,"Wheatbelt, Western Australia"
1995-07-07,0.0,27.27859345538094,Merredin,"Wheatbelt, Western Australia"
1995-07-08,0.0,27.27859345538094,Merredin,"Wheatbelt, Western Australia"
1995-07-09,0.0,27.27859345538094,Merredin,"Wheatbelt, Western Australia"
1995-07-10,0.0,27.27859345538094,Merredin,"Wheatbelt, Western Australia"
1995-07-11,0.0,27.27859345538094,Merredin,"Wheatbelt, Western Australia"
1995-07-12,0.0,27.27859345538094,Merredin,"Wheatbelt, Western Australia"
1995-07-13,0.0,27.27859345538094,Merredin,"Wheatbelt, Western Australia"
1995-07-14,0.0,27.27859345538094,Merredin,"Wheatbelt, Western Australia"
1995-07-15,5.373890852230665,27.27859345538094,Merredin,"Wheatbelt, Western Australia"
1995-07-16,0.9264090329971413,27.27859345538094,Merredin,"Wheatbelt, Western Australia"
1995-07-17,0.0,27.27859345538094,Merredin,"Wheatbelt, Western Australia"
1995-07-18,0.0,27.27859345538094,Merredin,"Wheatbelt, Western Australia"
1995-07-19,3.027441163504066,27.27859345538094,Merredin,"Wheatbelt, Western Australia"
1995-07-20,2.3464601992770007,27.27859345538094,Merredin,"Wheatbelt, Western Australia"
1995-07-21,0.0,27.27859345538094,Merredin,"Wheatbelt, Western Australia"
1995-07-22,0.0,27.27859345538094,Merredin,"Wheatbelt, Western Australia"
1995-07-23,0.0,27.27859345538094,Merredin,"Wheatbelt, Western Australia"
1995-07-24,0.0,27.27859345538094,Merredin,"Wheatbelt, Western Australia"
1995-07-25,0.0,27.27859345538094,Merredin,"Wheatbelt, Western Australia"
1995-07-26,0.0,27.27859345538094,Merredin,"Wheatbelt, Western Australia"
1995-07-27,2.4410178785768353,27.27859345538094,Merredin,"Wheatbelt, Western Australia"
1995-07-28,1.283250555300959,27.27859345538094,Merredin,"Wheatbelt, Western Australia"
1995-07-29,5.1198227964068295,27.27859345538094,Merredin,"Wheatbelt, Western Australia"
1995-07-30,0.0,27.27859345538094,Merredin,"Wheatbelt, Western Australia"
1995-07-31,0.0,27.27859345538094,Merredin,"Wheatbelt, Western Australia"
1995-08-01,0.0,15.442494964157275,Merredin,"Wheatbelt, Western Australia"
1995-08-02,0.0,15.442494964157275,Merredin,"Wheatbelt, Western Australia"
1995-08-03,0.0,15.442494964157275,Merredin,"Wheatbelt, Western Australia"
1995-08-04,0.0,15.442494964157275,Merredin,"Wheatbelt, Western Australia"
1995-08-05,0.0,15.442494964157275,Merredin,"Wheatbelt, Western Australia"
1995-08-06,0.0,15.442494964157275,Merredin,"Wheatbelt, Western Australia"
1995-08-07,0.0,15.442494964157275,Merredin,"Wheatbelt, Western Australia"
1995-08-08,0.0,15.442494964157275,Merredin,"Wheatbelt, Western Australia"
1995-08-09,0.0,15.442494964157275,Merredin,"Wheatbelt, Western Australia"
1995-08-10,0.0,15.442494964157275,Merredin,"Wheatbelt, Western Australia"
1995-08-11,0.0,15.442494964157275,Merredin,"Wheatbelt, Western Australia"
1995-08-12,0.0,15.442494964157275,Merredin,"Wheatbelt, Western Australia"
1995-08-13,0.0,15.442494964157275,Merredin,"Wheatbelt, Western Australia"
1995-08-14,5.4159139283378055,15.442494964157275,Merredin,"Wheatbelt, Western Australia"
1995-08-15,0.0,15.442494964157275,Merredin,"Wheatbelt, Western Australia"
1995-08-16,5.510401360161978,15.442494964157275,Merredin,"Wheatbelt, Western Australia"
1995-08-17,0.0,15.442494964157275,Merredin,"Wheatbelt, Western Australia"
1995-08-18,0.0,15.442494964157275,Merredin,"Wheatbelt, Western Australia"
1995-08-19,0.0,15.442494964157275,Merredin,"Wheatbelt, Western Australia"
1995-08-20,0.0,15.442494964157275,Merredin,"Wheatbelt, Western Australia"
1995-08-21,0.0,15.442494964157275,Merredin,"Wheatbelt, Western Australia"
1995-08-22,0.0,15.442494964157275,Merredin,"Wheatbelt, Western Australia"
1995-08-23,0.0,15.442494964157275,Merredin,"Wheatbelt, Western Australia"
1995-08-24,0.0,15.442494964157275,Merredin,"Wheatbelt, Western Australia"
1995-08-25,0.0,15.442494964157275,Merredin,"Wheatbelt, Western Australia"
1995-08-26,0.0,15.442494964157275,Merredin,"Wheatbelt, Western Australia"
1995-08-27,0.0,15.442494964157275,Merredin,"Wheatbelt, Western Australia"
1995-08-28,0.0,15.442494964157275,Merredin,"Wheatbelt, Western Australia"
1995-08-29,0.0,15.442494964157275,Merredin,"Wheatbelt, Western Australia"
1995-08-30,0.0,15.442494964157275,Merredin,"Wheatbelt, Western Australia"
1995-08-31,4.516179675657491,15.442494964157275,Merredin,"Wheatbelt, Western Australia"
1995-09-01,0.0,20.15492869732322,Merredin,"Wheatbelt, Western Australia"
1995-09-02,0.0,20.15492869732322,Merredin,"Wheatbelt, Western Australia"
1995-09-03,2.312921138853118,20.15492869732322,Merredin,"Wheatbelt, Western Australia"
1995-09-04,0.0,20.15492869732322,Merredin,"Wheatbelt, Western Australia"
1995-09-05,0.0,20.15492869732322,Merredin,"Wheatbelt, Western Australia"
1995-09-06,0.0,20.15492869732322,Merredin,"Wheatbelt, Western Australia"
1995-09-07,0.0,20.15492869732322,Merredin,"Wheatbelt, Western Australia"
1995-09-08,0.0,20.15492869732322,Merredin,"Wheatbelt, Western Australia"
1995-09-09,0.0,20.15492869732322,Merredin,"Wheatbelt, Western Australia"
1995-09-10,0.0,20.15492869732322,Merredin,"Wheatbelt, Western Australia"
1995-09-11,0.0,20.15492869732322,Merredin,"Wheatbelt, Western Australia"
1995-09-12,0.0,20.15492869732322,Merredin,"Wheatbelt, Western Australia"
1995-09-13,0.0,20.15492869732322,Merredin,"Wheatbelt, Western Australia"
1995-09-14,0.0,20.15492869732322,Merredin,"Wheatbelt, Western Australia"
1995-09-15,0.0,20.15492869732322,Merredin,"Wheatbelt, Western Australia"
1995-09-16,0.0,20.15492869732322,Merredin,"Wheatbelt, Western Australia"
1995-09-17,2.4327093258516927,20.15492869732322,Merredin,"Wheatbelt, Western Australia"
1995-09-18,0.0,20.15492869732322,Merredin,"Wheatbelt, Western Australia"
1995-09-19,0.0,20.15492869732322,Merredin,"Wheatbelt, Western Australia"
1995-09-20,0.0,20.15492869732322,Merredin,"Wheatbelt, Western Australia"
1995-09-21,2.8936663331317165,20.15492869732322,Merredin,"Wheatbelt, Western Australia"
1995-09-22,2.7986880190600893,20.15492869732322,Merredin,"Wheatbelt, Western Australia"
1995-09-23,0.0,20.15492869732322,Merredin,"Wheatbelt, Western Australia"
1995-09-24,0.0,20.15492869732322,Merredin,"Wheatbelt, Western Australia"
1995-09-25,0.0,20.15492869732322,Merredin,"Wheatbelt, Western Australia"
1995-09-26,0.0,20.15492869732322,Merredin,"Wheatbelt, Western Australia"
1995-09-27,3.1328500569618662,20.15492869732322,Merredin,"Wheatbelt, Western Australia"
1995-09-28,1.1179562889841046,20.15492869732322,Merredin,"Wheatbelt, Western Australia"
1995-09-29,0.0,20.15492869732322,Merredin,"Wheatbelt, Western Australia"
1995-09-30,5.466137534480634,20.15492869732322,Merredin,"Wheatbelt, Western Australia"
1995-10-01,0.0,20.40940998018924,Merredin,"Wheatbelt, Western Australia"
1995-10-02,0.0,20.40940998018924,Merredin,"Wheatbelt, Western Australia"
1995-10-03,0.0,20.40940998018924,Merredin,"Wheatbelt, Western Australia"
1995-10-04,0.0,20.40940998018924,Merredin,"Wheatbelt, Western Australia"
1995-10-05,0.0,20.40940998018924,Merredin,"Wheatbelt, Western Australia"
1995-10-06,0.0,20.40940998018924,Merredin,"Wheatbelt, Western Australia"
1995-10-07,2.0924808295440984,20.40940998018924,Merredin,"Wheatbelt, Western Australia"
1995-10-08,0.0,20.40940998018924,Merredin,"Wheatbelt, Western Australia"
1995-10-09,0.0,20.40940998018924,Merredin,"Wheatbelt, Western Australia"
1995-10-10,0.0,20.40940998018924,Merredin,"Wheatbelt, Western Australia"
1995-10-11,0.0,20.40940998018924,Merredin,"Wheatbelt, Western Australia"
1995-10-12,0.0,20.40940998018924,Merredin,"Wheatbelt, Western Australia"
1995-10-13,1.7528175226221185,20.40940998018924,Merredin,"Wheatbelt, Western Australia"
1995-10-14,0.0,20.40940998018924,Merredin,"Wheatbelt, Western Australia"
1995-10-15,0.0,20.40940998018924,Merredin,"Wheatbelt, Western Australia"
1995-10-16,6.136505957393771,20.40940998018924,Merredin,"Wheatbelt, Western Australia"
1995-10-17,0.0,20.40940998018924,Merredin,"Wheatbelt, Western Australia"
1995-10-18,0.0,20.40940998018924,Merredin,"Wheatbelt, Western Australia"
1995-10-19,0.0,20.40940998018924,Merredin,"Wheatbelt, Western Australia"
1995-10-20,0.0,20.40940998018924,Merredin,"Wheatbelt, Western Australia"
1995-10-21,0.0,20.40940998018924,Merredin,"Wheatbelt, Western Australia"
1995-10-22,0.0,20.40940998018924,Merredin,"Wheatbelt, Western Australia"
1995-10-23,0.0,20.40940998018924,Merredin,"Wheatbelt, Western Australia"
1995-10-24,0.0,20.40940998018924,Merredin,"Wheatbelt, Western Australia"
1995-10-25,0.0,20.40940998018924,Merredin,"Wheatbelt, Western Australia"
1995-10-26,5.013248609325333,20.40940998018924,Merredin,"Wheatbelt, Western Australia"
1995-10-27,0.0,20.40940998018924,Merredin,"Wheatbelt, Western Australia"
1995-10-28,0.0,20.40940998018924,Merredin,"Wheatbelt, Western Australia"
1995-10-29,0.0,20.40940998018924,Merredin,"Wheatbelt, Western Australia"
1995-10-30,0.0,20.40940998018924,Merredin,"Wheatbelt, Western Australia"
1995-10-31,5.414357061303919,20.40940998018924,Merredin,"Wheatbelt, Western Australia"
1995-11-01,2.4330690449811754,10.305002774828504,Merredin,"Wheatbelt, Western Australia"
1995-11-02,0.0,10.305002774828504,Merredin,"Wheatbelt, Western Australia"
1995-11-03,0.0,10.305002774828504,Merredin,"Wheatbelt, Western Australia"
1995-11-04,0.0,10.305002774828504,Merredin,"Wheatbelt, Western Australia"
1995-11-05,0.0,10.305002774828504,Merredin,"Wheatbelt, Western Australia"
1995-11-06,0.0,10.305002774828504,Merredin,"Wheatbelt, Western Australia"
1995-11-07,0.0,10.305002774828504,Merredin,"Wheatbelt, Western Australia"
1995-11-08,0.0,10.305002774828504,Merredin,"Wheatbelt, Western Australia"
1995-11-09,0.0,10.305002774828504,Merredin,"Wheatbelt, Western Australia"
1995-11-10,0.0,10.305002774828504,Merredin,"Wheatbelt, Western Australia"
1995-11-11,0.0,10.305002774828504,Merredin,"Wheatbelt, Western Australia"
1995-11-12,0.0,10.305002774828504,Merredin,"Wheatbelt, Western Australia"
1995-11-13,0.0,10.305002774828504,Merredin,"Wheatbelt, Western Australia"
1995-11-14,0.0,10.305002774828504,Merredin,"Wheatbelt, Western Australia"
1995-11-15,0.0,10.305002774828504,Merredin,"Wheatbelt, Western Australia"
1995-11-16,0.0,10.305002774828504,Merredin,"Wheatbelt, Western Australia"
1995-11-17,3.9263718417094258,10.305002774828504,Merredin,"Wheatbelt, Western Australia"
1995-11-18,0.0,10.305002774828504,Merredin,"Wheatbelt, Western Australia"
1995-11-19,0.0,10.305002774828504,Merredin,"Wheatbelt, Western Australia"
1995-11-20,2.2610596396132085,10.305002774828504,Merredin,"Wheatbelt, Western Australia"
1995-11-21,0.0,10.305002774828504,Merredin,"Wheatbelt, Western Australia"
1995-11-22,0.0,10.305002774828504,Merredin,"Wheatbelt, Western Australia"
1995-11-23,0.0,10.305002774828504,Merredin,"Wheatbelt, Western Australia"
1995-11-24,0.0,10.305002774828504,Merredin,"Wheatbelt, Western Australia"
1995-11-25,0.0,10.305002774828504,Merredin,"Wheatbelt, Western Australia"
1995-11-26,0.0,10.305002774828504,Merredin,"Wheatbelt, Western Australia"
1995-11-27,0.0,10.305002774828504,Merredin,"Wheatbelt, Western Australia"
1995-11-28,0.0,10.305002774828504,Merredin,"Wheatbelt, Western Australia"
1995-11-29,1.684502248524694,10.305002774828504,Merredin,"Wheatbelt, Western Australia"
1995-11-30,0.0,10.305002774828504,Merredin,"Wheatbelt, Western Australia"
1995-12-01,0.0,35.2070416015715,Merredin,"Wheatbelt, Western Australia"
1995-12-02,2.1673081709070656,35.2070416015715,Merredin,"Wheatbelt, Western Australia"
1995-12-03,0.0,35.2070416015715,Merredin,"Wheatbelt, Western Australia"
1995-12-04,0.0,35.2070416015715,Merredin,"Wheatbelt, Western Australia"
1995-12-05,5.515458681793371,35.2070416015715,Merredin,"Wheatbelt, Western Australia"
1995-12-06,0.0,35.2070416015715,Merredin,"Wheatbelt, Western Australia"
1995-12-07,0.0,35.2070416015715,Merredin,"Wheatbelt, Western Australia"
1995-12-08,0.0,35.2070416015715,Merredin,"Wheatbelt, Western Australia"
1995-12-09,0.0,35.2070416015715,Merredin,"Wheatbelt, Western Australia"
1995-12-10,0.0,35.2070416015715,Merredin,"Wheatbelt, Western Australia"
1995-12-11,0.0,35.2070416015715,Merredin,"Wheatbelt, Western Australia"
1995-12-12,0.0,35.2070416015715,Merredin,"Wheatbelt, Western Australia"
1995-12-13,0.0,35.2070416015715,Merredin,"Wheatbelt, Western Australia"
1995-12-14,0.0,35.2070416015715,Merredin,"Wheatbelt, Western Australia"
1995-12-15,0.0,35.2070416015715,Merredin,"Wheatbelt, Western Australia"
1995-12-16,1.3457045789595707,35.2070416015715,Merredin,"Wheatbelt, Western Australia"
1995-12-17,0.0,35.2070416015715,Merredin,"Wheatbelt, Western Australia"
1995-12-18,5.2113220610012245,35.2070416015715,Merredin,"Wheatbelt, Western Australia"
1995-12-19,0.0,35.2070416015715,Merredin,"Wheatbelt, Western Australia"
1995-12-20,8.55126763555133,35.2070416015715,Merredin,"Wheatbelt, Western Australia"
1995-12-21,4.802280438902296,35.2070416015715,Merredin,"Wheatbelt, Western Australia"
1995-12-22,0.0,35.2070416015715,Merredin,"Wheatbelt, Western Australia"
1995-12-23,0.0,35.2070416015715,Merredin,"Wheatbelt, Western Australia"
1995-12-24,1.070405013488335,35.2070416015715,Merredin,"Wheatbelt, Western Australia"
1995-12-25,0.0,35.2070416015715,Merredin,"Wheatbelt, Western Australia"
1995-12-26,0.0,35.2070416015715,Merredin,"Wheatbelt, Western Australia"
1995-12-27,0.0,35.2070416015715,Merredin,"Wheatbelt, Western Australia"
1995-12-28,0.0,35.2070416015715,Merredin,"Wheatbelt, Western Australia"
1995-12-29,0.0,35.2070416015715,Merredin,"Wheatbelt, Western Australia"
1995-12-30,6.543295020968305,35.2070416015715,Merredin,"Wheatbelt, Western Australia"
1995-12-31,0.0,35.2070416015715,Merredin,"Wheatbelt, Western Australia"
1996-01-01,0.0,24.795885582450815,Merredin,"Wheatbelt, Western Australia"
1996-01-02,0.0,24.795885582450815,Merredin,"Wheatbelt, Western Australia"
1996-01-03,5.054339119121048,24.795885582450815,Merredin,"Wheatbelt, Western Australia"
1996-01-04,0.0,24.795885582450815,Merredin,"Wheatbelt, Western Australia"
1996-01-05,0.0,24.795885582450815,Merredin,"Wheatbelt, Western Australia"
1996-01-06,0.0,24.795885582450815,Merredin,"Wheatbelt, Western Australia"
1996-01-07,0.0,24.795885582450815,Merredin,"Wheatbelt, Western Australia"
1996-01-08,4.083423894200873,24.795885582450815,Merredin,"Wheatbelt, Western Australia"
1996-01-09,0.0,24.795885582450815,Merredin,"Wheatbelt, Western Australia"
1996-01-10,0.0,24.795885582450815,Merredin,"Wheatbelt, Western Australia"
1996-01-11,0.0,24.795885582450815,Merredin,"Wheatbelt, Western Australia"
1996-01-12,0.0,24.795885582450815,Merredin,"Wheatbelt, Western Australia"
1996-01-13,0.0,24.795885582450815,Merredin,"Wheatbelt, Western Australia"
1996-01-14,0.0,24.795885582450815,Merredin,"Wheatbelt, Western Australia"
1996-01-15,0.0,24.795885582450815,Merredin,"Wheatbelt, Western Australia"
1996-01-16,0.0,24.795885582450815,Merredin,"Wheatbelt, Western Australia"
1996-01-17,7.049208350928859,24.795885582450815,Merredin,"Wheatbelt, Western Australia"
1996-01-18,2.774813808747808,24.795885582450815,Merredin,"Wheatbelt, Western Australia"
1996-01-19,0.0,24.795885582450815,Merredin,"Wheatbelt, Western Australia"
1996-01-20,0.0,24.795885582450815,Merredin,"Wheatbelt, Western Australia"
1996-01-21,0.0,24.795885582450815,Merredin,"Wheatbelt, Western Australia"
1996-01-22,0.0,24.795885582450815,Merredin,"Wheatbelt, Western Australia"
1996-01-23,0.0,24.795885582450815,Merredin,"Wheatbelt, Western Australia"
1996-01-24,0.0,24.795885582450815,Merredin,"Wheatbelt, Western Australia"
1996-01-25,0.0,24.795885582450815,Merredin,"Wheatbelt, Western Australia"
1996-01-26,0.0,24.795885582450815,Merredin,"Wheatbelt, Western Australia"
1996-01-27,0.0,24.795885582450815,Merredin,"Wheatbelt, Western Australia"
1996-01-28,5.834100409452226,24.795885582450815,Merredin,"Wheatbelt, Western Australia"
1996-01-29,0.0,24.795885582450815,Merredin,"Wheatbelt, Western Australia"
1996-01-30,0.0,24.795885582450815,Merredin,"Wheatbelt, Western Australia"
1996-01-31,0.0,24.795885582450815,Merredin,"Wheatbelt, Western Australia"
1996-02-01,0.0,15.523826992686587,Merredin,"Wheatbelt, Western Australia"
1996-02-02,0.0,15.523826992686587,Merredin,"Wheatbelt, Western Australia"
1996-02-03,0.0,15.523826992686587,Merredin,"Wheatbelt, Western Australia"
1996-02-04,0.0,15.523826992686587,Merredin,"Wheatbelt, Western Australia"
1996-02-05,5.6182886837966635,15.523826992686587,Merredin,"Wheatbelt, Western Australia"
1996-02-06,0.0,15.523826992686587,Merredin,"Wheatbelt, Western Australia"
1996-02-07,0.0,15.523826992686587,Merredin,"Wheatbelt, Western Australia"
1996-02-08,3.52580283407488,15.523826992686587,Merredin,"Wheatbelt, Western Australia"
1996-02-09,0.0,15.523826992686587,Merredin,"Wheatbelt, Western Australia"
1996-02-10,0.0,15.523826992686587,Merredin,"Wheatbelt, Western Australia"
1996-02-11,0.0,15.523826992686587,Merredin,"Wheatbelt, Western Australia"
1996-02-12,0.0,15.523826992686587,Merredin,"Wheatbelt, Western Australia"
1996-02-13,0.0,15.523826992686587,Merredin,"Wheatbelt, Western Australia"
1996-02-14,0.0,15.523826992686587,Merredin,"Wheatbelt, Western Australia"
1996-02-15,0.0,15.523826992686587,Merredin,"Wheatbelt, Western Australia"
1996-02-16,0.0,15.523826992686587,Merredin,"Wheatbelt, Western Australia"
1996-02-17,0.0,15.523826992686587,Merredin,"Wheatbelt, Western Australia"
1996-02-18,1.5856796901084171,15.523826992686587,Merredin,"Wheatbelt, Western Australia"
1996-02-19,1.7099706183460126,15.523826992686587,Merredin,"Wheatbelt, Western Australia"
1996-02-20,0.0,15.523826992686587,Merredin,"Wheatbelt, Western Australia"
1996-02-21,0.0,15.523826992686587,Merredin,"Wheatbelt, Western Australia"
1996-02-22,0.0,15.523826992686587,Merredin,"Wheatbelt, Western Australia"
1996-02-23,0.0,15.523826992686587,Merredin,"Wheatbelt, Western Australia"
1996-02-24,0.0,15.523826992686587,Merredin,"Wheatbelt, Western Australia"
1996-02-25,0.0,15.523826992686587,Merredin,"Wheatbelt, Western Australia"
1996-02-26,0.0,15.523826992686587,Merredin,"Wheatbelt, Western Australia"
1996-02-27,0.0,15.523826992686587,Merredin,"Wheatbelt, Western Australia"
1996-02-28,0.0,15.523826992686587,Merredin,"Wheatbelt, Western Australia"
1996-02-29,3.084085166360614,15.523826992686587,Merredin,"Wheatbelt, Western Australia"
1996-03-01,0.0,13.939583230845678,Merredin,"Wheatbelt, Western Australia"
1996-03-02,0.0,13.939583230845678,Merredin,"Wheatbelt, Western Australia"
1996-03-03,0.0,13.939583230845678,Merredin,"Wheatbelt, Western Australia"
1996-03-04,0.0,13.939583230845678,Merredin,"Wheatbelt, Western Australia"
1996-03-05,0.0,13.939583230845678,Merredin,"Wheatbelt, Western Australia"
1996-03-06,5.70157549449654,13.939583230845678,Merredin,"Wheatbelt, Western Australia"
1996-03-07,0.0,13.939583230845678,Merredin,"Wheatbelt, Western Australia"
1996-03-08,0.0,13.939583230845678,Merredin,"Wheatbelt, Western Australia"
1996-03-09,0.0,13.939583230845678,Merredin,"Wheatbelt, Western Australia"
1996-03-10,0.0,13.939583230845678,Merredin,"Wheatbelt, Western Australia"
1996-03-11,0.0,13.939583230845678,Merredin,"Wheatbelt, Western Australia"
1996-03-12,0.0,13.939583230845678,Merredin,"Wheatbelt, Western Australia"
1996-03-13,0.0,13.939583230845678,Merredin,"Wheatbelt, Western Australia"
1996-03-14,0.0,13.939583230845678,Merredin,"Wheatbelt, Western Australia"
1996-03-15,0.0,13.939583230845678,Merredin,"Wheatbelt, Western Australia"
1996-03-16,0.0,13.939583230845678,Merredin,"Wheatbelt, Western Australia"
1996-03-17,2.959421729752427,13.939583230845678,Merredin,"Wheatbelt, Western Australia"
1996-03-18,0.0,13.939583230845678,Merredin,"Wheatbelt, Western Australia"
1996-03-19,3.417507742082525,13.939583230845678,Merredin,"Wheatbelt, Western Australia"
1996-03-20,0.0,13.939583230845678,Merredin,"Wheatbelt, Western Australia"
1996-03-21,0.0,13.939583230845678,Merredin,"Wheatbelt, Western Australia"
1996-03-22,0.0,13.939583230845678,Merredin,"Wheatbelt, Western Australia"
1996-03-23,0.0,13.939583230845678,Merredin,"Wheatbelt, Western Australia"
1996-03-24,0.9626521672488919,13.939583230845678,Merredin,"Wheatbelt, Western Australia"
1996-03-25,0.0,13.939583230845678,Merredin,"Wheatbelt, Western Australia"
1996-03-26,0.0,13.939583230845678,Merredin,"Wheatbelt, Western Australia"
1996-03-27,0.0,13.939583230845678,Merredin,"Wheatbelt, Western Australia"
1996-03-28,0.0,13.939583230845678,Merredin,"Wheatbelt, Western Australia"
1996-03-29,0.0,13.939583230845678,Merredin,"Wheatbelt, Western Australia"
1996-03-30,0.8984260972652945,13.939583230845678,Merredin,"Wheatbelt, Western Australia"
1996-03-31,0.0,13.939583230845678,Merredin,"Wheatbelt, Western Australia"
1996-04-01,0.0,7.2357418684068495,Merredin,"Wheatbelt, Western Australia"
1996-04-02,1.6926051268020645,7.2357418684068495,Merredin,"Wheatbelt, Western Australia"
1996-04-03,0.0,7.2357418684068495,Merredin,"Wheatbelt, Western Australia"
1996-04-04,3.409093205658462,7.2357418684068495,Merredin,"Wheatbelt, Western Australia"
1996-04-05,0.0,7.2357418684068495,Merredin,"Wheatbelt, Western Australia"
1996-04-06,0.0,7.2357418684068495,Merredin,"Wheatbelt, Western Australia"
1996-04-07,0.0,7.2357418684068495,Merredin,"Wheatbelt, Western Australia"
1996-04-08,0.0,7.2357418684068495,Merredin,"Wheatbelt, Western Australia"
1996-04-09,2.1340435359463235,7.2357418684068495,Merredin,"Wheatbelt, Western Australia"
1996-04-10,0.0,7.2357418684068495,Merredin,"Wheatbelt, Western Australia"
1996-04-11,0.0,7.2357418684068495,Merredin,"Wheatbelt, Western Australia"
1996-04-12,0.0,7.2357418684068495,Merredin,"Wheatbelt, Western Australia"
1996-04-13,0.0,7.2357418684068495,Merredin,"Wheatbelt, Western Australia"
1996-04-14,0.0,7.2357418684068495,Merredin,"Wheatbelt, Western Australia"
1996-04-15,0.0,7.2357418684068495,Merredin,"Wheatbelt, Western Australia"
1996-04-16,0.0,7.2357418684068495,Merredin,"Wheatbelt, Western Australia"
1996-04-17,0.0,7.2357418684068495,Merredin,"Wheatbelt, Western Australia"
1996-04-18,0.0,7.2357418684068495,Merredin,"Wheatbelt, Western Australia"
1996-04-19,0.0,7.2357418684068495,Merredin,"Wheatbelt, Western Australia"
1996-04-20,0.0,7.2357418684068495,Merredin,"Wheatbelt, Western Australia"
1996-04-21,0.0,7.2357418684068495,Merredin,"Wheatbelt, Western Australia"
1996-04-22,0.0,7.2357418684068495,Merredin,"Wheatbelt, Western Australia"
1996-04-23,0.0,7.2357418684068495,Merredin,"Wheatbelt, Western Australia"
1996-04-24,0.0,7.2357418684068495,Merredin,"Wheatbelt, Western Australia"
1996-04-25,0.0,7.2357418684068495,Merredin,"Wheatbelt, Western Australia"
1996-04-26,0.0,7.2357418684068495,Merredin,"Wheatbelt, Western Australia"
1996-04-27,0.0,7.2357418684068495,Merredin,"Wheatbelt, Western Australia"
1996-04-28,0.0,7.2357418684068495,Merredin,"Wheatbelt, Western Australia"
1996-04-29,0.0,7.2357418684068495,Merredin,"Wheatbelt, Western Australia"
1996-04-30,0.0,7.2357418684068495,Merredin,"Wheatbelt, Western Australia"
1996-05-01,0.0,30.882928989197307,Merredin,"Wheatbelt, Western Australia"
1996-05-02,4.716431854378522,30.882928989197307,Merredin,"Wheatbelt, Western Australia"
1996-05-03,4.495075688674536,30.882928989197307,Merredin,"Wheatbelt, Western Australia"
1996-05-04,0.0,30.882928989197307,Merredin,"Wheatbelt, Western Australia"
1996-05-05,0.0,30.882928989197307,Merredin,"Wheatbelt, Western Australia"
1996-05-06,0.0,30.882928989197307,Merredin,"Wheatbelt, Western Australia"
1996-05-07,2.4253599118437257,30.882928989197307,Merredin,"Wheatbelt, Western Australia"
1996-05-08,0.0,30.882928989197307,Merredin,"Wheatbelt, Western Australia"
1996-05-09,5.842050304759597,30.882928989197307,Merredin,"Wheatbelt, Western Australia"
1996-05-10,0.0,30.882928989197307,Merredin,"Wheatbelt, Western Australia"
1996-05-11,3.10008892494948,30.882928989197307,Merredin,"Wheatbelt, Western Australia"
1996-05-12,0.0,30.882928989197307,Merredin,"Wheatbelt, Western Australia"
1996-05-13,0.0,30.882928989197307,Merredin,"Wheatbelt, Western Australia"
1996-05-14,0.0,30.882928989197307,Merredin,"Wheatbelt, Western Australia"
1996-05-15,0.0,30.882928989197307,Merredin,"Wheatbelt, Western Australia"
1996-05-16,0.0,30.882928989197307,Merredin,"Wheatbelt, Western Australia"
1996-05-17,0.0,30.882928989197307,Merredin,"Wheatbelt, Western Australia"
1996-05-18,0.0,30.882928989197307,Merredin,"Wheatbelt, Western Australia"
1996-05-19,0.0,30.882928989197307,Merredin,"Wheatbelt, Western Australia"
1996-05-20,0.0,30.882928989197307,Merredin,"Wheatbelt, Western Australia"
1996-05-21,0.0,30.882928989197307,Merredin,"Wheatbelt, Western Australia"
1996-05-22,0.0,30.882928989197307,Merredin,"Wheatbelt, Western Australia"
1996-05-23,0.0,30.882928989197307,Merredin,"Wheatbelt, Western Australia"
1996-05-24,2.4168383468698553,30.882928989197307,Merredin,"Wheatbelt, Western Australia"
1996-05-25,0.0,30.882928989197307,Merredin,"Wheatbelt, Western Australia"
1996-05-26,4.300279143038964,30.882928989197307,Merredin,"Wheatbelt, Western Australia"
1996-05-27,0.0,30.882928989197307,Merredin,"Wheatbelt, Western Australia"
1996-05-28,0.0,30.882928989197307,Merredin,"Wheatbelt, Western Australia"
1996-05-29,3.586804814682628,30.882928989197307,Merredin,"Wheatbelt, Western Australia"
1996-05-30,0.0,30.882928989197307,Merredin,"Wheatbelt, Western Australia"
1996-05-31,0.0,30.882928989197307,Merredin,"Wheatbelt, Western Australia"
1996-06-01,0.0,21.554646668980233,Merredin,"Wheatbelt, Western Australia"
1996-06-02,2.5484092857731317,21.554646668980233,Merredin,"Wheatbelt, Western Australia"
1996-06-03,0.0,21.554646668980233,Merredin,"Wheatbelt, Western Australia"
1996-06-04,1.6130932272342127,21.554646668980233,Merredin,"Wheatbelt, Western Australia"
1996-06-05,0.0,21.554646668980233,Merredin,"Wheatbelt, Western Australia"
1996-06-06,0.0,21.554646668980233,Merredin,"Wheatbelt, Western Australia"
1996-06-07,0.0,21.554646668980233,Merredin,"Wheatbelt, Western Australia"
1996-06-08,2.301371600718122,21.554646668980233,Merredin,"Wheatbelt, Western Australia"
1996-06-09,0.0,21.554646668980233,Merredin,"Wheatbelt, Western Australia"
1996-06-10,0.0,21.554646668980233,Merredin,"Wheatbelt, Western Australia"
1996-06-11,1.8247104143429904,21.554646668980233,Merredin,"Wheatbelt, Western Australia"
1996-06-12,0.0,21.554646668980233,Merredin,"Wheatbelt, Western Australia"
1996-06-13,0.0,21.554646668980233,Merredin,"Wheatbelt, Western Australia"
1996-06-14,0.0,21.554646668980233,Merredin,"Wheatbelt, Western Australia"
1996-06-15,0.0,21.554646668980233,Merredin,"Wheatbelt, Western Australia"
1996-06-16,0.0,21.554646668980233,Merredin,"Wheatbelt, Western Australia"
1996-06-17,0.0,21.554646668980233,Merredin,"Wheatbelt, Western Australia"
1996-06-18,0.0,21.554646668980233,Merredin,"Wheatbelt, Western Australia"
1996-06-19,0.0,21.554646668980233,Merredin,"Wheatbelt, Western Australia"
1996-06-20,0.0,21.554646668980233,Merredin,"Wheatbelt, Western Australia"
1996-06-21,0.0,21.554646668980233,Merredin,"Wheatbelt, Western Australia"
1996-06-22,0.0,21.554646668980233,Merredin,"Wheatbelt, Western Australia"
1996-06-23,7.96465067193969,21.554646668980233,Merredin,"Wheatbelt, Western Australia"
1996-06-24,0.0,21.554646668980233,Merredin,"Wheatbelt, Western Australia"
1996-06-25,0.0,21.554646668980233,Merredin,"Wheatbelt, Western Australia"
1996-06-26,2.6337922962841533,21.554646668980233,Merredin,"Wheatbelt, Western Australia"
1996-06-27,0.0,21.554646668980233,Merredin,"Wheatbelt, Western Australia"
1996-06-28,0.0,21.554646668980233,Merredin,"Wheatbelt, Western Australia"
1996-06-29,2.6686191726879316,21.554646668980233,Merredin,"Wheatbelt, Western Australia"
1996-06-30,0.0,21.554646668980233,Merredin,"Wheatbelt, Western Australia"
1996-07-01,5.55377576745241,22.38860825162604,Merredin,"Wheatbelt, Western Australia"
1996-07-02,0.0,22.38860825162604,Merredin,"Wheatbelt, Western Australia"
1996-07-03,4.609351448010998,22.38860825162604,Merredin,"Wheatbelt, Western Australia"
1996-07-04,1.6377742273145646,22.38860825162604,Merredin,"Wheatbelt, Western Australia"
1996-07-05,0.0,22.38860825162604,Merredin,"Wheatbelt, Western Australia"
1996-07-06,0.0,22.38860825162604,Merredin,"Wheatbelt, Western Australia"
1996-07-07,2.9388754781394417,22.38860825162604,Merredin,"Wheatbelt, Western Australia"
1996-07-08,0.0,22.38860825162604,Merredin,"Wheatbelt, Western Australia"
1996-07-09,0.0,22.38860825162604,Merredin,"Wheatbelt, Western Australia"
1996-07-10,0.0,22.38860825162604,Merredin,"Wheatbelt, Western Australia"
1996-07-11,0.0,22.38860825162604,Merredin,"Wheatbelt, Western Australia"
1996-07-12,0.0,22.38860825162604,Merredin,"Wheatbelt, Western Australia"
1996-07-13,0.0,22.38860825162604,Merredin,"Wheatbelt, Western Australia"
1996-07-14,0.0,22.38860825162604,Merredin,"Wheatbelt, Western Australia"
1996-07-15,0.0,22.38860825162604,Merredin,"Wheatbelt, Western Australia"
1996-07-16,0.0,22.38860825162604,Merredin,"Wheatbelt, Western Australia"
1996-07-17,0.0,22.38860825162604,Merredin,"Wheatbelt, Western Australia"
1996-07-18,0.0,22.38860825162604,Merredin,"Wheatbelt, Western Australia"
1996-07-19,0.0,22.38860825162604,Merredin,"Wheatbelt, Western Australia"
1996-07-20,2.8947091291261344,22.38860825162604,Merredin,"Wheatbelt, Western Australia"
1996-07-21,0.0,22.38860825162604,Merredin,"Wheatbelt, Western Australia"
1996-07-22,4.754122201582488,22.38860825162604,Merredin,"Wheatbelt, Western Australia"
1996-07-23,0.0,22.38860825162604,Merredin,"Wheatbelt, Western Australia"
1996-07-24,0.0,22.38860825162604,Merredin,"Wheatbelt, Western Australia"
1996-07-25,0.0,22.38860825162604,Merredin,"Wheatbelt, Western Australia"
1996-07-26,0.0,22.38860825162604,Merredin,"Wheatbelt, Western Australia"
1996-07-27,0.0,22.38860825162604,Merredin,"Wheatbelt, Western Australia"
1996-07-28,0.0,22.38860825162604,Merredin,"Wheatbelt, Western Australia"
1996-07-29,0.0,22.38860825162604,Merredin,"Wheatbelt, Western Australia"
1996-07-30,0.0,22.38860825162604,Merredin,"Wheatbelt, Western Australia"
1996-07-31,0.0,22.38860825162604,Merredin,"Wheatbelt, Western Australia"
1996-08-01,0.0,19.57930219538174,Merredin,"Wheatbelt, Western Australia"
1996-08-02,4.410356771835156,19.57930219538174,Merredin,"Wheatbelt, Western Australia"
1996-08-03,1.1223077755370698,19.57930219538174,Merredin,"Wheatbelt, Western Australia"
1996-08-04,0.0,19.57930219538174,Merredin,"Wheatbelt, Western Australia"
1996-08-05,0.0,19.57930219538174,Merredin,"Wheatbelt, Western Australia"
1996-08-06,0.0,19.57930219538174,Merredin,"Wheatbelt, Western Australia"
1996-08-07,0.7259983865006824,19.57930219538174,Merredin,"Wheatbelt, Western Australia"
1996-08-08,1.718699201087962,19.57930219538174,Merredin,"Wheatbelt, Western Australia"
1996-08-09,0.0,19.57930219538174,Merredin,"Wheatbelt, Western Australia"
1996-08-10,0.0,19.57930219538174,Merredin,"Wheatbelt, Western Australia"
1996-08-11,0.0,19.57930219538174,Merredin,"Wheatbelt, Western Australia"
1996-08-12,9.076755912880373,19.57930219538174,Merredin,"Wheatbelt, Western Australia"
1996-08-13,0.0,19.57930219538174,Merredin,"Wheatbelt, Western Australia"
1996-08-14,0.0,19.57930219538174,Merredin,"Wheatbelt, Western Australia"
1996-08-15,0.0,19.57930219538174,Merredin,"Wheatbelt, Western Australia"
1996-08-16,2.525184147540497,19.57930219538174,Merredin,"Wheatbelt, Western Australia"
1996-08-17,0.0,19.57930219538174,Merredin,"Wheatbelt, Western Australia"
1996-08-18,0.0,19.57930219538174,Merredin,"Wheatbelt, Western Australia"
1996-08-19,0.0,19.57930219538174,Merredin,"Wheatbelt, Western Australia"
1996-08-20,0.0,19.57930219538174,Merredin,"Wheatbelt, Western Australia"
1996-08-21,0.0,19.57930219538174,Merredin,"Wheatbelt, Western Australia"
1996-08-22,0.0,19.57930219538174,Merredin,"Wheatbelt, Western Australia"
1996-08-23,0.0,19.57930219538174,Merredin,"Wheatbelt, Western Australia"
1996-08-24,0.0,19.57930219538174,Merredin,"Wheatbelt, Western Australia"
1996-08-25,0.0,19.57930219538174,Merredin,"Wheatbelt, Western Australia"
1996-08-26,0.0,19.57930219538174,Merredin,"Wheatbelt, Western Australia"
1996-08-27,0.0,19.57930219538174,Merredin,"Wheatbelt, Western Australia"
1996-08-28,0.0,19.57930219538174,Merredin,"Wheatbelt, Western Australia"
1996-08-29,0.0,19.57930219538174,Merredin,"Wheatbelt, Western Australia"
1996-08-30,0.0,19.57930219538174,Merredin,"Wheatbelt, Western Australia"
1996-08-31,0.0,19.57930219538174,Merredin,"Wheatbelt, Western Australia"
1996-09-01,0.0,28.56861635420693,Merredin,"Wheatbelt, Western Australia"
1996-09-02,0.0,28.56861635420693,Merredin,"Wheatbelt, Western Australia"
1996-09-03,0.0,28.56861635420693,Merredin,"Wheatbelt, Western Australia"
1996-09-04,0.0,28.56861635420693,Merredin,"Wheatbelt, Western Australia"
1996-09-05,0.0,28.56861635420693,Merredin,"Wheatbelt, Western Australia"
1996-09-06,0.0,28.56861635420693,Merredin,"Wheatbelt, Western Australia"
1996-09-07,0.0,28.56861635420693,Merredin,"Wheatbelt, Western Australia"
1996-09-08,0.0,28.56861635420693,Merredin,"Wheatbelt, Western Australia"
1996-09-09,0.0,28.56861635420693,Merredin,"Wheatbelt, Western Australia"
1996-09-10,0.0,28.56861635420693,Merredin,"Wheatbelt, Western Australia"
1996-09-11,5.211096925000915,28.56861635420693,Merredin,"Wheatbelt, Western Australia"
1996-09-12,2.387919721132846,28.56861635420693,Merredin,"Wheatbelt, Western Australia"
1996-09-13,0.0,28.56861635420693,Merredin,"Wheatbelt, Western Australia"
1996-09-14,0.0,28.56861635420693,Merredin,"Wheatbelt, Western Australia"
1996-09-15,0.0,28.56861635420693,Merredin,"Wheatbelt, Western Australia"
1996-09-16,0.0,28.56861635420693,Merredin,"Wheatbelt, Western Australia"
1996-09-17,0.0,28.56861635420693,Merredin,"Wheatbelt, Western Australia"
1996-09-18,0.0,28.56861635420693,Merredin,"Wheatbelt, Western Australia"
1996-09-19,0.0,28.56861635420693,Merredin,"Wheatbelt, Western Australia"
1996-09-20,0.0,28.56861635420693,Merredin,"Wheatbelt, Western Australia"
1996-09-21,16.05225123573241,28.56861635420693,Merredin,"Wheatbelt, Western Australia"
1996-09-22,0.0,28.56861635420693,Merredin,"Wheatbelt, Western Australia"
1996-09-23,0.0,28.56861635420693,Merredin,"Wheatbelt, Western Australia"
1996-09-24,0.0,28.56861635420693,Merredin,"Wheatbelt, Western Australia"
1996-09-25,4.7018742532808995,28.56861635420693,Merredin,"Wheatbelt, Western Australia"
1996-09-26,0.0,28.56861635420693,Merredin,"Wheatbelt, Western Australia"
1996-09-27,0.0,28.56861635420693,Merredin,"Wheatbelt, Western Australia"
1996-09-28,0.0,28.56861635420693,Merredin,"Wheatbelt, Western Australia"
1996-09-29,0.0,28.56861635420693,Merredin,"Wheatbelt, Western Australia"
1996-09-30,0.2154742190598601,28.56861635420693,Merredin,"Wheatbelt, Western Australia"
1996-10-01,0.0,10.25876452029301,Merredin,"Wheatbelt, Western Australia"
1996-10-02,0.0,10.25876452029301,Merredin,"Wheatbelt, Western Australia"
1996-10-03,0.0,10.25876452029301,Merredin,"Wheatbelt, Western Australia"
1996-10-04,0.0,10.25876452029301,Merredin,"Wheatbelt, Western Australia"
1996-10-05,0.0,10.25876452029301,Merredin,"Wheatbelt, Western Australia"
1996-10-06,0.0,10.25876452029301,Merredin,"Wheatbelt, Western Australia"
1996-10-07,0.0,10.25876452029301,Merredin,"Wheatbelt, Western Australia"
1996-10-08,0.0,10.25876452029301,Merredin,"Wheatbelt, Western Australia"
1996-10-09,0.0,10.25876452029301,Merredin,"Wheatbelt, Western Australia"
1996-10-10,0.0,10.25876452029301,Merredin,"Wheatbelt, Western Australia"
1996-10-11,0.0,10.25876452029301,Merredin,"Wheatbelt, Western Australia"
1996-10-12,0.0,10.25876452029301,Merredin,"Wheatbelt, Western Australia"
1996-10-13,0.0,10.25876452029301,Merredin,"Wheatbelt, Western Australia"
1996-10-14,0.0,10.25876452029301,Merredin,"Wheatbelt, Western Australia"
1996-10-15,0.0,10.25876452029301,Merredin,"Wheatbelt, Western Australia"
1996-10-16,0.0,10.25876452029301,Merredin,"Wheatbelt, Western Australia"
1996-10-17,0.0,10.25876452029301,Merredin,"Wheatbelt, Western Australia"
1996-10-18,0.0,10.25876452029301,Merredin,"Wheatbelt, Western Australia"
1996-10-19,1.2857145933904022,10.25876452029301,Merredin,"Wheatbelt, Western Australia"
1996-10-20,0.0,10.25876452029301,Merredin,"Wheatbelt, Western Australia"
1996-10-21,0.0,10.25876452029301,Merredin,"Wheatbelt, Western Australia"
1996-10-22,0.0,10.25876452029301,Merredin,"Wheatbelt, Western Australia"
1996-10-23,0.0,10.25876452029301,Merredin,"Wheatbelt, Western Australia"
1996-10-24,1.449463867156868,10.25876452029301,Merredin,"Wheatbelt, Western Australia"
1996-10-25,0.0,10.25876452029301,Merredin,"Wheatbelt, Western Australia"
1996-10-26,7.523586059745741,10.25876452029301,Merredin,"Wheatbelt, Western Australia"
1996-10-27,0.0,10.25876452029301,Merredin,"Wheatbelt, Western Australia"
1996-10-28,0.0,10.25876452029301,Merredin,"Wheatbelt, Western Australia"
1996-10-29,0.0,10.25876452029301,Merredin,"Wheatbelt, Western Australia"
1996-10-30,0.0,10.25876452029301,Merredin,"Wheatbelt, Western Australia"
1996-10-31,0.0,10.25876452029301,Merredin,"Wheatbelt, Western Australia"
1996-11-01,0.0,8.132422060207185,Merredin,"Wheatbelt, Western Australia"
1996-11-02,0.0,8.132422060207185,Merredin,"Wheatbelt, Western Australia"
1996-11-03,0.0,8.132422060207185,Merredin,"Wheatbelt, Western Australia"
1996-11-04,0.0,8.132422060207185,Merredin,"Wheatbelt, Western Australia"
1996-11-05,3.0653189022940124,8.132422060207185,Merredin,"Wheatbelt, Western Australia"
1996-11-06,0.0,8.132422060207185,Merredin,"Wheatbelt, Western Australia"
1996-11-07,0.0,8.132422060207185,Merredin,"Wheatbelt, Western Australia"
1996-11-08,0.0,8.132422060207185,Merredin,"Wheatbelt, Western Australia"
1996-11-09,0.0,8.132422060207185,Merredin,"Wheatbelt, Western Australia"
1996-11-10,0.0,8.132422060207185,Merredin,"Wheatbelt, Western Australia"
1996-11-11,0.0,8.132422060207185,Merredin,"Wheatbelt, Western Australia"
1996-11-12,0.0,8.132422060207185,Merredin,"Wheatbelt, Western Australia"
1996-11-13,0.0,8.132422060207185,Merredin,"Wheatbelt, Western Australia"
1996-11-14,0.0,8.132422060207185,Merredin,"Wheatbelt, Western Australia"
1996-11-15,0.0,8.132422060207185,Merredin,"Wheatbelt, Western Australia"
1996-11-16,0.0,8.132422060207185,Merredin,"Wheatbelt, Western Australia"
1996-11-17,2.14842405122397,8.132422060207185,Merredin,"Wheatbelt, Western Australia"
1996-11-18,0.0,8.132422060207185,Merredin,"Wheatbelt, Western Australia"
1996-11-19,0.0,8.132422060207185,Merredin,"Wheatbelt, Western Australia"
1996-11-20,1.2642892225713205,8.132422060207185,Merredin,"Wheatbelt, Western Australia"
1996-11-21,0.0,8.132422060207185,Merredin,"Wheatbelt, Western Australia"
1996-11-22,0.0,8.132422060207185,Merredin,"Wheatbelt, Western Australia"
1996-11-23,0.0,8.132422060207185,Merredin,"Wheatbelt, Western Australia"
1996-11-24,0.0,8.132422060207185,Merredin,"Wheatbelt, Western Australia"
1996-11-25,0.0,8.132422060207185,Merredin,"Wheatbelt, Western Australia"
1996-11-26,1.6543898841178826,8.132422060207185,Merredin,"Wheatbelt, Western Australia"
1996-11-27,0.0,8.132422060207185,Merredin,"Wheatbelt, Western Australia"
1996-11-28,0.0,8.132422060207185,Merredin,"Wheatbelt, Western Australia"
1996-11-29,0.0,8.132422060207185,Merredin,"Wheatbelt, Western Australia"
1996-11-30,0.0,8.132422060207185,Merredin,"Wheatbelt, Western Australia"
1996-12-01,0.0,39.05581589899299,Merredin,"Wheatbelt, Western Australia"
1996-12-02,0.0,39.05581589899299,Merredin,"Wheatbelt, Western Australia"
1996-12-03,0.0,39.05581589899299,Merredin,"Wheatbelt, Western Australia"
1996-12-04,0.0,39.05581589899299,Merredin,"Wheatbelt, Western Australia"
1996-12-05,4.665963241974722,39.05581589899299,Merredin,"Wheatbelt, Western Australia"
1996-12-06,0.0,39.05581589899299,Merredin,"Wheatbelt, Western Australia"
1996-12-07,0.0,39.05581589899299,Merredin,"Wheatbelt, Western Australia"
1996-12-08,0.0,39.05581589899299,Merredin,"Wheatbelt, Western Australia"
1996-12-09,9.628655214845633,39.05581589899299,Merredin,"Wheatbelt, Western Australia"
1996-12-10,0.0,39.05581589899299,Merredin,"Wheatbelt, Western Australia"
1996-12-11,0.0,39.05581589899299,Merredin,"Wheatbelt, Western Australia"
1996-12-12,0.0,39.05581589899299,Merredin,"Wheatbelt, Western Australia"
1996-12-13,1.1665362132739192,39.05581589899299,Merredin,"Wheatbelt, Western Australia"
1996-12-14,3.6044002390285397,39.05581589899299,Merredin,"Wheatbelt, Western Australia"
1996-12-15,0.0,39.05581589899299,Merredin,"Wheatbelt, Western Australia"
1996-12-16,2.1607710260256763,39.05581589899299,Merredin,"Wheatbelt, Western Australia"
1996-12-17,10.943030190666155,39.05581589899299,Merredin,"Wheatbelt, Western Australia"
1996-12-18,0.0,39.05581589899299,Merredin,"Wheatbelt, Western Australia"
1996-12-19,0.0,39.05581589899299,Merredin,"Wheatbelt, Western Australia"
1996-12-20,2.729744475840963,39.05581589899299,Merredin,"Wheatbelt, Western Australia"
1996-12-21,0.0,39.05581589899299,Merredin,"Wheatbelt, Western Australia"
1996-12-22,4.156715297337379,39.05581589899299,Merredin,"Wheatbelt, Western Australia"
1996-12-23,0.0,39.05581589899299,Merredin,"Wheatbelt, Western Australia"
1996-12-24,0.0,39.05581589899299,Merredin,"Wheatbelt, Western Australia"
1996-12-25,0.0,39.05581589899299,Merredin,"Wheatbelt, Western Australia"
1996-12-26,0.0,39.05581589899299,Merredin,"Wheatbelt, Western Australia"
1996-12-27,0.0,39.05581589899299,Merredin,"Wheatbelt, Western Australia"
1996-12-28,0.0,39.05581589899299,Merredin,"Wheatbelt, Western Australia"
1996-12-29,0.0,39.05581589899299,Merredin,"Wheatbelt, Western Australia"
1996-12-30,0.0,39.05581589899299,Merredin,"Wheatbelt, Western Australia"
1996-12-31,0.0,39.05581589899299,Merredin,"Wheatbelt, Western Australia"
1997-01-01,0.0,17.403612642898953,Merredin,"Wheatbelt, Western Australia"
1997-01-02,0.0,17.403612642898953,Merredin,"Wheatbelt, Western Australia"
1997-01-03,0.0,17.403612642898953,Merredin,"Wheatbelt, Western Australia"
1997-01-04,0.0,17.403612642898953,Merredin,"Wheatbelt, Western Australia"
1997-01-05,4.114855138942766,17.403612642898953,Merredin,"Wheatbelt, Western Australia"
1997-01-06,6.3003393854883205,17.403612642898953,Merredin,"Wheatbelt, Western Australia"
1997-01-07,0.0,17.403612642898953,Merredin,"Wheatbelt, Western Australia"
1997-01-08,0.0,17.403612642898953,Merredin,"Wheatbelt, Western Australia"
1997-01-09,0.0,17.403612642898953,Merredin,"Wheatbelt, Western Australia"
1997-01-10,0.0,17.403612642898953,Merredin,"Wheatbelt, Western Australia"
1997-01-11,2.303209561922603,17.403612642898953,Merredin,"Wheatbelt, Western Australia"
1997-01-12,0.0,17.403612642898953,Merredin,"Wheatbelt, Western Australia"
1997-01-13,0.0,17.403612642898953,Merredin,"Wheatbelt, Western Australia"
1997-01-14,0.0,17.403612642898953,Merredin,"Wheatbelt, Western Australia"
1997-01-15,0.0,17.403612642898953,Merredin,"Wheatbelt, Western Australia"
1997-01-16,0.0,17.403612642898953,Merredin,"Wheatbelt, Western Australia"
1997-01-17,0.0,17.403612642898953,Merredin,"Wheatbelt, Western Australia"
1997-01-18,0.0,17.403612642898953,Merredin,"Wheatbelt, Western Australia"
1997-01-19,0.0,17.403612642898953,Merredin,"Wheatbelt, Western Australia"
1997-01-20,1.6633955013039818,17.403612642898953,Merredin,"Wheatbelt, Western Australia"
1997-01-21,0.0,17.403612642898953,Merredin,"Wheatbelt, Western Australia"
1997-01-22,0.0,17.403612642898953,Merredin,"Wheatbelt, Western Australia"
1997-01-23,0.0,17.403612642898953,Merredin,"Wheatbelt, Western Australia"
1997-01-24,0.0,17.403612642898953,Merredin,"Wheatbelt, Western Australia"
1997-01-25,0.0,17.403612642898953,Merredin,"Wheatbelt, Western Australia"
1997-01-26,0.0,17.403612642898953,Merredin,"Wheatbelt, Western Australia"
1997-01-27,0.0,17.403612642898953,Merredin,"Wheatbelt, Western Australia"
1997-01-28,0.0,17.403612642898953,Merredin,"Wheatbelt, Western Australia"
1997-01-29,0.0,17.403612642898953,Merredin,"Wheatbelt, Western Australia"
1997-01-30,3.021813055241281,17.403612642898953,Merredin,"Wheatbelt, Western Australia"
1997-01-31,0.0,17.403612642898953,Merredin,"Wheatbelt, Western Australia"
1997-02-01,0.0,13.64849100492257,Merredin,"Wheatbelt, Western Australia"
1997-02-02,0.0,13.64849100492257,Merredin,"Wheatbelt, Western Australia"
1997-02-03,2.9465630409891737,13.64849100492257,Merredin,"Wheatbelt, Western Australia"
1997-02-04,0.0,13.64849100492257,Merredin,"Wheatbelt, Western Australia"
1997-02-05,0.0,13.64849100492257,Merredin,"Wheatbelt, Western Australia"
1997-02-06,0.0,13.64849100492257,Merredin,"Wheatbelt, Western Australia"
1997-02-07,0.0,13.64849100492257,Merredin,"Wheatbelt, Western Australia"
1997-02-08,0.0,13.64849100492257,Merredin,"Wheatbelt, Western Australia"
1997-02-09,4.526827842359755,13.64849100492257,Merredin,"Wheatbelt, Western Australia"
1997-02-10,0.0,13.64849100492257,Merredin,"Wheatbelt, Western Australia"
1997-02-11,3.005676842809641,13.64849100492257,Merredin,"Wheatbelt, Western Australia"
1997-02-12,0.0,13.64849100492257,Merredin,"Wheatbelt, Western Australia"
1997-02-13,0.0,13.64849100492257,Merredin,"Wheatbelt, Western Australia"
1997-02-14,0.0,13.64849100492257,Merredin,"Wheatbelt, Western Australia"
1997-02-15,0.0,13.64849100492257,Merredin,"Wheatbelt, Western Australia"
1997-02-16,0.0,13.64849100492257,Merredin,"Wheatbelt, Western Australia"
1997-02-17,0.0,13.64849100492257,Merredin,"Wheatbelt, Western Australia"
1997-02-18,0.0,13.64849100492257,Merredin,"Wheatbelt, Western Australia"
1997-02-19,0.0,13.64849100492257,Merredin,"Wheatbelt, Western Australia"
1997-02-20,0.0,13.64849100492257,Merredin,"Wheatbelt, Western Australia"
1997-02-21,0.0,13.64849100492257,Merredin,"Wheatbelt, Western Australia"
1997-02-22,3.1694232787640004,13.64849100492257,Merredin,"Wheatbelt, Western Australia"
1997-02-23,0.0,13.64849100492257,Merredin,"Wheatbelt, Western Australia"
1997-02-24,0.0,13.64849100492257,Merredin,"Wheatbelt, Western Australia"
1997-02-25,0.0,13.64849100492257,Merredin,"Wheatbelt, Western Australia"
1997-02-26,0.0,13.64849100492257,Merredin,"Wheatbelt, Western Australia"
1997-02-27,0.0,13.64849100492257,Merredin,"Wheatbelt, Western Australia"
1997-02-28,0.0,13.64849100492257,Merredin,"Wheatbelt, Western Australia"
1997-03-01,3.3267353001021385,38.07818200462372,Merredin,"Wheatbelt, Western Australia"
1997-03-02,0.0,38.07818200462372,Merredin,"Wheatbelt, Western Australia"
1997-03-03,0.6792928765131502,38.07818200462372,Merredin,"Wheatbelt, Western Australia"
1997-03-04,0.0,38.07818200462372,Merredin,"Wheatbelt, Western Australia"
1997-03-05,0.4976297749798468,38.07818200462372,Merredin,"Wheatbelt, Western Australia"
1997-03-06,0.0,38.07818200462372,Merredin,"Wheatbelt, Western Australia"
1997-03-07,0.0,38.07818200462372,Merredin,"Wheatbelt, Western Australia"
1997-03-08,0.0,38.07818200462372,Merredin,"Wheatbelt, Western Australia"
1997-03-09,0.0,38.07818200462372,Merredin,"Wheatbelt, Western Australia"
1997-03-10,0.0,38.07818200462372,Merredin,"Wheatbelt, Western Australia"
1997-03-11,0.0,38.07818200462372,Merredin,"Wheatbelt, Western Australia"
1997-03-12,0.0,38.07818200462372,Merredin,"Wheatbelt, Western Australia"
1997-03-13,9.73599552446405,38.07818200462372,Merredin,"Wheatbelt, Western Australia"
1997-03-14,0.0,38.07818200462372,Merredin,"Wheatbelt, Western Australia"
1997-03-15,0.0,38.07818200462372,Merredin,"Wheatbelt, Western Australia"
1997-03-16,0.0,38.07818200462372,Merredin,"Wheatbelt, Western Australia"
1997-03-17,0.0,38.07818200462372,Merredin,"Wheatbelt, Western Australia"
1997-03-18,0.0,38.07818200462372,Merredin,"Wheatbelt, Western Australia"
1997-03-19,0.0,38.07818200462372,Merredin,"Wheatbelt, Western Australia"
1997-03-20,0.0,38.07818200462372,Merredin,"Wheatbelt, Western Australia"
1997-03-21,4.093520281723828,38.07818200462372,Merredin,"Wheatbelt, Western Australia"
1997-03-22,0.0,38.07818200462372,Merredin,"Wheatbelt, Western Australia"
1997-03-23,1.277800518420636,38.07818200462372,Merredin,"Wheatbelt, Western Australia"
1997-03-24,0.0,38.07818200462372,Merredin,"Wheatbelt, Western Australia"
1997-03-25,0.0,38.07818200462372,Merredin,"Wheatbelt, Western Australia"
1997-03-26,0.0,38.07818200462372,Merredin,"Wheatbelt, Western Australia"
1997-03-27,0.0,38.07818200462372,Merredin,"Wheatbelt, Western Australia"
1997-03-28,7.617838489250066,38.07818200462372,Merredin,"Wheatbelt, Western Australia"
1997-03-29,0.0,38.07818200462372,Merredin,"Wheatbelt, Western Australia"
1997-03-30,4.18162076767134,38.07818200462372,Merredin,"Wheatbelt, Western Australia"
1997-03-31,6.667748471498664,38.07818200462372,Merredin,"Wheatbelt, Western Australia"
1997-04-01,0.0,28.356991162454115,Merredin,"Wheatbelt, Western Australia"
1997-04-02,0.0,28.356991162454115,Merredin,"Wheatbelt, Western Australia"
1997-04-03,5.336523200640531,28.356991162454115,Merredin,"Wheatbelt, Western Australia"
1997-04-04,0.0,28.356991162454115,Merredin,"Wheatbelt, Western Australia"
1997-04-05,0.0,28.356991162454115,Merredin,"Wheatbelt, Western Australia"
1997-04-06,0.0,28.356991162454115,Merredin,"Wheatbelt, Western Australia"
1997-04-07,2.349503715819413,28.356991162454115,Merredin,"Wheatbelt, Western Australia"
1997-04-08,0.0,28.356991162454115,Merredin,"Wheatbelt, Western Australia"
1997-04-09,0.0,28.356991162454115,Merredin,"Wheatbelt, Western Australia"
1997-04-10,7.929208865740016,28.356991162454115,Merredin,"Wheatbelt, Western Australia"
1997-04-11,0.0,28.356991162454115,Merredin,"Wheatbelt, Western Australia"
1997-04-12,0.0,28.356991162454115,Merredin,"Wheatbelt, Western Australia"
1997-04-13,0.0,28.356991162454115,Merredin,"Wheatbelt, Western Australia"
1997-04-14,0.0,28.356991162454115,Merredin,"Wheatbelt, Western Australia"
1997-04-15,7.477010342583509,28.356991162454115,Merredin,"Wheatbelt, Western Australia"
1997-04-16,0.0,28.356991162454115,Merredin,"Wheatbelt, Western Australia"
1997-04-17,0.0,28.356991162454115,Merredin,"Wheatbelt, Western Australia"
1997-04-18,2.1023644907880232,28.356991162454115,Merredin,"Wheatbelt, Western Australia"
1997-04-19,0.0,28.356991162454115,Merredin,"Wheatbelt, Western Australia"
1997-04-20,0.0,28.356991162454115,Merredin,"Wheatbelt, Western Australia"
1997-04-21,0.0,28.356991162454115,Merredin,"Wheatbelt, Western Australia"
1997-04-22,0.0,28.356991162454115,Merredin,"Wheatbelt, Western Australia"
1997-04-23,0.0,28.356991162454115,Merredin,"Wheatbelt, Western Australia"
1997-04-24,0.0,28.356991162454115,Merredin,"Wheatbelt, Western Australia"
1997-04-25,0.0,28.356991162454115,Merredin,"Wheatbelt, Western Australia"
1997-04-26,0.0,28.356991162454115,Merredin,"Wheatbelt, Western Australia"
1997-04-27,0.0,28.356991162454115,Merredin,"Wheatbelt, Western Australia"
1997-04-28,3.162380546882621,28.356991162454115,Merredin,"Wheatbelt, Western Australia"
1997-04-29,0.0,28.356991162454115,Merredin,"Wheatbelt, Western Australia"
1997-04-30,0.0,28.356991162454115,Merredin,"Wheatbelt, Western Australia"
1997-05-01,2.911609486011219,21.549342663870853,Merredin,"Wheatbelt, Western Australia"
1997-05-02,0.0,21.549342663870853,Merredin,"Wheatbelt, Western Australia"
1997-05-03,0.0,21.549342663870853,Merredin,"Wheatbelt, Western Australia"
1997-05-04,0.0,21.549342663870853,Merredin,"Wheatbelt, Western Australia"
1997-05-05,0.0,21.549342663870853,Merredin,"Wheatbelt, Western Australia"
1997-05-06,0.0,21.549342663870853,Merredin,"Wheatbelt, Western Australia"
1997-05-07,0.0,21.549342663870853,Merredin,"Wheatbelt, Western Australia"
1997-05-08,5.932370589913767,21.549342663870853,Merredin,"Wheatbelt, Western Australia"
1997-05-09,4.768586546623021,21.549342663870853,Merredin,"Wheatbelt, Western Australia"
1997-05-10,0.0,21.549342663870853,Merredin,"Wheatbelt, Western Australia"
1997-05-11,0.0,21.549342663870853,Merredin,"Wheatbelt, Western Australia"
1997-05-12,0.0,21.549342663870853,Merredin,"Wheatbelt, Western Australia"
1997-05-13,0.0,21.549342663870853,Merredin,"Wheatbelt, Western Australia"
1997-05-14,0.0,21.549342663870853,Merredin,"Wheatbelt, Western Australia"
1997-05-15,0.86844974581753,21.549342663870853,Merredin,"Wheatbelt, Western Australia"
1997-05-16,0.0,21.549342663870853,Merredin,"Wheatbelt, Western Australia"
1997-05-17,0.0,21.549342663870853,Merredin,"Wheatbelt, Western Australia"
1997-05-18,0.0,21.549342663870853,Merredin,"Wheatbelt, Western Australia"
1997-05-19,0.0,21.549342663870853,Merredin,"Wheatbelt, Western Australia"
1997-05-20,0.0,21.549342663870853,Merredin,"Wheatbelt, Western Australia"
1997-05-21,1.0438267986833825,21.549342663870853,Merredin,"Wheatbelt, Western Australia"
1997-05-22,0.0,21.549342663870853,Merredin,"Wheatbelt, Western Australia"
1997-05-23,0.0,21.549342663870853,Merredin,"Wheatbelt, Western Australia"
1997-05-24,0.0,21.549342663870853,Merredin,"Wheatbelt, Western Australia"
1997-05-25,0.0,21.549342663870853,Merredin,"Wheatbelt, Western Australia"
1997-05-26,0.0,21.549342663870853,Merredin,"Wheatbelt, Western Australia"
1997-05-27,0.0,21.549342663870853,Merredin,"Wheatbelt, Western Australia"
1997-05-28,0.0,21.549342663870853,Merredin,"Wheatbelt, Western Australia"
1997-05-29,0.0,21.549342663870853,Merredin,"Wheatbelt, Western Australia"
1997-05-30,2.582393118781474,21.549342663870853,Merredin,"Wheatbelt, Western Australia"
1997-05-31,3.442106378040459,21.549342663870853,Merredin,"Wheatbelt, Western Australia"
1997-06-01,0.0,31.087588028590613,Merredin,"Wheatbelt, Western Australia"
1997-06-02,0.0,31.087588028590613,Merredin,"Wheatbelt, Western Australia"
1997-06-03,3.4762041722886945,31.087588028590613,Merredin,"Wheatbelt, Western Australia"
1997-06-04,0.0,31.087588028590613,Merredin,"Wheatbelt, Western Australia"
1997-06-05,0.0,31.087588028590613,Merredin,"Wheatbelt, Western Australia"
1997-06-06,0.0,31.087588028590613,Merredin,"Wheatbelt, Western Australia"
1997-06-07,5.127826202727375,31.087588028590613,Merredin,"Wheatbelt, Western Australia"
1997-06-08,0.0,31.087588028590613,Merredin,"Wheatbelt, Western Australia"
1997-06-09,0.0,31.087588028590613,Merredin,"Wheatbelt, Western Australia"
1997-06-10,7.48222141362163,31.087588028590613,Merredin,"Wheatbelt, Western Australia"
1997-06-11,0.0,31.087588028590613,Merredin,"Wheatbelt, Western Australia"
1997-06-12,10.129137556572786,31.087588028590613,Merredin,"Wheatbelt, Western Australia"
1997-06-13,0.0,31.087588028590613,Merredin,"Wheatbelt, Western Australia"
1997-06-14,0.0,31.087588028590613,Merredin,"Wheatbelt, Western Australia"
1997-06-15,0.0,31.087588028590613,Merredin,"Wheatbelt, Western Australia"
1997-06-16,0.0,31.087588028590613,Merredin,"Wheatbelt, Western Australia"
1997-06-17,0.0,31.087588028590613,Merredin,"Wheatbelt, Western Australia"
1997-06-18,0.0,31.087588028590613,Merredin,"Wheatbelt, Western Australia"
1997-06-19,0.0,31.087588028590613,Merredin,"Wheatbelt, Western Australia"
1997-06-20,0.0,31.087588028590613,Merredin,"Wheatbelt, Western Australia"
1997-06-21,0.0,31.087588028590613,Merredin,"Wheatbelt, Western Australia"
1997-06-22,0.0,31.087588028590613,Merredin,"Wheatbelt, Western Australia"
1997-06-23,2.163664000406178,31.087588028590613,Merredin,"Wheatbelt, Western Australia"
1997-06-24,0.0,31.087588028590613,Merredin,"Wheatbelt, Western Australia"
1997-06-25,0.0,31.087588028590613,Merredin,"Wheatbelt, Western Australia"
1997-06-26,2.708534682973948,31.087588028590613,Merredin,"Wheatbelt, Western Australia"
1997-06-27,0.0,31.087588028590613,Merredin,"Wheatbelt, Western Australia"
1997-06-28,0.0,31.087588028590613,Merredin,"Wheatbelt, Western Australia"
1997-06-29,0.0,31.087588028590613,Merredin,"Wheatbelt, Western Australia"
1997-06-30,0.0,31.087588028590613,Merredin,"Wheatbelt, Western Australia"
1997-07-01,0.0,24.57920875397623,Merredin,"Wheatbelt, Western Australia"
1997-07-02,0.0,24.57920875397623,Merredin,"Wheatbelt, Western Australia"
1997-07-03,0.0,24.57920875397623,Merredin,"Wheatbelt, Western Australia"
1997-07-04,0.0,24.57920875397623,Merredin,"Wheatbelt, Western Australia"
1997-07-05,0.0,24.57920875397623,Merredin,"Wheatbelt, Western Australia"
1997-07-06,0.0,24.57920875397623,Merredin,"Wheatbelt, Western Australia"
1997-07-07,3.0783770929579175,24.57920875397623,Merredin,"Wheatbelt, Western Australia"
1997-07-08,0.0,24.57920875397623,Merredin,"Wheatbelt, Western Australia"
1997-07-09,4.521896237729107,24.57920875397623,Merredin,"Wheatbelt, Western Australia"
1997-07-10,0.0,24.57920875397623,Merredin,"Wheatbelt, Western Australia"
1997-07-11,0.0,24.57920875397623,Merredin,"Wheatbelt, Western Australia"
1997-07-12,0.0,24.57920875397623,Merredin,"Wheatbelt, Western Australia"
1997-07-13,0.0,24.57920875397623,Merredin,"Wheatbelt, Western Australia"
1997-07-14,7.288587567978568,24.57920875397623,Merredin,"Wheatbelt, Western Australia"
1997-07-15,0.0,24.57920875397623,Merredin,"Wheatbelt, Western Australia"
1997-07-16,0.0,24.57920875397623,Merredin,"Wheatbelt, Western Australia"
1997-07-17,0.0,24.57920875397623,Merredin,"Wheatbelt, Western Australia"
1997-07-18,0.0,24.57920875397623,Merredin,"Wheatbelt, Western Australia"
1997-07-19,3.828971492902162,24.57920875397623,Merredin,"Wheatbelt, Western Australia"
1997-07-20,0.0,24.57920875397623,Merredin,"Wheatbelt, Western Australia"
1997-07-21,0.0,24.57920875397623,Merredin,"Wheatbelt, Western Australia"
1997-07-22,0.0,24.57920875397623,Merredin,"Wheatbelt, Western Australia"
1997-07-23,3.2070605774020975,24.57920875397623,Merredin,"Wheatbelt, Western Australia"
1997-07-24,0.0,24.57920875397623,Merredin,"Wheatbelt, Western Australia"
1997-07-25,0.0,24.57920875397623,Merredin,"Wheatbelt, Western Australia"
1997-07-26,0.0,24.57920875397623,Merredin,"Wheatbelt, Western Australia"
1997-07-27,0.0,24.57920875397623,Merredin,"Wheatbelt, Western Australia"
1997-07-28,2.6543157850063777,24.57920875397623,Merredin,"Wheatbelt, Western Australia"
1997-07-29,0.0,24.57920875397623,Merredin,"Wheatbelt, Western Australia"
1997-07-30,0.0,24.57920875397623,Merredin,"Wheatbelt, Western Australia"
1997-07-31,0.0,24.57920875397623,Merredin,"Wheatbelt, Western Australia"
1997-08-01,11.392476685955883,30.222065973094182,Merredin,"Wheatbelt, Western Australia"
1997-08-02,1.786121250807454,30.222065973094182,Merredin,"Wheatbelt, Western Australia"
1997-08-03,0.0,30.222065973094182,Merredin,"Wheatbelt, Western Australia"
1997-08-04,0.0,30.222065973094182,Merredin,"Wheatbelt, Western Australia"
1997-08-05,0.0,30.222065973094182,Merredin,"Wheatbelt, Western Australia"
1997-08-06,5.826363339749885,30.222065973094182,Merredin,"Wheatbelt, Western Australia"
1997-08-07,0.0,30.222065973094182,Merredin,"Wheatbelt, Western Australia"
1997-08-08,0.0,30.222065973094182,Merredin,"Wheatbelt, Western Australia"
1997-08-09,0.0,30.222065973094182,Merredin,"Wheatbelt, Western Australia"
1997-08-10,0.0,30.222065973094182,Merredin,"Wheatbelt, Western Australia"
1997-08-11,0.0,30.222065973094182,Merredin,"Wheatbelt, Western Australia"
1997-08-12,0.0,30.222065973094182,Merredin,"Wheatbelt, Western Australia"
1997-08-13,0.0,30.222065973094182,Merredin,"Wheatbelt, Western Australia"
1997-08-14,0.0,30.222065973094182,Merredin,"Wheatbelt, Western Australia"
1997-08-15,0.0,30.222065973094182,Merredin,"Wheatbelt, Western Australia"
1997-08-16,0.0,30.222065973094182,Merredin,"Wheatbelt, Western Australia"
1997-08-17,7.0707150952565145,30.222065973094182,Merredin,"Wheatbelt, Western Australia"
1997-08-18,0.0,30.222065973094182,Merredin,"Wheatbelt, Western Australia"
1997-08-19,0.0,30.222065973094182,Merredin,"Wheatbelt, Western Australia"
1997-08-20,0.0,30.222065973094182,Merredin,"Wheatbelt, Western Australia"
1997-08-21,0.0,30.222065973094182,Merredin,"Wheatbelt, Western Australia"
1997-08-22,0.0,30.222065973094182,Merredin,"Wheatbelt, Western Australia"
1997-08-23,0.0,30.222065973094182,Merredin,"Wheatbelt, Western Australia"
1997-08-24,0.0,30.222065973094182,Merredin,"Wheatbelt, Western Australia"
1997-08-25,0.0,30.222065973094182,Merredin,"Wheatbelt, Western Australia"
1997-08-26,0.0,30.222065973094182,Merredin,"Wheatbelt, Western Australia"
1997-08-27,0.0,30.222065973094182,Merredin,"Wheatbelt, Western Australia"
1997-08-28,0.0,30.222065973094182,Merredin,"Wheatbelt, Western Australia"
1997-08-29,0.0,30.222065973094182,Merredin,"Wheatbelt, Western Australia"
1997-08-30,0.0,30.222065973094182,Merredin,"Wheatbelt, Western Australia"
1997-08-31,4.146389601324445,30.222065973094182,Merredin,"Wheatbelt, Western Australia"
1997-09-01,0.0,48.215009786328785,Merredin,"Wheatbelt, Western Australia"
1997-09-02,0.0,48.215009786328785,Merredin,"Wheatbelt, Western Australia"
1997-09-03,0.0,48.215009786328785,Merredin,"Wheatbelt, Western Australia"
1997-09-04,0.0,48.215009786328785,Merredin,"Wheatbelt, Western Australia"
1997-09-05,7.22214619400451,48.215009786328785,Merredin,"Wheatbelt, Western Australia"
1997-09-06,0.0,48.215009786328785,Merredin,"Wheatbelt, Western Australia"
1997-09-07,0.0,48.215009786328785,Merredin,"Wheatbelt, Western Australia"
1997-09-08,0.0,48.215009786328785,Merredin,"Wheatbelt, Western Australia"
1997-09-09,1.6549160803076042,48.215009786328785,Merredin,"Wheatbelt, Western Australia"
1997-09-10,5.812548056708668,48.215009786328785,Merredin,"Wheatbelt, Western Australia"
1997-09-11,3.700348201304081,48.215009786328785,Merredin,"Wheatbelt, Western Australia"
1997-09-12,0.0,48.215009786328785,Merredin,"Wheatbelt, Western Australia"
1997-09-13,1.2138210776911662,48.215009786328785,Merredin,"Wheatbelt, Western Australia"
1997-09-14,0.0,48.215009786328785,Merredin,"Wheatbelt, Western Australia"
1997-09-15,6.5794981546750675,48.215009786328785,Merredin,"Wheatbelt, Western Australia"
1997-09-16,3.053257190851749,48.215009786328785,Merredin,"Wheatbelt, Western Australia"
1997-09-17,0.4019179194913291,48.215009786328785,Merredin,"Wheatbelt, Western Australia"
1997-09-18,0.0,48.215009786328785,Merredin,"Wheatbelt, Western Australia"
1997-09-19,0.0,48.215009786328785,Merredin,"Wheatbelt, Western Australia"
1997-09-20,0.0,48.215009786328785,Merredin,"Wheatbelt, Western Australia"
1997-09-21,0.0,48.215009786328785,Merredin,"Wheatbelt, Western Australia"
1997-09-22,4.556447167757751,48.215009786328785,Merredin,"Wheatbelt, Western Australia"
1997-09-23,0.0,48.215009786328785,Merredin,"Wheatbelt, Western Australia"
1997-09-24,6.631096522795405,48.215009786328785,Merredin,"Wheatbelt, Western Australia"
1997-09-25,0.0,48.215009786328785,Merredin,"Wheatbelt, Western Australia"
1997-09-26,0.0,48.215009786328785,Merredin,"Wheatbelt, Western Australia"
1997-09-27,4.504008408723631,48.215009786328785,Merredin,"Wheatbelt, Western Australia"
1997-09-28,0.0,48.215009786328785,Merredin,"Wheatbelt, Western Australia"
1997-09-29,2.8850048120178236,48.215009786328785,Merredin,"Wheatbelt, Western Australia"
1997-09-30,0.0,48.215009786328785,Merredin,"Wheatbelt, Western Australia"
1997-10-01,0.0,24.477357108184574,Merredin,"Wheatbelt, Western Australia"
1997-10-02,0.0,24.477357108184574,Merredin,"Wheatbelt, Western Australia"
1997-10-03,0.0,24.477357108184574,Merredin,"Wheatbelt, Western Australia"
1997-10-04,0.0,24.477357108184574,Merredin,"Wheatbelt, Western Australia"
1997-10-05,0.0,24.477357108184574,Merredin,"Wheatbelt, Western Australia"
1997-10-06,0.0,24.477357108184574,Merredin,"Wheatbelt, Western Australia"
1997-10-07,0.0,24.477357108184574,Merredin,"Wheatbelt, Western Australia"
1997-10-08,0.0,24.477357108184574,Merredin,"Wheatbelt, Western Australia"
1997-10-09,1.3101696187600584,24.477357108184574,Merredin,"Wheatbelt, Western Australia"
1997-10-10,0.0,24.477357108184574,Merredin,"Wheatbelt, Western Australia"
1997-10-11,0.0,24.477357108184574,Merredin,"Wheatbelt, Western Australia"
1997-10-12,0.0,24.477357108184574,Merredin,"Wheatbelt, Western Australia"
1997-10-13,0.0,24.477357108184574,Merredin,"Wheatbelt, Western Australia"
1997-10-14,6.186780485591661,24.477357108184574,Merredin,"Wheatbelt, Western Australia"
1997-10-15,0.0,24.477357108184574,Merredin,"Wheatbelt, Western Australia"
1997-10-16,4.603282453606881,24.477357108184574,Merredin,"Wheatbelt, Western Australia"
1997-10-17,0.0,24.477357108184574,Merredin,"Wheatbelt, Western Australia"
1997-10-18,0.0,24.477357108184574,Merredin,"Wheatbelt, Western Australia"
1997-10-19,0.0,24.477357108184574,Merredin,"Wheatbelt, Western Australia"
1997-10-20,0.0,24.477357108184574,Merredin,"Wheatbelt, Western Australia"
1997-10-21,0.0,24.477357108184574,Merredin,"Wheatbelt, Western Australia"
1997-10-22,0.0,24.477357108184574,Merredin,"Wheatbelt, Western Australia"
1997-10-23,2.2564345829681227,24.477357108184574,Merredin,"Wheatbelt, Western Australia"
1997-10-24,0.0,24.477357108184574,Merredin,"Wheatbelt, Western Australia"
1997-10-25,0.0,24.477357108184574,Merredin,"Wheatbelt, Western Australia"
1997-10-26,8.415950789421931,24.477357108184574,Merredin,"Wheatbelt, Western Australia"
1997-10-27,1.7047391778359187,24.477357108184574,Merredin,"Wheatbelt, Western Australia"
1997-10-28,0.0,24.477357108184574,Merredin,"Wheatbelt, Western Australia"
1997-10-29,0.0,24.477357108184574,Merredin,"Wheatbelt, Western Australia"
1997-10-30,0.0,24.477357108184574,Merredin,"Wheatbelt, Western Australia"
1997-10-31,0.0,24.477357108184574,Merredin,"Wheatbelt, Western Australia"
1997-11-01,0.0,10.142731300235665,Merredin,"Wheatbelt, Western Australia"
1997-11-02,0.0,10.142731300235665,Merredin,"Wheatbelt, Western Australia"
1997-11-03,0.0,10.142731300235665,Merredin,"Wheatbelt, Western Australia"
1997-11-04,0.0,10.142731300235665,Merredin,"Wheatbelt, Western Australia"
1997-11-05,0.0,10.142731300235665,Merredin,"Wheatbelt, Western Australia"
1997-11-06,0.0,10.142731300235665,Merredin,"Wheatbelt, Western Australia"
1997-11-07,0.0,10.142731300235665,Merredin,"Wheatbelt, Western Australia"
1997-11-08,0.0,10.142731300235665,Merredin,"Wheatbelt, Western Australia"
1997-11-09,0.0,10.142731300235665,Merredin,"Wheatbelt, Western Australia"
1997-11-10,0.0,10.142731300235665,Merredin,"Wheatbelt, Western Australia"
1997-11-11,0.0,10.142731300235665,Merredin,"Wheatbelt, Western Australia"
1997-11-12,10.142731300235665,10.142731300235665,Merredin,"Wheatbelt, Western Australia"
1997-11-13,0.0,10.142731300235665,Merredin,"Wheatbelt, Western Australia"
1997-11-14,0.0,10.142731300235665,Merredin,"Wheatbelt, Western Australia"
1997-11-15,0.0,10.142731300235665,Merredin,"Wheatbelt, Western Australia"
1997-11-16,0.0,10.142731300235665,Merredin,"Wheatbelt, Western Australia"
1997-11-17,0.0,10.142731300235665,Merredin,"Wheatbelt, Western Australia"
1997-11-18,0.0,10.142731300235665,Merredin,"Wheatbelt, Western Australia"
1997-11-19,0.0,10.142731300235665,Merredin,"Wheatbelt, Western Australia"
1997-11-20,0.0,10.142731300235665,Merredin,"Wheatbelt, Western Australia"
1997-11-21,0.0,10.142731300235665,Merredin,"Wheatbelt, Western Australia"
1997-11-22,0.0,10.142731300235665,Merredin,"Wheatbelt, Western Australia"
1997-11-23,0.0,10.142731300235665,Merredin,"Wheatbelt, Western Australia"
1997-11-24,0.0,10.142731300235665,Merredin,"Wheatbelt, Western Australia"
1997-11-25,0.0,10.142731300235665,Merredin,"Wheatbelt, Western Australia"
1997-11-26,0.0,10.142731300235665,Merredin,"Wheatbelt, Western Australia"
1997-11-27,0.0,10.142731300235665,Merredin,"Wheatbelt, Western Australia"
1997-11-28,0.0,10.142731300235665,Merredin,"Wheatbelt, Western Australia"
1997-11-29,0.0,10.142731300235665,Merredin,"Wheatbelt, Western Australia"
1997-11-30,0.0,10.142731300235665,Merredin,"Wheatbelt, Western Australia"
1997-12-01,0.0,32.65611172679809,Merredin,"Wheatbelt, Western Australia"
1997-12-02,0.0,32.65611172679809,Merredin,"Wheatbelt, Western Australia"
1997-12-03,0.0,32.65611172679809,Merredin,"Wheatbelt, Western Australia"
1997-12-04,0.0,32.65611172679809,Merredin,"Wheatbelt, Western Australia"
1997-12-05,0.0,32.65611172679809,Merredin,"Wheatbelt, Western Australia"
1997-12-06,5.323763414431313,32.65611172679809,Merredin,"Wheatbelt, Western Australia"
1997-12-07,0.0,32.65611172679809,Merredin,"Wheatbelt, Western Australia"
1997-12-08,0.0,32.65611172679809,Merredin,"Wheatbelt, Western Australia"
1997-12-09,0.0,32.65611172679809,Merredin,"Wheatbelt, Western Australia"
1997-12-10,3.1985667284326658,32.65611172679809,Merredin,"Wheatbelt, Western Australia"
1997-12-11,0.0,32.65611172679809,Merredin,"Wheatbelt, Western Australia"
1997-12-12,2.20437455964641,32.65611172679809,Merredin,"Wheatbelt, Western Australia"
1997-12-13,0.0,32.65611172679809,Merredin,"Wheatbelt, Western Australia"
1997-12-14,0.0,32.65611172679809,Merredin,"Wheatbelt, Western Australia"
1997-12-15,2.132880381401059,32.65611172679809,Merredin,"Wheatbelt, Western Australia"
1997-12-16,2.932560769587161,32.65611172679809,Merredin,"Wheatbelt, Western Australia"
1997-12-17,0.0,32.65611172679809,Merredin,"Wheatbelt, Western Australia"
1997-12-18,0.0,32.65611172679809,Merredin,"Wheatbelt, Western Australia"
1997-12-19,0.0,32.65611172679809,Merredin,"Wheatbelt, Western Australia"
1997-12-20,0.0,32.65611172679809,Merredin,"Wheatbelt, Western Australia"
1997-12-21,0.0,32.65611172679809,Merredin,"Wheatbelt, Western Australia"
1997-12-22,6.428465755131516,32.65611172679809,Merredin,"Wheatbelt, Western Australia"
1997-12-23,3.5945796303245534,32.65611172679809,Merredin,"Wheatbelt, Western Australia"
1997-12-24,0.0,32.65611172679809,Merredin,"Wheatbelt, Western Australia"
1997-12-25,3.1783225870621297,32.65611172679809,Merredin,"Wheatbelt, Western Australia"
1997-12-26,0.0,32.65611172679809,Merredin,"Wheatbelt, Western Australia"
1997-12-27,0.0,32.65611172679809,Merredin,"Wheatbelt, Western Australia"
1997-12-28,3.6625979007812832,32.65611172679809,Merredin,"Wheatbelt, Western Australia"
1997-12-29,0.0,32.65611172679809,Merredin,"Wheatbelt, Western Australia"
1997-12-30,0.0,32.65611172679809,Merredin,"Wheatbelt, Western Australia"
1997-12-31,0.0,32.65611172679809,Merredin,"Wheatbelt, Western Australia"
1998-01-01,0.0,12.179982486792696,Merredin,"Wheatbelt, Western Australia"
1998-01-02,0.0,12.179982486792696,Merredin,"Wheatbelt, Western Australia"
1998-01-03,0.0,12.179982486792696,Merredin,"Wheatbelt, Western Australia"
1998-01-04,0.0,12.179982486792696,Merredin,"Wheatbelt, Western Australia"
1998-01-05,0.0,12.179982486792696,Merredin,"Wheatbelt, Western Australia"
1998-01-06,0.0,12.179982486792696,Merredin,"Wheatbelt, Western Australia"
1998-01-07,0.0,12.179982486792696,Merredin,"Wheatbelt, Western Australia"
1998-01-08,0.0,12.179982486792696,Merredin,"Wheatbelt, Western Australia"
1998-01-09,0.0,12.179982486792696,Merredin,"Wheatbelt, Western Australia"
1998-01-10,0.0,12.179982486792696,Merredin,"Wheatbelt, Western Australia"
1998-01-11,0.0,12.179982486792696,Merredin,"Wheatbelt, Western Australia"
1998-01-12,0.0,12.179982486792696,Merredin,"Wheatbelt, Western Australia"
1998-01-13,0.41595332441744676,12.179982486792696,Merredin,"Wheatbelt, Western Australia"
1998-01-14,0.0,12.179982486792696,Merredin,"Wheatbelt, Western Australia"
1998-01-15,0.0,12.179982486792696,Merredin,"Wheatbelt, Western Australia"
1998-01-16,5.739887293719745,12.179982486792696,Merredin,"Wheatbelt, Western Australia"
1998-01-17,0.0,12.179982486792696,Merredin,"Wheatbelt, Western Australia"
1998-01-18,0.0,12.179982486792696,Merredin,"Wheatbelt, Western Australia"
1998-01-19,0.0,12.179982486792696,Merredin,"Wheatbelt, Western Australia"
1998-01-20,1.255231969447874,12.179982486792696,Merredin,"Wheatbelt, Western Australia"
1998-01-21,0.0,12.179982486792696,Merredin,"Wheatbelt, Western Australia"
1998-01-22,0.0,12.179982486792696,Merredin,"Wheatbelt, Western Australia"
1998-01-23,4.768909899207631,12.179982486792696,Merredin,"Wheatbelt, Western Australia"
1998-01-24,0.0,12.179982486792696,Merredin,"Wheatbelt, Western Australia"
1998-01-25,0.0,12.179982486792696,Merredin,"Wheatbelt, Western Australia"
1998-01-26,0.0,12.179982486792696,Merredin,"Wheatbelt, Western Australia"
1998-01-27,0.0,12.179982486792696,Merredin,"Wheatbelt, Western Australia"
1998-01-28,0.0,12.179982486792696,Merredin,"Wheatbelt, Western Australia"
1998-01-29,0.0,12.179982486792696,Merredin,"Wheatbelt, Western Australia"
1998-01-30,0.0,12.179982486792696,Merredin,"Wheatbelt, Western Australia"
1998-01-31,0.0,12.179982486792696,Merredin,"Wheatbelt, Western Australia"
1998-02-01,0.0,47.89727792661082,Merredin,"Wheatbelt, Western Australia"
1998-02-02,5.019776202183336,47.89727792661082,Merredin,"Wheatbelt, Western Australia"
1998-02-03,0.0,47.89727792661082,Merredin,"Wheatbelt, Western Australia"
1998-02-04,4.9371693506709295,47.89727792661082,Merredin,"Wheatbelt, Western Australia"
1998-02-05,1.8404352351408446,47.89727792661082,Merredin,"Wheatbelt, Western Australia"
1998-02-06,4.268095998008421,47.89727792661082,Merredin,"Wheatbelt, Western Australia"
1998-02-07,0.0,47.89727792661082,Merredin,"Wheatbelt, Western Australia"
1998-02-08,0.0,47.89727792661082,Merredin,"Wheatbelt, Western Australia"
1998-02-09,1.9401695940232437,47.89727792661082,Merredin,"Wheatbelt, Western Australia"
1998-02-10,0.0,47.89727792661082,Merredin,"Wheatbelt, Western Australia"
1998-02-11,1.7080440804210548,47.89727792661082,Merredin,"Wheatbelt, Western Australia"
1998-02-12,0.0,47.89727792661082,Merredin,"Wheatbelt, Western Australia"
1998-02-13,0.0,47.89727792661082,Merredin,"Wheatbelt, Western Australia"
1998-02-14,0.0,47.89727792661082,Merredin,"Wheatbelt, Western Australia"
1998-02-15,7.0973244518656315,47.89727792661082,Merredin,"Wheatbelt, Western Australia"
1998-02-16,0.0,47.89727792661082,Merredin,"Wheatbelt, Western Australia"
1998-02-17,7.142590863332993,47.89727792661082,Merredin,"Wheatbelt, Western Australia"
1998-02-18,0.0,47.89727792661082,Merredin,"Wheatbelt, Western Australia"
1998-02-19,0.0,47.89727792661082,Merredin,"Wheatbelt, Western Australia"
1998-02-20,0.0,47.89727792661082,Merredin,"Wheatbelt, Western Australia"
1998-02-21,8.727911377900837,47.89727792661082,Merredin,"Wheatbelt, Western Australia"
1998-02-22,0.0,47.89727792661082,Merredin,"Wheatbelt, Western Australia"
1998-02-23,0.0,47.89727792661082,Merredin,"Wheatbelt, Western Australia"
1998-02-24,0.0,47.89727792661082,Merredin,"Wheatbelt, Western Australia"
1998-02-25,5.21576077306353,47.89727792661082,Merredin,"Wheatbelt, Western Australia"
1998-02-26,0.0,47.89727792661082,Merredin,"Wheatbelt, Western Australia"
1998-02-27,0.0,47.89727792661082,Merredin,"Wheatbelt, Western Australia"
1998-02-28,0.0,47.89727792661082,Merredin,"Wheatbelt, Western Australia"
1998-03-01,2.2498015024783555,21.857263378439384,Merredin,"Wheatbelt, Western Australia"
1998-03-02,0.0,21.857263378439384,Merredin,"Wheatbelt, Western Australia"
1998-03-03,0.0,21.857263378439384,Merredin,"Wheatbelt, Western Australia"
1998-03-04,0.0,21.857263378439384,Merredin,"Wheatbelt, Western Australia"
1998-03-05,0.0,21.857263378439384,Merredin,"Wheatbelt, Western Australia"
1998-03-06,0.0,21.857263378439384,Merredin,"Wheatbelt, Western Australia"
1998-03-07,1.8042352608391659,21.857263378439384,Merredin,"Wheatbelt, Western Australia"
1998-03-08,0.0,21.857263378439384,Merredin,"Wheatbelt, Western Australia"
1998-03-09,0.0,21.857263378439384,Merredin,"Wheatbelt, Western Australia"
1998-03-10,0.0,21.857263378439384,Merredin,"Wheatbelt, Western Australia"
1998-03-11,0.911303690829946,21.857263378439384,Merredin,"Wheatbelt, Western Australia"
1998-03-12,0.0,21.857263378439384,Merredin,"Wheatbelt, Western Australia"
1998-03-13,1.8451018467331508,21.857263378439384,Merredin,"Wheatbelt, Western Australia"
1998-03-14,0.0,21.857263378439384,Merredin,"Wheatbelt, Western Australia"
1998-03-15,2.9915982004026,21.857263378439384,Merredin,"Wheatbelt, Western Australia"
1998-03-16,1.6874258171515855,21.857263378439384,Merredin,"Wheatbelt, Western Australia"
1998-03-17,0.0,21.857263378439384,Merredin,"Wheatbelt, Western Australia"
1998-03-18,0.0,21.857263378439384,Merredin,"Wheatbelt, Western Australia"
1998-03-19,0.0,21.857263378439384,Merredin,"Wheatbelt, Western Australia"
1998-03-20,0.0,21.857263378439384,Merredin,"Wheatbelt, Western Australia"
1998-03-21,0.0,21.857263378439384,Merredin,"Wheatbelt, Western Australia"
1998-03-22,0.0,21.857263378439384,Merredin,"Wheatbelt, Western Australia"
1998-03-23,0.0,21.857263378439384,Merredin,"Wheatbelt, Western Australia"
1998-03-24,0.0,21.857263378439384,Merredin,"Wheatbelt, Western Australia"
1998-03-25,0.0,21.857263378439384,Merredin,"Wheatbelt, Western Australia"
1998-03-26,1.28492066184525,21.857263378439384,Merredin,"Wheatbelt, Western Australia"
1998-03-27,0.0,21.857263378439384,Merredin,"Wheatbelt, Western Australia"
1998-03-28,0.0,21.857263378439384,Merredin,"Wheatbelt, Western Australia"
1998-03-29,9.082876398159328,21.857263378439384,Merredin,"Wheatbelt, Western Australia"
1998-03-30,0.0,21.857263378439384,Merredin,"Wheatbelt, Western Australia"
1998-03-31,0.0,21.857263378439384,Merredin,"Wheatbelt, Western Australia"
1998-04-01,0.0,23.648930293839896,Merredin,"Wheatbelt, Western Australia"
1998-04-02,0.0,23.648930293839896,Merredin,"Wheatbelt, Western Australia"
1998-04-03,0.0,23.648930293839896,Merredin,"Wheatbelt, Western Australia"
1998-04-04,0.0,23.648930293839896,Merredin,"Wheatbelt, Western Australia"
1998-04-05,0.0,23.648930293839896,Merredin,"Wheatbelt, Western Australia"
1998-04-06,4.274884803268987,23.648930293839896,Merredin,"Wheatbelt, Western Australia"
1998-04-07,0.0,23.648930293839896,Merredin,"Wheatbelt, Western Australia"
1998-04-08,0.0,23.648930293839896,Merredin,"Wheatbelt, Western Australia"
1998-04-09,0.0,23.648930293839896,Merredin,"Wheatbelt, Western Australia"
1998-04-10,0.0,23.648930293839896,Merredin,"Wheatbelt, Western Australia"
1998-04-11,0.0,23.648930293839896,Merredin,"Wheatbelt, Western Australia"
1998-04-12,0.0,23.648930293839896,Merredin,"Wheatbelt, Western Australia"
1998-04-13,5.507387670289173,23.648930293839896,Merredin,"Wheatbelt, Western Australia"
1998-04-14,4.043661144337855,23.648930293839896,Merredin,"Wheatbelt, Western Australia"
1998-04-15,0.0,23.648930293839896,Merredin,"Wheatbelt, Western Australia"
1998-04-16,3.2389462814040355,23.648930293839896,Merredin,"Wheatbelt, Western Australia"
1998-04-17,0.0,23.648930293839896,Merredin,"Wheatbelt, Western Australia"
1998-04-18,6.584050394539846,23.648930293839896,Merredin,"Wheatbelt, Western Australia"
1998-04-19,0.0,23.648930293839896,Merredin,"Wheatbelt, Western Australia"
1998-04-20,0.0,23.648930293839896,Merredin,"Wheatbelt, Western Australia"
1998-04-21,0.0,23.648930293839896,Merredin,"Wheatbelt, Western Australia"
1998-04-22,0.0,23.648930293839896,Merredin,"Wheatbelt, Western Australia"
1998-04-23,0.0,23.648930293839896,Merredin,"Wheatbelt, Western Australia"
1998-04-24,0.0,23.648930293839896,Merredin,"Wheatbelt, Western Australia"
1998-04-25,0.0,23.648930293839896,Merredin,"Wheatbelt, Western Australia"
1998-04-26,0.0,23.648930293839896,Merredin,"Wheatbelt, Western Australia"
1998-04-27,0.0,23.648930293839896,Merredin,"Wheatbelt, Western Australia"
1998-04-28,0.0,23.648930293839896,Merredin,"Wheatbelt, Western Australia"
1998-04-29,0.0,23.648930293839896,Merredin,"Wheatbelt, Western Australia"
1998-04-30,0.0,23.648930293839896,Merredin,"Wheatbelt, Western Australia"
1998-05-01,1.0050900055062684,27.14455028009306,Merredin,"Wheatbelt, Western Australia"
1998-05-02,0.0,27.14455028009306,Merredin,"Wheatbelt, Western Australia"
1998-05-03,0.0,27.14455028009306,Merredin,"Wheatbelt, Western Australia"
1998-05-04,0.0,27.14455028009306,Merredin,"Wheatbelt, Western Australia"
1998-05-05,0.0,27.14455028009306,Merredin,"Wheatbelt, Western Australia"
1998-05-06,0.0,27.14455028009306,Merredin,"Wheatbelt, Western Australia"
1998-05-07,0.0,27.14455028009306,Merredin,"Wheatbelt, Western Australia"
1998-05-08,0.0,27.14455028009306,Merredin,"Wheatbelt, Western Australia"
1998-05-09,0.0,27.14455028009306,Merredin,"Wheatbelt, Western Australia"
1998-05-10,0.0,27.14455028009306,Merredin,"Wheatbelt, Western Australia"
1998-05-11,0.0,27.14455028009306,Merredin,"Wheatbelt, Western Australia"
1998-05-12,6.551951669538577,27.14455028009306,Merredin,"Wheatbelt, Western Australia"
1998-05-13,2.0616369105524197,27.14455028009306,Merredin,"Wheatbelt, Western Australia"
1998-05-14,0.0,27.14455028009306,Merredin,"Wheatbelt, Western Australia"
1998-05-15,1.3689102574194454,27.14455028009306,Merredin,"Wheatbelt, Western Australia"
1998-05-16,3.7898735848562155,27.14455028009306,Merredin,"Wheatbelt, Western Australia"
1998-05-17,0.0,27.14455028009306,Merredin,"Wheatbelt, Western Australia"
1998-05-18,0.0,27.14455028009306,Merredin,"Wheatbelt, Western Australia"
1998-05-19,0.0,27.14455028009306,Merredin,"Wheatbelt, Western Australia"
1998-05-20,0.0,27.14455028009306,Merredin,"Wheatbelt, Western Australia"
1998-05-21,0.0,27.14455028009306,Merredin,"Wheatbelt, Western Australia"
1998-05-22,0.0,27.14455028009306,Merredin,"Wheatbelt, Western Australia"
1998-05-23,0.0,27.14455028009306,Merredin,"Wheatbelt, Western Australia"
1998-05-24,0.0,27.14455028009306,Merredin,"Wheatbelt, Western Australia"
1998-05-25,1.6017775255987519,27.14455028009306,Merredin,"Wheatbelt, Western Australia"
1998-05-26,0.0,27.14455028009306,Merredin,"Wheatbelt, Western Australia"
1998-05-27,3.435234040859691,27.14455028009306,Merredin,"Wheatbelt, Western Australia"
1998-05-28,0.0,27.14455028009306,Merredin,"Wheatbelt, Western Australia"
1998-05-29,5.203728073987248,27.14455028009306,Merredin,"Wheatbelt, Western Australia"
1998-05-30,0.0,27.14455028009306,Merredin,"Wheatbelt, Western Australia"
1998-05-31,2.126348211774443,27.14455028009306,Merredin,"Wheatbelt, Western Australia"
1998-06-01,0.0,26.250696335314466,Merredin,"Wheatbelt, Western Australia"
1998-06-02,0.0,26.250696335314466,Merredin,"Wheatbelt, Western Australia"
1998-06-03,0.0,26.250696335314466,Merredin,"Wheatbelt, Western Australia"
1998-06-04,7.05924551713052,26.250696335314466,Merredin,"Wheatbelt, Western Australia"
1998-06-05,4.554659916840802,26.250696335314466,Merredin,"Wheatbelt, Western Australia"
1998-06-06,0.0,26.250696335314466,Merredin,"Wheatbelt, Western Australia"
1998-06-07,0.0,26.250696335314466,Merredin,"Wheatbelt, Western Australia"
1998-06-08,0.0,26.250696335314466,Merredin,"Wheatbelt, Western Australia"
1998-06-09,0.0,26.250696335314466,Merredin,"Wheatbelt, Western Australia"
1998-06-10,0.0,26.250696335314466,Merredin,"Wheatbelt, Western Australia"
1998-06-11,0.0,26.250696335314466,Merredin,"Wheatbelt, Western Australia"
1998-06-12,0.0,26.250696335314466,Merredin,"Wheatbelt, Western Australia"
1998-06-13,0.0,26.250696335314466,Merredin,"Wheatbelt, Western Australia"
1998-06-14,0.0,26.250696335314466,Merredin,"Wheatbelt, Western Australia"
1998-06-15,0.0,26.250696335314466,Merredin,"Wheatbelt, Western Australia"
1998-06-16,3.84303607458489,26.250696335314466,Merredin,"Wheatbelt, Western Australia"
1998-06-17,0.0,26.250696335314466,Merredin,"Wheatbelt, Western Australia"
1998-06-18,0.0,26.250696335314466,Merredin,"Wheatbelt, Western Australia"
1998-06-19,0.0,26.250696335314466,Merredin,"Wheatbelt, Western Australia"
1998-06-20,7.906177584831924,26.250696335314466,Merredin,"Wheatbelt, Western Australia"
1998-06-21,0.0,26.250696335314466,Merredin,"Wheatbelt, Western Australia"
1998-06-22,0.0,26.250696335314466,Merredin,"Wheatbelt, Western Australia"
1998-06-23,2.8875772419263295,26.250696335314466,Merredin,"Wheatbelt, Western Australia"
1998-06-24,0.0,26.250696335314466,Merredin,"Wheatbelt, Western Australia"
1998-06-25,0.0,26.250696335314466,Merredin,"Wheatbelt, Western Australia"
1998-06-26,0.0,26.250696335314466,Merredin,"Wheatbelt, Western Australia"
1998-06-27,0.0,26.250696335314466,Merredin,"Wheatbelt, Western Australia"
1998-06-28,0.0,26.250696335314466,Merredin,"Wheatbelt, Western Australia"
1998-06-29,0.0,26.250696335314466,Merredin,"Wheatbelt, Western Australia"
1998-06-30,0.0,26.250696335314466,Merredin,"Wheatbelt, Western Australia"
1998-07-01,0.0,17.65392057868201,Merredin,"Wheatbelt, Western Australia"
1998-07-02,0.0,17.65392057868201,Merredin,"Wheatbelt, Western Australia"
1998-07-03,0.0,17.65392057868201,Merredin,"Wheatbelt, Western Australia"
1998-07-04,0.0,17.65392057868201,Merredin,"Wheatbelt, Western Australia"
1998-07-05,0.0,17.65392057868201,Merredin,"Wheatbelt, Western Australia"
1998-07-06,0.0,17.65392057868201,Merredin,"Wheatbelt, Western Australia"
1998-07-07,1.709785039484518,17.65392057868201,Merredin,"Wheatbelt, Western Australia"
1998-07-08,1.1395668206275589,17.65392057868201,Merredin,"Wheatbelt, Western Australia"
1998-07-09,0.0,17.65392057868201,Merredin,"Wheatbelt, Western Australia"
1998-07-10,0.0,17.65392057868201,Merredin,"Wheatbelt, Western Australia"
1998-07-11,2.635689424543459,17.65392057868201,Merredin,"Wheatbelt, Western Australia"
1998-07-12,0.0,17.65392057868201,Merredin,"Wheatbelt, Western Australia"
1998-07-13,0.0,17.65392057868201,Merredin,"Wheatbelt, Western Australia"
1998-07-14,0.0,17.65392057868201,Merredin,"Wheatbelt, Western Australia"
1998-07-15,0.0,17.65392057868201,Merredin,"Wheatbelt, Western Australia"
1998-07-16,0.0,17.65392057868201,Merredin,"Wheatbelt, Western Australia"
1998-07-17,0.0,17.65392057868201,Merredin,"Wheatbelt, Western Australia"
1998-07-18,8.463165955036727,17.65392057868201,Merredin,"Wheatbelt, Western Australia"
1998-07-19,0.0,17.65392057868201,Merredin,"Wheatbelt, Western Australia"
1998-07-20,0.0,17.65392057868201,Merredin,"Wheatbelt, Western Australia"
1998-07-21,0.0,17.65392057868201,Merredin,"Wheatbelt, Western Australia"
1998-07-22,0.0,17.65392057868201,Merredin,"Wheatbelt, Western Australia"
1998-07-23,0.0,17.65392057868201,Merredin,"Wheatbelt, Western Australia"
1998-07-24,0.0,17.65392057868201,Merredin,"Wheatbelt, Western Australia"
1998-07-25,0.0,17.65392057868201,Merredin,"Wheatbelt, Western Australia"
1998-07-26,3.7057133389897463,17.65392057868201,Merredin,"Wheatbelt, Western Australia"
1998-07-27,0.0,17.65392057868201,Merredin,"Wheatbelt, Western Australia"
1998-07-28,0.0,17.65392057868201,Merredin,"Wheatbelt, Western Australia"
1998-07-29,0.0,17.65392057868201,Merredin,"Wheatbelt, Western Australia"
1998-07-30,0.0,17.65392057868201,Merredin,"Wheatbelt, Western Australia"
1998-07-31,0.0,17.65392057868201,Merredin,"Wheatbelt, Western Australia"
1998-08-01,0.0,18.507031262065357,Merredin,"Wheatbelt, Western Australia"
1998-08-02,1.0580529808353507,18.507031262065357,Merredin,"Wheatbelt, Western Australia"
1998-08-03,3.0122758681145436,18.507031262065357,Merredin,"Wheatbelt, Western Australia"
1998-08-04,0.0,18.507031262065357,Merredin,"Wheatbelt, Western Australia"
1998-08-05,4.649662786449475,18.507031262065357,Merredin,"Wheatbelt, Western Australia"
1998-08-06,0.0,18.507031262065357,Merredin,"Wheatbelt, Western Australia"
1998-08-07,0.0,18.507031262065357,Merredin,"Wheatbelt, Western Australia"
1998-08-08,0.0,18.507031262065357,Merredin,"Wheatbelt, Western Australia"
1998-08-09,0.0,18.507031262065357,Merredin,"Wheatbelt, Western Australia"
1998-08-10,0.0,18.507031262065357,Merredin,"Wheatbelt, Western Australia"
1998-08-11,0.0,18.507031262065357,Merredin,"Wheatbelt, Western Australia"
1998-08-12,0.0,18.507031262065357,Merredin,"Wheatbelt, Western Australia"
1998-08-13,0.0,18.507031262065357,Merredin,"Wheatbelt, Western Australia"
1998-08-14,1.2461354035981265,18.507031262065357,Merredin,"Wheatbelt, Western Australia"
1998-08-15,0.0,18.507031262065357,Merredin,"Wheatbelt, Western Australia"
1998-08-16,0.0,18.507031262065357,Merredin,"Wheatbelt, Western Australia"
1998-08-17,0.0,18.507031262065357,Merredin,"Wheatbelt, Western Australia"
1998-08-18,0.0,18.507031262065357,Merredin,"Wheatbelt, Western Australia"
1998-08-19,0.0,18.507031262065357,Merredin,"Wheatbelt, Western Australia"
1998-08-20,0.0,18.507031262065357,Merredin,"Wheatbelt, Western Australia"
1998-08-21,0.0,18.507031262065357,Merredin,"Wheatbelt, Western Australia"
1998-08-22,4.980446065179953,18.507031262065357,Merredin,"Wheatbelt, Western Australia"
1998-08-23,0.0,18.507031262065357,Merredin,"Wheatbelt, Western Australia"
1998-08-24,0.0,18.507031262065357,Merredin,"Wheatbelt, Western Australia"
1998-08-25,0.6931385937374466,18.507031262065357,Merredin,"Wheatbelt, Western Australia"
1998-08-26,0.0,18.507031262065357,Merredin,"Wheatbelt, Western Australia"
1998-08-27,0.0,18.507031262065357,Merredin,"Wheatbelt, Western Australia"
1998-08-28,0.0,18.507031262065357,Merredin,"Wheatbelt, Western Australia"
1998-08-29,0.0,18.507031262065357,Merredin,"Wheatbelt, Western Australia"
1998-08-30,2.867319564150464,18.507031262065357,Merredin,"Wheatbelt, Western Australia"
1998-08-31,0.0,18.507031262065357,Merredin,"Wheatbelt, Western Australia"
1998-09-01,0.0,7.345712831529363,Merredin,"Wheatbelt, Western Australia"
1998-09-02,0.0,7.345712831529363,Merredin,"Wheatbelt, Western Australia"
1998-09-03,0.0,7.345712831529363,Merredin,"Wheatbelt, Western Australia"
1998-09-04,0.0,7.345712831529363,Merredin,"Wheatbelt, Western Australia"
1998-09-05,4.942355269107041,7.345712831529363,Merredin,"Wheatbelt, Western Australia"
1998-09-06,0.0,7.345712831529363,Merredin,"Wheatbelt, Western Australia"
1998-09-07,0.0,7.345712831529363,Merredin,"Wheatbelt, Western Australia"
1998-09-08,0.0,7.345712831529363,Merredin,"Wheatbelt, Western Australia"
1998-09-09,0.0,7.345712831529363,Merredin,"Wheatbelt, Western Australia"
1998-09-10,0.0,7.345712831529363,Merredin,"Wheatbelt, Western Australia"
1998-09-11,0.0,7.345712831529363,Merredin,"Wheatbelt, Western Australia"
1998-09-12,0.0,7.345712831529363,Merredin,"Wheatbelt, Western Australia"
1998-09-13,0.0,7.345712831529363,Merredin,"Wheatbelt, Western Australia"
1998-09-14,0.0,7.345712831529363,Merredin,"Wheatbelt, Western Australia"
1998-09-15,0.0,7.345712831529363,Merredin,"Wheatbelt, Western Australia"
1998-09-16,0.0,7.345712831529363,Merredin,"Wheatbelt, Western Australia"
1998-09-17,0.0,7.345712831529363,Merredin,"Wheatbelt, Western Australia"
1998-09-18,0.0,7.345712831529363,Merredin,"Wheatbelt, Western Australia"
1998-09-19,0.0,7.345712831529363,Merredin,"Wheatbelt, Western Australia"
1998-09-20,0.0,7.345712831529363,Merredin,"Wheatbelt, Western Australia"
1998-09-21,0.0,7.345712831529363,Merredin,"Wheatbelt, Western Australia"
1998-09-22,0.0,7.345712831529363,Merredin,"Wheatbelt, Western Australia"
1998-09-23,0.0,7.345712831529363,Merredin,"Wheatbelt, Western Australia"
1998-09-24,0.0,7.345712831529363,Merredin,"Wheatbelt, Western Australia"
1998-09-25,0.0,7.345712831529363,Merredin,"Wheatbelt, Western Australia"
1998-09-26,0.0,7.345712831529363,Merredin,"Wheatbelt, Western Australia"
1998-09-27,2.403357562422323,7.345712831529363,Merredin,"Wheatbelt, Western Australia"
1998-09-28,0.0,7.345712831529363,Merredin,"Wheatbelt, Western Australia"
1998-09-29,0.0,7.345712831529363,Merredin,"Wheatbelt, Western Australia"
1998-09-30,0.0,7.345712831529363,Merredin,"Wheatbelt, Western Australia"
1998-10-01,0.0,28.34991532166302,Merredin,"Wheatbelt, Western Australia"
1998-10-02,4.57486834132526,28.34991532166302,Merredin,"Wheatbelt, Western Australia"
1998-10-03,0.0,28.34991532166302,Merredin,"Wheatbelt, Western Australia"
1998-10-04,0.0,28.34991532166302,Merredin,"Wheatbelt, Western Australia"
1998-10-05,0.0,28.34991532166302,Merredin,"Wheatbelt, Western Australia"
1998-10-06,0.0,28.34991532166302,Merredin,"Wheatbelt, Western Australia"
1998-10-07,0.0,28.34991532166302,Merredin,"Wheatbelt, Western Australia"
1998-10-08,0.0,28.34991532166302,Merredin,"Wheatbelt, Western Australia"
1998-10-09,0.0,28.34991532166302,Merredin,"Wheatbelt, Western Australia"
1998-10-10,0.0,28.34991532166302,Merredin,"Wheatbelt, Western Australia"
1998-10-11,2.1904575678363076,28.34991532166302,Merredin,"Wheatbelt, Western Australia"
1998-10-12,0.0,28.34991532166302,Merredin,"Wheatbelt, Western Australia"
1998-10-13,0.0,28.34991532166302,Merredin,"Wheatbelt, Western Australia"
1998-10-14,3.068509074927051,28.34991532166302,Merredin,"Wheatbelt, Western Australia"
1998-10-15,0.0,28.34991532166302,Merredin,"Wheatbelt, Western Australia"
1998-10-16,5.653706783718097,28.34991532166302,Merredin,"Wheatbelt, Western Australia"
1998-10-17,0.0,28.34991532166302,Merredin,"Wheatbelt, Western Australia"
1998-10-18,0.0,28.34991532166302,Merredin,"Wheatbelt, Western Australia"
1998-10-19,0.0,28.34991532166302,Merredin,"Wheatbelt, Western Australia"
1998-10-20,8.172984763894819,28.34991532166302,Merredin,"Wheatbelt, Western Australia"
1998-10-21,0.0,28.34991532166302,Merredin,"Wheatbelt, Western Australia"
1998-10-22,0.0,28.34991532166302,Merredin,"Wheatbelt, Western Australia"
1998-10-23,0.0,28.34991532166302,Merredin,"Wheatbelt, Western Australia"
1998-10-24,0.0,28.34991532166302,Merredin,"Wheatbelt, Western Australia"
1998-10-25,1.863614835604524,28.34991532166302,Merredin,"Wheatbelt, Western Australia"
1998-10-26,0.0,28.34991532166302,Merredin,"Wheatbelt, Western Australia"
1998-10-27,2.8257739543569613,28.34991532166302,Merredin,"Wheatbelt, Western Australia"
1998-10-28,0.0,28.34991532166302,Merredin,"Wheatbelt, Western Australia"
1998-10-29,0.0,28.34991532166302,Merredin,"Wheatbelt, Western Australia"
1998-10-30,0.0,28.34991532166302,Merredin,"Wheatbelt, Western Australia"
1998-10-31,0.0,28.34991532166302,Merredin,"Wheatbelt, Western Australia"
1998-11-01,0.0,18.137094765547484,Merredin,"Wheatbelt, Western Australia"
1998-11-02,0.0,18.137094765547484,Merredin,"Wheatbelt, Western Australia"
1998-11-03,0.0,18.137094765547484,Merredin,"Wheatbelt, Western Australia"
1998-11-04,0.544353824754956,18.137094765547484,Merredin,"Wheatbelt, Western Australia"
1998-11-05,0.0,18.137094765547484,Merredin,"Wheatbelt, Western Australia"
1998-11-06,0.0,18.137094765547484,Merredin,"Wheatbelt, Western Australia"
1998-11-07,0.0,18.137094765547484,Merredin,"Wheatbelt, Western Australia"
1998-11-08,0.0,18.137094765547484,Merredin,"Wheatbelt, Western Australia"
1998-11-09,0.0,18.137094765547484,Merredin,"Wheatbelt, Western Australia"
1998-11-10,0.0,18.137094765547484,Merredin,"Wheatbelt, Western Australia"
1998-11-11,0.0,18.137094765547484,Merredin,"Wheatbelt, Western Australia"
1998-11-12,0.0,18.137094765547484,Merredin,"Wheatbelt, Western Australia"
1998-11-13,0.0,18.137094765547484,Merredin,"Wheatbelt, Western Australia"
1998-11-14,0.0,18.137094765547484,Merredin,"Wheatbelt, Western Australia"
1998-11-15,0.0,18.137094765547484,Merredin,"Wheatbelt, Western Australia"
1998-11-16,0.0,18.137094765547484,Merredin,"Wheatbelt, Western Australia"
1998-11-17,0.0,18.137094765547484,Merredin,"Wheatbelt, Western Australia"
1998-11-18,2.441036240648666,18.137094765547484,Merredin,"Wheatbelt, Western Australia"
1998-11-19,0.0,18.137094765547484,Merredin,"Wheatbelt, Western Australia"
1998-11-20,0.0,18.137094765547484,Merredin,"Wheatbelt, Western Australia"
1998-11-21,0.0,18.137094765547484,Merredin,"Wheatbelt, Western Australia"
1998-11-22,0.0,18.137094765547484,Merredin,"Wheatbelt, Western Australia"
1998-11-23,0.0,18.137094765547484,Merredin,"Wheatbelt, Western Australia"
1998-11-24,7.438498020807442,18.137094765547484,Merredin,"Wheatbelt, Western Australia"
1998-11-25,0.0,18.137094765547484,Merredin,"Wheatbelt, Western Australia"
1998-11-26,4.647222637286336,18.137094765547484,Merredin,"Wheatbelt, Western Australia"
1998-11-27,0.0,18.137094765547484,Merredin,"Wheatbelt, Western Australia"
1998-11-28,0.0,18.137094765547484,Merredin,"Wheatbelt, Western Australia"
1998-11-29,3.0659840420500837,18.137094765547484,Merredin,"Wheatbelt, Western Australia"
1998-11-30,0.0,18.137094765547484,Merredin,"Wheatbelt, Western Australia"
1998-12-01,0.0,6.34964351985488,Merredin,"Wheatbelt, Western Australia"
1998-12-02,0.0,6.34964351985488,Merredin,"Wheatbelt, Western Australia"
1998-12-03,0.0,6.34964351985488,Merredin,"Wheatbelt, Western Australia"
1998-12-04,0.0,6.34964351985488,Merredin,"Wheatbelt, Western Australia"
1998-12-05,0.0,6.34964351985488,Merredin,"Wheatbelt, Western Australia"
1998-12-06,2.1703135720944795,6.34964351985488,Merredin,"Wheatbelt, Western Australia"
1998-12-07,0.0,6.34964351985488,Merredin,"Wheatbelt, Western Australia"
1998-12-08,0.0,6.34964351985488,Merredin,"Wheatbelt, Western Australia"
1998-12-09,0.0,6.34964351985488,Merredin,"Wheatbelt, Western Australia"
1998-12-10,0.0,6.34964351985488,Merredin,"Wheatbelt, Western Australia"
1998-12-11,0.0,6.34964351985488,Merredin,"Wheatbelt, Western Australia"
1998-12-12,0.0,6.34964351985488,Merredin,"Wheatbelt, Western Australia"
1998-12-13,0.0,6.34964351985488,Merredin,"Wheatbelt, Western Australia"
1998-12-14,0.0,6.34964351985488,Merredin,"Wheatbelt, Western Australia"
1998-12-15,0.0,6.34964351985488,Merredin,"Wheatbelt, Western Australia"
1998-12-16,0.0,6.34964351985488,Merredin,"Wheatbelt, Western Australia"
1998-12-17,0.0,6.34964351985488,Merredin,"Wheatbelt, Western Australia"
1998-12-18,0.0,6.34964351985488,Merredin,"Wheatbelt, Western Australia"
1998-12-19,0.0,6.34964351985488,Merredin,"Wheatbelt, Western Australia"
1998-12-20,0.0,6.34964351985488,Merredin,"Wheatbelt, Western Australia"
1998-12-21,0.0,6.34964351985488,Merredin,"Wheatbelt, Western Australia"
1998-12-22,0.0,6.34964351985488,Merredin,"Wheatbelt, Western Australia"
1998-12-23,4.179329947760401,6.34964351985488,Merredin,"Wheatbelt, Western Australia"
1998-12-24,0.0,6.34964351985488,Merredin,"Wheatbelt, Western Australia"
1998-12-25,0.0,6.34964351985488,Merredin,"Wheatbelt, Western Australia"
1998-12-26,0.0,6.34964351985488,Merredin,"Wheatbelt, Western Australia"
1998-12-27,0.0,6.34964351985488,Merredin,"Wheatbelt, Western Australia"
1998-12-28,0.0,6.34964351985488,Merredin,"Wheatbelt, Western Australia"
1998-12-29,0.0,6.34964351985488,Merredin,"Wheatbelt, Western Australia"
1998-12-30,0.0,6.34964351985488,Merredin,"Wheatbelt, Western Australia"
1998-12-31,0.0,6.34964351985488,Merredin,"Wheatbelt, Western Australia"
1999-01-01,8.219503135709706,30.719029643275448,Merredin,"Wheatbelt, Western Australia"
1999-01-02,0.0,30.719029643275448,Merredin,"Wheatbelt, Western Australia"
1999-01-03,5.423252684691728,30.719029643275448,Merredin,"Wheatbelt, Western Australia"
1999-01-04,0.0,30.719029643275448,Merredin,"Wheatbelt, Western Australia"
1999-01-05,0.0,30.719029643275448,Merredin,"Wheatbelt, Western Australia"
1999-01-06,0.0,30.719029643275448,Merredin,"Wheatbelt, Western Australia"
1999-01-07,0.0,30.719029643275448,Merredin,"Wheatbelt, Western Australia"
1999-01-08,4.129198386781377,30.719029643275448,Merredin,"Wheatbelt, Western Australia"
1999-01-09,3.6382627344152616,30.719029643275448,Merredin,"Wheatbelt, Western Australia"
1999-01-10,0.0,30.719029643275448,Merredin,"Wheatbelt, Western Australia"
1999-01-11,0.0,30.719029643275448,Merredin,"Wheatbelt, Western Australia"
1999-01-12,0.0,30.719029643275448,Merredin,"Wheatbelt, Western Australia"
1999-01-13,2.976911411816542,30.719029643275448,Merredin,"Wheatbelt, Western Australia"
1999-01-14,0.0,30.719029643275448,Merredin,"Wheatbelt, Western Australia"
1999-01-15,0.0,30.719029643275448,Merredin,"Wheatbelt, Western Australia"
1999-01-16,0.0,30.719029643275448,Merredin,"Wheatbelt, Western Australia"
1999-01-17,0.0,30.719029643275448,Merredin,"Wheatbelt, Western Australia"
1999-01-18,0.0,30.719029643275448,Merredin,"Wheatbelt, Western Australia"
1999-01-19,0.0,30.719029643275448,Merredin,"Wheatbelt, Western Australia"
1999-01-20,0.0,30.719029643275448,Merredin,"Wheatbelt, Western Australia"
1999-01-21,2.369633960589967,30.719029643275448,Merredin,"Wheatbelt, Western Australia"
1999-01-22,0.0,30.719029643275448,Merredin,"Wheatbelt, Western Australia"
1999-01-23,3.962267329270865,30.719029643275448,Merredin,"Wheatbelt, Western Australia"
1999-01-24,0.0,30.719029643275448,Merredin,"Wheatbelt, Western Australia"
1999-01-25,0.0,30.719029643275448,Merredin,"Wheatbelt, Western Australia"
1999-01-26,0.0,30.719029643275448,Merredin,"Wheatbelt, Western Australia"
1999-01-27,0.0,30.719029643275448,Merredin,"Wheatbelt, Western Australia"
1999-01-28,0.0,30.719029643275448,Merredin,"Wheatbelt, Western Australia"
1999-01-29,0.0,30.719029643275448,Merredin,"Wheatbelt, Western Australia"
1999-01-30,0.0,30.719029643275448,Merredin,"Wheatbelt, Western Australia"
1999-01-31,0.0,30.719029643275448,Merredin,"Wheatbelt, Western Australia"
1999-02-01,0.0,11.88588499649099,Merredin,"Wheatbelt, Western Australia"
1999-02-02,0.0,11.88588499649099,Merredin,"Wheatbelt, Western Australia"
1999-02-03,0.0,11.88588499649099,Merredin,"Wheatbelt, Western Australia"
1999-02-04,0.0,11.88588499649099,Merredin,"Wheatbelt, Western Australia"
1999-02-05,0.0,11.88588499649099,Merredin,"Wheatbelt, Western Australia"
1999-02-06,0.0,11.88588499649099,Merredin,"Wheatbelt, Western Australia"
1999-02-07,0.0,11.88588499649099,Merredin,"Wheatbelt, Western Australia"
1999-02-08,0.2471150358901196,11.88588499649099,Merredin,"Wheatbelt, Western Australia"
1999-02-09,1.6674533198334318,11.88588499649099,Merredin,"Wheatbelt, Western Australia"
1999-02-10,1.6498088520754732,11.88588499649099,Merredin,"Wheatbelt, Western Australia"
1999-02-11,0.0,11.88588499649099,Merredin,"Wheatbelt, Western Australia"
1999-02-12,0.0,11.88588499649099,Merredin,"Wheatbelt, Western Australia"
1999-02-13,4.1759673913087925,11.88588499649099,Merredin,"Wheatbelt, Western Australia"
1999-02-14,0.0,11.88588499649099,Merredin,"Wheatbelt, Western Australia"
1999-02-15,0.0,11.88588499649099,Merredin,"Wheatbelt, Western Australia"
1999-02-16,4.145540397383173,11.88588499649099,Merredin,"Wheatbelt, Western Australia"
1999-02-17,0.0,11.88588499649099,Merredin,"Wheatbelt, Western Australia"
1999-02-18,0.0,11.88588499649099,Merredin,"Wheatbelt, Western Australia"
1999-02-19,0.0,11.88588499649099,Merredin,"Wheatbelt, Western Australia"
1999-02-20,0.0,11.88588499649099,Merredin,"Wheatbelt, Western Australia"
1999-02-21,0.0,11.88588499649099,Merredin,"Wheatbelt, Western Australia"
1999-02-22,0.0,11.88588499649099,Merredin,"Wheatbelt, Western Australia"
1999-02-23,0.0,11.88588499649099,Merredin,"Wheatbelt, Western Australia"
1999-02-24,0.0,11.88588499649099,Merredin,"Wheatbelt, Western Australia"
1999-02-25,0.0,11.88588499649099,Merredin,"Wheatbelt, Western Australia"
1999-02-26,0.0,11.88588499649099,Merredin,"Wheatbelt, Western Australia"
1999-02-27,0.0,11.88588499649099,Merredin,"Wheatbelt, Western Australia"
1999-02-28,0.0,11.88588499649099,Merredin,"Wheatbelt, Western Australia"
1999-03-01,1.3920564782467229,13.8785975867654,Merredin,"Wheatbelt, Western Australia"
1999-03-02,0.0,13.8785975867654,Merredin,"Wheatbelt, Western Australia"
1999-03-03,0.0,13.8785975867654,Merredin,"Wheatbelt, Western Australia"
1999-03-04,0.0,13.8785975867654,Merredin,"Wheatbelt, Western Australia"
1999-03-05,0.0,13.8785975867654,Merredin,"Wheatbelt, Western Australia"
1999-03-06,0.0,13.8785975867654,Merredin,"Wheatbelt, Western Australia"
1999-03-07,0.0,13.8785975867654,Merredin,"Wheatbelt, Western Australia"
1999-03-08,0.0,13.8785975867654,Merredin,"Wheatbelt, Western Australia"
1999-03-09,0.0,13.8785975867654,Merredin,"Wheatbelt, Western Australia"
1999-03-10,0.0,13.8785975867654,Merredin,"Wheatbelt, Western Australia"
1999-03-11,0.0,13.8785975867654,Merredin,"Wheatbelt, Western Australia"
1999-03-12,0.0,13.8785975867654,Merredin,"Wheatbelt, Western Australia"
1999-03-13,0.0,13.8785975867654,Merredin,"Wheatbelt, Western Australia"
1999-03-14,0.0,13.8785975867654,Merredin,"Wheatbelt, Western Australia"
1999-03-15,2.9699003582706216,13.8785975867654,Merredin,"Wheatbelt, Western Australia"
1999-03-16,0.0,13.8785975867654,Merredin,"Wheatbelt, Western Australia"
1999-03-17,0.0,13.8785975867654,Merredin,"Wheatbelt, Western Australia"
1999-03-18,1.3956017854118152,13.8785975867654,Merredin,"Wheatbelt, Western Australia"
1999-03-19,0.0,13.8785975867654,Merredin,"Wheatbelt, Western Australia"
1999-03-20,3.6724085368907984,13.8785975867654,Merredin,"Wheatbelt, Western Australia"
1999-03-21,0.0,13.8785975867654,Merredin,"Wheatbelt, Western Australia"
1999-03-22,0.0,13.8785975867654,Merredin,"Wheatbelt, Western Australia"
1999-03-23,0.0,13.8785975867654,Merredin,"Wheatbelt, Western Australia"
1999-03-24,1.5340828005100342,13.8785975867654,Merredin,"Wheatbelt, Western Australia"
1999-03-25,0.0,13.8785975867654,Merredin,"Wheatbelt, Western Australia"
1999-03-26,0.0,13.8785975867654,Merredin,"Wheatbelt, Western Australia"
1999-03-27,0.0,13.8785975867654,Merredin,"Wheatbelt, Western Australia"
1999-03-28,0.0,13.8785975867654,Merredin,"Wheatbelt, Western Australia"
1999-03-29,2.9145476274354074,13.8785975867654,Merredin,"Wheatbelt, Western Australia"
1999-03-30,0.0,13.8785975867654,Merredin,"Wheatbelt, Western Australia"
1999-03-31,0.0,13.8785975867654,Merredin,"Wheatbelt, Western Australia"
1999-04-01,0.0,43.84172456362348,Merredin,"Wheatbelt, Western Australia"
1999-04-02,0.0,43.84172456362348,Merredin,"Wheatbelt, Western Australia"
1999-04-03,1.405487348003782,43.84172456362348,Merredin,"Wheatbelt, Western Australia"
1999-04-04,0.0,43.84172456362348,Merredin,"Wheatbelt, Western Australia"
1999-04-05,0.0,43.84172456362348,Merredin,"Wheatbelt, Western Australia"
1999-04-06,0.0,43.84172456362348,Merredin,"Wheatbelt, Western Australia"
1999-04-07,0.0,43.84172456362348,Merredin,"Wheatbelt, Western Australia"
1999-04-08,0.0,43.84172456362348,Merredin,"Wheatbelt, Western Australia"
1999-04-09,0.0,43.84172456362348,Merredin,"Wheatbelt, Western Australia"
1999-04-10,0.0,43.84172456362348,Merredin,"Wheatbelt, Western Australia"
1999-04-11,0.0,43.84172456362348,Merredin,"Wheatbelt, Western Australia"
1999-04-12,6.711289677932406,43.84172456362348,Merredin,"Wheatbelt, Western Australia"
1999-04-13,0.0,43.84172456362348,Merredin,"Wheatbelt, Western Australia"
1999-04-14,0.0,43.84172456362348,Merredin,"Wheatbelt, Western Australia"
1999-04-15,9.280383179058397,43.84172456362348,Merredin,"Wheatbelt, Western Australia"
1999-04-16,0.0,43.84172456362348,Merredin,"Wheatbelt, Western Australia"
1999-04-17,0.0,43.84172456362348,Merredin,"Wheatbelt, Western Australia"
1999-04-18,0.0,43.84172456362348,Merredin,"Wheatbelt, Western Australia"
1999-04-19,9.02519940467635,43.84172456362348,Merredin,"Wheatbelt, Western Australia"
1999-04-20,0.0,43.84172456362348,Merredin,"Wheatbelt, Western Australia"
1999-04-21,0.0,43.84172456362348,Merredin,"Wheatbelt, Western Australia"
1999-04-22,0.0,43.84172456362348,Merredin,"Wheatbelt, Western Australia"
1999-04-23,2.6900154137594994,43.84172456362348,Merredin,"Wheatbelt, Western Australia"
1999-04-24,0.0,43.84172456362348,Merredin,"Wheatbelt, Western Australia"
1999-04-25,4.362193378318895,43.84172456362348,Merredin,"Wheatbelt, Western Australia"
1999-04-26,10.36715616187415,43.84172456362348,Merredin,"Wheatbelt, Western Australia"
1999-04-27,0.0,43.84172456362348,Merredin,"Wheatbelt, Western Australia"
1999-04-28,0.0,43.84172456362348,Merredin,"Wheatbelt, Western Australia"
1999-04-29,0.0,43.84172456362348,Merredin,"Wheatbelt, Western Australia"
1999-04-30,0.0,43.84172456362348,Merredin,"Wheatbelt, Western Australia"
1999-05-01,0.0,17.90813345534866,Merredin,"Wheatbelt, Western Australia"
1999-05-02,0.0,17.90813345534866,Merredin,"Wheatbelt, Western Australia"
1999-05-03,0.0,17.90813345534866,Merredin,"Wheatbelt, Western Australia"
1999-05-04,0.0,17.90813345534866,Merredin,"Wheatbelt, Western Australia"
1999-05-05,0.0,17.90813345534866,Merredin,"Wheatbelt, Western Australia"
1999-05-06,0.0,17.90813345534866,Merredin,"Wheatbelt, Western Australia"
1999-05-07,0.0,17.90813345534866,Merredin,"Wheatbelt, Western Australia"
1999-05-08,0.0,17.90813345534866,Merredin,"Wheatbelt, Western Australia"
1999-05-09,0.0,17.90813345534866,Merredin,"Wheatbelt, Western Australia"
1999-05-10,0.0,17.90813345534866,Merredin,"Wheatbelt, Western Australia"
1999-05-11,0.0,17.90813345534866,Merredin,"Wheatbelt, Western Australia"
1999-05-12,0.0,17.90813345534866,Merredin,"Wheatbelt, Western Australia"
1999-05-13,0.0,17.90813345534866,Merredin,"Wheatbelt, Western Australia"
1999-05-14,2.2091891556653094,17.90813345534866,Merredin,"Wheatbelt, Western Australia"
1999-05-15,6.993786230052983,17.90813345534866,Merredin,"Wheatbelt, Western Australia"
1999-05-16,0.0,17.90813345534866,Merredin,"Wheatbelt, Western Australia"
1999-05-17,3.945021172222852,17.90813345534866,Merredin,"Wheatbelt, Western Australia"
1999-05-18,0.0,17.90813345534866,Merredin,"Wheatbelt, Western Australia"
1999-05-19,4.760136897407517,17.90813345534866,Merredin,"Wheatbelt, Western Australia"
1999-05-20,0.0,17.90813345534866,Merredin,"Wheatbelt, Western Australia"
1999-05-21,0.0,17.90813345534866,Merredin,"Wheatbelt, Western Australia"
1999-05-22,0.0,17.90813345534866,Merredin,"Wheatbelt, Western Australia"
1999-05-23,0.0,17.90813345534866,Merredin,"Wheatbelt, Western Australia"
1999-05-24,0.0,17.90813345534866,Merredin,"Wheatbelt, Western Australia"
1999-05-25,0.0,17.90813345534866,Merredin,"Wheatbelt, Western Australia"
1999-05-26,0.0,17.90813345534866,Merredin,"Wheatbelt, Western Australia"
1999-05-27,0.0,17.90813345534866,Merredin,"Wheatbelt, Western Australia"
1999-05-28,0.0,17.90813345534866,Merredin,"Wheatbelt, Western Australia"
1999-05-29,0.0,17.90813345534866,Merredin,"Wheatbelt, Western Australia"
1999-05-30,0.0,17.90813345534866,Merredin,"Wheatbelt, Western Australia"
1999-05-31,0.0,17.90813345534866,Merredin,"Wheatbelt, Western Australia"
1999-06-01,0.0,3.764054142329682,Merredin,"Wheatbelt, Western Australia"
1999-06-02,0.0,3.764054142329682,Merredin,"Wheatbelt, Western Australia"
1999-06-03,0.0,3.764054142329682,Merredin,"Wheatbelt, Western Australia"
1999-06-04,0.0,3.764054142329682,Merredin,"Wheatbelt, Western Australia"
1999-06-05,0.0,3.764054142329682,Merredin,"Wheatbelt, Western Australia"
1999-06-06,0.0,3.764054142329682,Merredin,"Wheatbelt, Western Australia"
1999-06-07,0.0,3.764054142329682,Merredin,"Wheatbelt, Western Australia"
1999-06-08,0.0,3.764054142329682,Merredin,"Wheatbelt, Western Australia"
1999-06-09,0.0,3.764054142329682,Merredin,"Wheatbelt, Western Australia"
1999-06-10,2.315601932822916,3.764054142329682,Merredin,"Wheatbelt, Western Australia"
1999-06-11,0.0,3.764054142329682,Merredin,"Wheatbelt, Western Australia"
1999-06-12,0.0,3.764054142329682,Merredin,"Wheatbelt, Western Australia"
1999-06-13,0.0,3.764054142329682,Merredin,"Wheatbelt, Western Australia"
1999-06-14,0.0,3.764054142329682,Merredin,"Wheatbelt, Western Australia"
1999-06-15,0.0,3.764054142329682,Merredin,"Wheatbelt, Western Australia"
1999-06-16,0.0,3.764054142329682,Merredin,"Wheatbelt, Western Australia"
1999-06-17,0.0,3.764054142329682,Merredin,"Wheatbelt, Western Australia"
1999-06-18,0.0,3.764054142329682,Merredin,"Wheatbelt, Western Australia"
1999-06-19,0.0,3.764054142329682,Merredin,"Wheatbelt, Western Australia"
1999-06-20,0.0,3.764054142329682,Merredin,"Wheatbelt, Western Australia"
1999-06-21,0.0,3.764054142329682,Merredin,"Wheatbelt, Western Australia"
1999-06-22,0.0,3.764054142329682,Merredin,"Wheatbelt, Western Australia"
1999-06-23,0.0,3.764054142329682,Merredin,"Wheatbelt, Western Australia"
1999-06-24,0.0,3.764054142329682,Merredin,"Wheatbelt, Western Australia"
1999-06-25,1.4484522095067662,3.764054142329682,Merredin,"Wheatbelt, Western Australia"
1999-06-26,0.0,3.764054142329682,Merredin,"Wheatbelt, Western Australia"
1999-06-27,0.0,3.764054142329682,Merredin,"Wheatbelt, Western Australia"
1999-06-28,0.0,3.764054142329682,Merredin,"Wheatbelt, Western Australia"
1999-06-29,0.0,3.764054142329682,Merredin,"Wheatbelt, Western Australia"
1999-06-30,0.0,3.764054142329682,Merredin,"Wheatbelt, Western Australia"
1999-07-01,1.794544816614324,20.30500170318888,Merredin,"Wheatbelt, Western Australia"
1999-07-02,0.0,20.30500170318888,Merredin,"Wheatbelt, Western Australia"
1999-07-03,0.0,20.30500170318888,Merredin,"Wheatbelt, Western Australia"
1999-07-04,2.529874671201401,20.30500170318888,Merredin,"Wheatbelt, Western Australia"
1999-07-05,0.0,20.30500170318888,Merredin,"Wheatbelt, Western Australia"
1999-07-06,0.0,20.30500170318888,Merredin,"Wheatbelt, Western Australia"
1999-07-07,0.0,20.30500170318888,Merredin,"Wheatbelt, Western Australia"
1999-07-08,0.0,20.30500170318888,Merredin,"Wheatbelt, Western Australia"
1999-07-09,0.0,20.30500170318888,Merredin,"Wheatbelt, Western Australia"
1999-07-10,1.1029796795737654,20.30500170318888,Merredin,"Wheatbelt, Western Australia"
1999-07-11,0.0,20.30500170318888,Merredin,"Wheatbelt, Western Australia"
1999-07-12,0.0,20.30500170318888,Merredin,"Wheatbelt, Western Australia"
1999-07-13,3.2968981569608027,20.30500170318888,Merredin,"Wheatbelt, Western Australia"
1999-07-14,0.0,20.30500170318888,Merredin,"Wheatbelt, Western Australia"
1999-07-15,0.0,20.30500170318888,Merredin,"Wheatbelt, Western Australia"
1999-07-16,0.0,20.30500170318888,Merredin,"Wheatbelt, Western Australia"
1999-07-17,0.0,20.30500170318888,Merredin,"Wheatbelt, Western Australia"
1999-07-18,0.0,20.30500170318888,Merredin,"Wheatbelt, Western Australia"
1999-07-19,1.3203792721085104,20.30500170318888,Merredin,"Wheatbelt, Western Australia"
1999-07-20,0.0,20.30500170318888,Merredin,"Wheatbelt, Western Australia"
1999-07-21,0.0,20.30500170318888,Merredin,"Wheatbelt, Western Australia"
1999-07-22,0.0,20.30500170318888,Merredin,"Wheatbelt, Western Australia"
1999-07-23,0.0,20.30500170318888,Merredin,"Wheatbelt, Western Australia"
1999-07-24,0.0,20.30500170318888,Merredin,"Wheatbelt, Western Australia"
1999-07-25,0.0,20.30500170318888,Merredin,"Wheatbelt, Western Australia"
1999-07-26,0.0,20.30500170318888,Merredin,"Wheatbelt, Western Australia"
1999-07-27,0.0,20.30500170318888,Merredin,"Wheatbelt, Western Australia"
1999-07-28,0.0,20.30500170318888,Merredin,"Wheatbelt, Western Australia"
1999-07-29,7.496575117756946,20.30500170318888,Merredin,"Wheatbelt, Western Australia"
1999-07-30,1.6659561425839706,20.30500170318888,Merredin,"Wheatbelt, Western Australia"
1999-07-31,1.0977938463891557,20.30500170318888,Merredin,"Wheatbelt, Western Australia"
1999-08-01,0.0,16.262922993447923,Merredin,"Wheatbelt, Western Australia"
1999-08-02,0.0,16.262922993447923,Merredin,"Wheatbelt, Western Australia"
1999-08-03,8.441940251834515,16.262922993447923,Merredin,"Wheatbelt, Western Australia"
1999-08-04,0.0,16.262922993447923,Merredin,"Wheatbelt, Western Australia"
1999-08-05,0.0,16.262922993447923,Merredin,"Wheatbelt, Western Australia"
1999-08-06,0.0,16.262922993447923,Merredin,"Wheatbelt, Western Australia"
1999-08-07,0.0,16.262922993447923,Merredin,"Wheatbelt, Western Australia"
1999-08-08,5.786586295427773,16.262922993447923,Merredin,"Wheatbelt, Western Australia"
1999-08-09,0.0,16.262922993447923,Merredin,"Wheatbelt, Western Australia"
1999-08-10,0.0,16.262922993447923,Merredin,"Wheatbelt, Western Australia"
1999-08-11,0.0,16.262922993447923,Merredin,"Wheatbelt, Western Australia"
1999-08-12,0.0,16.262922993447923,Merredin,"Wheatbelt, Western Australia"
1999-08-13,0.0,16.262922993447923,Merredin,"Wheatbelt, Western Australia"
1999-08-14,0.0,16.262922993447923,Merredin,"Wheatbelt, Western Australia"
1999-08-15,0.0,16.262922993447923,Merredin,"Wheatbelt, Western Australia"
1999-08-16,0.0,16.262922993447923,Merredin,"Wheatbelt, Western Australia"
1999-08-17,0.0,16.262922993447923,Merredin,"Wheatbelt, Western Australia"
1999-08-18,0.0,16.262922993447923,Merredin,"Wheatbelt, Western Australia"
1999-08-19,0.0,16.262922993447923,Merredin,"Wheatbelt, Western Australia"
1999-08-20,0.0,16.262922993447923,Merredin,"Wheatbelt, Western Australia"
1999-08-21,0.0,16.262922993447923,Merredin,"Wheatbelt, Western Australia"
1999-08-22,0.0,16.262922993447923,Merredin,"Wheatbelt, Western Australia"
1999-08-23,1.0078407556342674,16.262922993447923,Merredin,"Wheatbelt, Western Australia"
1999-08-24,0.0,16.262922993447923,Merredin,"Wheatbelt, Western Australia"
1999-08-25,0.0,16.262922993447923,Merredin,"Wheatbelt, Western Australia"
1999-08-26,0.0,16.262922993447923,Merredin,"Wheatbelt, Western Australia"
1999-08-27,0.0,16.262922993447923,Merredin,"Wheatbelt, Western Australia"
1999-08-28,0.0,16.262922993447923,Merredin,"Wheatbelt, Western Australia"
1999-08-29,0.0,16.262922993447923,Merredin,"Wheatbelt, Western Australia"
1999-08-30,0.0,16.262922993447923,Merredin,"Wheatbelt, Western Australia"
1999-08-31,1.0265556905513682,16.262922993447923,Merredin,"Wheatbelt, Western Australia"
1999-09-01,4.084640104205889,25.492745444699118,Merredin,"Wheatbelt, Western Australia"
1999-09-02,4.298110326466274,25.492745444699118,Merredin,"Wheatbelt, Western Australia"
1999-09-03,1.3178513676844625,25.492745444699118,Merredin,"Wheatbelt, Western Australia"
1999-09-04,0.0,25.492745444699118,Merredin,"Wheatbelt, Western Australia"
1999-09-05,0.0,25.492745444699118,Merredin,"Wheatbelt, Western Australia"
1999-09-06,0.0,25.492745444699118,Merredin,"Wheatbelt, Western Australia"
1999-09-07,0.0,25.492745444699118,Merredin,"Wheatbelt, Western Australia"
1999-09-08,0.0,25.492745444699118,Merredin,"Wheatbelt, Western Australia"
1999-09-09,6.990193388615388,25.492745444699118,Merredin,"Wheatbelt, Western Australia"
1999-09-10,0.0,25.492745444699118,Merredin,"Wheatbelt, Western Australia"
1999-09-11,0.0,25.492745444699118,Merredin,"Wheatbelt, Western Australia"
1999-09-12,0.0,25.492745444699118,Merredin,"Wheatbelt, Western Australia"
1999-09-13,0.0,25.492745444699118,Merredin,"Wheatbelt, Western Australia"
1999-09-14,0.0,25.492745444699118,Merredin,"Wheatbelt, Western Australia"
1999-09-15,0.0,25.492745444699118,Merredin,"Wheatbelt, Western Australia"
1999-09-16,0.0,25.492745444699118,Merredin,"Wheatbelt, Western Australia"
1999-09-17,0.0,25.492745444699118,Merredin,"Wheatbelt, Western Australia"
1999-09-18,0.0,25.492745444699118,Merredin,"Wheatbelt, Western Australia"
1999-09-19,0.0,25.492745444699118,Merredin,"Wheatbelt, Western Australia"
1999-09-20,0.0,25.492745444699118,Merredin,"Wheatbelt, Western Australia"
1999-09-21,0.0,25.492745444699118,Merredin,"Wheatbelt, Western Australia"
1999-09-22,0.0,25.492745444699118,Merredin,"Wheatbelt, Western Australia"
1999-09-23,0.0,25.492745444699118,Merredin,"Wheatbelt, Western Australia"
1999-09-24,1.7010124039909185,25.492745444699118,Merredin,"Wheatbelt, Western Australia"
1999-09-25,0.0,25.492745444699118,Merredin,"Wheatbelt, Western Australia"
1999-09-26,1.3251566138417967,25.492745444699118,Merredin,"Wheatbelt, Western Australia"
1999-09-27,0.0,25.492745444699118,Merredin,"Wheatbelt, Western Australia"
1999-09-28,0.0,25.492745444699118,Merredin,"Wheatbelt, Western Australia"
1999-09-29,0.0,25.492745444699118,Merredin,"Wheatbelt, Western Australia"
1999-09-30,5.775781239894388,25.492745444699118,Merredin,"Wheatbelt, Western Australia"
1999-10-01,0.0,14.558037642985413,Merredin,"Wheatbelt, Western Australia"
1999-10-02,0.0,14.558037642985413,Merredin,"Wheatbelt, Western Australia"
1999-10-03,0.2643253720972183,14.558037642985413,Merredin,"Wheatbelt, Western Australia"
1999-10-04,2.4202403741526064,14.558037642985413,Merredin,"Wheatbelt, Western Australia"
1999-10-05,1.7673645169496919,14.558037642985413,Merredin,"Wheatbelt, Western Australia"
1999-10-06,4.726662922205937,14.558037642985413,Merredin,"Wheatbelt, Western Australia"
1999-10-07,0.0,14.558037642985413,Merredin,"Wheatbelt, Western Australia"
1999-10-08,0.0,14.558037642985413,Merredin,"Wheatbelt, Western Australia"
1999-10-09,0.0,14.558037642985413,Merredin,"Wheatbelt, Western Australia"
1999-10-10,0.0,14.558037642985413,Merredin,"Wheatbelt, Western Australia"
1999-10-11,0.0,14.558037642985413,Merredin,"Wheatbelt, Western Australia"
1999-10-12,0.0,14.558037642985413,Merredin,"Wheatbelt, Western Australia"
1999-10-13,0.0,14.558037642985413,Merredin,"Wheatbelt, Western Australia"
1999-10-14,0.0,14.558037642985413,Merredin,"Wheatbelt, Western Australia"
1999-10-15,0.0,14.558037642985413,Merredin,"Wheatbelt, Western Australia"
1999-10-16,0.0,14.558037642985413,Merredin,"Wheatbelt, Western Australia"
1999-10-17,0.0,14.558037642985413,Merredin,"Wheatbelt, Western Australia"
1999-10-18,0.0,14.558037642985413,Merredin,"Wheatbelt, Western Australia"
1999-10-19,0.0,14.558037642985413,Merredin,"Wheatbelt, Western Australia"
1999-10-20,0.0,14.558037642985413,Merredin,"Wheatbelt, Western Australia"
1999-10-21,0.0,14.558037642985413,Merredin,"Wheatbelt, Western Australia"
1999-10-22,0.0,14.558037642985413,Merredin,"Wheatbelt, Western Australia"
1999-10-23,0.0,14.558037642985413,Merredin,"Wheatbelt, Western Australia"
1999-10-24,0.0,14.558037642985413,Merredin,"Wheatbelt, Western Australia"
1999-10-25,0.0,14.558037642985413,Merredin,"Wheatbelt, Western Australia"
1999-10-26,0.0,14.558037642985413,Merredin,"Wheatbelt, Western Australia"
1999-10-27,0.0,14.558037642985413,Merredin,"Wheatbelt, Western Australia"
1999-10-28,5.37944445757996,14.558037642985413,Merredin,"Wheatbelt, Western Australia"
1999-10-29,0.0,14.558037642985413,Merredin,"Wheatbelt, Western Australia"
1999-10-30,0.0,14.558037642985413,Merredin,"Wheatbelt, Western Australia"
1999-10-31,0.0,14.558037642985413,Merredin,"Wheatbelt, Western Australia"
1999-11-01,0.0,14.338183448101512,Merredin,"Wheatbelt, Western Australia"
1999-11-02,3.8426953177445573,14.338183448101512,Merredin,"Wheatbelt, Western Australia"
1999-11-03,2.864207869671824,14.338183448101512,Merredin,"Wheatbelt, Western Australia"
1999-11-04,0.0,14.338183448101512,Merredin,"Wheatbelt, Western Australia"
1999-11-05,0.0,14.338183448101512,Merredin,"Wheatbelt, Western Australia"
1999-11-06,0.0,14.338183448101512,Merredin,"Wheatbelt, Western Australia"
1999-11-07,0.0,14.338183448101512,Merredin,"Wheatbelt, Western Australia"
1999-11-08,0.0,14.338183448101512,Merredin,"Wheatbelt, Western Australia"
1999-11-09,0.0,14.338183448101512,Merredin,"Wheatbelt, Western Australia"
1999-11-10,0.0,14.338183448101512,Merredin,"Wheatbelt, Western Australia"
1999-11-11,0.0,14.338183448101512,Merredin,"Wheatbelt, Western Australia"
1999-11-12,0.0,14.338183448101512,Merredin,"Wheatbelt, Western Australia"
1999-11-13,0.0,14.338183448101512,Merredin,"Wheatbelt, Western Australia"
1999-11-14,0.0,14.338183448101512,Merredin,"Wheatbelt, Western Australia"
1999-11-15,0.0,14.338183448101512,Merredin,"Wheatbelt, Western Australia"
1999-11-16,0.0,14.338183448101512,Merredin,"Wheatbelt, Western Australia"
1999-11-17,0.0,14.338183448101512,Merredin,"Wheatbelt, Western Australia"
1999-11-18,0.0,14.338183448101512,Merredin,"Wheatbelt, Western Australia"
1999-11-19,0.0,14.338183448101512,Merredin,"Wheatbelt, Western Australia"
1999-11-20,0.0,14.338183448101512,Merredin,"Wheatbelt, Western Australia"
1999-11-21,0.0,14.338183448101512,Merredin,"Wheatbelt, Western Australia"
1999-11-22,0.0,14.338183448101512,Merredin,"Wheatbelt, Western Australia"
1999-11-23,7.6312802606851315,14.338183448101512,Merredin,"Wheatbelt, Western Australia"
1999-11-24,0.0,14.338183448101512,Merredin,"Wheatbelt, Western Australia"
1999-11-25,0.0,14.338183448101512,Merredin,"Wheatbelt, Western Australia"
1999-11-26,0.0,14.338183448101512,Merredin,"Wheatbelt, Western Australia"
1999-11-27,0.0,14.338183448101512,Merredin,"Wheatbelt, Western Australia"
1999-11-28,0.0,14.338183448101512,Merredin,"Wheatbelt, Western Australia"
1999-11-29,0.0,14.338183448101512,Merredin,"Wheatbelt, Western Australia"
1999-11-30,0.0,14.338183448101512,Merredin,"Wheatbelt, Western Australia"
1999-12-01,0.0,30.890932320728552,Merredin,"Wheatbelt, Western Australia"
1999-12-02,0.0,30.890932320728552,Merredin,"Wheatbelt, Western Australia"
1999-12-03,0.0,30.890932320728552,Merredin,"Wheatbelt, Western Australia"
1999-12-04,0.0,30.890932320728552,Merredin,"Wheatbelt, Western Australia"
1999-12-05,0.0,30.890932320728552,Merredin,"Wheatbelt, Western Australia"
1999-12-06,1.4297028136929253,30.890932320728552,Merredin,"Wheatbelt, Western Australia"
1999-12-07,1.2813295131373739,30.890932320728552,Merredin,"Wheatbelt, Western Australia"
1999-12-08,3.359491121257012,30.890932320728552,Merredin,"Wheatbelt, Western Australia"
1999-12-09,0.0,30.890932320728552,Merredin,"Wheatbelt, Western Australia"
1999-12-10,0.8871576463473313,30.890932320728552,Merredin,"Wheatbelt, Western Australia"
1999-12-11,0.0,30.890932320728552,Merredin,"Wheatbelt, Western Australia"
1999-12-12,2.9324415735477745,30.890932320728552,Merredin,"Wheatbelt, Western Australia"
1999-12-13,0.0,30.890932320728552,Merredin,"Wheatbelt, Western Australia"
1999-12-14,0.0,30.890932320728552,Merredin,"Wheatbelt, Western Australia"
1999-12-15,4.841204663592325,30.890932320728552,Merredin,"Wheatbelt, Western Australia"
1999-12-16,0.0,30.890932320728552,Merredin,"Wheatbelt, Western Australia"
1999-12-17,3.8594847316795575,30.890932320728552,Merredin,"Wheatbelt, Western Australia"
1999-12-18,2.737386522682708,30.890932320728552,Merredin,"Wheatbelt, Western Australia"
1999-12-19,0.0,30.890932320728552,Merredin,"Wheatbelt, Western Australia"
1999-12-20,0.0,30.890932320728552,Merredin,"Wheatbelt, Western Australia"
1999-12-21,3.6434259583316275,30.890932320728552,Merredin,"Wheatbelt, Western Australia"
1999-12-22,0.0,30.890932320728552,Merredin,"Wheatbelt, Western Australia"
1999-12-23,0.0,30.890932320728552,Merredin,"Wheatbelt, Western Australia"
1999-12-24,0.0,30.890932320728552,Merredin,"Wheatbelt, Western Australia"
1999-12-25,0.0,30.890932320728552,Merredin,"Wheatbelt, Western Australia"
1999-12-26,0.0,30.890932320728552,Merredin,"Wheatbelt, Western Australia"
1999-12-27,0.0,30.890932320728552,Merredin,"Wheatbelt, Western Australia"
1999-12-28,0.0,30.890932320728552,Merredin,"Wheatbelt, Western Australia"
1999-12-29,3.441934428102501,30.890932320728552,Merredin,"Wheatbelt, Western Australia"
1999-12-30,2.477373348357415,30.890932320728552,Merredin,"Wheatbelt, Western Australia"
1999-12-31,0.0,30.890932320728552,Merredin,"Wheatbelt, Western Australia"
2000-01-01,1.9896331193695225,38.61017138109552,Merredin,"Wheatbelt, Western Australia"
2000-01-02,2.137099895929679,38.61017138109552,Merredin,"Wheatbelt, Western Australia"
2000-01-03,0.0,38.61017138109552,Merredin,"Wheatbelt, Western Australia"
2000-01-04,0.0,38.61017138109552,Merredin,"Wheatbelt, Western Australia"
2000-01-05,0.0,38.61017138109552,Merredin,"Wheatbelt, Western Australia"
2000-01-06,0.0,38.61017138109552,Merredin,"Wheatbelt, Western Australia"
2000-01-07,1.7873499339383956,38.61017138109552,Merredin,"Wheatbelt, Western Australia"
2000-01-08,0.0,38.61017138109552,Merredin,"Wheatbelt, Western Australia"
2000-01-09,0.0,38.61017138109552,Merredin,"Wheatbelt, Western Australia"
2000-01-10,3.0581982477876175,38.61017138109552,Merredin,"Wheatbelt, Western Australia"
2000-01-11,0.0,38.61017138109552,Merredin,"Wheatbelt, Western Australia"
2000-01-12,8.4279848261151,38.61017138109552,Merredin,"Wheatbelt, Western Australia"
2000-01-13,0.0,38.61017138109552,Merredin,"Wheatbelt, Western Australia"
2000-01-14,0.0,38.61017138109552,Merredin,"Wheatbelt, Western Australia"
2000-01-15,2.301828404066822,38.61017138109552,Merredin,"Wheatbelt, Western Australia"
2000-01-16,0.0,38.61017138109552,Merredin,"Wheatbelt, Western Australia"
2000-01-17,0.8261892356146954,38.61017138109552,Merredin,"Wheatbelt, Western Australia"
2000-01-18,0.0,38.61017138109552,Merredin,"Wheatbelt, Western Australia"
2000-01-19,0.0,38.61017138109552,Merredin,"Wheatbelt, Western Australia"
2000-01-20,0.0,38.61017138109552,Merredin,"Wheatbelt, Western Australia"
2000-01-21,3.216485675449205,38.61017138109552,Merredin,"Wheatbelt, Western Australia"
2000-01-22,0.0,38.61017138109552,Merredin,"Wheatbelt, Western Australia"
2000-01-23,0.7593477712844822,38.61017138109552,Merredin,"Wheatbelt, Western Australia"
2000-01-24,4.22011834335724,38.61017138109552,Merredin,"Wheatbelt, Western Australia"
2000-01-25,0.0,38.61017138109552,Merredin,"Wheatbelt, Western Australia"
2000-01-26,0.0,38.61017138109552,Merredin,"Wheatbelt, Western Australia"
2000-01-27,0.0,38.61017138109552,Merredin,"Wheatbelt, Western Australia"
2000-01-28,0.0,38.61017138109552,Merredin,"Wheatbelt, Western Australia"
2000-01-29,9.885935928182759,38.61017138109552,Merredin,"Wheatbelt, Western Australia"
2000-01-30,0.0,38.61017138109552,Merredin,"Wheatbelt, Western Australia"
2000-01-31,0.0,38.61017138109552,Merredin,"Wheatbelt, Western Australia"
2000-02-01,0.0,40.71995009472521,Merredin,"Wheatbelt, Western Australia"
2000-02-02,1.873622301709996,40.71995009472521,Merredin,"Wheatbelt, Western Australia"
2000-02-03,0.0,40.71995009472521,Merredin,"Wheatbelt, Western Australia"
2000-02-04,8.969342050273415,40.71995009472521,Merredin,"Wheatbelt, Western Australia"
2000-02-05,1.2699773314444416,40.71995009472521,Merredin,"Wheatbelt, Western Australia"
2000-02-06,0.0,40.71995009472521,Merredin,"Wheatbelt, Western Australia"
2000-02-07,0.0,40.71995009472521,Merredin,"Wheatbelt, Western Australia"
2000-02-08,0.0,40.71995009472521,Merredin,"Wheatbelt, Western Australia"
2000-02-09,0.0,40.71995009472521,Merredin,"Wheatbelt, Western Australia"
2000-02-10,0.0,40.71995009472521,Merredin,"Wheatbelt, Western Australia"
2000-02-11,0.0,40.71995009472521,Merredin,"Wheatbelt, Western Australia"
2000-02-12,0.0,40.71995009472521,Merredin,"Wheatbelt, Western Australia"
2000-02-13,1.613990228990405,40.71995009472521,Merredin,"Wheatbelt, Western Australia"
2000-02-14,0.0,40.71995009472521,Merredin,"Wheatbelt, Western Australia"
2000-02-15,5.158726930640376,40.71995009472521,Merredin,"Wheatbelt, Western Australia"
2000-02-16,0.0,40.71995009472521,Merredin,"Wheatbelt, Western Australia"
2000-02-17,5.220966362522014,40.71995009472521,Merredin,"Wheatbelt, Western Australia"
2000-02-18,6.137336020526586,40.71995009472521,Merredin,"Wheatbelt, Western Australia"
2000-02-19,3.0686983712548628,40.71995009472521,Merredin,"Wheatbelt, Western Australia"
2000-02-20,0.0,40.71995009472521,Merredin,"Wheatbelt, Western Australia"
2000-02-21,5.369345891118065,40.71995009472521,Merredin,"Wheatbelt, Western Australia"
2000-02-22,0.0,40.71995009472521,Merredin,"Wheatbelt, Western Australia"
2000-02-23,0.0,40.71995009472521,Merredin,"Wheatbelt, Western Australia"
2000-02-24,0.0,40.71995009472521,Merredin,"Wheatbelt, Western Australia"
2000-02-25,0.0,40.71995009472521,Merredin,"Wheatbelt, Western Australia"
2000-02-26,0.0,40.71995009472521,Merredin,"Wheatbelt, Western Australia"
2000-02-27,0.0,40.71995009472521,Merredin,"Wheatbelt, Western Australia"
2000-02-28,2.037944606245049,40.71995009472521,Merredin,"Wheatbelt, Western Australia"
2000-02-29,0.0,40.71995009472521,Merredin,"Wheatbelt, Western Australia"
2000-03-01,0.0,12.963161093501785,Merredin,"Wheatbelt, Western Australia"
2000-03-02,0.0,12.963161093501785,Merredin,"Wheatbelt, Western Australia"
2000-03-03,0.0,12.963161093501785,Merredin,"Wheatbelt, Western Australia"
2000-03-04,0.970749545921147,12.963161093501785,Merredin,"Wheatbelt, Western Australia"
2000-03-05,0.0,12.963161093501785,Merredin,"Wheatbelt, Western Australia"
2000-03-06,0.0,12.963161093501785,Merredin,"Wheatbelt, Western Australia"
2000-03-07,0.0,12.963161093501785,Merredin,"Wheatbelt, Western Australia"
2000-03-08,0.0,12.963161093501785,Merredin,"Wheatbelt, Western Australia"
2000-03-09,0.0,12.963161093501785,Merredin,"Wheatbelt, Western Australia"
2000-03-10,0.0,12.963161093501785,Merredin,"Wheatbelt, Western Australia"
2000-03-11,0.0,12.963161093501785,Merredin,"Wheatbelt, Western Australia"
2000-03-12,2.423383888579153,12.963161093501785,Merredin,"Wheatbelt, Western Australia"
2000-03-13,0.0,12.963161093501785,Merredin,"Wheatbelt, Western Australia"
2000-03-14,0.0,12.963161093501785,Merredin,"Wheatbelt, Western Australia"
2000-03-15,0.0,12.963161093501785,Merredin,"Wheatbelt, Western Australia"
2000-03-16,0.0,12.963161093501785,Merredin,"Wheatbelt, Western Australia"
2000-03-17,0.0,12.963161093501785,Merredin,"Wheatbelt, Western Australia"
2000-03-18,0.0,12.963161093501785,Merredin,"Wheatbelt, Western Australia"
2000-03-19,0.0,12.963161093501785,Merredin,"Wheatbelt, Western Australia"
2000-03-20,5.985869888847455,12.963161093501785,Merredin,"Wheatbelt, Western Australia"
2000-03-21,0.0,12.963161093501785,Merredin,"Wheatbelt, Western Australia"
2000-03-22,0.0,12.963161093501785,Merredin,"Wheatbelt, Western Australia"
2000-03-23,1.1638758198229153,12.963161093501785,Merredin,"Wheatbelt, Western Australia"
2000-03-24,0.0,12.963161093501785,Merredin,"Wheatbelt, Western Australia"
2000-03-25,0.0,12.963161093501785,Merredin,"Wheatbelt, Western Australia"
2000-03-26,0.0,12.963161093501785,Merredin,"Wheatbelt, Western Australia"
2000-03-27,0.0,12.963161093501785,Merredin,"Wheatbelt, Western Australia"
2000-03-28,2.419281950331114,12.963161093501785,Merredin,"Wheatbelt, Western Australia"
2000-03-29,0.0,12.963161093501785,Merredin,"Wheatbelt, Western Australia"
2000-03-30,0.0,12.963161093501785,Merredin,"Wheatbelt, Western Australia"
2000-03-31,0.0,12.963161093501785,Merredin,"Wheatbelt, Western Australia"
2000-04-01,18.231261563212534,26.13676205425131,Merredin,"Wheatbelt, Western Australia"
2000-04-02,0.0,26.13676205425131,Merredin,"Wheatbelt, Western Australia"
2000-04-03,0.0,26.13676205425131,Merredin,"Wheatbelt, Western Australia"
2000-04-04,0.0,26.13676205425131,Merredin,"Wheatbelt, Western Australia"
2000-04-05,0.0,26.13676205425131,Merredin,"Wheatbelt, Western Australia"
2000-04-06,0.0,26.13676205425131,Merredin,"Wheatbelt, Western Australia"
2000-04-07,0.0,26.13676205425131,Merredin,"Wheatbelt, Western Australia"
2000-04-08,0.0,26.13676205425131,Merredin,"Wheatbelt, Western Australia"
2000-04-09,0.0,26.13676205425131,Merredin,"Wheatbelt, Western Australia"
2000-04-10,0.0,26.13676205425131,Merredin,"Wheatbelt, Western Australia"
2000-04-11,0.0,26.13676205425131,Merredin,"Wheatbelt, Western Australia"
2000-04-12,6.138796974743298,26.13676205425131,Merredin,"Wheatbelt, Western Australia"
2000-04-13,0.0,26.13676205425131,Merredin,"Wheatbelt, Western Australia"
2000-04-14,0.0,26.13676205425131,Merredin,"Wheatbelt, Western Australia"
2000-04-15,0.0,26.13676205425131,Merredin,"Wheatbelt, Western Australia"
2000-04-16,0.0,26.13676205425131,Merredin,"Wheatbelt, Western Australia"
2000-04-17,0.0,26.13676205425131,Merredin,"Wheatbelt, Western Australia"
2000-04-18,0.0,26.13676205425131,Merredin,"Wheatbelt, Western Australia"
2000-04-19,0.0,26.13676205425131,Merredin,"Wheatbelt, Western Australia"
2000-04-20,0.0,26.13676205425131,Merredin,"Wheatbelt, Western Australia"
2000-04-21,0.0,26.13676205425131,Merredin,"Wheatbelt, Western Australia"
2000-04-22,0.0,26.13676205425131,Merredin,"Wheatbelt, Western Australia"
2000-04-23,0.0,26.13676205425131,Merredin,"Wheatbelt, Western Australia"
2000-04-24,1.766703516295479,26.13676205425131,Merredin,"Wheatbelt, Western Australia"
2000-04-25,0.0,26.13676205425131,Merredin,"Wheatbelt, Western Australia"
2000-04-26,0.0,26.13676205425131,Merredin,"Wheatbelt, Western Australia"
2000-04-27,0.0,26.13676205425131,Merredin,"Wheatbelt, Western Australia"
2000-04-28,0.0,26.13676205425131,Merredin,"Wheatbelt, Western Australia"
2000-04-29,0.0,26.13676205425131,Merredin,"Wheatbelt, Western Australia"
2000-04-30,0.0,26.13676205425131,Merredin,"Wheatbelt, Western Australia"
2000-05-01,0.0,35.186334032729235,Merredin,"Wheatbelt, Western Australia"
2000-05-02,1.2672610458321414,35.186334032729235,Merredin,"Wheatbelt, Western Australia"
2000-05-03,1.735762831365327,35.186334032729235,Merredin,"Wheatbelt, Western Australia"
2000-05-04,0.0,35.186334032729235,Merredin,"Wheatbelt, Western Australia"
2000-05-05,4.897873057707624,35.186334032729235,Merredin,"Wheatbelt, Western Australia"
2000-05-06,0.0,35.186334032729235,Merredin,"Wheatbelt, Western Australia"
2000-05-07,0.0,35.186334032729235,Merredin,"Wheatbelt, Western Australia"
2000-05-08,6.7534879801629994,35.186334032729235,Merredin,"Wheatbelt, Western Australia"
2000-05-09,0.0,35.186334032729235,Merredin,"Wheatbelt, Western Australia"
2000-05-10,0.0,35.186334032729235,Merredin,"Wheatbelt, Western Australia"
2000-05-11,0.0,35.186334032729235,Merredin,"Wheatbelt, Western Australia"
2000-05-12,0.0,35.186334032729235,Merredin,"Wheatbelt, Western Australia"
2000-05-13,0.0,35.186334032729235,Merredin,"Wheatbelt, Western Australia"
2000-05-14,0.0,35.186334032729235,Merredin,"Wheatbelt, Western Australia"
2000-05-15,0.0,35.186334032729235,Merredin,"Wheatbelt, Western Australia"
2000-05-16,0.0,35.186334032729235,Merredin,"Wheatbelt, Western Australia"
2000-05-17,0.0,35.186334032729235,Merredin,"Wheatbelt, Western Australia"
2000-05-18,0.0,35.186334032729235,Merredin,"Wheatbelt, Western Australia"
2000-05-19,2.237421059489584,35.186334032729235,Merredin,"Wheatbelt, Western Australia"
2000-05-20,0.0,35.186334032729235,Merredin,"Wheatbelt, Western Australia"
2000-05-21,0.0,35.186334032729235,Merredin,"Wheatbelt, Western Australia"
2000-05-22,0.0,35.186334032729235,Merredin,"Wheatbelt, Western Australia"
2000-05-23,0.0,35.186334032729235,Merredin,"Wheatbelt, Western Australia"
2000-05-24,0.0,35.186334032729235,Merredin,"Wheatbelt, Western Australia"
2000-05-25,0.0,35.186334032729235,Merredin,"Wheatbelt, Western Australia"
2000-05-26,0.0,35.186334032729235,Merredin,"Wheatbelt, Western Australia"
2000-05-27,0.0,35.186334032729235,Merredin,"Wheatbelt, Western Australia"
2000-05-28,1.1572590740625837,35.186334032729235,Merredin,"Wheatbelt, Western Australia"
2000-05-29,0.7795441181717726,35.186334032729235,Merredin,"Wheatbelt, Western Australia"
2000-05-30,7.890738709440122,35.186334032729235,Merredin,"Wheatbelt, Western Australia"
2000-05-31,8.46698615649708,35.186334032729235,Merredin,"Wheatbelt, Western Australia"
2000-06-01,0.0,20.46184790828282,Merredin,"Wheatbelt, Western Australia"
2000-06-02,0.0,20.46184790828282,Merredin,"Wheatbelt, Western Australia"
2000-06-03,3.7288443149817674,20.46184790828282,Merredin,"Wheatbelt, Western Australia"
2000-06-04,9.409716569883143,20.46184790828282,Merredin,"Wheatbelt, Western Australia"
2000-06-05,0.0,20.46184790828282,Merredin,"Wheatbelt, Western Australia"
2000-06-06,0.0,20.46184790828282,Merredin,"Wheatbelt, Western Australia"
2000-06-07,0.0,20.46184790828282,Merredin,"Wheatbelt, Western Australia"
2000-06-08,0.0,20.46184790828282,Merredin,"Wheatbelt, Western Australia"
2000-06-09,0.0,20.46184790828282,Merredin,"Wheatbelt, Western Australia"
2000-06-10,0.0,20.46184790828282,Merredin,"Wheatbelt, Western Australia"
2000-06-11,7.323287023417908,20.46184790828282,Merredin,"Wheatbelt, Western Australia"
2000-06-12,0.0,20.46184790828282,Merredin,"Wheatbelt, Western Australia"
2000-06-13,0.0,20.46184790828282,Merredin,"Wheatbelt, Western Australia"
2000-06-14,0.0,20.46184790828282,Merredin,"Wheatbelt, Western Australia"
2000-06-15,0.0,20.46184790828282,Merredin,"Wheatbelt, Western Australia"
2000-06-16,0.0,20.46184790828282,Merredin,"Wheatbelt, Western Australia"
2000-06-17,0.0,20.46184790828282,Merredin,"Wheatbelt, Western Australia"
2000-06-18,0.0,20.46184790828282,Merredin,"Wheatbelt, Western Australia"
2000-06-19,0.0,20.46184790828282,Merredin,"Wheatbelt, Western Australia"
2000-06-20,0.0,20.46184790828282,Merredin,"Wheatbelt, Western Australia"
2000-06-21,0.0,20.46184790828282,Merredin,"Wheatbelt, Western Australia"
2000-06-22,0.0,20.46184790828282,Merredin,"Wheatbelt, Western Australia"
2000-06-23,0.0,20.46184790828282,Merredin,"Wheatbelt, Western Australia"
2000-06-24,0.0,20.46184790828282,Merredin,"Wheatbelt, Western Australia"
2000-06-25,0.0,20.46184790828282,Merredin,"Wheatbelt, Western Australia"
2000-06-26,0.0,20.46184790828282,Merredin,"Wheatbelt, Western Australia"
2000-06-27,0.0,20.46184790828282,Merredin,"Wheatbelt, Western Australia"
2000-06-28,0.0,20.46184790828282,Merredin,"Wheatbelt, Western Australia"
2000-06-29,0.0,20.46184790828282,Merredin,"Wheatbelt, Western Australia"
2000-06-30,0.0,20.46184790828282,Merredin,"Wheatbelt, Western Australia"
2000-07-01,0.0,1.5698084442807425,Merredin,"Wheatbelt, Western Australia"
2000-07-02,0.3482762975077946,1.5698084442807425,Merredin,"Wheatbelt, Western Australia"
2000-07-03,0.0,1.5698084442807425,Merredin,"Wheatbelt, Western Australia"
2000-07-04,0.0,1.5698084442807425,Merredin,"Wheatbelt, Western Australia"
2000-07-05,0.0,1.5698084442807425,Merredin,"Wheatbelt, Western Australia"
2000-07-06,0.0,1.5698084442807425,Merredin,"Wheatbelt, Western Australia"
2000-07-07,0.0,1.5698084442807425,Merredin,"Wheatbelt, Western Australia"
2000-07-08,1.2215321467729479,1.5698084442807425,Merredin,"Wheatbelt, Western Australia"
2000-07-09,0.0,1.5698084442807425,Merredin,"Wheatbelt, Western Australia"
2000-07-10,0.0,1.5698084442807425,Merredin,"Wheatbelt, Western Australia"
2000-07-11,0.0,1.5698084442807425,Merredin,"Wheatbelt, Western Australia"
2000-07-12,0.0,1.5698084442807425,Merredin,"Wheatbelt, Western Australia"
2000-07-13,0.0,1.5698084442807425,Merredin,"Wheatbelt, Western Australia"
2000-07-14,0.0,1.5698084442807425,Merredin,"Wheatbelt, Western Australia"
2000-07-15,0.0,1.5698084442807425,Merredin,"Wheatbelt, Western Australia"
2000-07-16,0.0,1.5698084442807425,Merredin,"Wheatbelt, Western Australia"
2000-07-17,0.0,1.5698084442807425,Merredin,"Wheatbelt, Western Australia"
2000-07-18,0.0,1.5698084442807425,Merredin,"Wheatbelt, Western Australia"
2000-07-19,0.0,1.5698084442807425,Merredin,"Wheatbelt, Western Australia"
2000-07-20,0.0,1.5698084442807425,Merredin,"Wheatbelt, Western Australia"
2000-07-21,0.0,1.5698084442807425,Merredin,"Wheatbelt, Western Australia"
2000-07-22,0.0,1.5698084442807425,Merredin,"Wheatbelt, Western Australia"
2000-07-23,0.0,1.5698084442807425,Merredin,"Wheatbelt, Western Australia"
2000-07-24,0.0,1.5698084442807425,Merredin,"Wheatbelt, Western Australia"
2000-07-25,0.0,1.5698084442807425,Merredin,"Wheatbelt, Western Australia"
2000-07-26,0.0,1.5698084442807425,Merredin,"Wheatbelt, Western Australia"
2000-07-27,0.0,1.5698084442807425,Merredin,"Wheatbelt, Western Australia"
2000-07-28,0.0,1.5698084442807425,Merredin,"Wheatbelt, Western Australia"
2000-07-29,0.0,1.5698084442807425,Merredin,"Wheatbelt, Western Australia"
2000-07-30,0.0,1.5698084442807425,Merredin,"Wheatbelt, Western Australia"
2000-07-31,0.0,1.5698084442807425,Merredin,"Wheatbelt, Western Australia"
2000-08-01,0.0,21.553794040360636,Merredin,"Wheatbelt, Western Australia"
2000-08-02,0.0,21.553794040360636,Merredin,"Wheatbelt, Western Australia"
2000-08-03,0.0,21.553794040360636,Merredin,"Wheatbelt, Western Australia"
2000-08-04,3.013168716065743,21.553794040360636,Merredin,"Wheatbelt, Western Australia"
2000-08-05,5.762583674090175,21.553794040360636,Merredin,"Wheatbelt, Western Australia"
2000-08-06,0.0,21.553794040360636,Merredin,"Wheatbelt, Western Australia"
2000-08-07,0.0,21.553794040360636,Merredin,"Wheatbelt, Western Australia"
2000-08-08,0.0,21.553794040360636,Merredin,"Wheatbelt, Western Australia"
2000-08-09,0.0,21.553794040360636,Merredin,"Wheatbelt, Western Australia"
2000-08-10,0.0,21.553794040360636,Merredin,"Wheatbelt, Western Australia"
2000-08-11,2.6056871731642453,21.553794040360636,Merredin,"Wheatbelt, Western Australia"
2000-08-12,0.0,21.553794040360636,Merredin,"Wheatbelt, Western Australia"
2000-08-13,0.0,21.553794040360636,Merredin,"Wheatbelt, Western Australia"
2000-08-14,0.0,21.553794040360636,Merredin,"Wheatbelt, Western Australia"
2000-08-15,0.0,21.553794040360636,Merredin,"Wheatbelt, Western Australia"
2000-08-16,0.0,21.553794040360636,Merredin,"Wheatbelt, Western Australia"
2000-08-17,0.0,21.553794040360636,Merredin,"Wheatbelt, Western Australia"
2000-08-18,0.0,21.553794040360636,Merredin,"Wheatbelt, Western Australia"
2000-08-19,0.0,21.553794040360636,Merredin,"Wheatbelt, Western Australia"
2000-08-20,6.20253332105167,21.553794040360636,Merredin,"Wheatbelt, Western Australia"
2000-08-21,0.0,21.553794040360636,Merredin,"Wheatbelt, Western Australia"
2000-08-22,0.0,21.553794040360636,Merredin,"Wheatbelt, Western Australia"
2000-08-23,3.969821155988803,21.553794040360636,Merredin,"Wheatbelt, Western Australia"
2000-08-24,0.0,21.553794040360636,Merredin,"Wheatbelt, Western Australia"
2000-08-25,0.0,21.553794040360636,Merredin,"Wheatbelt, Western Australia"
2000-08-26,0.0,21.553794040360636,Merredin,"Wheatbelt, Western Australia"
2000-08-27,0.0,21.553794040360636,Merredin,"Wheatbelt, Western Australia"
2000-08-28,0.0,21.553794040360636,Merredin,"Wheatbelt, Western Australia"
2000-08-29,0.0,21.553794040360636,Merredin,"Wheatbelt, Western Australia"
2000-08-30,0.0,21.553794040360636,Merredin,"Wheatbelt, Western Australia"
2000-08-31,0.0,21.553794040360636,Merredin,"Wheatbelt, Western Australia"
2000-09-01,0.0,11.877223366223795,Merredin,"Wheatbelt, Western Australia"
2000-09-02,3.8257243847995888,11.877223366223795,Merredin,"Wheatbelt, Western Australia"
2000-09-03,0.0,11.877223366223795,Merredin,"Wheatbelt, Western Australia"
2000-09-04,0.0,11.877223366223795,Merredin,"Wheatbelt, Western Australia"
2000-09-05,0.0,11.877223366223795,Merredin,"Wheatbelt, Western Australia"
2000-09-06,0.0,11.877223366223795,Merredin,"Wheatbelt, Western Australia"
2000-09-07,0.0,11.877223366223795,Merredin,"Wheatbelt, Western Australia"
2000-09-08,0.0,11.877223366223795,Merredin,"Wheatbelt, Western Australia"
2000-09-09,3.889995012121231,11.877223366223795,Merredin,"Wheatbelt, Western Australia"
2000-09-10,0.0,11.877223366223795,Merredin,"Wheatbelt, Western Australia"
2000-09-11,2.6790542970196456,11.877223366223795,Merredin,"Wheatbelt, Western Australia"
2000-09-12,0.0,11.877223366223795,Merredin,"Wheatbelt, Western Australia"
2000-09-13,0.0,11.877223366223795,Merredin,"Wheatbelt, Western Australia"
2000-09-14,0.0,11.877223366223795,Merredin,"Wheatbelt, Western Australia"
2000-09-15,0.0,11.877223366223795,Merredin,"Wheatbelt, Western Australia"
2000-09-16,0.0,11.877223366223795,Merredin,"Wheatbelt, Western Australia"
2000-09-17,1.482449672283329,11.877223366223795,Merredin,"Wheatbelt, Western Australia"
2000-09-18,0.0,11.877223366223795,Merredin,"Wheatbelt, Western Australia"
2000-09-19,0.0,11.877223366223795,Merredin,"Wheatbelt, Western Australia"
2000-09-20,0.0,11.877223366223795,Merredin,"Wheatbelt, Western Australia"
2000-09-21,0.0,11.877223366223795,Merredin,"Wheatbelt, Western Australia"
2000-09-22,0.0,11.877223366223795,Merredin,"Wheatbelt, Western Australia"
2000-09-23,0.0,11.877223366223795,Merredin,"Wheatbelt, Western Australia"
2000-09-24,0.0,11.877223366223795,Merredin,"Wheatbelt, Western Australia"
2000-09-25,0.0,11.877223366223795,Merredin,"Wheatbelt, Western Australia"
2000-09-26,0.0,11.877223366223795,Merredin,"Wheatbelt, Western Australia"
2000-09-27,0.0,11.877223366223795,Merredin,"Wheatbelt, Western Australia"
2000-09-28,0.0,11.877223366223795,Merredin,"Wheatbelt, Western Australia"
2000-09-29,0.0,11.877223366223795,Merredin,"Wheatbelt, Western Australia"
2000-09-30,0.0,11.877223366223795,Merredin,"Wheatbelt, Western Australia"
2000-10-01,0.0,24.79053748507566,Merredin,"Wheatbelt, Western Australia"
2000-10-02,0.0,24.79053748507566,Merredin,"Wheatbelt, Western Australia"
2000-10-03,0.0,24.79053748507566,Merredin,"Wheatbelt, Western Australia"
2000-10-04,0.0,24.79053748507566,Merredin,"Wheatbelt, Western Australia"
2000-10-05,5.222953938239537,24.79053748507566,Merredin,"Wheatbelt, Western Australia"
2000-10-06,0.0,24.79053748507566,Merredin,"Wheatbelt, Western Australia"
2000-10-07,0.0,24.79053748507566,Merredin,"Wheatbelt, Western Australia"
2000-10-08,0.0,24.79053748507566,Merredin,"Wheatbelt, Western Australia"
2000-10-09,0.0,24.79053748507566,Merredin,"Wheatbelt, Western Australia"
2000-10-10,0.0,24.79053748507566,Merredin,"Wheatbelt, Western Australia"
2000-10-11,8.013046238370192,24.79053748507566,Merredin,"Wheatbelt, Western Australia"
2000-10-12,0.0,24.79053748507566,Merredin,"Wheatbelt, Western Australia"
2000-10-13,0.0,24.79053748507566,Merredin,"Wheatbelt, Western Australia"
2000-10-14,0.0,24.79053748507566,Merredin,"Wheatbelt, Western Australia"
2000-10-15,0.0,24.79053748507566,Merredin,"Wheatbelt, Western Australia"
2000-10-16,0.0,24.79053748507566,Merredin,"Wheatbelt, Western Australia"
2000-10-17,0.0,24.79053748507566,Merredin,"Wheatbelt, Western Australia"
2000-10-18,0.0,24.79053748507566,Merredin,"Wheatbelt, Western Australia"
2000-10-19,3.5456790677576255,24.79053748507566,Merredin,"Wheatbelt, Western Australia"
2000-10-20,0.0,24.79053748507566,Merredin,"Wheatbelt, Western Australia"
2000-10-21,0.0,24.79053748507566,Merredin,"Wheatbelt, Western Australia"
2000-10-22,5.0449034988883525,24.79053748507566,Merredin,"Wheatbelt, Western Australia"
2000-10-23,2.122505225318065,24.79053748507566,Merredin,"Wheatbelt, Western Australia"
2000-10-24,0.0,24.79053748507566,Merredin,"Wheatbelt, Western Australia"
2000-10-25,0.0,24.79053748507566,Merredin,"Wheatbelt, Western Australia"
2000-10-26,0.0,24.79053748507566,Merredin,"Wheatbelt, Western Australia"
2000-10-27,0.0,24.79053748507566,Merredin,"Wheatbelt, Western Australia"
2000-10-28,0.0,24.79053748507566,Merredin,"Wheatbelt, Western Australia"
2000-10-29,0.0,24.79053748507566,Merredin,"Wheatbelt, Western Australia"
2000-10-30,0.49913839429249746,24.79053748507566,Merredin,"Wheatbelt, Western Australia"
2000-10-31,0.3423111222093892,24.79053748507566,Merredin,"Wheatbelt, Western Australia"
2000-11-01,0.0,19.87211962409162,Merredin,"Wheatbelt, Western Australia"
2000-11-02,2.887704095482038,19.87211962409162,Merredin,"Wheatbelt, Western Australia"
2000-11-03,0.0,19.87211962409162,Merredin,"Wheatbelt, Western Australia"
2000-11-04,5.038138854964437,19.87211962409162,Merredin,"Wheatbelt, Western Australia"
2000-11-05,0.0,19.87211962409162,Merredin,"Wheatbelt, Western Australia"
2000-11-06,0.0,19.87211962409162,Merredin,"Wheatbelt, Western Australia"
2000-11-07,0.0,19.87211962409162,Merredin,"Wheatbelt, Western Australia"
2000-11-08,0.0,19.87211962409162,Merredin,"Wheatbelt, Western Australia"
2000-11-09,0.0,19.87211962409162,Merredin,"Wheatbelt, Western Australia"
2000-11-10,0.0,19.87211962409162,Merredin,"Wheatbelt, Western Australia"
2000-11-11,0.0,19.87211962409162,Merredin,"Wheatbelt, Western Australia"
2000-11-12,0.0,19.87211962409162,Merredin,"Wheatbelt, Western Australia"
2000-11-13,0.0,19.87211962409162,Merredin,"Wheatbelt, Western Australia"
2000-11-14,3.8390562150307495,19.87211962409162,Merredin,"Wheatbelt, Western Australia"
2000-11-15,2.8073083980546913,19.87211962409162,Merredin,"Wheatbelt, Western Australia"
2000-11-16,0.0,19.87211962409162,Merredin,"Wheatbelt, Western Australia"
2000-11-17,0.0,19.87211962409162,Merredin,"Wheatbelt, Western Australia"
2000-11-18,0.0,19.87211962409162,Merredin,"Wheatbelt, Western Australia"
2000-11-19,0.0,19.87211962409162,Merredin,"Wheatbelt, Western Australia"
2000-11-20,2.654610600847651,19.87211962409162,Merredin,"Wheatbelt, Western Australia"
2000-11-21,0.0,19.87211962409162,Merredin,"Wheatbelt, Western Australia"
2000-11-22,0.0,19.87211962409162,Merredin,"Wheatbelt, Western Australia"
2000-11-23,0.0,19.87211962409162,Merredin,"Wheatbelt, Western Australia"
2000-11-24,0.0,19.87211962409162,Merredin,"Wheatbelt, Western Australia"
2000-11-25,0.0,19.87211962409162,Merredin,"Wheatbelt, Western Australia"
2000-11-26,0.0,19.87211962409162,Merredin,"Wheatbelt, Western Australia"
2000-11-27,0.0,19.87211962409162,Merredin,"Wheatbelt, Western Australia"
2000-11-28,0.0,19.87211962409162,Merredin,"Wheatbelt, Western Australia"
2000-11-29,0.0,19.87211962409162,Merredin,"Wheatbelt, Western Australia"
2000-11-30,2.645301459712053,19.87211962409162,Merredin,"Wheatbelt, Western Australia"
2000-12-01,0.0,17.483349892556742,Merredin,"Wheatbelt, Western Australia"
2000-12-02,6.389122775263607,17.483349892556742,Merredin,"Wheatbelt, Western Australia"
2000-12-03,0.0,17.483349892556742,Merredin,"Wheatbelt, Western Australia"
2000-12-04,0.0,17.483349892556742,Merredin,"Wheatbelt, Western Australia"
2000-12-05,0.0,17.483349892556742,Merredin,"Wheatbelt, Western Australia"
2000-12-06,0.0,17.483349892556742,Merredin,"Wheatbelt, Western Australia"
2000-12-07,0.0,17.483349892556742,Merredin,"Wheatbelt, Western Australia"
2000-12-08,0.0,17.483349892556742,Merredin,"Wheatbelt, Western Australia"
2000-12-09,0.0,17.483349892556742,Merredin,"Wheatbelt, Western Australia"
2000-12-10,0.0,17.483349892556742,Merredin,"Wheatbelt, Western Australia"
2000-12-11,0.0,17.483349892556742,Merredin,"Wheatbelt, Western Australia"
2000-12-12,0.0,17.483349892556742,Merredin,"Wheatbelt, Western Australia"
2000-12-13,0.0,17.483349892556742,Merredin,"Wheatbelt, Western Australia"
2000-12-14,0.0,17.483349892556742,Merredin,"Wheatbelt, Western Australia"
2000-12-15,0.0,17.483349892556742,Merredin,"Wheatbelt, Western Australia"
2000-12-16,0.0,17.483349892556742,Merredin,"Wheatbelt, Western Australia"
2000-12-17,0.0,17.483349892556742,Merredin,"Wheatbelt, Western Australia"
2000-12-18,0.0,17.483349892556742,Merredin,"Wheatbelt, Western Australia"
2000-12-19,0.0,17.483349892556742,Merredin,"Wheatbelt, Western Australia"
2000-12-20,0.0,17.483349892556742,Merredin,"Wheatbelt, Western Australia"
2000-12-21,0.0,17.483349892556742,Merredin,"Wheatbelt, Western Australia"
2000-12-22,0.0,17.483349892556742,Merredin,"Wheatbelt, Western Australia"
2000-12-23,0.0,17.483349892556742,Merredin,"Wheatbelt, Western Australia"
2000-12-24,10.448454847692766,17.483349892556742,Merredin,"Wheatbelt, Western Australia"
2000-12-25,0.0,17.483349892556742,Merredin,"Wheatbelt, Western Australia"
2000-12-26,0.0,17.483349892556742,Merredin,"Wheatbelt, Western Australia"
2000-12-27,0.0,17.483349892556742,Merredin,"Wheatbelt, Western Australia"
2000-12-28,0.0,17.483349892556742,Merredin,"Wheatbelt, Western Australia"
2000-12-29,0.0,17.483349892556742,Merredin,"Wheatbelt, Western Australia"
2000-12-30,0.6457722696003703,17.483349892556742,Merredin,"Wheatbelt, Western Australia"
2000-12-31,0.0,17.483349892556742,Merredin,"Wheatbelt, Western Australia"
2001-01-01,9.480475423952058,28.592208392832962,Merredin,"Wheatbelt, Western Australia"
2001-01-02,0.0,28.592208392832962,Merredin,"Wheatbelt, Western Australia"
2001-01-03,2.218848967118722,28.592208392832962,Merredin,"Wheatbelt, Western Australia"
2001-01-04,0.0,28.592208392832962,Merredin,"Wheatbelt, Western Australia"
2001-01-05,0.0,28.592208392832962,Merredin,"Wheatbelt, Western Australia"
2001-01-06,3.2046544569876554,28.592208392832962,Merredin,"Wheatbelt, Western Australia"
2001-01-07,1.3159708777709032,28.592208392832962,Merredin,"Wheatbelt, Western Australia"
2001-01-08,0.0,28.592208392832962,Merredin,"Wheatbelt, Western Australia"
2001-01-09,0.0,28.592208392832962,Merredin,"Wheatbelt, Western Australia"
2001-01-10,0.0,28.592208392832962,Merredin,"Wheatbelt, Western Australia"
2001-01-11,0.0,28.592208392832962,Merredin,"Wheatbelt, Western Australia"
2001-01-12,0.0,28.592208392832962,Merredin,"Wheatbelt, Western Australia"
2001-01-13,2.9225918901267818,28.592208392832962,Merredin,"Wheatbelt, Western Australia"
2001-01-14,0.0,28.592208392832962,Merredin,"Wheatbelt, Western Australia"
2001-01-15,0.0,28.592208392832962,Merredin,"Wheatbelt, Western Australia"
2001-01-16,0.0,28.592208392832962,Merredin,"Wheatbelt, Western Australia"
2001-01-17,0.0,28.592208392832962,Merredin,"Wheatbelt, Western Australia"
2001-01-18,1.2012379013771026,28.592208392832962,Merredin,"Wheatbelt, Western Australia"
2001-01-19,0.0,28.592208392832962,Merredin,"Wheatbelt, Western Australia"
2001-01-20,0.0,28.592208392832962,Merredin,"Wheatbelt, Western Australia"
2001-01-21,1.4095799193064127,28.592208392832962,Merredin,"Wheatbelt, Western Australia"
2001-01-22,0.0,28.592208392832962,Merredin,"Wheatbelt, Western Australia"
2001-01-23,0.0,28.592208392832962,Merredin,"Wheatbelt, Western Australia"
2001-01-24,0.0,28.592208392832962,Merredin,"Wheatbelt, Western Australia"
2001-01-25,0.0,28.592208392832962,Merredin,"Wheatbelt, Western Australia"
2001-01-26,0.0,28.592208392832962,Merredin,"Wheatbelt, Western Australia"
2001-01-27,6.838848956193326,28.592208392832962,Merredin,"Wheatbelt, Western Australia"
2001-01-28,0.0,28.592208392832962,Merredin,"Wheatbelt, Western Australia"
2001-01-29,0.0,28.592208392832962,Merredin,"Wheatbelt, Western Australia"
2001-01-30,0.0,28.592208392832962,Merredin,"Wheatbelt, Western Australia"
2001-01-31,0.0,28.592208392832962,Merredin,"Wheatbelt, Western Australia"
2001-02-01,0.0,29.87869298141467,Merredin,"Wheatbelt, Western Australia"
2001-02-02,1.7909745106014268,29.87869298141467,Merredin,"Wheatbelt, Western Australia"
2001-02-03,0.0,29.87869298141467,Merredin,"Wheatbelt, Western Australia"
2001-02-04,1.3500094292676563,29.87869298141467,Merredin,"Wheatbelt, Western Australia"
2001-02-05,0.0,29.87869298141467,Merredin,"Wheatbelt, Western Australia"
2001-02-06,0.0,29.87869298141467,Merredin,"Wheatbelt, Western Australia"
2001-02-07,0.0,29.87869298141467,Merredin,"Wheatbelt, Western Australia"
2001-02-08,0.0,29.87869298141467,Merredin,"Wheatbelt, Western Australia"
2001-02-09,0.9146222363248082,29.87869298141467,Merredin,"Wheatbelt, Western Australia"
2001-02-10,2.4727783893669657,29.87869298141467,Merredin,"Wheatbelt, Western Australia"
2001-02-11,0.0,29.87869298141467,Merredin,"Wheatbelt, Western Australia"
2001-02-12,0.0,29.87869298141467,Merredin,"Wheatbelt, Western Australia"
2001-02-13,7.994186382674332,29.87869298141467,Merredin,"Wheatbelt, Western Australia"
2001-02-14,6.544191079757201,29.87869298141467,Merredin,"Wheatbelt, Western Australia"
2001-02-15,0.0,29.87869298141467,Merredin,"Wheatbelt, Western Australia"
2001-02-16,2.349237833625277,29.87869298141467,Merredin,"Wheatbelt, Western Australia"
2001-02-17,0.0,29.87869298141467,Merredin,"Wheatbelt, Western Australia"
2001-02-18,0.0,29.87869298141467,Merredin,"Wheatbelt, Western Australia"
2001-02-19,4.066030253292629,29.87869298141467,Merredin,"Wheatbelt, Western Australia"
2001-02-20,2.396662866504373,29.87869298141467,Merredin,"Wheatbelt, Western Australia"
2001-02-21,0.0,29.87869298141467,Merredin,"Wheatbelt, Western Australia"
2001-02-22,0.0,29.87869298141467,Merredin,"Wheatbelt, Western Australia"
2001-02-23,0.0,29.87869298141467,Merredin,"Wheatbelt, Western Australia"
2001-02-24,0.0,29.87869298141467,Merredin,"Wheatbelt, Western Australia"
2001-02-25,0.0,29.87869298141467,Merredin,"Wheatbelt, Western Australia"
2001-02-26,0.0,29.87869298141467,Merredin,"Wheatbelt, Western Australia"
2001-02-27,0.0,29.87869298141467,Merredin,"Wheatbelt, Western Australia"
2001-02-28,0.0,29.87869298141467,Merredin,"Wheatbelt, Western Australia"
2001-03-01,0.0,4.876898562869231,Merredin,"Wheatbelt, Western Australia"
2001-03-02,0.0,4.876898562869231,Merredin,"Wheatbelt, Western Australia"
2001-03-03,0.0,4.876898562869231,Merredin,"Wheatbelt, Western Australia"
2001-03-04,0.0,4.876898562869231,Merredin,"Wheatbelt, Western Australia"
2001-03-05,0.0,4.876898562869231,Merredin,"Wheatbelt, Western Australia"
2001-03-06,0.0,4.876898562869231,Merredin,"Wheatbelt, Western Australia"
2001-03-07,0.0,4.876898562869231,Merredin,"Wheatbelt, Western Australia"
2001-03-08,0.0,4.876898562869231,Merredin,"Wheatbelt, Western Australia"
2001-03-09,0.0,4.876898562869231,Merredin,"Wheatbelt, Western Australia"
2001-03-10,0.0,4.876898562869231,Merredin,"Wheatbelt, Western Australia"
2001-03-11,0.0,4.876898562869231,Merredin,"Wheatbelt, Western Australia"
2001-03-12,0.0,4.876898562869231,Merredin,"Wheatbelt, Western Australia"
2001-03-13,0.0,4.876898562869231,Merredin,"Wheatbelt, Western Australia"
2001-03-14,0.8706565825617754,4.876898562869231,Merredin,"Wheatbelt, Western Australia"
2001-03-15,0.0,4.876898562869231,Merredin,"Wheatbelt, Western Australia"
2001-03-16,0.0,4.876898562869231,Merredin,"Wheatbelt, Western Australia"
2001-03-17,0.0,4.876898562869231,Merredin,"Wheatbelt, Western Australia"
2001-03-18,0.0,4.876898562869231,Merredin,"Wheatbelt, Western Australia"
2001-03-19,0.0,4.876898562869231,Merredin,"Wheatbelt, Western Australia"
2001-03-20,0.0,4.876898562869231,Merredin,"Wheatbelt, Western Australia"
2001-03-21,0.0,4.876898562869231,Merredin,"Wheatbelt, Western Australia"
2001-03-22,0.0,4.876898562869231,Merredin,"Wheatbelt, Western Australia"
2001-03-23,0.0,4.876898562869231,Merredin,"Wheatbelt, Western Australia"
2001-03-24,0.0,4.876898562869231,Merredin,"Wheatbelt, Western Australia"
2001-03-25,0.0,4.876898562869231,Merredin,"Wheatbelt, Western Australia"
2001-03-26,0.0,4.876898562869231,Merredin,"Wheatbelt, Western Australia"
2001-03-27,0.0,4.876898562869231,Merredin,"Wheatbelt, Western Australia"
2001-03-28,4.006241980307456,4.876898562869231,Merredin,"Wheatbelt, Western Australia"
2001-03-29,0.0,4.876898562869231,Merredin,"Wheatbelt, Western Australia"
2001-03-30,0.0,4.876898562869231,Merredin,"Wheatbelt, Western Australia"
2001-03-31,0.0,4.876898562869231,Merredin,"Wheatbelt, Western Australia"
2001-04-01,2.6043627977929176,17.137484275221166,Merredin,"Wheatbelt, Western Australia"
2001-04-02,0.0,17.137484275221166,Merredin,"Wheatbelt, Western Australia"
2001-04-03,0.0,17.137484275221166,Merredin,"Wheatbelt, Western Australia"
2001-04-04,0.0,17.137484275221166,Merredin,"Wheatbelt, Western Australia"
2001-04-05,0.0,17.137484275221166,Merredin,"Wheatbelt, Western Australia"
2001-04-06,0.0,17.137484275221166,Merredin,"Wheatbelt, Western Australia"
2001-04-07,0.0,17.137484275221166,Merredin,"Wheatbelt, Western Australia"
2001-04-08,0.0,17.137484275221166,Merredin,"Wheatbelt, Western Australia"
2001-04-09,0.0,17.137484275221166,Merredin,"Wheatbelt, Western Australia"
2001-04-10,0.0,17.137484275221166,Merredin,"Wheatbelt, Western Australia"
2001-04-11,0.0,17.137484275221166,Merredin,"Wheatbelt, Western Australia"
2001-04-12,0.0,17.137484275221166,Merredin,"Wheatbelt, Western Australia"
2001-04-13,0.0,17.137484275221166,Merredin,"Wheatbelt, Western Australia"
2001-04-14,3.2676061250161816,17.137484275221166,Merredin,"Wheatbelt, Western Australia"
2001-04-15,0.0,17.137484275221166,Merredin,"Wheatbelt, Western Australia"
2001-04-16,0.0,17.137484275221166,Merredin,"Wheatbelt, Western Australia"
2001-04-17,0.0,17.137484275221166,Merredin,"Wheatbelt, Western Australia"
2001-04-18,0.0,17.137484275221166,Merredin,"Wheatbelt, Western Australia"
2001-04-19,8.862268725849692,17.137484275221166,Merredin,"Wheatbelt, Western Australia"
2001-04-20,0.0,17.137484275221166,Merredin,"Wheatbelt, Western Australia"
2001-04-21,0.0,17.137484275221166,Merredin,"Wheatbelt, Western Australia"
2001-04-22,0.0,17.137484275221166,Merredin,"Wheatbelt, Western Australia"
2001-04-23,0.0,17.137484275221166,Merredin,"Wheatbelt, Western Australia"
2001-04-24,0.0,17.137484275221166,Merredin,"Wheatbelt, Western Australia"
2001-04-25,0.0,17.137484275221166,Merredin,"Wheatbelt, Western Australia"
2001-04-26,0.0,17.137484275221166,Merredin,"Wheatbelt, Western Australia"
2001-04-27,0.0,17.137484275221166,Merredin,"Wheatbelt, Western Australia"
2001-04-28,0.0,17.137484275221166,Merredin,"Wheatbelt, Western Australia"
2001-04-29,0.0,17.137484275221166,Merredin,"Wheatbelt, Western Australia"
2001-04-30,2.4032466265623738,17.137484275221166,Merredin,"Wheatbelt, Western Australia"
2001-05-01,5.002348244108388,31.256725553257674,Merredin,"Wheatbelt, Western Australia"
2001-05-02,0.0,31.256725553257674,Merredin,"Wheatbelt, Western Australia"
2001-05-03,0.0,31.256725553257674,Merredin,"Wheatbelt, Western Australia"
2001-05-04,0.0,31.256725553257674,Merredin,"Wheatbelt, Western Australia"
2001-05-05,0.0,31.256725553257674,Merredin,"Wheatbelt, Western Australia"
2001-05-06,0.0,31.256725553257674,Merredin,"Wheatbelt, Western Australia"
2001-05-07,0.0,31.256725553257674,Merredin,"Wheatbelt, Western Australia"
2001-05-08,0.0,31.256725553257674,Merredin,"Wheatbelt, Western Australia"
2001-05-09,4.009643564585634,31.256725553257674,Merredin,"Wheatbelt, Western Australia"
2001-05-10,0.0,31.256725553257674,Merredin,"Wheatbelt, Western Australia"
2001-05-11,0.0,31.256725553257674,Merredin,"Wheatbelt, Western Australia"
2001-05-12,0.0,31.256725553257674,Merredin,"Wheatbelt, Western Australia"
2001-05-13,0.0,31.256725553257674,Merredin,"Wheatbelt, Western Australia"
2001-05-14,0.0,31.256725553257674,Merredin,"Wheatbelt, Western Australia"
2001-05-15,0.0,31.256725553257674,Merredin,"Wheatbelt, Western Australia"
2001-05-16,0.0,31.256725553257674,Merredin,"Wheatbelt, Western Australia"
2001-05-17,0.0,31.256725553257674,Merredin,"Wheatbelt, Western Australia"
2001-05-18,0.0,31.256725553257674,Merredin,"Wheatbelt, Western Australia"
2001-05-19,0.0,31.256725553257674,Merredin,"Wheatbelt, Western Australia"
2001-05-20,4.510069423578075,31.256725553257674,Merredin,"Wheatbelt, Western Australia"
2001-05-21,2.705471571627405,31.256725553257674,Merredin,"Wheatbelt, Western Australia"
2001-05-22,0.0,31.256725553257674,Merredin,"Wheatbelt, Western Australia"
2001-05-23,3.267047478146938,31.256725553257674,Merredin,"Wheatbelt, Western Australia"
2001-05-24,0.0,31.256725553257674,Merredin,"Wheatbelt, Western Australia"
2001-05-25,0.5031563592406926,31.256725553257674,Merredin,"Wheatbelt, Western Australia"
2001-05-26,0.0,31.256725553257674,Merredin,"Wheatbelt, Western Australia"
2001-05-27,6.323525000831048,31.256725553257674,Merredin,"Wheatbelt, Western Australia"
2001-05-28,1.671360087746147,31.256725553257674,Merredin,"Wheatbelt, Western Australia"
2001-05-29,0.0,31.256725553257674,Merredin,"Wheatbelt, Western Australia"
2001-05-30,0.0,31.256725553257674,Merredin,"Wheatbelt, Western Australia"
2001-05-31,3.2641038233933437,31.256725553257674,Merredin,"Wheatbelt, Western Australia"
2001-06-01,0.0,27.63179567700914,Merredin,"Wheatbelt, Western Australia"
2001-06-02,0.0,27.63179567700914,Merredin,"Wheatbelt, Western Australia"
2001-06-03,4.905386661230664,27.63179567700914,Merredin,"Wheatbelt, Western Australia"
2001-06-04,0.0,27.63179567700914,Merredin,"Wheatbelt, Western Australia"
2001-06-05,7.5725727880351545,27.63179567700914,Merredin,"Wheatbelt, Western Australia"
2001-06-06,0.0,27.63179567700914,Merredin,"Wheatbelt, Western Australia"
2001-06-07,0.0,27.63179567700914,Merredin,"Wheatbelt, Western Australia"
2001-06-08,0.0,27.63179567700914,Merredin,"Wheatbelt, Western Australia"
2001-06-09,6.776032404987171,27.63179567700914,Merredin,"Wheatbelt, Western Australia"
2001-06-10,0.0,27.63179567700914,Merredin,"Wheatbelt, Western Australia"
2001-06-11,0.0,27.63179567700914,Merredin,"Wheatbelt, Western Australia"
2001-06-12,0.0,27.63179567700914,Merredin,"Wheatbelt, Western Australia"
2001-06-13,0.0,27.63179567700914,Merredin,"Wheatbelt, Western Australia"
2001-06-14,0.0,27.63179567700914,Merredin,"Wheatbelt, Western Australia"
2001-06-15,3.2031426057448247,27.63179567700914,Merredin,"Wheatbelt, Western Australia"
2001-06-16,0.0,27.63179567700914,Merredin,"Wheatbelt, Western Australia"
2001-06-17,0.0,27.63179567700914,Merredin,"Wheatbelt, Western Australia"
2001-06-18,0.0,27.63179567700914,Merredin,"Wheatbelt, Western Australia"
2001-06-19,0.0,27.63179567700914,Merredin,"Wheatbelt, Western Australia"
2001-06-20,0.0,27.63179567700914,Merredin,"Wheatbelt, Western Australia"
2001-06-21,0.0,27.63179567700914,Merredin,"Wheatbelt, Western Australia"
2001-06-22,0.0,27.63179567700914,Merredin,"Wheatbelt, Western Australia"
2001-06-23,0.0,27.63179567700914,Merredin,"Wheatbelt, Western Australia"
2001-06-24,0.0,27.63179567700914,Merredin,"Wheatbelt, Western Australia"
2001-06-25,0.0,27.63179567700914,Merredin,"Wheatbelt, Western Australia"
2001-06-26,0.0,27.63179567700914,Merredin,"Wheatbelt, Western Australia"
2001-06-27,0.0,27.63179567700914,Merredin,"Wheatbelt, Western Australia"
2001-06-28,5.174661217011327,27.63179567700914,Merredin,"Wheatbelt, Western Australia"
2001-06-29,0.0,27.63179567700914,Merredin,"Wheatbelt, Western Australia"
2001-06-30,0.0,27.63179567700914,Merredin,"Wheatbelt, Western Australia"
2001-07-01,5.661408172949222,58.26818746041592,Merredin,"Wheatbelt, Western Australia"
2001-07-02,8.597128618164033,58.26818746041592,Merredin,"Wheatbelt, Western Australia"
2001-07-03,0.0,58.26818746041592,Merredin,"Wheatbelt, Western Australia"
2001-07-04,0.0,58.26818746041592,Merredin,"Wheatbelt, Western Australia"
2001-07-05,0.0,58.26818746041592,Merredin,"Wheatbelt, Western Australia"
2001-07-06,0.0,58.26818746041592,Merredin,"Wheatbelt, Western Australia"
2001-07-07,0.0,58.26818746041592,Merredin,"Wheatbelt, Western Australia"
2001-07-08,0.0,58.26818746041592,Merredin,"Wheatbelt, Western Australia"
2001-07-09,0.0,58.26818746041592,Merredin,"Wheatbelt, Western Australia"
2001-07-10,6.684289503627099,58.26818746041592,Merredin,"Wheatbelt, Western Australia"
2001-07-11,0.0,58.26818746041592,Merredin,"Wheatbelt, Western Australia"
2001-07-12,0.0,58.26818746041592,Merredin,"Wheatbelt, Western Australia"
2001-07-13,6.58268153027266,58.26818746041592,Merredin,"Wheatbelt, Western Australia"
2001-07-14,0.0,58.26818746041592,Merredin,"Wheatbelt, Western Australia"
2001-07-15,0.0,58.26818746041592,Merredin,"Wheatbelt, Western Australia"
2001-07-16,0.0,58.26818746041592,Merredin,"Wheatbelt, Western Australia"
2001-07-17,0.0,58.26818746041592,Merredin,"Wheatbelt, Western Australia"
2001-07-18,5.920163715883424,58.26818746041592,Merredin,"Wheatbelt, Western Australia"
2001-07-19,0.0,58.26818746041592,Merredin,"Wheatbelt, Western Australia"
2001-07-20,3.6659609681359546,58.26818746041592,Merredin,"Wheatbelt, Western Australia"
2001-07-21,0.0,58.26818746041592,Merredin,"Wheatbelt, Western Australia"
2001-07-22,2.725783247533422,58.26818746041592,Merredin,"Wheatbelt, Western Australia"
2001-07-23,0.0,58.26818746041592,Merredin,"Wheatbelt, Western Australia"
2001-07-24,0.0,58.26818746041592,Merredin,"Wheatbelt, Western Australia"
2001-07-25,4.105908437219342,58.26818746041592,Merredin,"Wheatbelt, Western Australia"
2001-07-26,0.0,58.26818746041592,Merredin,"Wheatbelt, Western Australia"
2001-07-27,0.0,58.26818746041592,Merredin,"Wheatbelt, Western Australia"
2001-07-28,7.38061584189819,58.26818746041592,Merredin,"Wheatbelt, Western Australia"
2001-07-29,0.0,58.26818746041592,Merredin,"Wheatbelt, Western Australia"
2001-07-30,4.273819973311724,58.26818746041592,Merredin,"Wheatbelt, Western Australia"
2001-07-31,2.6704274514208515,58.26818746041592,Merredin,"Wheatbelt, Western Australia"
2001-08-01,0.0,28.33299610858111,Merredin,"Wheatbelt, Western Australia"
2001-08-02,0.0,28.33299610858111,Merredin,"Wheatbelt, Western Australia"
2001-08-03,0.0,28.33299610858111,Merredin,"Wheatbelt, Western Australia"
2001-08-04,0.0,28.33299610858111,Merredin,"Wheatbelt, Western Australia"
2001-08-05,0.0,28.33299610858111,Merredin,"Wheatbelt, Western Australia"
2001-08-06,0.0,28.33299610858111,Merredin,"Wheatbelt, Western Australia"
2001-08-07,5.1492269980023435,28.33299610858111,Merredin,"Wheatbelt, Western Australia"
2001-08-08,0.0,28.33299610858111,Merredin,"Wheatbelt, Western Australia"
2001-08-09,0.0,28.33299610858111,Merredin,"Wheatbelt, Western Australia"
2001-08-10,2.662845596184875,28.33299610858111,Merredin,"Wheatbelt, Western Australia"
2001-08-11,6.649950749163091,28.33299610858111,Merredin,"Wheatbelt, Western Australia"
2001-08-12,0.0,28.33299610858111,Merredin,"Wheatbelt, Western Australia"
2001-08-13,3.798157384394245,28.33299610858111,Merredin,"Wheatbelt, Western Australia"
2001-08-14,0.0,28.33299610858111,Merredin,"Wheatbelt, Western Australia"
2001-08-15,1.3536821034872624,28.33299610858111,Merredin,"Wheatbelt, Western Australia"
2001-08-16,0.0,28.33299610858111,Merredin,"Wheatbelt, Western Australia"
2001-08-17,0.0,28.33299610858111,Merredin,"Wheatbelt, Western Australia"
2001-08-18,0.0,28.33299610858111,Merredin,"Wheatbelt, Western Australia"
2001-08-19,0.0,28.33299610858111,Merredin,"Wheatbelt, Western Australia"
2001-08-20,0.0,28.33299610858111,Merredin,"Wheatbelt, Western Australia"
2001-08-21,0.0,28.33299610858111,Merredin,"Wheatbelt, Western Australia"
2001-08-22,0.0,28.33299610858111,Merredin,"Wheatbelt, Western Australia"
2001-08-23,0.0,28.33299610858111,Merredin,"Wheatbelt, Western Australia"
2001-08-24,0.0,28.33299610858111,Merredin,"Wheatbelt, Western Australia"
2001-08-25,0.0,28.33299610858111,Merredin,"Wheatbelt, Western Australia"
2001-08-26,3.32082802633668,28.33299610858111,Merredin,"Wheatbelt, Western Australia"
2001-08-27,4.546735474870199,28.33299610858111,Merredin,"Wheatbelt, Western Australia"
2001-08-28,0.0,28.33299610858111,Merredin,"Wheatbelt, Western Australia"
2001-08-29,0.0,28.33299610858111,Merredin,"Wheatbelt, Western Australia"
2001-08-30,0.8515697761424131,28.33299610858111,Merredin,"Wheatbelt, Western Australia"
2001-08-31,0.0,28.33299610858111,Merredin,"Wheatbelt, Western Australia"
2001-09-01,0.0,27.443671351409183,Merredin,"Wheatbelt, Western Australia"
2001-09-02,0.0,27.443671351409183,Merredin,"Wheatbelt, Western Australia"
2001-09-03,0.0,27.443671351409183,Merredin,"Wheatbelt, Western Australia"
2001-09-04,5.422464637370069,27.443671351409183,Merredin,"Wheatbelt, Western Australia"
2001-09-05,0.0,27.443671351409183,Merredin,"Wheatbelt, Western Australia"
2001-09-06,0.0,27.443671351409183,Merredin,"Wheatbelt, Western Australia"
2001-09-07,0.0,27.443671351409183,Merredin,"Wheatbelt, Western Australia"
2001-09-08,3.7725290645027774,27.443671351409183,Merredin,"Wheatbelt, Western Australia"
2001-09-09,0.0,27.443671351409183,Merredin,"Wheatbelt, Western Australia"
2001-09-10,0.0,27.443671351409183,Merredin,"Wheatbelt, Western Australia"
2001-09-11,0.6356327947169969,27.443671351409183,Merredin,"Wheatbelt, Western Australia"
2001-09-12,1.250622138095777,27.443671351409183,Merredin,"Wheatbelt, Western Australia"
2001-09-13,0.0,27.443671351409183,Merredin,"Wheatbelt, Western Australia"
2001-09-14,0.0,27.443671351409183,Merredin,"Wheatbelt, Western Australia"
2001-09-15,0.0,27.443671351409183,Merredin,"Wheatbelt, Western Australia"
2001-09-16,0.0,27.443671351409183,Merredin,"Wheatbelt, Western Australia"
2001-09-17,0.0,27.443671351409183,Merredin,"Wheatbelt, Western Australia"
2001-09-18,0.0,27.443671351409183,Merredin,"Wheatbelt, Western Australia"
2001-09-19,0.0,27.443671351409183,Merredin,"Wheatbelt, Western Australia"
2001-09-20,1.1377868497432388,27.443671351409183,Merredin,"Wheatbelt, Western Australia"
2001-09-21,0.0,27.443671351409183,Merredin,"Wheatbelt, Western Australia"
2001-09-22,0.0,27.443671351409183,Merredin,"Wheatbelt, Western Australia"
2001-09-23,0.0,27.443671351409183,Merredin,"Wheatbelt, Western Australia"
2001-09-24,7.687143358475934,27.443671351409183,Merredin,"Wheatbelt, Western Australia"
2001-09-25,0.0,27.443671351409183,Merredin,"Wheatbelt, Western Australia"
2001-09-26,0.0,27.443671351409183,Merredin,"Wheatbelt, Western Australia"
2001-09-27,3.5934486112158734,27.443671351409183,Merredin,"Wheatbelt, Western Australia"
2001-09-28,0.0,27.443671351409183,Merredin,"Wheatbelt, Western Australia"
2001-09-29,0.0,27.443671351409183,Merredin,"Wheatbelt, Western Australia"
2001-09-30,3.944043897288516,27.443671351409183,Merredin,"Wheatbelt, Western Australia"
2001-10-01,3.3903758134359414,28.21634131082421,Merredin,"Wheatbelt, Western Australia"
2001-10-02,0.0,28.21634131082421,Merredin,"Wheatbelt, Western Australia"
2001-10-03,0.0,28.21634131082421,Merredin,"Wheatbelt, Western Australia"
2001-10-04,0.0,28.21634131082421,Merredin,"Wheatbelt, Western Australia"
2001-10-05,0.0,28.21634131082421,Merredin,"Wheatbelt, Western Australia"
2001-10-06,0.0,28.21634131082421,Merredin,"Wheatbelt, Western Australia"
2001-10-07,0.0,28.21634131082421,Merredin,"Wheatbelt, Western Australia"
2001-10-08,0.0,28.21634131082421,Merredin,"Wheatbelt, Western Australia"
2001-10-09,0.0,28.21634131082421,Merredin,"Wheatbelt, Western Australia"
2001-10-10,0.0,28.21634131082421,Merredin,"Wheatbelt, Western Australia"
2001-10-11,2.8105385925064423,28.21634131082421,Merredin,"Wheatbelt, Western Australia"
2001-10-12,0.0,28.21634131082421,Merredin,"Wheatbelt, Western Australia"
2001-10-13,0.0,28.21634131082421,Merredin,"Wheatbelt, Western Australia"
2001-10-14,0.0,28.21634131082421,Merredin,"Wheatbelt, Western Australia"
2001-10-15,0.0,28.21634131082421,Merredin,"Wheatbelt, Western Australia"
2001-10-16,0.0,28.21634131082421,Merredin,"Wheatbelt, Western Australia"
2001-10-17,0.0,28.21634131082421,Merredin,"Wheatbelt, Western Australia"
2001-10-18,0.0,28.21634131082421,Merredin,"Wheatbelt, Western Australia"
2001-10-19,0.0,28.21634131082421,Merredin,"Wheatbelt, Western Australia"
2001-10-20,0.0,28.21634131082421,Merredin,"Wheatbelt, Western Australia"
2001-10-21,6.9280812670883325,28.21634131082421,Merredin,"Wheatbelt, Western Australia"
2001-10-22,0.0,28.21634131082421,Merredin,"Wheatbelt, Western Australia"
2001-10-23,2.5894005723003373,28.21634131082421,Merredin,"Wheatbelt, Western Australia"
2001-10-24,0.0,28.21634131082421,Merredin,"Wheatbelt, Western Australia"
2001-10-25,0.0,28.21634131082421,Merredin,"Wheatbelt, Western Australia"
2001-10-26,0.0,28.21634131082421,Merredin,"Wheatbelt, Western Australia"
2001-10-27,3.82362926859171,28.21634131082421,Merredin,"Wheatbelt, Western Australia"
2001-10-28,2.583600137364029,28.21634131082421,Merredin,"Wheatbelt, Western Australia"
2001-10-29,0.0,28.21634131082421,Merredin,"Wheatbelt, Western Australia"
2001-10-30,0.0,28.21634131082421,Merredin,"Wheatbelt, Western Australia"
2001-10-31,6.090715659537417,28.21634131082421,Merredin,"Wheatbelt, Western Australia"
2001-11-01,0.0,7.674898162870076,Merredin,"Wheatbelt, Western Australia"
2001-11-02,0.0,7.674898162870076,Merredin,"Wheatbelt, Western Australia"
2001-11-03,3.8197297944540116,7.674898162870076,Merredin,"Wheatbelt, Western Australia"
2001-11-04,0.0,7.674898162870076,Merredin,"Wheatbelt, Western Australia"
2001-11-05,0.0,7.674898162870076,Merredin,"Wheatbelt, Western Australia"
2001-11-06,0.0,7.674898162870076,Merredin,"Wheatbelt, Western Australia"
2001-11-07,0.0,7.674898162870076,Merredin,"Wheatbelt, Western Australia"
2001-11-08,0.0,7.674898162870076,Merredin,"Wheatbelt, Western Australia"
2001-11-09,0.0,7.674898162870076,Merredin,"Wheatbelt, Western Australia"
2001-11-10,2.1651855247798575,7.674898162870076,Merredin,"Wheatbelt, Western Australia"
2001-11-11,1.6899828436362074,7.674898162870076,Merredin,"Wheatbelt, Western Australia"
2001-11-12,0.0,7.674898162870076,Merredin,"Wheatbelt, Western Australia"
2001-11-13,0.0,7.674898162870076,Merredin,"Wheatbelt, Western Australia"
2001-11-14,0.0,7.674898162870076,Merredin,"Wheatbelt, Western Australia"
2001-11-15,0.0,7.674898162870076,Merredin,"Wheatbelt, Western Australia"
2001-11-16,0.0,7.674898162870076,Merredin,"Wheatbelt, Western Australia"
2001-11-17,0.0,7.674898162870076,Merredin,"Wheatbelt, Western Australia"
2001-11-18,0.0,7.674898162870076,Merredin,"Wheatbelt, Western Australia"
2001-11-19,0.0,7.674898162870076,Merredin,"Wheatbelt, Western Australia"
2001-11-20,0.0,7.674898162870076,Merredin,"Wheatbelt, Western Australia"
2001-11-21,0.0,7.674898162870076,Merredin,"Wheatbelt, Western Australia"
2001-11-22,0.0,7.674898162870076,Merredin,"Wheatbelt, Western Australia"
2001-11-23,0.0,7.674898162870076,Merredin,"Wheatbelt, Western Australia"
2001-11-24,0.0,7.674898162870076,Merredin,"Wheatbelt, Western Australia"
2001-11-25,0.0,7.674898162870076,Merredin,"Wheatbelt, Western Australia"
2001-11-26,0.0,7.674898162870076,Merredin,"Wheatbelt, Western Australia"
2001-11-27,0.0,7.674898162870076,Merredin,"Wheatbelt, Western Australia"
2001-11-28,0.0,7.674898162870076,Merredin,"Wheatbelt, Western Australia"
2001-11-29,0.0,7.674898162870076,Merredin,"Wheatbelt, Western Australia"
2001-11-30,0.0,7.674898162870076,Merredin,"Wheatbelt, Western Australia"
2001-12-01,0.4359919107525174,25.06242860408539,Merredin,"Wheatbelt, Western Australia"
2001-12-02,4.663950136693068,25.06242860408539,Merredin,"Wheatbelt, Western Australia"
2001-12-03,0.0,25.06242860408539,Merredin,"Wheatbelt, Western Australia"
2001-12-04,0.0,25.06242860408539,Merredin,"Wheatbelt, Western Australia"
2001-12-05,0.0,25.06242860408539,Merredin,"Wheatbelt, Western Australia"
2001-12-06,0.0,25.06242860408539,Merredin,"Wheatbelt, Western Australia"
2001-12-07,0.0,25.06242860408539,Merredin,"Wheatbelt, Western Australia"
2001-12-08,2.640182998997371,25.06242860408539,Merredin,"Wheatbelt, Western Australia"
2001-12-09,6.323512705894937,25.06242860408539,Merredin,"Wheatbelt, Western Australia"
2001-12-10,0.0,25.06242860408539,Merredin,"Wheatbelt, Western Australia"
2001-12-11,0.0,25.06242860408539,Merredin,"Wheatbelt, Western Australia"
2001-12-12,0.0,25.06242860408539,Merredin,"Wheatbelt, Western Australia"
2001-12-13,0.0,25.06242860408539,Merredin,"Wheatbelt, Western Australia"
2001-12-14,0.0,25.06242860408539,Merredin,"Wheatbelt, Western Australia"
2001-12-15,0.0,25.06242860408539,Merredin,"Wheatbelt, Western Australia"
2001-12-16,0.0,25.06242860408539,Merredin,"Wheatbelt, Western Australia"
2001-12-17,0.0,25.06242860408539,Merredin,"Wheatbelt, Western Australia"
2001-12-18,0.0,25.06242860408539,Merredin,"Wheatbelt, Western Australia"
2001-12-19,0.0,25.06242860408539,Merredin,"Wheatbelt, Western Australia"
2001-12-20,0.31726705345095213,25.06242860408539,Merredin,"Wheatbelt, Western Australia"
2001-12-21,0.0,25.06242860408539,Merredin,"Wheatbelt, Western Australia"
2001-12-22,0.0,25.06242860408539,Merredin,"Wheatbelt, Western Australia"
2001-12-23,0.0,25.06242860408539,Merredin,"Wheatbelt, Western Australia"
2001-12-24,0.0,25.06242860408539,Merredin,"Wheatbelt, Western Australia"
2001-12-25,0.0,25.06242860408539,Merredin,"Wheatbelt, Western Australia"
2001-12-26,0.0,25.06242860408539,Merredin,"Wheatbelt, Western Australia"
2001-12-27,0.0,25.06242860408539,Merredin,"Wheatbelt, Western Australia"
2001-12-28,0.0,25.06242860408539,Merredin,"Wheatbelt, Western Australia"
2001-12-29,0.0,25.06242860408539,Merredin,"Wheatbelt, Western Australia"
2001-12-30,6.630560861316741,25.06242860408539,Merredin,"Wheatbelt, Western Australia"
2001-12-31,4.050962936979806,25.06242860408539,Merredin,"Wheatbelt, Western Australia"
2002-01-01,0.0,14.161245551008308,Merredin,"Wheatbelt, Western Australia"
2002-01-02,0.0,14.161245551008308,Merredin,"Wheatbelt, Western Australia"
2002-01-03,0.0,14.161245551008308,Merredin,"Wheatbelt, Western Australia"
2002-01-04,0.0,14.161245551008308,Merredin,"Wheatbelt, Western Australia"
2002-01-05,0.0,14.161245551008308,Merredin,"Wheatbelt, Western Australia"
2002-01-06,0.0,14.161245551008308,Merredin,"Wheatbelt, Western Australia"
2002-01-07,0.0,14.161245551008308,Merredin,"Wheatbelt, Western Australia"
2002-01-08,0.0,14.161245551008308,Merredin,"Wheatbelt, Western Australia"
2002-01-09,0.0,14.161245551008308,Merredin,"Wheatbelt, Western Australia"
2002-01-10,0.0,14.161245551008308,Merredin,"Wheatbelt, Western Australia"
2002-01-11,0.0,14.161245551008308,Merredin,"Wheatbelt, Western Australia"
2002-01-12,3.973908780700722,14.161245551008308,Merredin,"Wheatbelt, Western Australia"
2002-01-13,0.0,14.161245551008308,Merredin,"Wheatbelt, Western Australia"
2002-01-14,0.0,14.161245551008308,Merredin,"Wheatbelt, Western Australia"
2002-01-15,0.0,14.161245551008308,Merredin,"Wheatbelt, Western Australia"
2002-01-16,0.0,14.161245551008308,Merredin,"Wheatbelt, Western Australia"
2002-01-17,0.0,14.161245551008308,Merredin,"Wheatbelt, Western Australia"
2002-01-18,2.644649688209097,14.161245551008308,Merredin,"Wheatbelt, Western Australia"
2002-01-19,3.7147309087615286,14.161245551008308,Merredin,"Wheatbelt, Western Australia"
2002-01-20,0.0,14.161245551008308,Merredin,"Wheatbelt, Western Australia"
2002-01-21,0.0,14.161245551008308,Merredin,"Wheatbelt, Western Australia"
2002-01-22,0.0,14.161245551008308,Merredin,"Wheatbelt, Western Australia"
2002-01-23,3.8279561733369603,14.161245551008308,Merredin,"Wheatbelt, Western Australia"
2002-01-24,0.0,14.161245551008308,Merredin,"Wheatbelt, Western Australia"
2002-01-25,0.0,14.161245551008308,Merredin,"Wheatbelt, Western Australia"
2002-01-26,0.0,14.161245551008308,Merredin,"Wheatbelt, Western Australia"
2002-01-27,0.0,14.161245551008308,Merredin,"Wheatbelt, Western Australia"
2002-01-28,0.0,14.161245551008308,Merredin,"Wheatbelt, Western Australia"
2002-01-29,0.0,14.161245551008308,Merredin,"Wheatbelt, Western Australia"
2002-01-30,0.0,14.161245551008308,Merredin,"Wheatbelt, Western Australia"
2002-01-31,0.0,14.161245551008308,Merredin,"Wheatbelt, Western Australia"
2002-02-01,3.957298706849853,8.917922005799666,Merredin,"Wheatbelt, Western Australia"
2002-02-02,0.0,8.917922005799666,Merredin,"Wheatbelt, Western Australia"
2002-02-03,0.0,8.917922005799666,Merredin,"Wheatbelt, Western Australia"
2002-02-04,0.0,8.917922005799666,Merredin,"Wheatbelt, Western Australia"
2002-02-05,0.0,8.917922005799666,Merredin,"Wheatbelt, Western Australia"
2002-02-06,0.0,8.917922005799666,Merredin,"Wheatbelt, Western Australia"
2002-02-07,0.0,8.917922005799666,Merredin,"Wheatbelt, Western Australia"
2002-02-08,0.0,8.917922005799666,Merredin,"Wheatbelt, Western Australia"
2002-02-09,0.0,8.917922005799666,Merredin,"Wheatbelt, Western Australia"
2002-02-10,0.0,8.917922005799666,Merredin,"Wheatbelt, Western Australia"
2002-02-11,0.0,8.917922005799666,Merredin,"Wheatbelt, Western Australia"
2002-02-12,0.0,8.917922005799666,Merredin,"Wheatbelt, Western Australia"
2002-02-13,0.0,8.917922005799666,Merredin,"Wheatbelt, Western Australia"
2002-02-14,0.0,8.917922005799666,Merredin,"Wheatbelt, Western Australia"
2002-02-15,0.0,8.917922005799666,Merredin,"Wheatbelt, Western Australia"
2002-02-16,0.0,8.917922005799666,Merredin,"Wheatbelt, Western Australia"
2002-02-17,2.874378040055319,8.917922005799666,Merredin,"Wheatbelt, Western Australia"
2002-02-18,0.0,8.917922005799666,Merredin,"Wheatbelt, Western Australia"
2002-02-19,2.0862452588944933,8.917922005799666,Merredin,"Wheatbelt, Western Australia"
2002-02-20,0.0,8.917922005799666,Merredin,"Wheatbelt, Western Australia"
2002-02-21,0.0,8.917922005799666,Merredin,"Wheatbelt, Western Australia"
2002-02-22,0.0,8.917922005799666,Merredin,"Wheatbelt, Western Australia"
2002-02-23,0.0,8.917922005799666,Merredin,"Wheatbelt, Western Australia"
2002-02-24,0.0,8.917922005799666,Merredin,"Wheatbelt, Western Australia"
2002-02-25,0.0,8.917922005799666,Merredin,"Wheatbelt, Western Australia"
2002-02-26,0.0,8.917922005799666,Merredin,"Wheatbelt, Western Australia"
2002-02-27,0.0,8.917922005799666,Merredin,"Wheatbelt, Western Australia"
2002-02-28,0.0,8.917922005799666,Merredin,"Wheatbelt, Western Australia"
2002-03-01,0.0,40.072501560666495,Merredin,"Wheatbelt, Western Australia"
2002-03-02,2.417032077485279,40.072501560666495,Merredin,"Wheatbelt, Western Australia"
2002-03-03,8.11228503625545,40.072501560666495,Merredin,"Wheatbelt, Western Australia"
2002-03-04,0.0,40.072501560666495,Merredin,"Wheatbelt, Western Australia"
2002-03-05,0.0,40.072501560666495,Merredin,"Wheatbelt, Western Australia"
2002-03-06,0.0,40.072501560666495,Merredin,"Wheatbelt, Western Australia"
2002-03-07,5.143382983947259,40.072501560666495,Merredin,"Wheatbelt, Western Australia"
2002-03-08,2.956917072078042,40.072501560666495,Merredin,"Wheatbelt, Western Australia"
2002-03-09,0.0,40.072501560666495,Merredin,"Wheatbelt, Western Australia"
2002-03-10,1.5268328330785863,40.072501560666495,Merredin,"Wheatbelt, Western Australia"
2002-03-11,0.0,40.072501560666495,Merredin,"Wheatbelt, Western Australia"
2002-03-12,1.5271142708072796,40.072501560666495,Merredin,"Wheatbelt, Western Australia"
2002-03-13,0.46233393618886326,40.072501560666495,Merredin,"Wheatbelt, Western Australia"
2002-03-14,0.0,40.072501560666495,Merredin,"Wheatbelt, Western Australia"
2002-03-15,3.416737341224044,40.072501560666495,Merredin,"Wheatbelt, Western Australia"
2002-03-16,0.0,40.072501560666495,Merredin,"Wheatbelt, Western Australia"
2002-03-17,0.0,40.072501560666495,Merredin,"Wheatbelt, Western Australia"
2002-03-18,0.0,40.072501560666495,Merredin,"Wheatbelt, Western Australia"
2002-03-19,4.382768736027108,40.072501560666495,Merredin,"Wheatbelt, Western Australia"
2002-03-20,0.0,40.072501560666495,Merredin,"Wheatbelt, Western Australia"
2002-03-21,4.0241908660890475,40.072501560666495,Merredin,"Wheatbelt, Western Australia"
2002-03-22,0.0,40.072501560666495,Merredin,"Wheatbelt, Western Australia"
2002-03-23,0.0,40.072501560666495,Merredin,"Wheatbelt, Western Australia"
2002-03-24,0.0,40.072501560666495,Merredin,"Wheatbelt, Western Australia"
2002-03-25,0.0,40.072501560666495,Merredin,"Wheatbelt, Western Australia"
2002-03-26,6.102906407485537,40.072501560666495,Merredin,"Wheatbelt, Western Australia"
2002-03-27,0.0,40.072501560666495,Merredin,"Wheatbelt, Western Australia"
2002-03-28,0.0,40.072501560666495,Merredin,"Wheatbelt, Western Australia"
2002-03-29,0.0,40.072501560666495,Merredin,"Wheatbelt, Western Australia"
2002-03-30,0.0,40.072501560666495,Merredin,"Wheatbelt, Western Australia"
2002-03-31,0.0,40.072501560666495,Merredin,"Wheatbelt, Western Australia"
2002-04-01,0.0,23.52049002436563,Merredin,"Wheatbelt, Western Australia"
2002-04-02,1.5602460774448699,23.52049002436563,Merredin,"Wheatbelt, Western Australia"
2002-04-03,0.0,23.52049002436563,Merredin,"Wheatbelt, Western Australia"
2002-04-04,0.0,23.52049002436563,Merredin,"Wheatbelt, Western Australia"
2002-04-05,0.0,23.52049002436563,Merredin,"Wheatbelt, Western Australia"
2002-04-06,0.0,23.52049002436563,Merredin,"Wheatbelt, Western Australia"
2002-04-07,4.617764477779677,23.52049002436563,Merredin,"Wheatbelt, Western Australia"
2002-04-08,0.0,23.52049002436563,Merredin,"Wheatbelt, Western Australia"
2002-04-09,5.436530079934386,23.52049002436563,Merredin,"Wheatbelt, Western Australia"
2002-04-10,0.0,23.52049002436563,Merredin,"Wheatbelt, Western Australia"
2002-04-11,1.8910749182136937,23.52049002436563,Merredin,"Wheatbelt, Western Australia"
2002-04-12,0.0,23.52049002436563,Merredin,"Wheatbelt, Western Australia"
2002-04-13,0.0,23.52049002436563,Merredin,"Wheatbelt, Western Australia"
2002-04-14,0.0,23.52049002436563,Merredin,"Wheatbelt, Western Australia"
2002-04-15,0.0,23.52049002436563,Merredin,"Wheatbelt, Western Australia"
2002-04-16,4.387295140606219,23.52049002436563,Merredin,"Wheatbelt, Western Australia"
2002-04-17,0.0,23.52049002436563,Merredin,"Wheatbelt, Western Australia"
2002-04-18,0.0,23.52049002436563,Merredin,"Wheatbelt, Western Australia"
2002-04-19,2.5444724069776545,23.52049002436563,Merredin,"Wheatbelt, Western Australia"
2002-04-20,0.0,23.52049002436563,Merredin,"Wheatbelt, Western Australia"
2002-04-21,0.0,23.52049002436563,Merredin,"Wheatbelt, Western Australia"
2002-04-22,3.0831069234091277,23.52049002436563,Merredin,"Wheatbelt, Western Australia"
2002-04-23,0.0,23.52049002436563,Merredin,"Wheatbelt, Western Australia"
2002-04-24,0.0,23.52049002436563,Merredin,"Wheatbelt, Western Australia"
2002-04-25,0.0,23.52049002436563,Merredin,"Wheatbelt, Western Australia"
2002-04-26,0.0,23.52049002436563,Merredin,"Wheatbelt, Western Australia"
2002-04-27,0.0,23.52049002436563,Merredin,"Wheatbelt, Western Australia"
2002-04-28,0.0,23.52049002436563,Merredin,"Wheatbelt, Western Australia"
2002-04-29,0.0,23.52049002436563,Merredin,"Wheatbelt, Western Australia"
2002-04-30,0.0,23.52049002436563,Merredin,"Wheatbelt, Western Australia"
2002-05-01,0.0,20.14704340310471,Merredin,"Wheatbelt, Western Australia"
2002-05-02,0.0,20.14704340310471,Merredin,"Wheatbelt, Western Australia"
2002-05-03,3.2930417772688902,20.14704340310471,Merredin,"Wheatbelt, Western Australia"
2002-05-04,0.0,20.14704340310471,Merredin,"Wheatbelt, Western Australia"
2002-05-05,0.0,20.14704340310471,Merredin,"Wheatbelt, Western Australia"
2002-05-06,0.0,20.14704340310471,Merredin,"Wheatbelt, Western Australia"
2002-05-07,5.518115499178473,20.14704340310471,Merredin,"Wheatbelt, Western Australia"
2002-05-08,0.0,20.14704340310471,Merredin,"Wheatbelt, Western Australia"
2002-05-09,0.0,20.14704340310471,Merredin,"Wheatbelt, Western Australia"
2002-05-10,0.0,20.14704340310471,Merredin,"Wheatbelt, Western Australia"
2002-05-11,0.0,20.14704340310471,Merredin,"Wheatbelt, Western Australia"
2002-05-12,0.0,20.14704340310471,Merredin,"Wheatbelt, Western Australia"
2002-05-13,0.0,20.14704340310471,Merredin,"Wheatbelt, Western Australia"
2002-05-14,1.502437581401931,20.14704340310471,Merredin,"Wheatbelt, Western Australia"
2002-05-15,0.0,20.14704340310471,Merredin,"Wheatbelt, Western Australia"
2002-05-16,0.0,20.14704340310471,Merredin,"Wheatbelt, Western Australia"
2002-05-17,0.0,20.14704340310471,Merredin,"Wheatbelt, Western Australia"
2002-05-18,0.0,20.14704340310471,Merredin,"Wheatbelt, Western Australia"
2002-05-19,0.0,20.14704340310471,Merredin,"Wheatbelt, Western Australia"
2002-05-20,0.0,20.14704340310471,Merredin,"Wheatbelt, Western Australia"
2002-05-21,0.0,20.14704340310471,Merredin,"Wheatbelt, Western Australia"
2002-05-22,0.0,20.14704340310471,Merredin,"Wheatbelt, Western Australia"
2002-05-23,0.0,20.14704340310471,Merredin,"Wheatbelt, Western Australia"
2002-05-24,3.5897574983096767,20.14704340310471,Merredin,"Wheatbelt, Western Australia"
2002-05-25,6.2436910469457425,20.14704340310471,Merredin,"Wheatbelt, Western Australia"
2002-05-26,0.0,20.14704340310471,Merredin,"Wheatbelt, Western Australia"
2002-05-27,0.0,20.14704340310471,Merredin,"Wheatbelt, Western Australia"
2002-05-28,0.0,20.14704340310471,Merredin,"Wheatbelt, Western Australia"
2002-05-29,0.0,20.14704340310471,Merredin,"Wheatbelt, Western Australia"
2002-05-30,0.0,20.14704340310471,Merredin,"Wheatbelt, Western Australia"
2002-05-31,0.0,20.14704340310471,Merredin,"Wheatbelt, Western Australia"
2002-06-01,0.0,16.340897407359115,Merredin,"Wheatbelt, Western Australia"
2002-06-02,0.0,16.340897407359115,Merredin,"Wheatbelt, Western Australia"
2002-06-03,0.0,16.340897407359115,Merredin,"Wheatbelt, Western Australia"
2002-06-04,0.0,16.340897407359115,Merredin,"Wheatbelt, Western Australia"
2002-06-05,0.0,16.340897407359115,Merredin,"Wheatbelt, Western Australia"
2002-06-06,0.0,16.340897407359115,Merredin,"Wheatbelt, Western Australia"
2002-06-07,6.344538759508336,16.340897407359115,Merredin,"Wheatbelt, Western Australia"
2002-06-08,0.0,16.340897407359115,Merredin,"Wheatbelt, Western Australia"
2002-06-09,0.0,16.340897407359115,Merredin,"Wheatbelt, Western Australia"
2002-06-10,0.0,16.340897407359115,Merredin,"Wheatbelt, Western Australia"
2002-06-11,0.0,16.340897407359115,Merredin,"Wheatbelt, Western Australia"
2002-06-12,0.0,16.340897407359115,Merredin,"Wheatbelt, Western Australia"
2002-06-13,0.0,16.340897407359115,Merredin,"Wheatbelt, Western Australia"
2002-06-14,4.052851321148482,16.340897407359115,Merredin,"Wheatbelt, Western Australia"
2002-06-15,0.0,16.340897407359115,Merredin,"Wheatbelt, Western Australia"
2002-06-16,0.0,16.340897407359115,Merredin,"Wheatbelt, Western Australia"
2002-06-17,0.0,16.340897407359115,Merredin,"Wheatbelt, Western Australia"
2002-06-18,0.0,16.340897407359115,Merredin,"Wheatbelt, Western Australia"
2002-06-19,0.0,16.340897407359115,Merredin,"Wheatbelt, Western Australia"
2002-06-20,0.0,16.340897407359115,Merredin,"Wheatbelt, Western Australia"
2002-06-21,0.0,16.340897407359115,Merredin,"Wheatbelt, Western Australia"
2002-06-22,1.26963165671714,16.340897407359115,Merredin,"Wheatbelt, Western Australia"
2002-06-23,4.673875669985157,16.340897407359115,Merredin,"Wheatbelt, Western Australia"
2002-06-24,0.0,16.340897407359115,Merredin,"Wheatbelt, Western Australia"
2002-06-25,0.0,16.340897407359115,Merredin,"Wheatbelt, Western Australia"
2002-06-26,0.0,16.340897407359115,Merredin,"Wheatbelt, Western Australia"
2002-06-27,0.0,16.340897407359115,Merredin,"Wheatbelt, Western Australia"
2002-06-28,0.0,16.340897407359115,Merredin,"Wheatbelt, Western Australia"
2002-06-29,0.0,16.340897407359115,Merredin,"Wheatbelt, Western Australia"
2002-06-30,0.0,16.340897407359115,Merredin,"Wheatbelt, Western Australia"
2002-07-01,0.0,21.983061289765125,Merredin,"Wheatbelt, Western Australia"
2002-07-02,0.0,21.983061289765125,Merredin,"Wheatbelt, Western Australia"
2002-07-03,0.0,21.983061289765125,Merredin,"Wheatbelt, Western Australia"
2002-07-04,0.0,21.983061289765125,Merredin,"Wheatbelt, Western Australia"
2002-07-05,0.0,21.983061289765125,Merredin,"Wheatbelt, Western Australia"
2002-07-06,0.0,21.983061289765125,Merredin,"Wheatbelt, Western Australia"
2002-07-07,0.0,21.983061289765125,Merredin,"Wheatbelt, Western Australia"
2002-07-08,0.0,21.983061289765125,Merredin,"Wheatbelt, Western Australia"
2002-07-09,0.0,21.983061289765125,Merredin,"Wheatbelt, Western Australia"
2002-07-10,3.919531004215909,21.983061289765125,Merredin,"Wheatbelt, Western Australia"
2002-07-11,0.0,21.983061289765125,Merredin,"Wheatbelt, Western Australia"
2002-07-12,0.0,21.983061289765125,Merredin,"Wheatbelt, Western Australia"
2002-07-13,0.0,21.983061289765125,Merredin,"Wheatbelt, Western Australia"
2002-07-14,0.0,21.983061289765125,Merredin,"Wheatbelt, Western Australia"
2002-07-15,0.0,21.983061289765125,Merredin,"Wheatbelt, Western Australia"
2002-07-16,1.5103897279934562,21.983061289765125,Merredin,"Wheatbelt, Western Australia"
2002-07-17,6.941544667107748,21.983061289765125,Merredin,"Wheatbelt, Western Australia"
2002-07-18,0.0,21.983061289765125,Merredin,"Wheatbelt, Western Australia"
2002-07-19,0.0,21.983061289765125,Merredin,"Wheatbelt, Western Australia"
2002-07-20,1.7239948895962502,21.983061289765125,Merredin,"Wheatbelt, Western Australia"
2002-07-21,0.0,21.983061289765125,Merredin,"Wheatbelt, Western Australia"
2002-07-22,0.0,21.983061289765125,Merredin,"Wheatbelt, Western Australia"
2002-07-23,0.0,21.983061289765125,Merredin,"Wheatbelt, Western Australia"
2002-07-24,0.0,21.983061289765125,Merredin,"Wheatbelt, Western Australia"
2002-07-25,0.0,21.983061289765125,Merredin,"Wheatbelt, Western Australia"
2002-07-26,0.0,21.983061289765125,Merredin,"Wheatbelt, Western Australia"
2002-07-27,0.0,21.983061289765125,Merredin,"Wheatbelt, Western Australia"
2002-07-28,7.8876010008517605,21.983061289765125,Merredin,"Wheatbelt, Western Australia"
2002-07-29,0.0,21.983061289765125,Merredin,"Wheatbelt, Western Australia"
2002-07-30,0.0,21.983061289765125,Merredin,"Wheatbelt, Western Australia"
2002-07-31,0.0,21.983061289765125,Merredin,"Wheatbelt, Western Australia"
2002-08-01,0.0,34.20783371545863,Merredin,"Wheatbelt, Western Australia"
2002-08-02,0.0,34.20783371545863,Merredin,"Wheatbelt, Western Australia"
2002-08-03,0.0,34.20783371545863,Merredin,"Wheatbelt, Western Australia"
2002-08-04,11.31196504179221,34.20783371545863,Merredin,"Wheatbelt, Western Australia"
2002-08-05,0.0,34.20783371545863,Merredin,"Wheatbelt, Western Australia"
2002-08-06,0.0,34.20783371545863,Merredin,"Wheatbelt, Western Australia"
2002-08-07,0.0,34.20783371545863,Merredin,"Wheatbelt, Western Australia"
2002-08-08,0.0,34.20783371545863,Merredin,"Wheatbelt, Western Australia"
2002-08-09,0.0,34.20783371545863,Merredin,"Wheatbelt, Western Australia"
2002-08-10,0.0,34.20783371545863,Merredin,"Wheatbelt, Western Australia"
2002-08-11,0.0,34.20783371545863,Merredin,"Wheatbelt, Western Australia"
2002-08-12,0.0,34.20783371545863,Merredin,"Wheatbelt, Western Australia"
2002-08-13,0.0,34.20783371545863,Merredin,"Wheatbelt, Western Australia"
2002-08-14,0.0,34.20783371545863,Merredin,"Wheatbelt, Western Australia"
2002-08-15,0.0,34.20783371545863,Merredin,"Wheatbelt, Western Australia"
2002-08-16,0.0,34.20783371545863,Merredin,"Wheatbelt, Western Australia"
2002-08-17,0.0,34.20783371545863,Merredin,"Wheatbelt, Western Australia"
2002-08-18,0.0,34.20783371545863,Merredin,"Wheatbelt, Western Australia"
2002-08-19,0.0,34.20783371545863,Merredin,"Wheatbelt, Western Australia"
2002-08-20,6.962649956748551,34.20783371545863,Merredin,"Wheatbelt, Western Australia"
2002-08-21,0.0,34.20783371545863,Merredin,"Wheatbelt, Western Australia"
2002-08-22,0.0,34.20783371545863,Merredin,"Wheatbelt, Western Australia"
2002-08-23,0.0,34.20783371545863,Merredin,"Wheatbelt, Western Australia"
2002-08-24,0.0,34.20783371545863,Merredin,"Wheatbelt, Western Australia"
2002-08-25,0.0,34.20783371545863,Merredin,"Wheatbelt, Western Australia"
2002-08-26,3.523054542420711,34.20783371545863,Merredin,"Wheatbelt, Western Australia"
2002-08-27,4.143174094830167,34.20783371545863,Merredin,"Wheatbelt, Western Australia"
2002-08-28,5.381954381670474,34.20783371545863,Merredin,"Wheatbelt, Western Australia"
2002-08-29,0.0,34.20783371545863,Merredin,"Wheatbelt, Western Australia"
2002-08-30,2.885035697996512,34.20783371545863,Merredin,"Wheatbelt, Western Australia"
2002-08-31,0.0,34.20783371545863,Merredin,"Wheatbelt, Western Australia"
2002-09-01,1.9228571345959333,25.294986449613386,Merredin,"Wheatbelt, Western Australia"
2002-09-02,0.0,25.294986449613386,Merredin,"Wheatbelt, Western Australia"
2002-09-03,1.9922561607904208,25.294986449613386,Merredin,"Wheatbelt, Western Australia"
2002-09-04,0.0,25.294986449613386,Merredin,"Wheatbelt, Western Australia"
2002-09-05,0.0,25.294986449613386,Merredin,"Wheatbelt, Western Australia"
2002-09-06,1.7033107178249072,25.294986449613386,Merredin,"Wheatbelt, Western Australia"
2002-09-07,4.4839508985658405,25.294986449613386,Merredin,"Wheatbelt, Western Australia"
2002-09-08,0.0,25.294986449613386,Merredin,"Wheatbelt, Western Australia"
2002-09-09,0.0,25.294986449613386,Merredin,"Wheatbelt, Western Australia"
2002-09-10,0.0,25.294986449613386,Merredin,"Wheatbelt, Western Australia"
2002-09-11,0.0,25.294986449613386,Merredin,"Wheatbelt, Western Australia"
2002-09-12,0.0,25.294986449613386,Merredin,"Wheatbelt, Western Australia"
2002-09-13,0.9952437265181138,25.294986449613386,Merredin,"Wheatbelt, Western Australia"
2002-09-14,0.0,25.294986449613386,Merredin,"Wheatbelt, Western Australia"
2002-09-15,0.0,25.294986449613386,Merredin,"Wheatbelt, Western Australia"
2002-09-16,2.143421311412056,25.294986449613386,Merredin,"Wheatbelt, Western Australia"
2002-09-17,0.0,25.294986449613386,Merredin,"Wheatbelt, Western Australia"
2002-09-18,2.6693444084497404,25.294986449613386,Merredin,"Wheatbelt, Western Australia"
2002-09-19,0.0,25.294986449613386,Merredin,"Wheatbelt, Western Australia"
2002-09-20,0.0,25.294986449613386,Merredin,"Wheatbelt, Western Australia"
2002-09-21,0.0,25.294986449613386,Merredin,"Wheatbelt, Western Australia"
2002-09-22,0.0,25.294986449613386,Merredin,"Wheatbelt, Western Australia"
2002-09-23,0.0,25.294986449613386,Merredin,"Wheatbelt, Western Australia"
2002-09-24,0.0,25.294986449613386,Merredin,"Wheatbelt, Western Australia"
2002-09-25,3.1640405090239647,25.294986449613386,Merredin,"Wheatbelt, Western Australia"
2002-09-26,0.0,25.294986449613386,Merredin,"Wheatbelt, Western Australia"
2002-09-27,6.220561582432409,25.294986449613386,Merredin,"Wheatbelt, Western Australia"
2002-09-28,0.0,25.294986449613386,Merredin,"Wheatbelt, Western Australia"
2002-09-29,0.0,25.294986449613386,Merredin,"Wheatbelt, Western Australia"
2002-09-30,0.0,25.294986449613386,Merredin,"Wheatbelt, Western Australia"
2002-10-01,0.0,21.444201538466206,Merredin,"Wheatbelt, Western Australia"
2002-10-02,0.0,21.444201538466206,Merredin,"Wheatbelt, Western Australia"
2002-10-03,0.0,21.444201538466206,Merredin,"Wheatbelt, Western Australia"
2002-10-04,0.0,21.444201538466206,Merredin,"Wheatbelt, Western Australia"
2002-10-05,0.0,21.444201538466206,Merredin,"Wheatbelt, Western Australia"
2002-10-06,0.0,21.444201538466206,Merredin,"Wheatbelt, Western Australia"
2002-10-07,4.202863227952018,21.444201538466206,Merredin,"Wheatbelt, Western Australia"
2002-10-08,0.0,21.444201538466206,Merredin,"Wheatbelt, Western Australia"
2002-10-09,0.0,21.444201538466206,Merredin,"Wheatbelt, Western Australia"
2002-10-10,0.0,21.444201538466206,Merredin,"Wheatbelt, Western Australia"
2002-10-11,0.0,21.444201538466206,Merredin,"Wheatbelt, Western Australia"
2002-10-12,0.0,21.444201538466206,Merredin,"Wheatbelt, Western Australia"
2002-10-13,0.0,21.444201538466206,Merredin,"Wheatbelt, Western Australia"
2002-10-14,0.0,21.444201538466206,Merredin,"Wheatbelt, Western Australia"
2002-10-15,6.274004291413207,21.444201538466206,Merredin,"Wheatbelt, Western Australia"
2002-10-16,0.0,21.444201538466206,Merredin,"Wheatbelt, Western Australia"
2002-10-17,0.0,21.444201538466206,Merredin,"Wheatbelt, Western Australia"
2002-10-18,0.0,21.444201538466206,Merredin,"Wheatbelt, Western Australia"
2002-10-19,0.0,21.444201538466206,Merredin,"Wheatbelt, Western Australia"
2002-10-20,0.0,21.444201538466206,Merredin,"Wheatbelt, Western Australia"
2002-10-21,0.0,21.444201538466206,Merredin,"Wheatbelt, Western Australia"
2002-10-22,10.967334019100981,21.444201538466206,Merredin,"Wheatbelt, Western Australia"
2002-10-23,0.0,21.444201538466206,Merredin,"Wheatbelt, Western Australia"
2002-10-24,0.0,21.444201538466206,Merredin,"Wheatbelt, Western Australia"
2002-10-25,0.0,21.444201538466206,Merredin,"Wheatbelt, Western Australia"
2002-10-26,0.0,21.444201538466206,Merredin,"Wheatbelt, Western Australia"
2002-10-27,0.0,21.444201538466206,Merredin,"Wheatbelt, Western Australia"
2002-10-28,0.0,21.444201538466206,Merredin,"Wheatbelt, Western Australia"
2002-10-29,0.0,21.444201538466206,Merredin,"Wheatbelt, Western Australia"
2002-10-30,0.0,21.444201538466206,Merredin,"Wheatbelt, Western Australia"
2002-10-31,0.0,21.444201538466206,Merredin,"Wheatbelt, Western Australia"
2002-11-01,0.0,26.92047397196807,Merredin,"Wheatbelt, Western Australia"
2002-11-02,0.0,26.92047397196807,Merredin,"Wheatbelt, Western Australia"
2002-11-03,1.1811870556256314,26.92047397196807,Merredin,"Wheatbelt, Western Australia"
2002-11-04,2.3028261342667316,26.92047397196807,Merredin,"Wheatbelt, Western Australia"
2002-11-05,1.3748663520941158,26.92047397196807,Merredin,"Wheatbelt, Western Australia"
2002-11-06,0.0,26.92047397196807,Merredin,"Wheatbelt, Western Australia"
2002-11-07,0.0,26.92047397196807,Merredin,"Wheatbelt, Western Australia"
2002-11-08,0.0,26.92047397196807,Merredin,"Wheatbelt, Western Australia"
2002-11-09,0.0,26.92047397196807,Merredin,"Wheatbelt, Western Australia"
2002-11-10,0.0,26.92047397196807,Merredin,"Wheatbelt, Western Australia"
2002-11-11,0.0,26.92047397196807,Merredin,"Wheatbelt, Western Australia"
2002-11-12,12.01924688829307,26.92047397196807,Merredin,"Wheatbelt, Western Australia"
2002-11-13,0.0,26.92047397196807,Merredin,"Wheatbelt, Western Australia"
2002-11-14,0.0,26.92047397196807,Merredin,"Wheatbelt, Western Australia"
2002-11-15,0.0,26.92047397196807,Merredin,"Wheatbelt, Western Australia"
2002-11-16,3.092275883992503,26.92047397196807,Merredin,"Wheatbelt, Western Australia"
2002-11-17,0.0,26.92047397196807,Merredin,"Wheatbelt, Western Australia"
2002-11-18,0.0,26.92047397196807,Merredin,"Wheatbelt, Western Australia"
2002-11-19,0.0,26.92047397196807,Merredin,"Wheatbelt, Western Australia"
2002-11-20,0.0,26.92047397196807,Merredin,"Wheatbelt, Western Australia"
2002-11-21,0.0,26.92047397196807,Merredin,"Wheatbelt, Western Australia"
2002-11-22,1.631332556252447,26.92047397196807,Merredin,"Wheatbelt, Western Australia"
2002-11-23,0.0,26.92047397196807,Merredin,"Wheatbelt, Western Australia"
2002-11-24,0.0,26.92047397196807,Merredin,"Wheatbelt, Western Australia"
2002-11-25,0.0,26.92047397196807,Merredin,"Wheatbelt, Western Australia"
2002-11-26,3.235069849965237,26.92047397196807,Merredin,"Wheatbelt, Western Australia"
2002-11-27,0.0,26.92047397196807,Merredin,"Wheatbelt, Western Australia"
2002-11-28,0.0,26.92047397196807,Merredin,"Wheatbelt, Western Australia"
2002-11-29,2.0836692514783346,26.92047397196807,Merredin,"Wheatbelt, Western Australia"
2002-11-30,0.0,26.92047397196807,Merredin,"Wheatbelt, Western Australia"
2002-12-01,0.0,32.35440477704501,Merredin,"Wheatbelt, Western Australia"
2002-12-02,0.0,32.35440477704501,Merredin,"Wheatbelt, Western Australia"
2002-12-03,0.0,32.35440477704501,Merredin,"Wheatbelt, Western Australia"
2002-12-04,0.0,32.35440477704501,Merredin,"Wheatbelt, Western Australia"
2002-12-05,0.0,32.35440477704501,Merredin,"Wheatbelt, Western Australia"
2002-12-06,0.0,32.35440477704501,Merredin,"Wheatbelt, Western Australia"
2002-12-07,0.7720879509068206,32.35440477704501,Merredin,"Wheatbelt, Western Australia"
2002-12-08,0.2663968035365125,32.35440477704501,Merredin,"Wheatbelt, Western Australia"
2002-12-09,0.0,32.35440477704501,Merredin,"Wheatbelt, Western Australia"
2002-12-10,6.518839451792914,32.35440477704501,Merredin,"Wheatbelt, Western Australia"
2002-12-11,0.0,32.35440477704501,Merredin,"Wheatbelt, Western Australia"
2002-12-12,3.4128564308788873,32.35440477704501,Merredin,"Wheatbelt, Western Australia"
2002-12-13,3.6030848081440903,32.35440477704501,Merredin,"Wheatbelt, Western Australia"
2002-12-14,0.0,32.35440477704501,Merredin,"Wheatbelt, Western Australia"
2002-12-15,0.0,32.35440477704501,Merredin,"Wheatbelt, Western Australia"
2002-12-16,0.0,32.35440477704501,Merredin,"Wheatbelt, Western Australia"
2002-12-17,0.0,32.35440477704501,Merredin,"Wheatbelt, Western Australia"
2002-12-18,0.0,32.35440477704501,Merredin,"Wheatbelt, Western Australia"
2002-12-19,2.7389715742404293,32.35440477704501,Merredin,"Wheatbelt, Western Australia"
2002-12-20,0.0,32.35440477704501,Merredin,"Wheatbelt, Western Australia"
2002-12-21,0.0,32.35440477704501,Merredin,"Wheatbelt, Western Australia"
2002-12-22,5.084406578379491,32.35440477704501,Merredin,"Wheatbelt, Western Australia"
2002-12-23,0.0,32.35440477704501,Merredin,"Wheatbelt, Western Australia"
2002-12-24,0.0,32.35440477704501,Merredin,"Wheatbelt, Western Australia"
2002-12-25,0.0,32.35440477704501,Merredin,"Wheatbelt, Western Australia"
2002-12-26,0.0,32.35440477704501,Merredin,"Wheatbelt, Western Australia"
2002-12-27,0.0,32.35440477704501,Merredin,"Wheatbelt, Western Australia"
2002-12-28,0.0,32.35440477704501,Merredin,"Wheatbelt, Western Australia"
2002-12-29,0.0,32.35440477704501,Merredin,"Wheatbelt, Western Australia"
2002-12-30,2.250714084952589,32.35440477704501,Merredin,"Wheatbelt, Western Australia"
2002-12-31,7.707047094213279,32.35440477704501,Merredin,"Wheatbelt, Western Australia"
2003-01-01,0.0,20.149680708383144,Merredin,"Wheatbelt, Western Australia"
2003-01-02,0.0,20.149680708383144,Merredin,"Wheatbelt, Western Australia"
2003-01-03,0.0,20.149680708383144,Merredin,"Wheatbelt, Western Australia"
2003-01-04,0.0,20.149680708383144,Merredin,"Wheatbelt, Western Australia"
2003-01-05,0.0,20.149680708383144,Merredin,"Wheatbelt, Western Australia"
2003-01-06,0.0,20.149680708383144,Merredin,"Wheatbelt, Western Australia"
2003-01-07,0.0,20.149680708383144,Merredin,"Wheatbelt, Western Australia"
2003-01-08,0.0,20.149680708383144,Merredin,"Wheatbelt, Western Australia"
2003-01-09,0.0,20.149680708383144,Merredin,"Wheatbelt, Western Australia"
2003-01-10,0.0,20.149680708383144,Merredin,"Wheatbelt, Western Australia"
2003-01-11,2.1316093515034957,20.149680708383144,Merredin,"Wheatbelt, Western Australia"
2003-01-12,0.0,20.149680708383144,Merredin,"Wheatbelt, Western Australia"
2003-01-13,0.0,20.149680708383144,Merredin,"Wheatbelt, Western Australia"
2003-01-14,0.0,20.149680708383144,Merredin,"Wheatbelt, Western Australia"
2003-01-15,0.0,20.149680708383144,Merredin,"Wheatbelt, Western Australia"
2003-01-16,0.0,20.149680708383144,Merredin,"Wheatbelt, Western Australia"
2003-01-17,0.0,20.149680708383144,Merredin,"Wheatbelt, Western Australia"
2003-01-18,0.0,20.149680708383144,Merredin,"Wheatbelt, Western Australia"
2003-01-19,0.0,20.149680708383144,Merredin,"Wheatbelt, Western Australia"
2003-01-20,0.0,20.149680708383144,Merredin,"Wheatbelt, Western Australia"
2003-01-21,0.0,20.149680708383144,Merredin,"Wheatbelt, Western Australia"
2003-01-22,0.0,20.149680708383144,Merredin,"Wheatbelt, Western Australia"
2003-01-23,0.0,20.149680708383144,Merredin,"Wheatbelt, Western Australia"
2003-01-24,0.0,20.149680708383144,Merredin,"Wheatbelt, Western Australia"
2003-01-25,0.0,20.149680708383144,Merredin,"Wheatbelt, Western Australia"
2003-01-26,0.0,20.149680708383144,Merredin,"Wheatbelt, Western Australia"
2003-01-27,0.0,20.149680708383144,Merredin,"Wheatbelt, Western Australia"
2003-01-28,0.0,20.149680708383144,Merredin,"Wheatbelt, Western Australia"
2003-01-29,3.3797005652944865,20.149680708383144,Merredin,"Wheatbelt, Western Australia"
2003-01-30,7.2523445658850205,20.149680708383144,Merredin,"Wheatbelt, Western Australia"
2003-01-31,7.3860262257001414,20.149680708383144,Merredin,"Wheatbelt, Western Australia"
2003-02-01,2.200786218743701,24.855671960964916,Merredin,"Wheatbelt, Western Australia"
2003-02-02,3.5286714965311035,24.855671960964916,Merredin,"Wheatbelt, Western Australia"
2003-02-03,0.0,24.855671960964916,Merredin,"Wheatbelt, Western Australia"
2003-02-04,3.856671127512556,24.855671960964916,Merredin,"Wheatbelt, Western Australia"
2003-02-05,0.0,24.855671960964916,Merredin,"Wheatbelt, Western Australia"
2003-02-06,0.0,24.855671960964916,Merredin,"Wheatbelt, Western Australia"
2003-02-07,0.0,24.855671960964916,Merredin,"Wheatbelt, Western Australia"
2003-02-08,0.0,24.855671960964916,Merredin,"Wheatbelt, Western Australia"
2003-02-09,0.0,24.855671960964916,Merredin,"Wheatbelt, Western Australia"
2003-02-10,3.3906803464922204,24.855671960964916,Merredin,"Wheatbelt, Western Australia"
2003-02-11,0.0,24.855671960964916,Merredin,"Wheatbelt, Western Australia"
2003-02-12,5.1716512105928,24.855671960964916,Merredin,"Wheatbelt, Western Australia"
2003-02-13,0.0,24.855671960964916,Merredin,"Wheatbelt, Western Australia"
2003-02-14,0.0,24.855671960964916,Merredin,"Wheatbelt, Western Australia"
2003-02-15,2.9473602793332,24.855671960964916,Merredin,"Wheatbelt, Western Australia"
2003-02-16,0.0,24.855671960964916,Merredin,"Wheatbelt, Western Australia"
2003-02-17,0.0,24.855671960964916,Merredin,"Wheatbelt, Western Australia"
2003-02-18,0.0,24.855671960964916,Merredin,"Wheatbelt, Western Australia"
2003-02-19,0.0,24.855671960964916,Merredin,"Wheatbelt, Western Australia"
2003-02-20,3.759851281759334,24.855671960964916,Merredin,"Wheatbelt, Western Australia"
2003-02-21,0.0,24.855671960964916,Merredin,"Wheatbelt, Western Australia"
2003-02-22,0.0,24.855671960964916,Merredin,"Wheatbelt, Western Australia"
2003-02-23,0.0,24.855671960964916,Merredin,"Wheatbelt, Western Australia"
2003-02-24,0.0,24.855671960964916,Merredin,"Wheatbelt, Western Australia"
2003-02-25,0.0,24.855671960964916,Merredin,"Wheatbelt, Western Australia"
2003-02-26,0.0,24.855671960964916,Merredin,"Wheatbelt, Western Australia"
2003-02-27,0.0,24.855671960964916,Merredin,"Wheatbelt, Western Australia"
2003-02-28,0.0,24.855671960964916,Merredin,"Wheatbelt, Western Australia"
2003-03-01,0.0,25.388966677838194,Merredin,"Wheatbelt, Western Australia"
2003-03-02,0.0,25.388966677838194,Merredin,"Wheatbelt, Western Australia"
2003-03-03,7.6655044130859995,25.388966677838194,Merredin,"Wheatbelt, Western Australia"
2003-03-04,0.0,25.388966677838194,Merredin,"Wheatbelt, Western Australia"
2003-03-05,0.0,25.388966677838194,Merredin,"Wheatbelt, Western Australia"
2003-03-06,0.0,25.388966677838194,Merredin,"Wheatbelt, Western Australia"
2003-03-07,0.0,25.388966677838194,Merredin,"Wheatbelt, Western Australia"
2003-03-08,4.966076319134675,25.388966677838194,Merredin,"Wheatbelt, Western Australia"
2003-03-09,0.0,25.388966677838194,Merredin,"Wheatbelt, Western Australia"
2003-03-10,0.0,25.388966677838194,Merredin,"Wheatbelt, Western Australia"
2003-03-11,0.0,25.388966677838194,Merredin,"Wheatbelt, Western Australia"
2003-03-12,0.0,25.388966677838194,Merredin,"Wheatbelt, Western Australia"
2003-03-13,0.0,25.388966677838194,Merredin,"Wheatbelt, Western Australia"
2003-03-14,0.0,25.388966677838194,Merredin,"Wheatbelt, Western Australia"
2003-03-15,0.0,25.388966677838194,Merredin,"Wheatbelt, Western Australia"
2003-03-16,0.8768298320754424,25.388966677838194,Merredin,"Wheatbelt, Western Australia"
2003-03-17,0.0,25.388966677838194,Merredin,"Wheatbelt, Western Australia"
2003-03-18,0.0,25.388966677838194,Merredin,"Wheatbelt, Western Australia"
2003-03-19,0.0,25.388966677838194,Merredin,"Wheatbelt, Western Australia"
2003-03-20,0.0,25.388966677838194,Merredin,"Wheatbelt, Western Australia"
2003-03-21,0.0,25.388966677838194,Merredin,"Wheatbelt, Western Australia"
2003-03-22,0.0,25.388966677838194,Merredin,"Wheatbelt, Western Australia"
2003-03-23,0.0,25.388966677838194,Merredin,"Wheatbelt, Western Australia"
2003-03-24,0.0,25.388966677838194,Merredin,"Wheatbelt, Western Australia"
2003-03-25,3.455130980108665,25.388966677838194,Merredin,"Wheatbelt, Western Australia"
2003-03-26,0.0,25.388966677838194,Merredin,"Wheatbelt, Western Australia"
2003-03-27,0.0,25.388966677838194,Merredin,"Wheatbelt, Western Australia"
2003-03-28,0.0,25.388966677838194,Merredin,"Wheatbelt, Western Australia"
2003-03-29,0.0,25.388966677838194,Merredin,"Wheatbelt, Western Australia"
2003-03-30,8.425425133433412,25.388966677838194,Merredin,"Wheatbelt, Western Australia"
2003-03-31,0.0,25.388966677838194,Merredin,"Wheatbelt, Western Australia"
2003-04-01,0.0,17.056991063316012,Merredin,"Wheatbelt, Western Australia"
2003-04-02,0.0,17.056991063316012,Merredin,"Wheatbelt, Western Australia"
2003-04-03,0.0,17.056991063316012,Merredin,"Wheatbelt, Western Australia"
2003-04-04,0.0,17.056991063316012,Merredin,"Wheatbelt, Western Australia"
2003-04-05,0.0,17.056991063316012,Merredin,"Wheatbelt, Western Australia"
2003-04-06,5.6463535961860725,17.056991063316012,Merredin,"Wheatbelt, Western Australia"
2003-04-07,0.0,17.056991063316012,Merredin,"Wheatbelt, Western Australia"
2003-04-08,0.0,17.056991063316012,Merredin,"Wheatbelt, Western Australia"
2003-04-09,0.0,17.056991063316012,Merredin,"Wheatbelt, Western Australia"
2003-04-10,0.0,17.056991063316012,Merredin,"Wheatbelt, Western Australia"
2003-04-11,0.0,17.056991063316012,Merredin,"Wheatbelt, Western Australia"
2003-04-12,2.938191472545178,17.056991063316012,Merredin,"Wheatbelt, Western Australia"
2003-04-13,0.0,17.056991063316012,Merredin,"Wheatbelt, Western Australia"
2003-04-14,0.0,17.056991063316012,Merredin,"Wheatbelt, Western Australia"
2003-04-15,0.0,17.056991063316012,Merredin,"Wheatbelt, Western Australia"
2003-04-16,0.0,17.056991063316012,Merredin,"Wheatbelt, Western Australia"
2003-04-17,0.0,17.056991063316012,Merredin,"Wheatbelt, Western Australia"
2003-04-18,0.0,17.056991063316012,Merredin,"Wheatbelt, Western Australia"
2003-04-19,8.472445994584763,17.056991063316012,Merredin,"Wheatbelt, Western Australia"
2003-04-20,0.0,17.056991063316012,Merredin,"Wheatbelt, Western Australia"
2003-04-21,0.0,17.056991063316012,Merredin,"Wheatbelt, Western Australia"
2003-04-22,0.0,17.056991063316012,Merredin,"Wheatbelt, Western Australia"
2003-04-23,0.0,17.056991063316012,Merredin,"Wheatbelt, Western Australia"
2003-04-24,0.0,17.056991063316012,Merredin,"Wheatbelt, Western Australia"
2003-04-25,0.0,17.056991063316012,Merredin,"Wheatbelt, Western Australia"
2003-04-26,0.0,17.056991063316012,Merredin,"Wheatbelt, Western Australia"
2003-04-27,0.0,17.056991063316012,Merredin,"Wheatbelt, Western Australia"
2003-04-28,0.0,17.056991063316012,Merredin,"Wheatbelt, Western Australia"
2003-04-29,0.0,17.056991063316012,Merredin,"Wheatbelt, Western Australia"
2003-04-30,0.0,17.056991063316012,Merredin,"Wheatbelt, Western Australia"
2003-05-01,2.952515112127833,19.328332418164223,Merredin,"Wheatbelt, Western Australia"
2003-05-02,0.0,19.328332418164223,Merredin,"Wheatbelt, Western Australia"
2003-05-03,0.0,19.328332418164223,Merredin,"Wheatbelt, Western Australia"
2003-05-04,0.0,19.328332418164223,Merredin,"Wheatbelt, Western Australia"
2003-05-05,0.0,19.328332418164223,Merredin,"Wheatbelt, Western Australia"
2003-05-06,3.787671986015364,19.328332418164223,Merredin,"Wheatbelt, Western Australia"
2003-05-07,0.0,19.328332418164223,Merredin,"Wheatbelt, Western Australia"
2003-05-08,0.0,19.328332418164223,Merredin,"Wheatbelt, Western Australia"
2003-05-09,1.0590607835324528,19.328332418164223,Merredin,"Wheatbelt, Western Australia"
2003-05-10,0.0,19.328332418164223,Merredin,"Wheatbelt, Western Australia"
2003-05-11,1.6801208755558537,19.328332418164223,Merredin,"Wheatbelt, Western Australia"
2003-05-12,0.0,19.328332418164223,Merredin,"Wheatbelt, Western Australia"
2003-05-13,0.0,19.328332418164223,Merredin,"Wheatbelt, Western Australia"
2003-05-14,0.0,19.328332418164223,Merredin,"Wheatbelt, Western Australia"
2003-05-15,0.0,19.328332418164223,Merredin,"Wheatbelt, Western Australia"
2003-05-16,0.0,19.328332418164223,Merredin,"Wheatbelt, Western Australia"
2003-05-17,0.0,19.328332418164223,Merredin,"Wheatbelt, Western Australia"
2003-05-18,0.0,19.328332418164223,Merredin,"Wheatbelt, Western Australia"
2003-05-19,0.0,19.328332418164223,Merredin,"Wheatbelt, Western Australia"
2003-05-20,0.0,19.328332418164223,Merredin,"Wheatbelt, Western Australia"
2003-05-21,0.0,19.328332418164223,Merredin,"Wheatbelt, Western Australia"
2003-05-22,0.0,19.328332418164223,Merredin,"Wheatbelt, Western Australia"
2003-05-23,0.0,19.328332418164223,Merredin,"Wheatbelt, Western Australia"
2003-05-24,0.0,19.328332418164223,Merredin,"Wheatbelt, Western Australia"
2003-05-25,0.0,19.328332418164223,Merredin,"Wheatbelt, Western Australia"
2003-05-26,2.89419275957262,19.328332418164223,Merredin,"Wheatbelt, Western Australia"
2003-05-27,0.0,19.328332418164223,Merredin,"Wheatbelt, Western Australia"
2003-05-28,1.997534292960396,19.328332418164223,Merredin,"Wheatbelt, Western Australia"
2003-05-29,0.0,19.328332418164223,Merredin,"Wheatbelt, Western Australia"
2003-05-30,0.0,19.328332418164223,Merredin,"Wheatbelt, Western Australia"
2003-05-31,4.957236608399706,19.328332418164223,Merredin,"Wheatbelt, Western Australia"
2003-06-01,0.0,10.635132196179322,Merredin,"Wheatbelt, Western Australia"
2003-06-02,0.0,10.635132196179322,Merredin,"Wheatbelt, Western Australia"
2003-06-03,0.0,10.635132196179322,Merredin,"Wheatbelt, Western Australia"
2003-06-04,0.0,10.635132196179322,Merredin,"Wheatbelt, Western Australia"
2003-06-05,0.0,10.635132196179322,Merredin,"Wheatbelt, Western Australia"
2003-06-06,4.612665255800043,10.635132196179322,Merredin,"Wheatbelt, Western Australia"
2003-06-07,0.0,10.635132196179322,Merredin,"Wheatbelt, Western Australia"
2003-06-08,0.0,10.635132196179322,Merredin,"Wheatbelt, Western Australia"
2003-06-09,2.092813135188453,10.635132196179322,Merredin,"Wheatbelt, Western Australia"
2003-06-10,0.0,10.635132196179322,Merredin,"Wheatbelt, Western Australia"
2003-06-11,0.0,10.635132196179322,Merredin,"Wheatbelt, Western Australia"
2003-06-12,0.0,10.635132196179322,Merredin,"Wheatbelt, Western Australia"
2003-06-13,0.0,10.635132196179322,Merredin,"Wheatbelt, Western Australia"
2003-06-14,0.0,10.635132196179322,Merredin,"Wheatbelt, Western Australia"
2003-06-15,0.0,10.635132196179322,Merredin,"Wheatbelt, Western Australia"
2003-06-16,0.0,10.635132196179322,Merredin,"Wheatbelt, Western Australia"
2003-06-17,0.7911394447727698,10.635132196179322,Merredin,"Wheatbelt, Western Australia"
2003-06-18,0.0,10.635132196179322,Merredin,"Wheatbelt, Western Australia"
2003-06-19,0.0,10.635132196179322,Merredin,"Wheatbelt, Western Australia"
2003-06-20,0.0,10.635132196179322,Merredin,"Wheatbelt, Western Australia"
2003-06-21,0.0,10.635132196179322,Merredin,"Wheatbelt, Western Australia"
2003-06-22,3.138514360418056,10.635132196179322,Merredin,"Wheatbelt, Western Australia"
2003-06-23,0.0,10.635132196179322,Merredin,"Wheatbelt, Western Australia"
2003-06-24,0.0,10.635132196179322,Merredin,"Wheatbelt, Western Australia"
2003-06-25,0.0,10.635132196179322,Merredin,"Wheatbelt, Western Australia"
2003-06-26,0.0,10.635132196179322,Merredin,"Wheatbelt, Western Australia"
2003-06-27,0.0,10.635132196179322,Merredin,"Wheatbelt, Western Australia"
2003-06-28,0.0,10.635132196179322,Merredin,"Wheatbelt, Western Australia"
2003-06-29,0.0,10.635132196179322,Merredin,"Wheatbelt, Western Australia"
2003-06-30,0.0,10.635132196179322,Merredin,"Wheatbelt, Western Australia"
2003-07-01,3.134402917459959,34.23010220577862,Merredin,"Wheatbelt, Western Australia"
2003-07-02,2.2121763835568693,34.23010220577862,Merredin,"Wheatbelt, Western Australia"
2003-07-03,0.0,34.23010220577862,Merredin,"Wheatbelt, Western Australia"
2003-07-04,0.0,34.23010220577862,Merredin,"Wheatbelt, Western Australia"
2003-07-05,0.0,34.23010220577862,Merredin,"Wheatbelt, Western Australia"
2003-07-06,2.804183140035523,34.23010220577862,Merredin,"Wheatbelt, Western Australia"
2003-07-07,1.5072331139116366,34.23010220577862,Merredin,"Wheatbelt, Western Australia"
2003-07-08,0.0,34.23010220577862,Merredin,"Wheatbelt, Western Australia"
2003-07-09,0.0,34.23010220577862,Merredin,"Wheatbelt, Western Australia"
2003-07-10,0.0,34.23010220577862,Merredin,"Wheatbelt, Western Australia"
2003-07-11,0.6220380384081622,34.23010220577862,Merredin,"Wheatbelt, Western Australia"
2003-07-12,0.0,34.23010220577862,Merredin,"Wheatbelt, Western Australia"
2003-07-13,4.279007378699127,34.23010220577862,Merredin,"Wheatbelt, Western Australia"
2003-07-14,6.944712615037392,34.23010220577862,Merredin,"Wheatbelt, Western Australia"
2003-07-15,0.0,34.23010220577862,Merredin,"Wheatbelt, Western Australia"
2003-07-16,0.0,34.23010220577862,Merredin,"Wheatbelt, Western Australia"
2003-07-17,8.658523903186016,34.23010220577862,Merredin,"Wheatbelt, Western Australia"
2003-07-18,0.0,34.23010220577862,Merredin,"Wheatbelt, Western Australia"
2003-07-19,0.0,34.23010220577862,Merredin,"Wheatbelt, Western Australia"
2003-07-20,0.0,34.23010220577862,Merredin,"Wheatbelt, Western Australia"
2003-07-21,0.0,34.23010220577862,Merredin,"Wheatbelt, Western Australia"
2003-07-22,0.0,34.23010220577862,Merredin,"Wheatbelt, Western Australia"
2003-07-23,0.0,34.23010220577862,Merredin,"Wheatbelt, Western Australia"
2003-07-24,0.0,34.23010220577862,Merredin,"Wheatbelt, Western Australia"
2003-07-25,0.0,34.23010220577862,Merredin,"Wheatbelt, Western Australia"
2003-07-26,4.067824715483933,34.23010220577862,Merredin,"Wheatbelt, Western Australia"
2003-07-27,0.0,34.23010220577862,Merredin,"Wheatbelt, Western Australia"
2003-07-28,0.0,34.23010220577862,Merredin,"Wheatbelt, Western Australia"
2003-07-29,0.0,34.23010220577862,Merredin,"Wheatbelt, Western Australia"
2003-07-30,0.0,34.23010220577862,Merredin,"Wheatbelt, Western Australia"
2003-07-31,0.0,34.23010220577862,Merredin,"Wheatbelt, Western Australia"
2003-08-01,0.0,10.945323022974184,Merredin,"Wheatbelt, Western Australia"
2003-08-02,0.0,10.945323022974184,Merredin,"Wheatbelt, Western Australia"
2003-08-03,0.0,10.945323022974184,Merredin,"Wheatbelt, Western Australia"
2003-08-04,0.0,10.945323022974184,Merredin,"Wheatbelt, Western Australia"
2003-08-05,3.9389719946957245,10.945323022974184,Merredin,"Wheatbelt, Western Australia"
2003-08-06,0.0,10.945323022974184,Merredin,"Wheatbelt, Western Australia"
2003-08-07,0.0,10.945323022974184,Merredin,"Wheatbelt, Western Australia"
2003-08-08,0.0,10.945323022974184,Merredin,"Wheatbelt, Western Australia"
2003-08-09,0.0,10.945323022974184,Merredin,"Wheatbelt, Western Australia"
2003-08-10,0.0,10.945323022974184,Merredin,"Wheatbelt, Western Australia"
2003-08-11,0.0,10.945323022974184,Merredin,"Wheatbelt, Western Australia"
2003-08-12,0.0,10.945323022974184,Merredin,"Wheatbelt, Western Australia"
2003-08-13,0.0,10.945323022974184,Merredin,"Wheatbelt, Western Australia"
2003-08-14,0.0,10.945323022974184,Merredin,"Wheatbelt, Western Australia"
2003-08-15,0.0,10.945323022974184,Merredin,"Wheatbelt, Western Australia"
2003-08-16,0.0,10.945323022974184,Merredin,"Wheatbelt, Western Australia"
2003-08-17,0.0,10.945323022974184,Merredin,"Wheatbelt, Western Australia"
2003-08-18,0.0,10.945323022974184,Merredin,"Wheatbelt, Western Australia"
2003-08-19,0.0,10.945323022974184,Merredin,"Wheatbelt, Western Australia"
2003-08-20,5.558039649248144,10.945323022974184,Merredin,"Wheatbelt, Western Australia"
2003-08-21,1.4483113790303164,10.945323022974184,Merredin,"Wheatbelt, Western Australia"
2003-08-22,0.0,10.945323022974184,Merredin,"Wheatbelt, Western Australia"
2003-08-23,0.0,10.945323022974184,Merredin,"Wheatbelt, Western Australia"
2003-08-24,0.0,10.945323022974184,Merredin,"Wheatbelt, Western Australia"
2003-08-25,0.0,10.945323022974184,Merredin,"Wheatbelt, Western Australia"
2003-08-26,0.0,10.945323022974184,Merredin,"Wheatbelt, Western Australia"
2003-08-27,0.0,10.945323022974184,Merredin,"Wheatbelt, Western Australia"
2003-08-28,0.0,10.945323022974184,Merredin,"Wheatbelt, Western Australia"
2003-08-29,0.0,10.945323022974184,Merredin,"Wheatbelt, Western Australia"
2003-08-30,0.0,10.945323022974184,Merredin,"Wheatbelt, Western Australia"
2003-08-31,0.0,10.945323022974184,Merredin,"Wheatbelt, Western Australia"
2003-09-01,0.0,27.12397949350649,Merredin,"Wheatbelt, Western Australia"
2003-09-02,0.0,27.12397949350649,Merredin,"Wheatbelt, Western Australia"
2003-09-03,3.412731050220019,27.12397949350649,Merredin,"Wheatbelt, Western Australia"
2003-09-04,0.0,27.12397949350649,Merredin,"Wheatbelt, Western Australia"
2003-09-05,5.550821916506154,27.12397949350649,Merredin,"Wheatbelt, Western Australia"
2003-09-06,0.0,27.12397949350649,Merredin,"Wheatbelt, Western Australia"
2003-09-07,5.326098485320704,27.12397949350649,Merredin,"Wheatbelt, Western Australia"
2003-09-08,0.0,27.12397949350649,Merredin,"Wheatbelt, Western Australia"
2003-09-09,0.0,27.12397949350649,Merredin,"Wheatbelt, Western Australia"
2003-09-10,0.0,27.12397949350649,Merredin,"Wheatbelt, Western Australia"
2003-09-11,0.0,27.12397949350649,Merredin,"Wheatbelt, Western Australia"
2003-09-12,0.0,27.12397949350649,Merredin,"Wheatbelt, Western Australia"
2003-09-13,0.0,27.12397949350649,Merredin,"Wheatbelt, Western Australia"
2003-09-14,0.0,27.12397949350649,Merredin,"Wheatbelt, Western Australia"
2003-09-15,0.0,27.12397949350649,Merredin,"Wheatbelt, Western Australia"
2003-09-16,4.74976618637112,27.12397949350649,Merredin,"Wheatbelt, Western Australia"
2003-09-17,0.615190767807211,27.12397949350649,Merredin,"Wheatbelt, Western Australia"
2003-09-18,0.0,27.12397949350649,Merredin,"Wheatbelt, Western Australia"
2003-09-19,4.75701363683044,27.12397949350649,Merredin,"Wheatbelt, Western Australia"
2003-09-20,0.0,27.12397949350649,Merredin,"Wheatbelt, Western Australia"
2003-09-21,0.0,27.12397949350649,Merredin,"Wheatbelt, Western Australia"
2003-09-22,0.0,27.12397949350649,Merredin,"Wheatbelt, Western Australia"
2003-09-23,0.0,27.12397949350649,Merredin,"Wheatbelt, Western Australia"
2003-09-24,0.0,27.12397949350649,Merredin,"Wheatbelt, Western Australia"
2003-09-25,2.192689902578576,27.12397949350649,Merredin,"Wheatbelt, Western Australia"
2003-09-26,0.0,27.12397949350649,Merredin,"Wheatbelt, Western Australia"
2003-09-27,0.0,27.12397949350649,Merredin,"Wheatbelt, Western Australia"
2003-09-28,0.5196675478722679,27.12397949350649,Merredin,"Wheatbelt, Western Australia"
2003-09-29,0.0,27.12397949350649,Merredin,"Wheatbelt, Western Australia"
2003-09-30,0.0,27.12397949350649,Merredin,"Wheatbelt, Western Australia"
2003-10-01,0.0,4.0018981409276115,Merredin,"Wheatbelt, Western Australia"
2003-10-02,0.0,4.0018981409276115,Merredin,"Wheatbelt, Western Australia"
2003-10-03,0.0,4.0018981409276115,Merredin,"Wheatbelt, Western Australia"
2003-10-04,0.0,4.0018981409276115,Merredin,"Wheatbelt, Western Australia"
2003-10-05,0.0,4.0018981409276115,Merredin,"Wheatbelt, Western Australia"
2003-10-06,0.0,4.0018981409276115,Merredin,"Wheatbelt, Western Australia"
2003-10-07,0.0,4.0018981409276115,Merredin,"Wheatbelt, Western Australia"
2003-10-08,0.0,4.0018981409276115,Merredin,"Wheatbelt, Western Australia"
2003-10-09,0.0,4.0018981409276115,Merredin,"Wheatbelt, Western Australia"
2003-10-10,0.0,4.0018981409276115,Merredin,"Wheatbelt, Western Australia"
2003-10-11,0.0,4.0018981409276115,Merredin,"Wheatbelt, Western Australia"
2003-10-12,0.0,4.0018981409276115,Merredin,"Wheatbelt, Western Australia"
2003-10-13,0.0,4.0018981409276115,Merredin,"Wheatbelt, Western Australia"
2003-10-14,0.0,4.0018981409276115,Merredin,"Wheatbelt, Western Australia"
2003-10-15,0.0,4.0018981409276115,Merredin,"Wheatbelt, Western Australia"
2003-10-16,0.0,4.0018981409276115,Merredin,"Wheatbelt, Western Australia"
2003-10-17,0.0,4.0018981409276115,Merredin,"Wheatbelt, Western Australia"
2003-10-18,0.0,4.0018981409276115,Merredin,"Wheatbelt, Western Australia"
2003-10-19,0.0,4.0018981409276115,Merredin,"Wheatbelt, Western Australia"
2003-10-20,0.0,4.0018981409276115,Merredin,"Wheatbelt, Western Australia"
2003-10-21,2.005482700143458,4.0018981409276115,Merredin,"Wheatbelt, Western Australia"
2003-10-22,1.996415440784154,4.0018981409276115,Merredin,"Wheatbelt, Western Australia"
2003-10-23,0.0,4.0018981409276115,Merredin,"Wheatbelt, Western Australia"
2003-10-24,0.0,4.0018981409276115,Merredin,"Wheatbelt, Western Australia"
2003-10-25,0.0,4.0018981409276115,Merredin,"Wheatbelt, Western Australia"
2003-10-26,0.0,4.0018981409276115,Merredin,"Wheatbelt, Western Australia"
2003-10-27,0.0,4.0018981409276115,Merredin,"Wheatbelt, Western Australia"
2003-10-28,0.0,4.0018981409276115,Merredin,"Wheatbelt, Western Australia"
2003-10-29,0.0,4.0018981409276115,Merredin,"Wheatbelt, Western Australia"
2003-10-30,0.0,4.0018981409276115,Merredin,"Wheatbelt, Western Australia"
2003-10-31,0.0,4.0018981409276115,Merredin,"Wheatbelt, Western Australia"
2003-11-01,0.6383916317624526,22.918894301901403,Merredin,"Wheatbelt, Western Australia"
2003-11-02,0.0,22.918894301901403,Merredin,"Wheatbelt, Western Australia"
2003-11-03,0.0,22.918894301901403,Merredin,"Wheatbelt, Western Australia"
2003-11-04,0.0,22.918894301901403,Merredin,"Wheatbelt, Western Australia"
2003-11-05,0.0,22.918894301901403,Merredin,"Wheatbelt, Western Australia"
2003-11-06,6.658102941636113,22.918894301901403,Merredin,"Wheatbelt, Western Australia"
2003-11-07,6.140085980344253,22.918894301901403,Merredin,"Wheatbelt, Western Australia"
2003-11-08,0.0,22.918894301901403,Merredin,"Wheatbelt, Western Australia"
2003-11-09,0.0,22.918894301901403,Merredin,"Wheatbelt, Western Australia"
2003-11-10,1.7998720806200885,22.918894301901403,Merredin,"Wheatbelt, Western Australia"
2003-11-11,0.0,22.918894301901403,Merredin,"Wheatbelt, Western Australia"
2003-11-12,0.0,22.918894301901403,Merredin,"Wheatbelt, Western Australia"
2003-11-13,0.0,22.918894301901403,Merredin,"Wheatbelt, Western Australia"
2003-11-14,0.0,22.918894301901403,Merredin,"Wheatbelt, Western Australia"
2003-11-15,0.0,22.918894301901403,Merredin,"Wheatbelt, Western Australia"
2003-11-16,0.0,22.918894301901403,Merredin,"Wheatbelt, Western Australia"
2003-11-17,0.0,22.918894301901403,Merredin,"Wheatbelt, Western Australia"
2003-11-18,0.0,22.918894301901403,Merredin,"Wheatbelt, Western Australia"
2003-11-19,0.0,22.918894301901403,Merredin,"Wheatbelt, Western Australia"
2003-11-20,0.0,22.918894301901403,Merredin,"Wheatbelt, Western Australia"
2003-11-21,0.0,22.918894301901403,Merredin,"Wheatbelt, Western Australia"
2003-11-22,0.0,22.918894301901403,Merredin,"Wheatbelt, Western Australia"
2003-11-23,0.0,22.918894301901403,Merredin,"Wheatbelt, Western Australia"
2003-11-24,0.0,22.918894301901403,Merredin,"Wheatbelt, Western Australia"
2003-11-25,0.0,22.918894301901403,Merredin,"Wheatbelt, Western Australia"
2003-11-26,1.757844205729333,22.918894301901403,Merredin,"Wheatbelt, Western Australia"
2003-11-27,4.522974168476896,22.918894301901403,Merredin,"Wheatbelt, Western Australia"
2003-11-28,0.0,22.918894301901403,Merredin,"Wheatbelt, Western Australia"
2003-11-29,0.0,22.918894301901403,Merredin,"Wheatbelt, Western Australia"
2003-11-30,1.4016232933322659,22.918894301901403,Merredin,"Wheatbelt, Western Australia"
2003-12-01,9.074952332953872,35.93204159957843,Merredin,"Wheatbelt, Western Australia"
2003-12-02,0.0,35.93204159957843,Merredin,"Wheatbelt, Western Australia"
2003-12-03,0.0,35.93204159957843,Merredin,"Wheatbelt, Western Australia"
2003-12-04,4.5946273659443,35.93204159957843,Merredin,"Wheatbelt, Western Australia"
2003-12-05,0.0,35.93204159957843,Merredin,"Wheatbelt, Western Australia"
2003-12-06,0.0,35.93204159957843,Merredin,"Wheatbelt, Western Australia"
2003-12-07,5.778090225860598,35.93204159957843,Merredin,"Wheatbelt, Western Australia"
2003-12-08,1.5713913160731006,35.93204159957843,Merredin,"Wheatbelt, Western Australia"
2003-12-09,0.0,35.93204159957843,Merredin,"Wheatbelt, Western Australia"
2003-12-10,0.0,35.93204159957843,Merredin,"Wheatbelt, Western Australia"
2003-12-11,0.11886512653045209,35.93204159957843,Merredin,"Wheatbelt, Western Australia"
2003-12-12,0.0,35.93204159957843,Merredin,"Wheatbelt, Western Australia"
2003-12-13,1.7730399963928833,35.93204159957843,Merredin,"Wheatbelt, Western Australia"
2003-12-14,0.0,35.93204159957843,Merredin,"Wheatbelt, Western Australia"
2003-12-15,0.0,35.93204159957843,Merredin,"Wheatbelt, Western Australia"
2003-12-16,0.0,35.93204159957843,Merredin,"Wheatbelt, Western Australia"
2003-12-17,0.0,35.93204159957843,Merredin,"Wheatbelt, Western Australia"
2003-12-18,0.0,35.93204159957843,Merredin,"Wheatbelt, Western Australia"
2003-12-19,0.0,35.93204159957843,Merredin,"Wheatbelt, Western Australia"
2003-12-20,4.559847701436027,35.93204159957843,Merredin,"Wheatbelt, Western Australia"
2003-12-21,0.0,35.93204159957843,Merredin,"Wheatbelt, Western Australia"
2003-12-22,0.0,35.93204159957843,Merredin,"Wheatbelt, Western Australia"
2003-12-23,0.0,35.93204159957843,Merredin,"Wheatbelt, Western Australia"
2003-12-24,0.0,35.93204159957843,Merredin,"Wheatbelt, Western Australia"
2003-12-25,0.0,35.93204159957843,Merredin,"Wheatbelt, Western Australia"
2003-12-26,0.0,35.93204159957843,Merredin,"Wheatbelt, Western Australia"
2003-12-27,1.836019183096092,35.93204159957843,Merredin,"Wheatbelt, Western Australia"
2003-12-28,0.0,35.93204159957843,Merredin,"Wheatbelt, Western Australia"
2003-12-29,6.625208351291109,35.93204159957843,Merredin,"Wheatbelt, Western Australia"
2003-12-30,0.0,35.93204159957843,Merredin,"Wheatbelt, Western Australia"
2003-12-31,0.0,35.93204159957843,Merredin,"Wheatbelt, Western Australia"
2004-01-01,0.0,18.39486478820826,Merredin,"Wheatbelt, Western Australia"
2004-01-02,0.0,18.39486478820826,Merredin,"Wheatbelt, Western Australia"
2004-01-03,2.9683010115005786,18.39486478820826,Merredin,"Wheatbelt, Western Australia"
2004-01-04,6.288121202098308,18.39486478820826,Merredin,"Wheatbelt, Western Australia"
2004-01-05,0.0,18.39486478820826,Merredin,"Wheatbelt, Western Australia"
2004-01-06,0.0,18.39486478820826,Merredin,"Wheatbelt, Western Australia"
2004-01-07,0.0,18.39486478820826,Merredin,"Wheatbelt, Western Australia"
2004-01-08,0.0,18.39486478820826,Merredin,"Wheatbelt, Western Australia"
2004-01-09,0.0,18.39486478820826,Merredin,"Wheatbelt, Western Australia"
2004-01-10,0.0,18.39486478820826,Merredin,"Wheatbelt, Western Australia"
2004-01-11,0.0,18.39486478820826,Merredin,"Wheatbelt, Western Australia"
2004-01-12,0.0,18.39486478820826,Merredin,"Wheatbelt, Western Australia"
2004-01-13,0.0,18.39486478820826,Merredin,"Wheatbelt, Western Australia"
2004-01-14,0.0,18.39486478820826,Merredin,"Wheatbelt, Western Australia"
2004-01-15,5.233499484853925,18.39486478820826,Merredin,"Wheatbelt, Western Australia"
2004-01-16,0.0,18.39486478820826,Merredin,"Wheatbelt, Western Australia"
2004-01-17,0.0,18.39486478820826,Merredin,"Wheatbelt, Western Australia"
2004-01-18,0.0,18.39486478820826,Merredin,"Wheatbelt, Western Australia"
2004-01-19,3.1745290970493234,18.39486478820826,Merredin,"Wheatbelt, Western Australia"
2004-01-20,0.0,18.39486478820826,Merredin,"Wheatbelt, Western Australia"
2004-01-21,0.0,18.39486478820826,Merredin,"Wheatbelt, Western Australia"
2004-01-22,0.0,18.39486478820826,Merredin,"Wheatbelt, Western Australia"
2004-01-23,0.0,18.39486478820826,Merredin,"Wheatbelt, Western Australia"
2004-01-24,0.7304139927061254,18.39486478820826,Merredin,"Wheatbelt, Western Australia"
2004-01-25,0.0,18.39486478820826,Merredin,"Wheatbelt, Western Australia"
2004-01-26,0.0,18.39486478820826,Merredin,"Wheatbelt, Western Australia"
2004-01-27,0.0,18.39486478820826,Merredin,"Wheatbelt, Western Australia"
2004-01-28,0.0,18.39486478820826,Merredin,"Wheatbelt, Western Australia"
2004-01-29,0.0,18.39486478820826,Merredin,"Wheatbelt, Western Australia"
2004-01-30,0.0,18.39486478820826,Merredin,"Wheatbelt, Western Australia"
2004-01-31,0.0,18.39486478820826,Merredin,"Wheatbelt, Western Australia"
2004-02-01,0.0,13.475606274890723,Merredin,"Wheatbelt, Western Australia"
2004-02-02,0.0,13.475606274890723,Merredin,"Wheatbelt, Western Australia"
2004-02-03,0.0,13.475606274890723,Merredin,"Wheatbelt, Western Australia"
2004-02-04,4.381428280882908,13.475606274890723,Merredin,"Wheatbelt, Western Australia"
2004-02-05,0.0,13.475606274890723,Merredin,"Wheatbelt, Western Australia"
2004-02-06,0.0,13.475606274890723,Merredin,"Wheatbelt, Western Australia"
2004-02-07,0.0,13.475606274890723,Merredin,"Wheatbelt, Western Australia"
2004-02-08,0.0,13.475606274890723,Merredin,"Wheatbelt, Western Australia"
2004-02-09,0.0,13.475606274890723,Merredin,"Wheatbelt, Western Australia"
2004-02-10,0.0,13.475606274890723,Merredin,"Wheatbelt, Western Australia"
2004-02-11,3.361912910423101,13.475606274890723,Merredin,"Wheatbelt, Western Australia"
2004-02-12,0.0,13.475606274890723,Merredin,"Wheatbelt, Western Australia"
2004-02-13,5.252550912231667,13.475606274890723,Merredin,"Wheatbelt, Western Australia"
2004-02-14,0.0,13.475606274890723,Merredin,"Wheatbelt, Western Australia"
2004-02-15,0.0,13.475606274890723,Merredin,"Wheatbelt, Western Australia"
2004-02-16,0.0,13.475606274890723,Merredin,"Wheatbelt, Western Australia"
2004-02-17,0.0,13.475606274890723,Merredin,"Wheatbelt, Western Australia"
2004-02-18,0.0,13.475606274890723,Merredin,"Wheatbelt, Western Australia"
2004-02-19,0.0,13.475606274890723,Merredin,"Wheatbelt, Western Australia"
2004-02-20,0.0,13.475606274890723,Merredin,"Wheatbelt, Western Australia"
2004-02-21,0.0,13.475606274890723,Merredin,"Wheatbelt, Western Australia"
2004-02-22,0.0,13.475606274890723,Merredin,"Wheatbelt, Western Australia"
2004-02-23,0.0,13.475606274890723,Merredin,"Wheatbelt, Western Australia"
2004-02-24,0.0,13.475606274890723,Merredin,"Wheatbelt, Western Australia"
2004-02-25,0.0,13.475606274890723,Merredin,"Wheatbelt, Western Australia"
2004-02-26,0.47971417135304695,13.475606274890723,Merredin,"Wheatbelt, Western Australia"
2004-02-27,0.0,13.475606274890723,Merredin,"Wheatbelt, Western Australia"
2004-02-28,0.0,13.475606274890723,Merredin,"Wheatbelt, Western Australia"
2004-02-29,0.0,13.475606274890723,Merredin,"Wheatbelt, Western Australia"
2004-03-01,0.0,33.1194866012164,Merredin,"Wheatbelt, Western Australia"
2004-03-02,0.0,33.1194866012164,Merredin,"Wheatbelt, Western Australia"
2004-03-03,0.0,33.1194866012164,Merredin,"Wheatbelt, Western Australia"
2004-03-04,5.774860173475855,33.1194866012164,Merredin,"Wheatbelt, Western Australia"
2004-03-05,0.0,33.1194866012164,Merredin,"Wheatbelt, Western Australia"
2004-03-06,0.0,33.1194866012164,Merredin,"Wheatbelt, Western Australia"
2004-03-07,8.906426402135379,33.1194866012164,Merredin,"Wheatbelt, Western Australia"
2004-03-08,0.0,33.1194866012164,Merredin,"Wheatbelt, Western Australia"
2004-03-09,0.0,33.1194866012164,Merredin,"Wheatbelt, Western Australia"
2004-03-10,0.0,33.1194866012164,Merredin,"Wheatbelt, Western Australia"
2004-03-11,0.0,33.1194866012164,Merredin,"Wheatbelt, Western Australia"
2004-03-12,0.0,33.1194866012164,Merredin,"Wheatbelt, Western Australia"
2004-03-13,0.0,33.1194866012164,Merredin,"Wheatbelt, Western Australia"
2004-03-14,5.434818133991556,33.1194866012164,Merredin,"Wheatbelt, Western Australia"
2004-03-15,0.0,33.1194866012164,Merredin,"Wheatbelt, Western Australia"
2004-03-16,0.0,33.1194866012164,Merredin,"Wheatbelt, Western Australia"
2004-03-17,1.4590115164031223,33.1194866012164,Merredin,"Wheatbelt, Western Australia"
2004-03-18,0.0,33.1194866012164,Merredin,"Wheatbelt, Western Australia"
2004-03-19,0.0,33.1194866012164,Merredin,"Wheatbelt, Western Australia"
2004-03-20,0.0,33.1194866012164,Merredin,"Wheatbelt, Western Australia"
2004-03-21,0.0,33.1194866012164,Merredin,"Wheatbelt, Western Australia"
2004-03-22,0.0,33.1194866012164,Merredin,"Wheatbelt, Western Australia"
2004-03-23,0.9855824889452457,33.1194866012164,Merredin,"Wheatbelt, Western Australia"
2004-03-24,4.326858267236724,33.1194866012164,Merredin,"Wheatbelt, Western Australia"
2004-03-25,2.668402137042865,33.1194866012164,Merredin,"Wheatbelt, Western Australia"
2004-03-26,0.0,33.1194866012164,Merredin,"Wheatbelt, Western Australia"
2004-03-27,0.0,33.1194866012164,Merredin,"Wheatbelt, Western Australia"
2004-03-28,0.0,33.1194866012164,Merredin,"Wheatbelt, Western Australia"
2004-03-29,2.0095342724734584,33.1194866012164,Merredin,"Wheatbelt, Western Australia"
2004-03-30,0.0,33.1194866012164,Merredin,"Wheatbelt, Western Australia"
2004-03-31,1.5539932095121973,33.1194866012164,Merredin,"Wheatbelt, Western Australia"
2004-04-01,0.0,14.919718943140767,Merredin,"Wheatbelt, Western Australia"
2004-04-02,0.0,14.919718943140767,Merredin,"Wheatbelt, Western Australia"
2004-04-03,0.0,14.919718943140767,Merredin,"Wheatbelt, Western Australia"
2004-04-04,1.0936803072491694,14.919718943140767,Merredin,"Wheatbelt, Western Australia"
2004-04-05,0.0,14.919718943140767,Merredin,"Wheatbelt, Western Australia"
2004-04-06,0.0,14.919718943140767,Merredin,"Wheatbelt, Western Australia"
2004-04-07,0.0,14.919718943140767,Merredin,"Wheatbelt, Western Australia"
2004-04-08,10.488402529880371,14.919718943140767,Merredin,"Wheatbelt, Western Australia"
2004-04-09,0.0,14.919718943140767,Merredin,"Wheatbelt, Western Australia"
2004-04-10,0.0,14.919718943140767,Merredin,"Wheatbelt, Western Australia"
2004-04-11,0.0,14.919718943140767,Merredin,"Wheatbelt, Western Australia"
2004-04-12,0.0,14.919718943140767,Merredin,"Wheatbelt, Western Australia"
2004-04-13,0.0,14.919718943140767,Merredin,"Wheatbelt, Western Australia"
2004-04-14,0.0,14.919718943140767,Merredin,"Wheatbelt, Western Australia"
2004-04-15,0.9373919671600877,14.919718943140767,Merredin,"Wheatbelt, Western Australia"
2004-04-16,0.0,14.919718943140767,Merredin,"Wheatbelt, Western Australia"
2004-04-17,0.0,14.919718943140767,Merredin,"Wheatbelt, Western Australia"
2004-04-18,0.7537549906925555,14.919718943140767,Merredin,"Wheatbelt, Western Australia"
2004-04-19,0.0,14.919718943140767,Merredin,"Wheatbelt, Western Australia"
2004-04-20,0.0,14.919718943140767,Merredin,"Wheatbelt, Western Australia"
2004-04-21,0.0,14.919718943140767,Merredin,"Wheatbelt, Western Australia"
2004-04-22,0.0,14.919718943140767,Merredin,"Wheatbelt, Western Australia"
2004-04-23,0.0,14.919718943140767,Merredin,"Wheatbelt, Western Australia"
2004-04-24,0.0,14.919718943140767,Merredin,"Wheatbelt, Western Australia"
2004-04-25,0.0,14.919718943140767,Merredin,"Wheatbelt, Western Australia"
2004-04-26,0.0,14.919718943140767,Merredin,"Wheatbelt, Western Australia"
2004-04-27,0.0,14.919718943140767,Merredin,"Wheatbelt, Western Australia"
2004-04-28,0.0,14.919718943140767,Merredin,"Wheatbelt, Western Australia"
2004-04-29,1.6464891481585835,14.919718943140767,Merredin,"Wheatbelt, Western Australia"
2004-04-30,0.0,14.919718943140767,Merredin,"Wheatbelt, Western Australia"
2004-05-01,0.0,37.49742938562005,Merredin,"Wheatbelt, Western Australia"
2004-05-02,0.0,37.49742938562005,Merredin,"Wheatbelt, Western Australia"
2004-05-03,0.0,37.49742938562005,Merredin,"Wheatbelt, Western Australia"
2004-05-04,4.582449597656651,37.49742938562005,Merredin,"Wheatbelt, Western Australia"
2004-05-05,0.0,37.49742938562005,Merredin,"Wheatbelt, Western Australia"
2004-05-06,1.345824237470769,37.49742938562005,Merredin,"Wheatbelt, Western Australia"
2004-05-07,0.0,37.49742938562005,Merredin,"Wheatbelt, Western Australia"
2004-05-08,0.0,37.49742938562005,Merredin,"Wheatbelt, Western Australia"
2004-05-09,0.0,37.49742938562005,Merredin,"Wheatbelt, Western Australia"
2004-05-10,0.0,37.49742938562005,Merredin,"Wheatbelt, Western Australia"
2004-05-11,0.0,37.49742938562005,Merredin,"Wheatbelt, Western Australia"
2004-05-12,0.0,37.49742938562005,Merredin,"Wheatbelt, Western Australia"
2004-05-13,6.711489591369392,37.49742938562005,Merredin,"Wheatbelt, Western Australia"
2004-05-14,0.0,37.49742938562005,Merredin,"Wheatbelt, Western Australia"
2004-05-15,0.0,37.49742938562005,Merredin,"Wheatbelt, Western Australia"
2004-05-16,0.0,37.49742938562005,Merredin,"Wheatbelt, Western Australia"
2004-05-17,0.5605198334679211,37.49742938562005,Merredin,"Wheatbelt, Western Australia"
2004-05-18,0.0,37.49742938562005,Merredin,"Wheatbelt, Western Australia"
2004-05-19,5.766454650234264,37.49742938562005,Merredin,"Wheatbelt, Western Australia"
2004-05-20,2.9541788216223117,37.49742938562005,Merredin,"Wheatbelt, Western Australia"
2004-05-21,0.0,37.49742938562005,Merredin,"Wheatbelt, Western Australia"
2004-05-22,0.0,37.49742938562005,Merredin,"Wheatbelt, Western Australia"
2004-05-23,0.0,37.49742938562005,Merredin,"Wheatbelt, Western Australia"
2004-05-24,0.0,37.49742938562005,Merredin,"Wheatbelt, Western Australia"
2004-05-25,0.0,37.49742938562005,Merredin,"Wheatbelt, Western Australia"
2004-05-26,2.5609761224971828,37.49742938562005,Merredin,"Wheatbelt, Western Australia"
2004-05-27,0.0,37.49742938562005,Merredin,"Wheatbelt, Western Australia"
2004-05-28,0.0,37.49742938562005,Merredin,"Wheatbelt, Western Australia"
2004-05-29,7.065006210845226,37.49742938562005,Merredin,"Wheatbelt, Western Australia"
2004-05-30,5.950530320456337,37.49742938562005,Merredin,"Wheatbelt, Western Australia"
2004-05-31,0.0,37.49742938562005,Merredin,"Wheatbelt, Western Australia"
2004-06-01,0.0,10.49863246163612,Merredin,"Wheatbelt, Western Australia"
2004-06-02,0.8242321316681324,10.49863246163612,Merredin,"Wheatbelt, Western Australia"
2004-06-03,0.0,10.49863246163612,Merredin,"Wheatbelt, Western Australia"
2004-06-04,0.0,10.49863246163612,Merredin,"Wheatbelt, Western Australia"
2004-06-05,2.357543291296458,10.49863246163612,Merredin,"Wheatbelt, Western Australia"
2004-06-06,0.0,10.49863246163612,Merredin,"Wheatbelt, Western Australia"
2004-06-07,0.0,10.49863246163612,Merredin,"Wheatbelt, Western Australia"
2004-06-08,0.0,10.49863246163612,Merredin,"Wheatbelt, Western Australia"
2004-06-09,0.0,10.49863246163612,Merredin,"Wheatbelt, Western Australia"
2004-06-10,0.0,10.49863246163612,Merredin,"Wheatbelt, Western Australia"
2004-06-11,0.0,10.49863246163612,Merredin,"Wheatbelt, Western Australia"
2004-06-12,0.0,10.49863246163612,Merredin,"Wheatbelt, Western Australia"
2004-06-13,0.0,10.49863246163612,Merredin,"Wheatbelt, Western Australia"
2004-06-14,0.0,10.49863246163612,Merredin,"Wheatbelt, Western Australia"
2004-06-15,2.4363168537487705,10.49863246163612,Merredin,"Wheatbelt, Western Australia"
2004-06-16,0.0,10.49863246163612,Merredin,"Wheatbelt, Western Australia"
2004-06-17,0.0,10.49863246163612,Merredin,"Wheatbelt, Western Australia"
2004-06-18,0.0,10.49863246163612,Merredin,"Wheatbelt, Western Australia"
2004-06-19,0.0,10.49863246163612,Merredin,"Wheatbelt, Western Australia"
2004-06-20,0.0,10.49863246163612,Merredin,"Wheatbelt, Western Australia"
2004-06-21,0.0,10.49863246163612,Merredin,"Wheatbelt, Western Australia"
2004-06-22,4.8805401849227605,10.49863246163612,Merredin,"Wheatbelt, Western Australia"
2004-06-23,0.0,10.49863246163612,Merredin,"Wheatbelt, Western Australia"
2004-06-24,0.0,10.49863246163612,Merredin,"Wheatbelt, Western Australia"
2004-06-25,0.0,10.49863246163612,Merredin,"Wheatbelt, Western Australia"
2004-06-26,0.0,10.49863246163612,Merredin,"Wheatbelt, Western Australia"
2004-06-27,0.0,10.49863246163612,Merredin,"Wheatbelt, Western Australia"
2004-06-28,0.0,10.49863246163612,Merredin,"Wheatbelt, Western Australia"
2004-06-29,0.0,10.49863246163612,Merredin,"Wheatbelt, Western Australia"
2004-06-30,0.0,10.49863246163612,Merredin,"Wheatbelt, Western Australia"
2004-07-01,3.078498534567027,23.385204156556487,Merredin,"Wheatbelt, Western Australia"
2004-07-02,0.0,23.385204156556487,Merredin,"Wheatbelt, Western Australia"
2004-07-03,1.5542907959693264,23.385204156556487,Merredin,"Wheatbelt, Western Australia"
2004-07-04,0.0,23.385204156556487,Merredin,"Wheatbelt, Western Australia"
2004-07-05,0.0,23.385204156556487,Merredin,"Wheatbelt, Western Australia"
2004-07-06,0.0,23.385204156556487,Merredin,"Wheatbelt, Western Australia"
2004-07-07,3.597722488560415,23.385204156556487,Merredin,"Wheatbelt, Western Australia"
2004-07-08,0.0,23.385204156556487,Merredin,"Wheatbelt, Western Australia"
2004-07-09,0.0,23.385204156556487,Merredin,"Wheatbelt, Western Australia"
2004-07-10,0.0,23.385204156556487,Merredin,"Wheatbelt, Western Australia"
2004-07-11,0.0,23.385204156556487,Merredin,"Wheatbelt, Western Australia"
2004-07-12,0.0,23.385204156556487,Merredin,"Wheatbelt, Western Australia"
2004-07-13,0.0,23.385204156556487,Merredin,"Wheatbelt, Western Australia"
2004-07-14,3.660645467727841,23.385204156556487,Merredin,"Wheatbelt, Western Australia"
2004-07-15,0.0,23.385204156556487,Merredin,"Wheatbelt, Western Australia"
2004-07-16,0.0,23.385204156556487,Merredin,"Wheatbelt, Western Australia"
2004-07-17,0.0,23.385204156556487,Merredin,"Wheatbelt, Western Australia"
2004-07-18,0.0,23.385204156556487,Merredin,"Wheatbelt, Western Australia"
2004-07-19,0.0,23.385204156556487,Merredin,"Wheatbelt, Western Australia"
2004-07-20,0.0,23.385204156556487,Merredin,"Wheatbelt, Western Australia"
2004-07-21,7.8803991746674535,23.385204156556487,Merredin,"Wheatbelt, Western Australia"
2004-07-22,0.0,23.385204156556487,Merredin,"Wheatbelt, Western Australia"
2004-07-23,0.0,23.385204156556487,Merredin,"Wheatbelt, Western Australia"
2004-07-24,0.0,23.385204156556487,Merredin,"Wheatbelt, Western Australia"
2004-07-25,0.0,23.385204156556487,Merredin,"Wheatbelt, Western Australia"
2004-07-26,0.0,23.385204156556487,Merredin,"Wheatbelt, Western Australia"
2004-07-27,0.0,23.385204156556487,Merredin,"Wheatbelt, Western Australia"
2004-07-28,0.0,23.385204156556487,Merredin,"Wheatbelt, Western Australia"
2004-07-29,0.0,23.385204156556487,Merredin,"Wheatbelt, Western Australia"
2004-07-30,0.0,23.385204156556487,Merredin,"Wheatbelt, Western Australia"
2004-07-31,3.6136476950644245,23.385204156556487,Merredin,"Wheatbelt, Western Australia"
2004-08-01,0.0,11.168180446787847,Merredin,"Wheatbelt, Western Australia"
2004-08-02,0.0,11.168180446787847,Merredin,"Wheatbelt, Western Australia"
2004-08-03,0.0,11.168180446787847,Merredin,"Wheatbelt, Western Australia"
2004-08-04,0.0,11.168180446787847,Merredin,"Wheatbelt, Western Australia"
2004-08-05,0.0,11.168180446787847,Merredin,"Wheatbelt, Western Australia"
2004-08-06,0.0,11.168180446787847,Merredin,"Wheatbelt, Western Australia"
2004-08-07,0.0,11.168180446787847,Merredin,"Wheatbelt, Western Australia"
2004-08-08,0.0,11.168180446787847,Merredin,"Wheatbelt, Western Australia"
2004-08-09,1.6661366438300311,11.168180446787847,Merredin,"Wheatbelt, Western Australia"
2004-08-10,0.6356583100829456,11.168180446787847,Merredin,"Wheatbelt, Western Australia"
2004-08-11,0.0,11.168180446787847,Merredin,"Wheatbelt, Western Australia"
2004-08-12,0.0,11.168180446787847,Merredin,"Wheatbelt, Western Australia"
2004-08-13,2.7613221025647667,11.168180446787847,Merredin,"Wheatbelt, Western Australia"
2004-08-14,0.0,11.168180446787847,Merredin,"Wheatbelt, Western Australia"
2004-08-15,0.0,11.168180446787847,Merredin,"Wheatbelt, Western Australia"
2004-08-16,0.0,11.168180446787847,Merredin,"Wheatbelt, Western Australia"
2004-08-17,0.0,11.168180446787847,Merredin,"Wheatbelt, Western Australia"
2004-08-18,0.0,11.168180446787847,Merredin,"Wheatbelt, Western Australia"
2004-08-19,0.0,11.168180446787847,Merredin,"Wheatbelt, Western Australia"
2004-08-20,0.0,11.168180446787847,Merredin,"Wheatbelt, Western Australia"
2004-08-21,0.0,11.168180446787847,Merredin,"Wheatbelt, Western Australia"
2004-08-22,1.05331774302196,11.168180446787847,Merredin,"Wheatbelt, Western Australia"
2004-08-23,0.0,11.168180446787847,Merredin,"Wheatbelt, Western Australia"
2004-08-24,0.0,11.168180446787847,Merredin,"Wheatbelt, Western Australia"
2004-08-25,3.0369046607805146,11.168180446787847,Merredin,"Wheatbelt, Western Australia"
2004-08-26,0.0,11.168180446787847,Merredin,"Wheatbelt, Western Australia"
2004-08-27,2.0148409865076298,11.168180446787847,Merredin,"Wheatbelt, Western Australia"
2004-08-28,0.0,11.168180446787847,Merredin,"Wheatbelt, Western Australia"
2004-08-29,0.0,11.168180446787847,Merredin,"Wheatbelt, Western Australia"
2004-08-30,0.0,11.168180446787847,Merredin,"Wheatbelt, Western Australia"
2004-08-31,0.0,11.168180446787847,Merredin,"Wheatbelt, Western Australia"
2004-09-01,0.7798656884774978,27.64095901449892,Merredin,"Wheatbelt, Western Australia"
2004-09-02,0.0,27.64095901449892,Merredin,"Wheatbelt, Western Australia"
2004-09-03,0.0,27.64095901449892,Merredin,"Wheatbelt, Western Australia"
2004-09-04,0.0,27.64095901449892,Merredin,"Wheatbelt, Western Australia"
2004-09-05,0.0,27.64095901449892,Merredin,"Wheatbelt, Western Australia"
2004-09-06,0.0,27.64095901449892,Merredin,"Wheatbelt, Western Australia"
2004-09-07,1.4790669303446402,27.64095901449892,Merredin,"Wheatbelt, Western Australia"
2004-09-08,0.0,27.64095901449892,Merredin,"Wheatbelt, Western Australia"
2004-09-09,0.0,27.64095901449892,Merredin,"Wheatbelt, Western Australia"
2004-09-10,0.0,27.64095901449892,Merredin,"Wheatbelt, Western Australia"
2004-09-11,0.0,27.64095901449892,Merredin,"Wheatbelt, Western Australia"
2004-09-12,0.0,27.64095901449892,Merredin,"Wheatbelt, Western Australia"
2004-09-13,0.0,27.64095901449892,Merredin,"Wheatbelt, Western Australia"
2004-09-14,0.0,27.64095901449892,Merredin,"Wheatbelt, Western Australia"
2004-09-15,0.0,27.64095901449892,Merredin,"Wheatbelt, Western Australia"
2004-09-16,5.329696458960085,27.64095901449892,Merredin,"Wheatbelt, Western Australia"
2004-09-17,0.0,27.64095901449892,Merredin,"Wheatbelt, Western Australia"
2004-09-18,0.0,27.64095901449892,Merredin,"Wheatbelt, Western Australia"
2004-09-19,0.0,27.64095901449892,Merredin,"Wheatbelt, Western Australia"
2004-09-20,0.0,27.64095901449892,Merredin,"Wheatbelt, Western Australia"
2004-09-21,0.0,27.64095901449892,Merredin,"Wheatbelt, Western Australia"
2004-09-22,3.534793482874663,27.64095901449892,Merredin,"Wheatbelt, Western Australia"
2004-09-23,0.0,27.64095901449892,Merredin,"Wheatbelt, Western Australia"
2004-09-24,7.395851247543041,27.64095901449892,Merredin,"Wheatbelt, Western Australia"
2004-09-25,0.0,27.64095901449892,Merredin,"Wheatbelt, Western Australia"
2004-09-26,4.448768632632129,27.64095901449892,Merredin,"Wheatbelt, Western Australia"
2004-09-27,3.90533255372005,27.64095901449892,Merredin,"Wheatbelt, Western Australia"
2004-09-28,0.7675840199468152,27.64095901449892,Merredin,"Wheatbelt, Western Australia"
2004-09-29,0.0,27.64095901449892,Merredin,"Wheatbelt, Western Australia"
2004-09-30,0.0,27.64095901449892,Merredin,"Wheatbelt, Western Australia"
2004-10-01,0.0,32.23426908656759,Merredin,"Wheatbelt, Western Australia"
2004-10-02,0.0,32.23426908656759,Merredin,"Wheatbelt, Western Australia"
2004-10-03,4.259407290066195,32.23426908656759,Merredin,"Wheatbelt, Western Australia"
2004-10-04,0.0,32.23426908656759,Merredin,"Wheatbelt, Western Australia"
2004-10-05,5.581763316928023,32.23426908656759,Merredin,"Wheatbelt, Western Australia"
2004-10-06,0.0,32.23426908656759,Merredin,"Wheatbelt, Western Australia"
2004-10-07,0.0,32.23426908656759,Merredin,"Wheatbelt, Western Australia"
2004-10-08,0.0,32.23426908656759,Merredin,"Wheatbelt, Western Australia"
2004-10-09,0.8067477984444648,32.23426908656759,Merredin,"Wheatbelt, Western Australia"
2004-10-10,0.0,32.23426908656759,Merredin,"Wheatbelt, Western Australia"
2004-10-11,8.105449383213644,32.23426908656759,Merredin,"Wheatbelt, Western Australia"
2004-10-12,0.0,32.23426908656759,Merredin,"Wheatbelt, Western Australia"
2004-10-13,0.0,32.23426908656759,Merredin,"Wheatbelt, Western Australia"
2004-10-14,0.0,32.23426908656759,Merredin,"Wheatbelt, Western Australia"
2004-10-15,0.0,32.23426908656759,Merredin,"Wheatbelt, Western Australia"
2004-10-16,0.0,32.23426908656759,Merredin,"Wheatbelt, Western Australia"
2004-10-17,0.0,32.23426908656759,Merredin,"Wheatbelt, Western Australia"
2004-10-18,0.0,32.23426908656759,Merredin,"Wheatbelt, Western Australia"
2004-10-19,0.0,32.23426908656759,Merredin,"Wheatbelt, Western Australia"
2004-10-20,7.6051190752190685,32.23426908656759,Merredin,"Wheatbelt, Western Australia"
2004-10-21,0.0,32.23426908656759,Merredin,"Wheatbelt, Western Australia"
2004-10-22,0.0,32.23426908656759,Merredin,"Wheatbelt, Western Australia"
2004-10-23,0.0,32.23426908656759,Merredin,"Wheatbelt, Western Australia"
2004-10-24,3.014256362029128,32.23426908656759,Merredin,"Wheatbelt, Western Australia"
2004-10-25,0.0,32.23426908656759,Merredin,"Wheatbelt, Western Australia"
2004-10-26,0.0,32.23426908656759,Merredin,"Wheatbelt, Western Australia"
2004-10-27,0.0,32.23426908656759,Merredin,"Wheatbelt, Western Australia"
2004-10-28,0.0,32.23426908656759,Merredin,"Wheatbelt, Western Australia"
2004-10-29,0.0,32.23426908656759,Merredin,"Wheatbelt, Western Australia"
2004-10-30,2.8615258606670686,32.23426908656759,Merredin,"Wheatbelt, Western Australia"
2004-10-31,0.0,32.23426908656759,Merredin,"Wheatbelt, Western Australia"
2004-11-01,0.0,33.880407038136894,Merredin,"Wheatbelt, Western Australia"
2004-11-02,0.0,33.880407038136894,Merredin,"Wheatbelt, Western Australia"
2004-11-03,4.947601701634911,33.880407038136894,Merredin,"Wheatbelt, Western Australia"
2004-11-04,0.0,33.880407038136894,Merredin,"Wheatbelt, Western Australia"
2004-11-05,0.0,33.880407038136894,Merredin,"Wheatbelt, Western Australia"
2004-11-06,0.0,33.880407038136894,Merredin,"Wheatbelt, Western Australia"
2004-11-07,0.0,33.880407038136894,Merredin,"Wheatbelt, Western Australia"
2004-11-08,0.0,33.880407038136894,Merredin,"Wheatbelt, Western Australia"
2004-11-09,0.0,33.880407038136894,Merredin,"Wheatbelt, Western Australia"
2004-11-10,1.8496825433143138,33.880407038136894,Merredin,"Wheatbelt, Western Australia"
2004-11-11,0.0,33.880407038136894,Merredin,"Wheatbelt, Western Australia"
2004-11-12,0.0,33.880407038136894,Merredin,"Wheatbelt, Western Australia"
2004-11-13,4.83460549682499,33.880407038136894,Merredin,"Wheatbelt, Western Australia"
2004-11-14,0.0,33.880407038136894,Merredin,"Wheatbelt, Western Australia"
2004-11-15,4.631771750991694,33.880407038136894,Merredin,"Wheatbelt, Western Australia"
2004-11-16,0.0,33.880407038136894,Merredin,"Wheatbelt, Western Australia"
2004-11-17,7.464126235690231,33.880407038136894,Merredin,"Wheatbelt, Western Australia"
2004-11-18,0.0,33.880407038136894,Merredin,"Wheatbelt, Western Australia"
2004-11-19,0.0,33.880407038136894,Merredin,"Wheatbelt, Western Australia"
2004-11-20,0.0,33.880407038136894,Merredin,"Wheatbelt, Western Australia"
2004-11-21,0.0,33.880407038136894,Merredin,"Wheatbelt, Western Australia"
2004-11-22,0.0,33.880407038136894,Merredin,"Wheatbelt, Western Australia"
2004-11-23,0.0,33.880407038136894,Merredin,"Wheatbelt, Western Australia"
2004-11-24,0.0,33.880407038136894,Merredin,"Wheatbelt, Western Australia"
2004-11-25,0.511014188184654,33.880407038136894,Merredin,"Wheatbelt, Western Australia"
2004-11-26,0.0,33.880407038136894,Merredin,"Wheatbelt, Western Australia"
2004-11-27,0.0,33.880407038136894,Merredin,"Wheatbelt, Western Australia"
2004-11-28,1.9699945644256582,33.880407038136894,Merredin,"Wheatbelt, Western Australia"
2004-11-29,7.671610557070445,33.880407038136894,Merredin,"Wheatbelt, Western Australia"
2004-11-30,0.0,33.880407038136894,Merredin,"Wheatbelt, Western Australia"
2004-12-01,7.533720281954127,33.27381006502209,Merredin,"Wheatbelt, Western Australia"
2004-12-02,0.0,33.27381006502209,Merredin,"Wheatbelt, Western Australia"
2004-12-03,0.0,33.27381006502209,Merredin,"Wheatbelt, Western Australia"
2004-12-04,0.0,33.27381006502209,Merredin,"Wheatbelt, Western Australia"
2004-12-05,0.0,33.27381006502209,Merredin,"Wheatbelt, Western Australia"
2004-12-06,0.0,33.27381006502209,Merredin,"Wheatbelt, Western Australia"
2004-12-07,0.0,33.27381006502209,Merredin,"Wheatbelt, Western Australia"
2004-12-08,0.0,33.27381006502209,Merredin,"Wheatbelt, Western Australia"
2004-12-09,1.4360572447702535,33.27381006502209,Merredin,"Wheatbelt, Western Australia"
2004-12-10,2.002269871784109,33.27381006502209,Merredin,"Wheatbelt, Western Australia"
2004-12-11,0.0,33.27381006502209,Merredin,"Wheatbelt, Western Australia"
2004-12-12,0.0,33.27381006502209,Merredin,"Wheatbelt, Western Australia"
2004-12-13,10.669197746581547,33.27381006502209,Merredin,"Wheatbelt, Western Australia"
2004-12-14,0.0,33.27381006502209,Merredin,"Wheatbelt, Western Australia"
2004-12-15,0.0,33.27381006502209,Merredin,"Wheatbelt, Western Australia"
2004-12-16,0.0,33.27381006502209,Merredin,"Wheatbelt, Western Australia"
2004-12-17,3.3812598463930916,33.27381006502209,Merredin,"Wheatbelt, Western Australia"
2004-12-18,0.0,33.27381006502209,Merredin,"Wheatbelt, Western Australia"
2004-12-19,0.0,33.27381006502209,Merredin,"Wheatbelt, Western Australia"
2004-12-20,0.0,33.27381006502209,Merredin,"Wheatbelt, Western Australia"
2004-12-21,0.0,33.27381006502209,Merredin,"Wheatbelt, Western Australia"
2004-12-22,0.0,33.27381006502209,Merredin,"Wheatbelt, Western Australia"
2004-12-23,0.0,33.27381006502209,Merredin,"Wheatbelt, Western Australia"
2004-12-24,3.443903861536086,33.27381006502209,Merredin,"Wheatbelt, Western Australia"
2004-12-25,0.0,33.27381006502209,Merredin,"Wheatbelt, Western Australia"
2004-12-26,2.838229856923949,33.27381006502209,Merredin,"Wheatbelt, Western Australia"
2004-12-27,0.0,33.27381006502209,Merredin,"Wheatbelt, Western Australia"
2004-12-28,0.0,33.27381006502209,Merredin,"Wheatbelt, Western Australia"
2004-12-29,0.0,33.27381006502209,Merredin,"Wheatbelt, Western Australia"
2004-12-30,0.0,33.27381006502209,Merredin,"Wheatbelt, Western Australia"
2004-12-31,1.9691713550789225,33.27381006502209,Merredin,"Wheatbelt, Western Australia"
2005-01-01,0.0,19.223562804314813,Merredin,"Wheatbelt, Western Australia"
2005-01-02,0.9121715853017078,19.223562804314813,Merredin,"Wheatbelt, Western Australia"
2005-01-03,0.0,19.223562804314813,Merredin,"Wheatbelt, Western Australia"
2005-01-04,0.0,19.223562804314813,Merredin,"Wheatbelt, Western Australia"
2005-01-05,0.0,19.223562804314813,Merredin,"Wheatbelt, Western Australia"
2005-01-06,6.686710896292252,19.223562804314813,Merredin,"Wheatbelt, Western Australia"
2005-01-07,0.0,19.223562804314813,Merredin,"Wheatbelt, Western Australia"
2005-01-08,0.0,19.223562804314813,Merredin,"Wheatbelt, Western Australia"
2005-01-09,0.0,19.223562804314813,Merredin,"Wheatbelt, Western Australia"
2005-01-10,7.9464846880404405,19.223562804314813,Merredin,"Wheatbelt, Western Australia"
2005-01-11,2.0999175299763997,19.223562804314813,Merredin,"Wheatbelt, Western Australia"
2005-01-12,0.0,19.223562804314813,Merredin,"Wheatbelt, Western Australia"
2005-01-13,0.0,19.223562804314813,Merredin,"Wheatbelt, Western Australia"
2005-01-14,0.0,19.223562804314813,Merredin,"Wheatbelt, Western Australia"
2005-01-15,0.0,19.223562804314813,Merredin,"Wheatbelt, Western Australia"
2005-01-16,0.0,19.223562804314813,Merredin,"Wheatbelt, Western Australia"
2005-01-17,0.0,19.223562804314813,Merredin,"Wheatbelt, Western Australia"
2005-01-18,0.0,19.223562804314813,Merredin,"Wheatbelt, Western Australia"
2005-01-19,0.0,19.223562804314813,Merredin,"Wheatbelt, Western Australia"
2005-01-20,0.0,19.223562804314813,Merredin,"Wheatbelt, Western Australia"
2005-01-21,0.0,19.223562804314813,Merredin,"Wheatbelt, Western Australia"
2005-01-22,0.0,19.223562804314813,Merredin,"Wheatbelt, Western Australia"
2005-01-23,0.0,19.223562804314813,Merredin,"Wheatbelt, Western Australia"
2005-01-24,0.0,19.223562804314813,Merredin,"Wheatbelt, Western Australia"
2005-01-25,0.0,19.223562804314813,Merredin,"Wheatbelt, Western Australia"
2005-01-26,0.0,19.223562804314813,Merredin,"Wheatbelt, Western Australia"
2005-01-27,0.0,19.223562804314813,Merredin,"Wheatbelt, Western Australia"
2005-01-28,0.0,19.223562804314813,Merredin,"Wheatbelt, Western Australia"
2005-01-29,0.0,19.223562804314813,Merredin,"Wheatbelt, Western Australia"
2005-01-30,1.5782781047040115,19.223562804314813,Merredin,"Wheatbelt, Western Australia"
2005-01-31,0.0,19.223562804314813,Merredin,"Wheatbelt, Western Australia"
2005-02-01,2.2663020460681436,28.724861483080698,Merredin,"Wheatbelt, Western Australia"
2005-02-02,0.0,28.724861483080698,Merredin,"Wheatbelt, Western Australia"
2005-02-03,0.0,28.724861483080698,Merredin,"Wheatbelt, Western Australia"
2005-02-04,0.0,28.724861483080698,Merredin,"Wheatbelt, Western Australia"
2005-02-05,0.0,28.724861483080698,Merredin,"Wheatbelt, Western Australia"
2005-02-06,0.0,28.724861483080698,Merredin,"Wheatbelt, Western Australia"
2005-02-07,0.0,28.724861483080698,Merredin,"Wheatbelt, Western Australia"
2005-02-08,0.0,28.724861483080698,Merredin,"Wheatbelt, Western Australia"
2005-02-09,10.426070870307209,28.724861483080698,Merredin,"Wheatbelt, Western Australia"
2005-02-10,0.0,28.724861483080698,Merredin,"Wheatbelt, Western Australia"
2005-02-11,0.0,28.724861483080698,Merredin,"Wheatbelt, Western Australia"
2005-02-12,0.0,28.724861483080698,Merredin,"Wheatbelt, Western Australia"
2005-02-13,4.882453906448409,28.724861483080698,Merredin,"Wheatbelt, Western Australia"
2005-02-14,0.0,28.724861483080698,Merredin,"Wheatbelt, Western Australia"
2005-02-15,3.648659093560179,28.724861483080698,Merredin,"Wheatbelt, Western Australia"
2005-02-16,0.0,28.724861483080698,Merredin,"Wheatbelt, Western Australia"
2005-02-17,0.0,28.724861483080698,Merredin,"Wheatbelt, Western Australia"
2005-02-18,0.0,28.724861483080698,Merredin,"Wheatbelt, Western Australia"
2005-02-19,1.376175585524491,28.724861483080698,Merredin,"Wheatbelt, Western Australia"
2005-02-20,0.0,28.724861483080698,Merredin,"Wheatbelt, Western Australia"
2005-02-21,0.0,28.724861483080698,Merredin,"Wheatbelt, Western Australia"
2005-02-22,0.0,28.724861483080698,Merredin,"Wheatbelt, Western Australia"
2005-02-23,6.1251999811722655,28.724861483080698,Merredin,"Wheatbelt, Western Australia"
2005-02-24,0.0,28.724861483080698,Merredin,"Wheatbelt, Western Australia"
2005-02-25,0.0,28.724861483080698,Merredin,"Wheatbelt, Western Australia"
2005-02-26,0.0,28.724861483080698,Merredin,"Wheatbelt, Western Australia"
2005-02-27,0.0,28.724861483080698,Merredin,"Wheatbelt, Western Australia"
2005-02-28,0.0,28.724861483080698,Merredin,"Wheatbelt, Western Australia"
2005-03-01,0.0,25.313835806017245,Merredin,"Wheatbelt, Western Australia"
2005-03-02,0.0,25.313835806017245,Merredin,"Wheatbelt, Western Australia"
2005-03-03,0.0,25.313835806017245,Merredin,"Wheatbelt, Western Australia"
2005-03-04,0.0,25.313835806017245,Merredin,"Wheatbelt, Western Australia"
2005-03-05,0.0,25.313835806017245,Merredin,"Wheatbelt, Western Australia"
2005-03-06,0.0,25.313835806017245,Merredin,"Wheatbelt, Western Australia"
2005-03-07,0.0,25.313835806017245,Merredin,"Wheatbelt, Western Australia"
2005-03-08,0.0,25.313835806017245,Merredin,"Wheatbelt, Western Australia"
2005-03-09,0.0,25.313835806017245,Merredin,"Wheatbelt, Western Australia"
2005-03-10,5.5782309384563185,25.313835806017245,Merredin,"Wheatbelt, Western Australia"
2005-03-11,0.0,25.313835806017245,Merredin,"Wheatbelt, Western Australia"
2005-03-12,0.0,25.313835806017245,Merredin,"Wheatbelt, Western Australia"
2005-03-13,0.0,25.313835806017245,Merredin,"Wheatbelt, Western Australia"
2005-03-14,0.0,25.313835806017245,Merredin,"Wheatbelt, Western Australia"
2005-03-15,0.0,25.313835806017245,Merredin,"Wheatbelt, Western Australia"
2005-03-16,0.0,25.313835806017245,Merredin,"Wheatbelt, Western Australia"
2005-03-17,1.9892407928467752,25.313835806017245,Merredin,"Wheatbelt, Western Australia"
2005-03-18,0.0,25.313835806017245,Merredin,"Wheatbelt, Western Australia"
2005-03-19,0.0,25.313835806017245,Merredin,"Wheatbelt, Western Australia"
2005-03-20,0.0,25.313835806017245,Merredin,"Wheatbelt, Western Australia"
2005-03-21,4.684041629053781,25.313835806017245,Merredin,"Wheatbelt, Western Australia"
2005-03-22,0.0,25.313835806017245,Merredin,"Wheatbelt, Western Australia"
2005-03-23,0.0,25.313835806017245,Merredin,"Wheatbelt, Western Australia"
2005-03-24,7.5840115074143055,25.313835806017245,Merredin,"Wheatbelt, Western Australia"
2005-03-25,0.0,25.313835806017245,Merredin,"Wheatbelt, Western Australia"
2005-03-26,5.478310938246065,25.313835806017245,Merredin,"Wheatbelt, Western Australia"
2005-03-27,0.0,25.313835806017245,Merredin,"Wheatbelt, Western Australia"
2005-03-28,0.0,25.313835806017245,Merredin,"Wheatbelt, Western Australia"
2005-03-29,0.0,25.313835806017245,Merredin,"Wheatbelt, Western Australia"
2005-03-30,0.0,25.313835806017245,Merredin,"Wheatbelt, Western Australia"
2005-03-31,0.0,25.313835806017245,Merredin,"Wheatbelt, Western Australia"
2005-04-01,0.0,20.609430048962153,Merredin,"Wheatbelt, Western Australia"
2005-04-02,0.0,20.609430048962153,Merredin,"Wheatbelt, Western Australia"
2005-04-03,4.365802022170672,20.609430048962153,Merredin,"Wheatbelt, Western Australia"
2005-04-04,0.0,20.609430048962153,Merredin,"Wheatbelt, Western Australia"
2005-04-05,0.0,20.609430048962153,Merredin,"Wheatbelt, Western Australia"
2005-04-06,0.0,20.609430048962153,Merredin,"Wheatbelt, Western Australia"
2005-04-07,0.0,20.609430048962153,Merredin,"Wheatbelt, Western Australia"
2005-04-08,0.0,20.609430048962153,Merredin,"Wheatbelt, Western Australia"
2005-04-09,0.0,20.609430048962153,Merredin,"Wheatbelt, Western Australia"
2005-04-10,0.0,20.609430048962153,Merredin,"Wheatbelt, Western Australia"
2005-04-11,0.0,20.609430048962153,Merredin,"Wheatbelt, Western Australia"
2005-04-12,0.0,20.609430048962153,Merredin,"Wheatbelt, Western Australia"
2005-04-13,0.0,20.609430048962153,Merredin,"Wheatbelt, Western Australia"
2005-04-14,0.0,20.609430048962153,Merredin,"Wheatbelt, Western Australia"
2005-04-15,0.0,20.609430048962153,Merredin,"Wheatbelt, Western Australia"
2005-04-16,0.0,20.609430048962153,Merredin,"Wheatbelt, Western Australia"
2005-04-17,0.0,20.609430048962153,Merredin,"Wheatbelt, Western Australia"
2005-04-18,0.0,20.609430048962153,Merredin,"Wheatbelt, Western Australia"
2005-04-19,3.1988646026252594,20.609430048962153,Merredin,"Wheatbelt, Western Australia"
2005-04-20,0.0,20.609430048962153,Merredin,"Wheatbelt, Western Australia"
2005-04-21,0.0,20.609430048962153,Merredin,"Wheatbelt, Western Australia"
2005-04-22,3.5741938802486213,20.609430048962153,Merredin,"Wheatbelt, Western Australia"
2005-04-23,6.379751232899114,20.609430048962153,Merredin,"Wheatbelt, Western Australia"
2005-04-24,0.0,20.609430048962153,Merredin,"Wheatbelt, Western Australia"
2005-04-25,0.0,20.609430048962153,Merredin,"Wheatbelt, Western Australia"
2005-04-26,2.3188743402015137,20.609430048962153,Merredin,"Wheatbelt, Western Australia"
2005-04-27,0.0,20.609430048962153,Merredin,"Wheatbelt, Western Australia"
2005-04-28,0.0,20.609430048962153,Merredin,"Wheatbelt, Western Australia"
2005-04-29,0.0,20.609430048962153,Merredin,"Wheatbelt, Western Australia"
2005-04-30,0.7719439708169709,20.609430048962153,Merredin,"Wheatbelt, Western Australia"
2005-05-01,0.0,20.76990299326946,Merredin,"Wheatbelt, Western Australia"
2005-05-02,0.0,20.76990299326946,Merredin,"Wheatbelt, Western Australia"
2005-05-03,0.0,20.76990299326946,Merredin,"Wheatbelt, Western Australia"
2005-05-04,0.0,20.76990299326946,Merredin,"Wheatbelt, Western Australia"
2005-05-05,0.0,20.76990299326946,Merredin,"Wheatbelt, Western Australia"
2005-05-06,0.0,20.76990299326946,Merredin,"Wheatbelt, Western Australia"
2005-05-07,0.0,20.76990299326946,Merredin,"Wheatbelt, Western Australia"
2005-05-08,1.1768155471979846,20.76990299326946,Merredin,"Wheatbelt, Western Australia"
2005-05-09,0.0,20.76990299326946,Merredin,"Wheatbelt, Western Australia"
2005-05-10,0.0,20.76990299326946,Merredin,"Wheatbelt, Western Australia"
2005-05-11,0.9939814991074222,20.76990299326946,Merredin,"Wheatbelt, Western Australia"
2005-05-12,0.0,20.76990299326946,Merredin,"Wheatbelt, Western Australia"
2005-05-13,0.0,20.76990299326946,Merredin,"Wheatbelt, Western Australia"
2005-05-14,0.0,20.76990299326946,Merredin,"Wheatbelt, Western Australia"
2005-05-15,0.0,20.76990299326946,Merredin,"Wheatbelt, Western Australia"
2005-05-16,1.3356102654012978,20.76990299326946,Merredin,"Wheatbelt, Western Australia"
2005-05-17,9.954357887127793,20.76990299326946,Merredin,"Wheatbelt, Western Australia"
2005-05-18,0.0,20.76990299326946,Merredin,"Wheatbelt, Western Australia"
2005-05-19,0.0,20.76990299326946,Merredin,"Wheatbelt, Western Australia"
2005-05-20,0.0,20.76990299326946,Merredin,"Wheatbelt, Western Australia"
2005-05-21,0.0,20.76990299326946,Merredin,"Wheatbelt, Western Australia"
2005-05-22,0.0,20.76990299326946,Merredin,"Wheatbelt, Western Australia"
2005-05-23,0.0,20.76990299326946,Merredin,"Wheatbelt, Western Australia"
2005-05-24,0.0,20.76990299326946,Merredin,"Wheatbelt, Western Australia"
2005-05-25,0.0,20.76990299326946,Merredin,"Wheatbelt, Western Australia"
2005-05-26,0.0,20.76990299326946,Merredin,"Wheatbelt, Western Australia"
2005-05-27,0.0,20.76990299326946,Merredin,"Wheatbelt, Western Australia"
2005-05-28,7.309137794434966,20.76990299326946,Merredin,"Wheatbelt, Western Australia"
2005-05-29,0.0,20.76990299326946,Merredin,"Wheatbelt, Western Australia"
2005-05-30,0.0,20.76990299326946,Merredin,"Wheatbelt, Western Australia"
2005-05-31,0.0,20.76990299326946,Merredin,"Wheatbelt, Western Australia"
2005-06-01,3.631293978351212,28.130404643915835,Merredin,"Wheatbelt, Western Australia"
2005-06-02,0.0,28.130404643915835,Merredin,"Wheatbelt, Western Australia"
2005-06-03,9.483601829888334,28.130404643915835,Merredin,"Wheatbelt, Western Australia"
2005-06-04,0.0,28.130404643915835,Merredin,"Wheatbelt, Western Australia"
2005-06-05,0.0,28.130404643915835,Merredin,"Wheatbelt, Western Australia"
2005-06-06,1.8218181594084641,28.130404643915835,Merredin,"Wheatbelt, Western Australia"
2005-06-07,0.0,28.130404643915835,Merredin,"Wheatbelt, Western Australia"
2005-06-08,0.0,28.130404643915835,Merredin,"Wheatbelt, Western Australia"
2005-06-09,0.0,28.130404643915835,Merredin,"Wheatbelt, Western Australia"
2005-06-10,3.260841133981638,28.130404643915835,Merredin,"Wheatbelt, Western Australia"
2005-06-11,1.8061982115905422,28.130404643915835,Merredin,"Wheatbelt, Western Australia"
2005-06-12,0.0,28.130404643915835,Merredin,"Wheatbelt, Western Australia"
2005-06-13,2.314556919044522,28.130404643915835,Merredin,"Wheatbelt, Western Australia"
2005-06-14,0.0,28.130404643915835,Merredin,"Wheatbelt, Western Australia"
2005-06-15,0.0,28.130404643915835,Merredin,"Wheatbelt, Western Australia"
2005-06-16,0.0,28.130404643915835,Merredin,"Wheatbelt, Western Australia"
2005-06-17,0.0,28.130404643915835,Merredin,"Wheatbelt, Western Australia"
2005-06-18,0.0,28.130404643915835,Merredin,"Wheatbelt, Western Australia"
2005-06-19,0.0,28.130404643915835,Merredin,"Wheatbelt, Western Australia"
2005-06-20,0.0,28.130404643915835,Merredin,"Wheatbelt, Western Australia"
2005-06-21,0.0,28.130404643915835,Merredin,"Wheatbelt, Western Australia"
2005-06-22,2.8886964260593766,28.130404643915835,Merredin,"Wheatbelt, Western Australia"
2005-06-23,0.0,28.130404643915835,Merredin,"Wheatbelt, Western Australia"
2005-06-24,0.0,28.130404643915835,Merredin,"Wheatbelt, Western Australia"
2005-06-25,0.0,28.130404643915835,Merredin,"Wheatbelt, Western Australia"
2005-06-26,0.0,28.130404643915835,Merredin,"Wheatbelt, Western Australia"
2005-06-27,0.0,28.130404643915835,Merredin,"Wheatbelt, Western Australia"
2005-06-28,0.0,28.130404643915835,Merredin,"Wheatbelt, Western Australia"
2005-06-29,0.0,28.130404643915835,Merredin,"Wheatbelt, Western Australia"
2005-06-30,2.923397985591746,28.130404643915835,Merredin,"Wheatbelt, Western Australia"
2005-07-01,0.0,23.214416629488678,Merredin,"Wheatbelt, Western Australia"
2005-07-02,1.721342685922348,23.214416629488678,Merredin,"Wheatbelt, Western Australia"
2005-07-03,0.0,23.214416629488678,Merredin,"Wheatbelt, Western Australia"
2005-07-04,0.0,23.214416629488678,Merredin,"Wheatbelt, Western Australia"
2005-07-05,0.0,23.214416629488678,Merredin,"Wheatbelt, Western Australia"
2005-07-06,5.653796303362965,23.214416629488678,Merredin,"Wheatbelt, Western Australia"
2005-07-07,0.0,23.214416629488678,Merredin,"Wheatbelt, Western Australia"
2005-07-08,0.0,23.214416629488678,Merredin,"Wheatbelt, Western Australia"
2005-07-09,0.0,23.214416629488678,Merredin,"Wheatbelt, Western Australia"
2005-07-10,0.0,23.214416629488678,Merredin,"Wheatbelt, Western Australia"
2005-07-11,2.42018364041208,23.214416629488678,Merredin,"Wheatbelt, Western Australia"
2005-07-12,0.0,23.214416629488678,Merredin,"Wheatbelt, Western Australia"
2005-07-13,0.0,23.214416629488678,Merredin,"Wheatbelt, Western Australia"
2005-07-14,0.0,23.214416629488678,Merredin,"Wheatbelt, Western Australia"
2005-07-15,1.2578686073952194,23.214416629488678,Merredin,"Wheatbelt, Western Australia"
2005-07-16,0.0,23.214416629488678,Merredin,"Wheatbelt, Western Australia"
2005-07-17,0.0,23.214416629488678,Merredin,"Wheatbelt, Western Australia"
2005-07-18,0.0,23.214416629488678,Merredin,"Wheatbelt, Western Australia"
2005-07-19,1.1832168713445133,23.214416629488678,Merredin,"Wheatbelt, Western Australia"
2005-07-20,0.0,23.214416629488678,Merredin,"Wheatbelt, Western Australia"
2005-07-21,1.457090656517972,23.214416629488678,Merredin,"Wheatbelt, Western Australia"
2005-07-22,0.0,23.214416629488678,Merredin,"Wheatbelt, Western Australia"
2005-07-23,0.0,23.214416629488678,Merredin,"Wheatbelt, Western Australia"
2005-07-24,0.0,23.214416629488678,Merredin,"Wheatbelt, Western Australia"
2005-07-25,0.0,23.214416629488678,Merredin,"Wheatbelt, Western Australia"
2005-07-26,0.0,23.214416629488678,Merredin,"Wheatbelt, Western Australia"
2005-07-27,0.0,23.214416629488678,Merredin,"Wheatbelt, Western Australia"
2005-07-28,0.0,23.214416629488678,Merredin,"Wheatbelt, Western Australia"
2005-07-29,8.09982964775179,23.214416629488678,Merredin,"Wheatbelt, Western Australia"
2005-07-30,1.4210882167817886,23.214416629488678,Merredin,"Wheatbelt, Western Australia"
2005-07-31,0.0,23.214416629488678,Merredin,"Wheatbelt, Western Australia"
2005-08-01,0.0,15.114491099426262,Merredin,"Wheatbelt, Western Australia"
2005-08-02,0.0,15.114491099426262,Merredin,"Wheatbelt, Western Australia"
2005-08-03,8.038273431815353,15.114491099426262,Merredin,"Wheatbelt, Western Australia"
2005-08-04,0.0,15.114491099426262,Merredin,"Wheatbelt, Western Australia"
2005-08-05,0.0,15.114491099426262,Merredin,"Wheatbelt, Western Australia"
2005-08-06,0.0,15.114491099426262,Merredin,"Wheatbelt, Western Australia"
2005-08-07,0.0,15.114491099426262,Merredin,"Wheatbelt, Western Australia"
2005-08-08,0.0,15.114491099426262,Merredin,"Wheatbelt, Western Australia"
2005-08-09,0.0,15.114491099426262,Merredin,"Wheatbelt, Western Australia"
2005-08-10,0.0,15.114491099426262,Merredin,"Wheatbelt, Western Australia"
2005-08-11,0.0,15.114491099426262,Merredin,"Wheatbelt, Western Australia"
2005-08-12,0.0,15.114491099426262,Merredin,"Wheatbelt, Western Australia"
2005-08-13,0.0,15.114491099426262,Merredin,"Wheatbelt, Western Australia"
2005-08-14,0.0,15.114491099426262,Merredin,"Wheatbelt, Western Australia"
2005-08-15,0.0,15.114491099426262,Merredin,"Wheatbelt, Western Australia"
2005-08-16,0.0,15.114491099426262,Merredin,"Wheatbelt, Western Australia"
2005-08-17,0.0,15.114491099426262,Merredin,"Wheatbelt, Western Australia"
2005-08-18,0.0,15.114491099426262,Merredin,"Wheatbelt, Western Australia"
2005-08-19,0.0,15.114491099426262,Merredin,"Wheatbelt, Western Australia"
2005-08-20,0.9313776695307909,15.114491099426262,Merredin,"Wheatbelt, Western Australia"
2005-08-21,4.220253726641198,15.114491099426262,Merredin,"Wheatbelt, Western Australia"
2005-08-22,0.0,15.114491099426262,Merredin,"Wheatbelt, Western Australia"
2005-08-23,0.0,15.114491099426262,Merredin,"Wheatbelt, Western Australia"
2005-08-24,0.0,15.114491099426262,Merredin,"Wheatbelt, Western Australia"
2005-08-25,0.0,15.114491099426262,Merredin,"Wheatbelt, Western Australia"
2005-08-26,0.0,15.114491099426262,Merredin,"Wheatbelt, Western Australia"
2005-08-27,0.0,15.114491099426262,Merredin,"Wheatbelt, Western Australia"
2005-08-28,0.0,15.114491099426262,Merredin,"Wheatbelt, Western Australia"
2005-08-29,0.0,15.114491099426262,Merredin,"Wheatbelt, Western Australia"
2005-08-30,1.9245862714389188,15.114491099426262,Merredin,"Wheatbelt, Western Australia"
2005-08-31,0.0,15.114491099426262,Merredin,"Wheatbelt, Western Australia"
2005-09-01,6.972170602425164,20.665437580458978,Merredin,"Wheatbelt, Western Australia"
2005-09-02,0.0,20.665437580458978,Merredin,"Wheatbelt, Western Australia"
2005-09-03,1.261966283171569,20.665437580458978,Merredin,"Wheatbelt, Western Australia"
2005-09-04,0.0,20.665437580458978,Merredin,"Wheatbelt, Western Australia"
2005-09-05,0.0,20.665437580458978,Merredin,"Wheatbelt, Western Australia"
2005-09-06,0.0,20.665437580458978,Merredin,"Wheatbelt, Western Australia"
2005-09-07,0.0,20.665437580458978,Merredin,"Wheatbelt, Western Australia"
2005-09-08,0.0,20.665437580458978,Merredin,"Wheatbelt, Western Australia"
2005-09-09,0.0,20.665437580458978,Merredin,"Wheatbelt, Western Australia"
2005-09-10,0.0,20.665437580458978,Merredin,"Wheatbelt, Western Australia"
2005-09-11,3.220753823150998,20.665437580458978,Merredin,"Wheatbelt, Western Australia"
2005-09-12,3.445798142395431,20.665437580458978,Merredin,"Wheatbelt, Western Australia"
2005-09-13,0.0,20.665437580458978,Merredin,"Wheatbelt, Western Australia"
2005-09-14,0.0,20.665437580458978,Merredin,"Wheatbelt, Western Australia"
2005-09-15,0.0,20.665437580458978,Merredin,"Wheatbelt, Western Australia"
2005-09-16,0.0,20.665437580458978,Merredin,"Wheatbelt, Western Australia"
2005-09-17,0.0,20.665437580458978,Merredin,"Wheatbelt, Western Australia"
2005-09-18,0.0,20.665437580458978,Merredin,"Wheatbelt, Western Australia"
2005-09-19,0.0,20.665437580458978,Merredin,"Wheatbelt, Western Australia"
2005-09-20,0.0,20.665437580458978,Merredin,"Wheatbelt, Western Australia"
2005-09-21,0.0,20.665437580458978,Merredin,"Wheatbelt, Western Australia"
2005-09-22,0.0,20.665437580458978,Merredin,"Wheatbelt, Western Australia"
2005-09-23,0.0,20.665437580458978,Merredin,"Wheatbelt, Western Australia"
2005-09-24,0.0,20.665437580458978,Merredin,"Wheatbelt, Western Australia"
2005-09-25,0.0,20.665437580458978,Merredin,"Wheatbelt, Western Australia"
2005-09-26,3.003964256013853,20.665437580458978,Merredin,"Wheatbelt, Western Australia"
2005-09-27,0.0,20.665437580458978,Merredin,"Wheatbelt, Western Australia"
2005-09-28,0.0,20.665437580458978,Merredin,"Wheatbelt, Western Australia"
2005-09-29,2.760784473301963,20.665437580458978,Merredin,"Wheatbelt, Western Australia"
2005-09-30,0.0,20.665437580458978,Merredin,"Wheatbelt, Western Australia"
2005-10-01,0.0,25.36320870584287,Merredin,"Wheatbelt, Western Australia"
2005-10-02,0.0,25.36320870584287,Merredin,"Wheatbelt, Western Australia"
2005-10-03,0.0,25.36320870584287,Merredin,"Wheatbelt, Western Australia"
2005-10-04,0.0,25.36320870584287,Merredin,"Wheatbelt, Western Australia"
2005-10-05,0.0,25.36320870584287,Merredin,"Wheatbelt, Western Australia"
2005-10-06,0.0,25.36320870584287,Merredin,"Wheatbelt, Western Australia"
2005-10-07,4.312738357356137,25.36320870584287,Merredin,"Wheatbelt, Western Australia"
2005-10-08,0.0,25.36320870584287,Merredin,"Wheatbelt, Western Australia"
2005-10-09,0.0,25.36320870584287,Merredin,"Wheatbelt, Western Australia"
2005-10-10,0.0,25.36320870584287,Merredin,"Wheatbelt, Western Australia"
2005-10-11,0.0,25.36320870584287,Merredin,"Wheatbelt, Western Australia"
2005-10-12,0.0,25.36320870584287,Merredin,"Wheatbelt, Western Australia"
2005-10-13,0.0,25.36320870584287,Merredin,"Wheatbelt, Western Australia"
2005-10-14,0.0,25.36320870584287,Merredin,"Wheatbelt, Western Australia"
2005-10-15,0.0,25.36320870584287,Merredin,"Wheatbelt, Western Australia"
2005-10-16,0.0,25.36320870584287,Merredin,"Wheatbelt, Western Australia"
2005-10-17,0.0,25.36320870584287,Merredin,"Wheatbelt, Western Australia"
2005-10-18,1.5620762765741254,25.36320870584287,Merredin,"Wheatbelt, Western Australia"
2005-10-19,0.0,25.36320870584287,Merredin,"Wheatbelt, Western Australia"
2005-10-20,10.409117389589671,25.36320870584287,Merredin,"Wheatbelt, Western Australia"
2005-10-21,0.0,25.36320870584287,Merredin,"Wheatbelt, Western Australia"
2005-10-22,0.0,25.36320870584287,Merredin,"Wheatbelt, Western Australia"
2005-10-23,0.0,25.36320870584287,Merredin,"Wheatbelt, Western Australia"
2005-10-24,6.0161982294217315,25.36320870584287,Merredin,"Wheatbelt, Western Australia"
2005-10-25,1.0940826086730013,25.36320870584287,Merredin,"Wheatbelt, Western Australia"
2005-10-26,0.0,25.36320870584287,Merredin,"Wheatbelt, Western Australia"
2005-10-27,0.0,25.36320870584287,Merredin,"Wheatbelt, Western Australia"
2005-10-28,1.9689958442282005,25.36320870584287,Merredin,"Wheatbelt, Western Australia"
2005-10-29,0.0,25.36320870584287,Merredin,"Wheatbelt, Western Australia"
2005-10-30,0.0,25.36320870584287,Merredin,"Wheatbelt, Western Australia"
2005-10-31,0.0,25.36320870584287,Merredin,"Wheatbelt, Western Australia"
2005-11-01,0.0,19.39312167999189,Merredin,"Wheatbelt, Western Australia"
2005-11-02,0.0,19.39312167999189,Merredin,"Wheatbelt, Western Australia"
2005-11-03,0.0,19.39312167999189,Merredin,"Wheatbelt, Western Australia"
2005-11-04,0.0,19.39312167999189,Merredin,"Wheatbelt, Western Australia"
2005-11-05,0.0,19.39312167999189,Merredin,"Wheatbelt, Western Australia"
2005-11-06,0.0,19.39312167999189,Merredin,"Wheatbelt, Western Australia"
2005-11-07,0.0,19.39312167999189,Merredin,"Wheatbelt, Western Australia"
2005-11-08,0.0,19.39312167999189,Merredin,"Wheatbelt, Western Australia"
2005-11-09,0.0,19.39312167999189,Merredin,"Wheatbelt, Western Australia"
2005-11-10,0.0,19.39312167999189,Merredin,"Wheatbelt, Western Australia"
2005-11-11,0.0,19.39312167999189,Merredin,"Wheatbelt, Western Australia"
2005-11-12,0.0,19.39312167999189,Merredin,"Wheatbelt, Western Australia"
2005-11-13,0.0,19.39312167999189,Merredin,"Wheatbelt, Western Australia"
2005-11-14,0.0,19.39312167999189,Merredin,"Wheatbelt, Western Australia"
2005-11-15,3.4343241157033866,19.39312167999189,Merredin,"Wheatbelt, Western Australia"
2005-11-16,0.0,19.39312167999189,Merredin,"Wheatbelt, Western Australia"
2005-11-17,0.0,19.39312167999189,Merredin,"Wheatbelt, Western Australia"
2005-11-18,0.0,19.39312167999189,Merredin,"Wheatbelt, Western Australia"
2005-11-19,0.0,19.39312167999189,Merredin,"Wheatbelt, Western Australia"
2005-11-20,0.0,19.39312167999189,Merredin,"Wheatbelt, Western Australia"
2005-11-21,4.263370094989816,19.39312167999189,Merredin,"Wheatbelt, Western Australia"
2005-11-22,0.0,19.39312167999189,Merredin,"Wheatbelt, Western Australia"
2005-11-23,0.0,19.39312167999189,Merredin,"Wheatbelt, Western Australia"
2005-11-24,6.4337830837447125,19.39312167999189,Merredin,"Wheatbelt, Western Australia"
2005-11-25,0.0,19.39312167999189,Merredin,"Wheatbelt, Western Australia"
2005-11-26,1.795849417641001,19.39312167999189,Merredin,"Wheatbelt, Western Australia"
2005-11-27,0.0,19.39312167999189,Merredin,"Wheatbelt, Western Australia"
2005-11-28,0.0,19.39312167999189,Merredin,"Wheatbelt, Western Australia"
2005-11-29,3.4657949679129736,19.39312167999189,Merredin,"Wheatbelt, Western Australia"
2005-11-30,0.0,19.39312167999189,Merredin,"Wheatbelt, Western Australia"
2005-12-01,0.0,33.714845733253796,Merredin,"Wheatbelt, Western Australia"
2005-12-02,0.0,33.714845733253796,Merredin,"Wheatbelt, Western Australia"
2005-12-03,0.0,33.714845733253796,Merredin,"Wheatbelt, Western Australia"
2005-12-04,2.0432561827260147,33.714845733253796,Merredin,"Wheatbelt, Western Australia"
2005-12-05,0.0,33.714845733253796,Merredin,"Wheatbelt, Western Australia"
2005-12-06,1.0262975605411553,33.714845733253796,Merredin,"Wheatbelt, Western Australia"
2005-12-07,0.0,33.714845733253796,Merredin,"Wheatbelt, Western Australia"
2005-12-08,0.0,33.714845733253796,Merredin,"Wheatbelt, Western Australia"
2005-12-09,1.029292901283137,33.714845733253796,Merredin,"Wheatbelt, Western Australia"
2005-12-10,0.0,33.714845733253796,Merredin,"Wheatbelt, Western Australia"
2005-12-11,0.0,33.714845733253796,Merredin,"Wheatbelt, Western Australia"
2005-12-12,0.0,33.714845733253796,Merredin,"Wheatbelt, Western Australia"
2005-12-13,0.0,33.714845733253796,Merredin,"Wheatbelt, Western Australia"
2005-12-14,3.2777031182094425,33.714845733253796,Merredin,"Wheatbelt, Western Australia"
2005-12-15,0.0,33.714845733253796,Merredin,"Wheatbelt, Western Australia"
2005-12-16,2.0971734076003083,33.714845733253796,Merredin,"Wheatbelt, Western Australia"
2005-12-17,0.0,33.714845733253796,Merredin,"Wheatbelt, Western Australia"
2005-12-18,0.0,33.714845733253796,Merredin,"Wheatbelt, Western Australia"
2005-12-19,0.0,33.714845733253796,Merredin,"Wheatbelt, Western Australia"
2005-12-20,3.2200737750234714,33.714845733253796,Merredin,"Wheatbelt, Western Australia"
2005-12-21,0.0,33.714845733253796,Merredin,"Wheatbelt, Western Australia"
2005-12-22,0.0,33.714845733253796,Merredin,"Wheatbelt, Western Australia"
2005-12-23,0.0,33.714845733253796,Merredin,"Wheatbelt, Western Australia"
2005-12-24,0.0,33.714845733253796,Merredin,"Wheatbelt, Western Australia"
2005-12-25,0.0,33.714845733253796,Merredin,"Wheatbelt, Western Australia"
2005-12-26,0.0,33.714845733253796,Merredin,"Wheatbelt, Western Australia"
2005-12-27,4.679438664222969,33.714845733253796,Merredin,"Wheatbelt, Western Australia"
2005-12-28,0.0,33.714845733253796,Merredin,"Wheatbelt, Western Australia"
2005-12-29,3.2057600124777585,33.714845733253796,Merredin,"Wheatbelt, Western Australia"
2005-12-30,3.6321055136362586,33.714845733253796,Merredin,"Wheatbelt, Western Australia"
2005-12-31,9.503744597533277,33.714845733253796,Merredin,"Wheatbelt, Western Australia"
2006-01-01,0.0,18.24979525465875,Merredin,"Wheatbelt, Western Australia"
2006-01-02,0.0,18.24979525465875,Merredin,"Wheatbelt, Western Australia"
2006-01-03,0.0,18.24979525465875,Merredin,"Wheatbelt, Western Australia"
2006-01-04,0.0,18.24979525465875,Merredin,"Wheatbelt, Western Australia"
2006-01-05,9.847473763784297,18.24979525465875,Merredin,"Wheatbelt, Western Australia"
2006-01-06,0.0,18.24979525465875,Merredin,"Wheatbelt, Western Australia"
2006-01-07,0.0,18.24979525465875,Merredin,"Wheatbelt, Western Australia"
2006-01-08,2.5473088471904344,18.24979525465875,Merredin,"Wheatbelt, Western Australia"
2006-01-09,0.0,18.24979525465875,Merredin,"Wheatbelt, Western Australia"
2006-01-10,0.0,18.24979525465875,Merredin,"Wheatbelt, Western Australia"
2006-01-11,0.0,18.24979525465875,Merredin,"Wheatbelt, Western Australia"
2006-01-12,0.0,18.24979525465875,Merredin,"Wheatbelt, Western Australia"
2006-01-13,0.0,18.24979525465875,Merredin,"Wheatbelt, Western Australia"
2006-01-14,0.0,18.24979525465875,Merredin,"Wheatbelt, Western Australia"
2006-01-15,0.0,18.24979525465875,Merredin,"Wheatbelt, Western Australia"
2006-01-16,0.0,18.24979525465875,Merredin,"Wheatbelt, Western Australia"
2006-01-17,0.0,18.24979525465875,Merredin,"Wheatbelt, Western Australia"
2006-01-18,0.0,18.24979525465875,Merredin,"Wheatbelt, Western Australia"
2006-01-19,0.0,18.24979525465875,Merredin,"Wheatbelt, Western Australia"
2006-01-20,1.8586519688301417,18.24979525465875,Merredin,"Wheatbelt, Western Australia"
2006-01-21,0.0,18.24979525465875,Merredin,"Wheatbelt, Western Australia"
2006-01-22,0.0,18.24979525465875,Merredin,"Wheatbelt, Western Australia"
2006-01-23,0.0,18.24979525465875,Merredin,"Wheatbelt, Western Australia"
2006-01-24,0.0,18.24979525465875,Merredin,"Wheatbelt, Western Australia"
2006-01-25,0.0,18.24979525465875,Merredin,"Wheatbelt, Western Australia"
2006-01-26,0.0,18.24979525465875,Merredin,"Wheatbelt, Western Australia"
2006-01-27,0.0,18.24979525465875,Merredin,"Wheatbelt, Western Australia"
2006-01-28,0.0,18.24979525465875,Merredin,"Wheatbelt, Western Australia"
2006-01-29,0.0,18.24979525465875,Merredin,"Wheatbelt, Western Australia"
2006-01-30,3.996360674853876,18.24979525465875,Merredin,"Wheatbelt, Western Australia"
2006-01-31,0.0,18.24979525465875,Merredin,"Wheatbelt, Western Australia"
2006-02-01,1.8545730409746284,32.266378383184346,Merredin,"Wheatbelt, Western Australia"
2006-02-02,0.0,32.266378383184346,Merredin,"Wheatbelt, Western Australia"
2006-02-03,0.0,32.266378383184346,Merredin,"Wheatbelt, Western Australia"
2006-02-04,0.0,32.266378383184346,Merredin,"Wheatbelt, Western Australia"
2006-02-05,0.0,32.266378383184346,Merredin,"Wheatbelt, Western Australia"
2006-02-06,8.972918157131367,32.266378383184346,Merredin,"Wheatbelt, Western Australia"
2006-02-07,0.0,32.266378383184346,Merredin,"Wheatbelt, Western Australia"
2006-02-08,0.0,32.266378383184346,Merredin,"Wheatbelt, Western Australia"
2006-02-09,0.0,32.266378383184346,Merredin,"Wheatbelt, Western Australia"
2006-02-10,0.0,32.266378383184346,Merredin,"Wheatbelt, Western Australia"
2006-02-11,0.0,32.266378383184346,Merredin,"Wheatbelt, Western Australia"
2006-02-12,0.698326888767031,32.266378383184346,Merredin,"Wheatbelt, Western Australia"
2006-02-13,0.0,32.266378383184346,Merredin,"Wheatbelt, Western Australia"
2006-02-14,0.0,32.266378383184346,Merredin,"Wheatbelt, Western Australia"
2006-02-15,8.18696229224234,32.266378383184346,Merredin,"Wheatbelt, Western Australia"
2006-02-16,0.0,32.266378383184346,Merredin,"Wheatbelt, Western Australia"
2006-02-17,0.0,32.266378383184346,Merredin,"Wheatbelt, Western Australia"
2006-02-18,0.0,32.266378383184346,Merredin,"Wheatbelt, Western Australia"
2006-02-19,0.0,32.266378383184346,Merredin,"Wheatbelt, Western Australia"
2006-02-20,0.0,32.266378383184346,Merredin,"Wheatbelt, Western Australia"
2006-02-21,1.6569210543831236,32.266378383184346,Merredin,"Wheatbelt, Western Australia"
2006-02-22,0.0,32.266378383184346,Merredin,"Wheatbelt, Western Australia"
2006-02-23,1.2196093779957395,32.266378383184346,Merredin,"Wheatbelt, Western Australia"
2006-02-24,2.0041714522208456,32.266378383184346,Merredin,"Wheatbelt, Western Australia"
2006-02-25,0.0,32.266378383184346,Merredin,"Wheatbelt, Western Australia"
2006-02-26,3.7113302173695124,32.266378383184346,Merredin,"Wheatbelt, Western Australia"
2006-02-27,2.2746069935922226,32.266378383184346,Merredin,"Wheatbelt, Western Australia"
2006-02-28,1.6869589085075347,32.266378383184346,Merredin,"Wheatbelt, Western Australia"
2006-03-01,1.5330865547699168,17.806150938781606,Merredin,"Wheatbelt, Western Australia"
2006-03-02,0.0,17.806150938781606,Merredin,"Wheatbelt, Western Australia"
2006-03-03,0.0,17.806150938781606,Merredin,"Wheatbelt, Western Australia"
2006-03-04,0.0,17.806150938781606,Merredin,"Wheatbelt, Western Australia"
2006-03-05,0.8796910754620312,17.806150938781606,Merredin,"Wheatbelt, Western Australia"
2006-03-06,0.0,17.806150938781606,Merredin,"Wheatbelt, Western Australia"
2006-03-07,0.0,17.806150938781606,Merredin,"Wheatbelt, Western Australia"
2006-03-08,0.0,17.806150938781606,Merredin,"Wheatbelt, Western Australia"
2006-03-09,2.708443331731289,17.806150938781606,Merredin,"Wheatbelt, Western Australia"
2006-03-10,3.7287432749540517,17.806150938781606,Merredin,"Wheatbelt, Western Australia"
2006-03-11,3.2652534762929575,17.806150938781606,Merredin,"Wheatbelt, Western Australia"
2006-03-12,0.0,17.806150938781606,Merredin,"Wheatbelt, Western Australia"
2006-03-13,0.0,17.806150938781606,Merredin,"Wheatbelt, Western Australia"
2006-03-14,0.0,17.806150938781606,Merredin,"Wheatbelt, Western Australia"
2006-03-15,3.286140377232337,17.806150938781606,Merredin,"Wheatbelt, Western Australia"
2006-03-16,0.0,17.806150938781606,Merredin,"Wheatbelt, Western Australia"
2006-03-17,1.9197272210019183,17.806150938781606,Merredin,"Wheatbelt, Western Australia"
2006-03-18,0.0,17.806150938781606,Merredin,"Wheatbelt, Western Australia"
2006-03-19,0.0,17.806150938781606,Merredin,"Wheatbelt, Western Australia"
2006-03-20,0.0,17.806150938781606,Merredin,"Wheatbelt, Western Australia"
2006-03-21,0.0,17.806150938781606,Merredin,"Wheatbelt, Western Australia"
2006-03-22,0.0,17.806150938781606,Merredin,"Wheatbelt, Western Australia"
2006-03-23,0.0,17.806150938781606,Merredin,"Wheatbelt, Western Australia"
2006-03-24,0.0,17.806150938781606,Merredin,"Wheatbelt, Western Australia"
2006-03-25,0.485065627337104,17.806150938781606,Merredin,"Wheatbelt, Western Australia"
2006-03-26,0.0,17.806150938781606,Merredin,"Wheatbelt, Western Australia"
2006-03-27,0.0,17.806150938781606,Merredin,"Wheatbelt, Western Australia"
2006-03-28,0.0,17.806150938781606,Merredin,"Wheatbelt, Western Australia"
2006-03-29,0.0,17.806150938781606,Merredin,"Wheatbelt, Western Australia"
2006-03-30,0.0,17.806150938781606,Merredin,"Wheatbelt, Western Australia"
2006-03-31,0.0,17.806150938781606,Merredin,"Wheatbelt, Western Australia"
2006-04-01,0.0,16.708875092249826,Merredin,"Wheatbelt, Western Australia"
2006-04-02,0.0,16.708875092249826,Merredin,"Wheatbelt, Western Australia"
2006-04-03,0.0,16.708875092249826,Merredin,"Wheatbelt, Western Australia"
2006-04-04,0.0,16.708875092249826,Merredin,"Wheatbelt, Western Australia"
2006-04-05,0.0,16.708875092249826,Merredin,"Wheatbelt, Western Australia"
2006-04-06,5.081320431252245,16.708875092249826,Merredin,"Wheatbelt, Western Australia"
2006-04-07,3.830033443135935,16.708875092249826,Merredin,"Wheatbelt, Western Australia"
2006-04-08,0.0,16.708875092249826,Merredin,"Wheatbelt, Western Australia"
2006-04-09,0.0,16.708875092249826,Merredin,"Wheatbelt, Western Australia"
2006-04-10,1.8069352023793759,16.708875092249826,Merredin,"Wheatbelt, Western Australia"
2006-04-11,0.0,16.708875092249826,Merredin,"Wheatbelt, Western Australia"
2006-04-12,0.0,16.708875092249826,Merredin,"Wheatbelt, Western Australia"
2006-04-13,0.0,16.708875092249826,Merredin,"Wheatbelt, Western Australia"
2006-04-14,0.0,16.708875092249826,Merredin,"Wheatbelt, Western Australia"
2006-04-15,5.99058601548227,16.708875092249826,Merredin,"Wheatbelt, Western Australia"
2006-04-16,0.0,16.708875092249826,Merredin,"Wheatbelt, Western Australia"
2006-04-17,0.0,16.708875092249826,Merredin,"Wheatbelt, Western Australia"
2006-04-18,0.0,16.708875092249826,Merredin,"Wheatbelt, Western Australia"
2006-04-19,0.0,16.708875092249826,Merredin,"Wheatbelt, Western Australia"
2006-04-20,0.0,16.708875092249826,Merredin,"Wheatbelt, Western Australia"
2006-04-21,0.0,16.708875092249826,Merredin,"Wheatbelt, Western Australia"
2006-04-22,0.0,16.708875092249826,Merredin,"Wheatbelt, Western Australia"
2006-04-23,0.0,16.708875092249826,Merredin,"Wheatbelt, Western Australia"
2006-04-24,0.0,16.708875092249826,Merredin,"Wheatbelt, Western Australia"
2006-04-25,0.0,16.708875092249826,Merredin,"Wheatbelt, Western Australia"
2006-04-26,0.0,16.708875092249826,Merredin,"Wheatbelt, Western Australia"
2006-04-27,0.0,16.708875092249826,Merredin,"Wheatbelt, Western Australia"
2006-04-28,0.0,16.708875092249826,Merredin,"Wheatbelt, Western Australia"
2006-04-29,0.0,16.708875092249826,Merredin,"Wheatbelt, Western Australia"
2006-04-30,0.0,16.708875092249826,Merredin,"Wheatbelt, Western Australia"
2006-05-01,2.742400863287916,17.244998810408216,Merredin,"Wheatbelt, Western Australia"
2006-05-02,0.0,17.244998810408216,Merredin,"Wheatbelt, Western Australia"
2006-05-03,0.0,17.244998810408216,Merredin,"Wheatbelt, Western Australia"
2006-05-04,0.0,17.244998810408216,Merredin,"Wheatbelt, Western Australia"
2006-05-05,0.0,17.244998810408216,Merredin,"Wheatbelt, Western Australia"
2006-05-06,0.0,17.244998810408216,Merredin,"Wheatbelt, Western Australia"
2006-05-07,9.619027589514609,17.244998810408216,Merredin,"Wheatbelt, Western Australia"
2006-05-08,0.0,17.244998810408216,Merredin,"Wheatbelt, Western Australia"
2006-05-09,0.0,17.244998810408216,Merredin,"Wheatbelt, Western Australia"
2006-05-10,0.0,17.244998810408216,Merredin,"Wheatbelt, Western Australia"
2006-05-11,0.0,17.244998810408216,Merredin,"Wheatbelt, Western Australia"
2006-05-12,0.0,17.244998810408216,Merredin,"Wheatbelt, Western Australia"
2006-05-13,0.0,17.244998810408216,Merredin,"Wheatbelt, Western Australia"
2006-05-14,0.0,17.244998810408216,Merredin,"Wheatbelt, Western Australia"
2006-05-15,0.0,17.244998810408216,Merredin,"Wheatbelt, Western Australia"
2006-05-16,0.0,17.244998810408216,Merredin,"Wheatbelt, Western Australia"
2006-05-17,0.0,17.244998810408216,Merredin,"Wheatbelt, Western Australia"
2006-05-18,2.6035061786745453,17.244998810408216,Merredin,"Wheatbelt, Western Australia"
2006-05-19,0.0,17.244998810408216,Merredin,"Wheatbelt, Western Australia"
2006-05-20,0.0,17.244998810408216,Merredin,"Wheatbelt, Western Australia"
2006-05-21,0.6181586252099796,17.244998810408216,Merredin,"Wheatbelt, Western Australia"
2006-05-22,0.0,17.244998810408216,Merredin,"Wheatbelt, Western Australia"
2006-05-23,0.0,17.244998810408216,Merredin,"Wheatbelt, Western Australia"
2006-05-24,0.0,17.244998810408216,Merredin,"Wheatbelt, Western Australia"
2006-05-25,1.6619055537211678,17.244998810408216,Merredin,"Wheatbelt, Western Australia"
2006-05-26,0.0,17.244998810408216,Merredin,"Wheatbelt, Western Australia"
2006-05-27,0.0,17.244998810408216,Merredin,"Wheatbelt, Western Australia"
2006-05-28,0.0,17.244998810408216,Merredin,"Wheatbelt, Western Australia"
2006-05-29,0.0,17.244998810408216,Merredin,"Wheatbelt, Western Australia"
2006-05-30,0.0,17.244998810408216,Merredin,"Wheatbelt, Western Australia"
2006-05-31,0.0,17.244998810408216,Merredin,"Wheatbelt, Western Australia"
2006-06-01,0.0,15.825067931139685,Merredin,"Wheatbelt, Western Australia"
2006-06-02,0.0,15.825067931139685,Merredin,"Wheatbelt, Western Australia"
2006-06-03,0.0,15.825067931139685,Merredin,"Wheatbelt, Western Australia"
2006-06-04,0.0,15.825067931139685,Merredin,"Wheatbelt, Western Australia"
2006-06-05,0.0,15.825067931139685,Merredin,"Wheatbelt, Western Australia"
2006-06-06,0.824937643003297,15.825067931139685,Merredin,"Wheatbelt, Western Australia"
2006-06-07,0.0,15.825067931139685,Merredin,"Wheatbelt, Western Australia"
2006-06-08,3.9000536630623093,15.825067931139685,Merredin,"Wheatbelt, Western Australia"
2006-06-09,0.0,15.825067931139685,Merredin,"Wheatbelt, Western Australia"
2006-06-10,0.0,15.825067931139685,Merredin,"Wheatbelt, Western Australia"
2006-06-11,0.0,15.825067931139685,Merredin,"Wheatbelt, Western Australia"
2006-06-12,0.0,15.825067931139685,Merredin,"Wheatbelt, Western Australia"
2006-06-13,0.0,15.825067931139685,Merredin,"Wheatbelt, Western Australia"
2006-06-14,0.0,15.825067931139685,Merredin,"Wheatbelt, Western Australia"
2006-06-15,0.0,15.825067931139685,Merredin,"Wheatbelt, Western Australia"
2006-06-16,0.0,15.825067931139685,Merredin,"Wheatbelt, Western Australia"
2006-06-17,0.5927627336659884,15.825067931139685,Merredin,"Wheatbelt, Western Australia"
2006-06-18,0.0,15.825067931139685,Merredin,"Wheatbelt, Western Australia"
2006-06-19,0.0,15.825067931139685,Merredin,"Wheatbelt, Western Australia"
2006-06-20,10.50731389140809,15.825067931139685,Merredin,"Wheatbelt, Western Australia"
2006-06-21,0.0,15.825067931139685,Merredin,"Wheatbelt, Western Australia"
2006-06-22,0.0,15.825067931139685,Merredin,"Wheatbelt, Western Australia"
2006-06-23,0.0,15.825067931139685,Merredin,"Wheatbelt, Western Australia"
2006-06-24,0.0,15.825067931139685,Merredin,"Wheatbelt, Western Australia"
2006-06-25,0.0,15.825067931139685,Merredin,"Wheatbelt, Western Australia"
2006-06-26,0.0,15.825067931139685,Merredin,"Wheatbelt, Western Australia"
2006-06-27,0.0,15.825067931139685,Merredin,"Wheatbelt, Western Australia"
2006-06-28,0.0,15.825067931139685,Merredin,"Wheatbelt, Western Australia"
2006-06-29,0.0,15.825067931139685,Merredin,"Wheatbelt, Western Australia"
2006-06-30,0.0,15.825067931139685,Merredin,"Wheatbelt, Western Australia"
2006-07-01,0.0,18.790935924735553,Merredin,"Wheatbelt, Western Australia"
2006-07-02,0.0,18.790935924735553,Merredin,"Wheatbelt, Western Australia"
2006-07-03,0.0,18.790935924735553,Merredin,"Wheatbelt, Western Australia"
2006-07-04,0.0,18.790935924735553,Merredin,"Wheatbelt, Western Australia"
2006-07-05,0.0,18.790935924735553,Merredin,"Wheatbelt, Western Australia"
2006-07-06,2.4509634084507086,18.790935924735553,Merredin,"Wheatbelt, Western Australia"
2006-07-07,2.382838684657097,18.790935924735553,Merredin,"Wheatbelt, Western Australia"
2006-07-08,0.0,18.790935924735553,Merredin,"Wheatbelt, Western Australia"
2006-07-09,3.142157849525567,18.790935924735553,Merredin,"Wheatbelt, Western Australia"
2006-07-10,0.0,18.790935924735553,Merredin,"Wheatbelt, Western Australia"
2006-07-11,0.0,18.790935924735553,Merredin,"Wheatbelt, Western Australia"
2006-07-12,0.0,18.790935924735553,Merredin,"Wheatbelt, Western Australia"
2006-07-13,0.0,18.790935924735553,Merredin,"Wheatbelt, Western Australia"
2006-07-14,0.0,18.790935924735553,Merredin,"Wheatbelt, Western Australia"
2006-07-15,0.0,18.790935924735553,Merredin,"Wheatbelt, Western Australia"
2006-07-16,0.0,18.790935924735553,Merredin,"Wheatbelt, Western Australia"
2006-07-17,0.0,18.790935924735553,Merredin,"Wheatbelt, Western Australia"
2006-07-18,0.0,18.790935924735553,Merredin,"Wheatbelt, Western Australia"
2006-07-19,0.0,18.790935924735553,Merredin,"Wheatbelt, Western Australia"
2006-07-20,0.0,18.790935924735553,Merredin,"Wheatbelt, Western Australia"
2006-07-21,0.0,18.790935924735553,Merredin,"Wheatbelt, Western Australia"
2006-07-22,2.9313633667440326,18.790935924735553,Merredin,"Wheatbelt, Western Australia"
2006-07-23,0.0,18.790935924735553,Merredin,"Wheatbelt, Western Australia"
2006-07-24,4.584318318990573,18.790935924735553,Merredin,"Wheatbelt, Western Australia"
2006-07-25,0.0,18.790935924735553,Merredin,"Wheatbelt, Western Australia"
2006-07-26,0.0,18.790935924735553,Merredin,"Wheatbelt, Western Australia"
2006-07-27,0.0,18.790935924735553,Merredin,"Wheatbelt, Western Australia"
2006-07-28,0.0,18.790935924735553,Merredin,"Wheatbelt, Western Australia"
2006-07-29,3.2992942963675747,18.790935924735553,Merredin,"Wheatbelt, Western Australia"
2006-07-30,0.0,18.790935924735553,Merredin,"Wheatbelt, Western Australia"
2006-07-31,0.0,18.790935924735553,Merredin,"Wheatbelt, Western Australia"
2006-08-01,0.0,21.5723524926481,Merredin,"Wheatbelt, Western Australia"
2006-08-02,0.0,21.5723524926481,Merredin,"Wheatbelt, Western Australia"
2006-08-03,0.0,21.5723524926481,Merredin,"Wheatbelt, Western Australia"
2006-08-04,0.0,21.5723524926481,Merredin,"Wheatbelt, Western Australia"
2006-08-05,0.0,21.5723524926481,Merredin,"Wheatbelt, Western Australia"
2006-08-06,0.0,21.5723524926481,Merredin,"Wheatbelt, Western Australia"
2006-08-07,0.0,21.5723524926481,Merredin,"Wheatbelt, Western Australia"
2006-08-08,0.0,21.5723524926481,Merredin,"Wheatbelt, Western Australia"
2006-08-09,0.0,21.5723524926481,Merredin,"Wheatbelt, Western Australia"
2006-08-10,0.0,21.5723524926481,Merredin,"Wheatbelt, Western Australia"
2006-08-11,0.0,21.5723524926481,Merredin,"Wheatbelt, Western Australia"
2006-08-12,0.0,21.5723524926481,Merredin,"Wheatbelt, Western Australia"
2006-08-13,1.8042369450216686,21.5723524926481,Merredin,"Wheatbelt, Western Australia"
2006-08-14,0.0,21.5723524926481,Merredin,"Wheatbelt, Western Australia"
2006-08-15,0.0,21.5723524926481,Merredin,"Wheatbelt, Western Australia"
2006-08-16,8.937667500991182,21.5723524926481,Merredin,"Wheatbelt, Western Australia"
2006-08-17,3.2337974166983363,21.5723524926481,Merredin,"Wheatbelt, Western Australia"
2006-08-18,0.0,21.5723524926481,Merredin,"Wheatbelt, Western Australia"
2006-08-19,7.596650629936914,21.5723524926481,Merredin,"Wheatbelt, Western Australia"
2006-08-20,0.0,21.5723524926481,Merredin,"Wheatbelt, Western Australia"
2006-08-21,0.0,21.5723524926481,Merredin,"Wheatbelt, Western Australia"
2006-08-22,0.0,21.5723524926481,Merredin,"Wheatbelt, Western Australia"
2006-08-23,0.0,21.5723524926481,Merredin,"Wheatbelt, Western Australia"
2006-08-24,0.0,21.5723524926481,Merredin,"Wheatbelt, Western Australia"
2006-08-25,0.0,21.5723524926481,Merredin,"Wheatbelt, Western Australia"
2006-08-26,0.0,21.5723524926481,Merredin,"Wheatbelt, Western Australia"
2006-08-27,0.0,21.5723524926481,Merredin,"Wheatbelt, Western Australia"
2006-08-28,0.0,21.5723524926481,Merredin,"Wheatbelt, Western Australia"
2006-08-29,0.0,21.5723524926481,Merredin,"Wheatbelt, Western Australia"
2006-08-30,0.0,21.5723524926481,Merredin,"Wheatbelt, Western Australia"
2006-08-31,0.0,21.5723524926481,Merredin,"Wheatbelt, Western Australia"
2006-09-01,0.0,8.250901433934855,Merredin,"Wheatbelt, Western Australia"
2006-09-02,0.0,8.250901433934855,Merredin,"Wheatbelt, Western Australia"
2006-09-03,0.0,8.250901433934855,Merredin,"Wheatbelt, Western Australia"
2006-09-04,0.0,8.250901433934855,Merredin,"Wheatbelt, Western Australia"
2006-09-05,0.0,8.250901433934855,Merredin,"Wheatbelt, Western Australia"
2006-09-06,0.0,8.250901433934855,Merredin,"Wheatbelt, Western Australia"
2006-09-07,0.0,8.250901433934855,Merredin,"Wheatbelt, Western Australia"
2006-09-08,0.0,8.250901433934855,Merredin,"Wheatbelt, Western Australia"
2006-09-09,0.0,8.250901433934855,Merredin,"Wheatbelt, Western Australia"
2006-09-10,0.0,8.250901433934855,Merredin,"Wheatbelt, Western Australia"
2006-09-11,0.0,8.250901433934855,Merredin,"Wheatbelt, Western Australia"
2006-09-12,0.0,8.250901433934855,Merredin,"Wheatbelt, Western Australia"
2006-09-13,0.0,8.250901433934855,Merredin,"Wheatbelt, Western Australia"
2006-09-14,4.52195062012819,8.250901433934855,Merredin,"Wheatbelt, Western Australia"
2006-09-15,0.0,8.250901433934855,Merredin,"Wheatbelt, Western Australia"
2006-09-16,0.0,8.250901433934855,Merredin,"Wheatbelt, Western Australia"
2006-09-17,0.0,8.250901433934855,Merredin,"Wheatbelt, Western Australia"
2006-09-18,0.0,8.250901433934855,Merredin,"Wheatbelt, Western Australia"
2006-09-19,0.0,8.250901433934855,Merredin,"Wheatbelt, Western Australia"
2006-09-20,0.0,8.250901433934855,Merredin,"Wheatbelt, Western Australia"
2006-09-21,0.0,8.250901433934855,Merredin,"Wheatbelt, Western Australia"
2006-09-22,0.0,8.250901433934855,Merredin,"Wheatbelt, Western Australia"
2006-09-23,0.0,8.250901433934855,Merredin,"Wheatbelt, Western Australia"
2006-09-24,0.0,8.250901433934855,Merredin,"Wheatbelt, Western Australia"
2006-09-25,3.728950813806665,8.250901433934855,Merredin,"Wheatbelt, Western Australia"
2006-09-26,0.0,8.250901433934855,Merredin,"Wheatbelt, Western Australia"
2006-09-27,0.0,8.250901433934855,Merredin,"Wheatbelt, Western Australia"
2006-09-28,0.0,8.250901433934855,Merredin,"Wheatbelt, Western Australia"
2006-09-29,0.0,8.250901433934855,Merredin,"Wheatbelt, Western Australia"
2006-09-30,0.0,8.250901433934855,Merredin,"Wheatbelt, Western Australia"
2006-10-01,0.0,39.917012071209086,Merredin,"Wheatbelt, Western Australia"
2006-10-02,0.0,39.917012071209086,Merredin,"Wheatbelt, Western Australia"
2006-10-03,0.0,39.917012071209086,Merredin,"Wheatbelt, Western Australia"
2006-10-04,0.7133924942440732,39.917012071209086,Merredin,"Wheatbelt, Western Australia"
2006-10-05,2.743438293275282,39.917012071209086,Merredin,"Wheatbelt, Western Australia"
2006-10-06,0.0,39.917012071209086,Merredin,"Wheatbelt, Western Australia"
2006-10-07,0.0,39.917012071209086,Merredin,"Wheatbelt, Western Australia"
2006-10-08,3.7414992711063384,39.917012071209086,Merredin,"Wheatbelt, Western Australia"
2006-10-09,0.0,39.917012071209086,Merredin,"Wheatbelt, Western Australia"
2006-10-10,0.0,39.917012071209086,Merredin,"Wheatbelt, Western Australia"
2006-10-11,0.0,39.917012071209086,Merredin,"Wheatbelt, Western Australia"
2006-10-12,3.0106329377583023,39.917012071209086,Merredin,"Wheatbelt, Western Australia"
2006-10-13,0.0,39.917012071209086,Merredin,"Wheatbelt, Western Australia"
2006-10-14,11.669970160660315,39.917012071209086,Merredin,"Wheatbelt, Western Australia"
2006-10-15,0.0,39.917012071209086,Merredin,"Wheatbelt, Western Australia"
2006-10-16,0.0,39.917012071209086,Merredin,"Wheatbelt, Western Australia"
2006-10-17,2.515211736544027,39.917012071209086,Merredin,"Wheatbelt, Western Australia"
2006-10-18,0.0,39.917012071209086,Merredin,"Wheatbelt, Western Australia"
2006-10-19,0.0,39.917012071209086,Merredin,"Wheatbelt, Western Australia"
2006-10-20,6.591378960282802,39.917012071209086,Merredin,"Wheatbelt, Western Australia"
2006-10-21,0.0,39.917012071209086,Merredin,"Wheatbelt, Western Australia"
2006-10-22,0.0,39.917012071209086,Merredin,"Wheatbelt, Western Australia"
2006-10-23,0.0,39.917012071209086,Merredin,"Wheatbelt, Western Australia"
2006-10-24,5.2321589817763785,39.917012071209086,Merredin,"Wheatbelt, Western Australia"
2006-10-25,0.0,39.917012071209086,Merredin,"Wheatbelt, Western Australia"
2006-10-26,3.69932923556157,39.917012071209086,Merredin,"Wheatbelt, Western Australia"
2006-10-27,0.0,39.917012071209086,Merredin,"Wheatbelt, Western Australia"
2006-10-28,0.0,39.917012071209086,Merredin,"Wheatbelt, Western Australia"
2006-10-29,0.0,39.917012071209086,Merredin,"Wheatbelt, Western Australia"
2006-10-30,0.0,39.917012071209086,Merredin,"Wheatbelt, Western Australia"
2006-10-31,0.0,39.917012071209086,Merredin,"Wheatbelt, Western Australia"
2006-11-01,0.0,26.12331255610534,Merredin,"Wheatbelt, Western Australia"
2006-11-02,0.0,26.12331255610534,Merredin,"Wheatbelt, Western Australia"
2006-11-03,0.0,26.12331255610534,Merredin,"Wheatbelt, Western Australia"
2006-11-04,0.0,26.12331255610534,Merredin,"Wheatbelt, Western Australia"
2006-11-05,0.0,26.12331255610534,Merredin,"Wheatbelt, Western Australia"
2006-11-06,0.0,26.12331255610534,Merredin,"Wheatbelt, Western Australia"
2006-11-07,2.2617463223938734,26.12331255610534,Merredin,"Wheatbelt, Western Australia"
2006-11-08,0.0,26.12331255610534,Merredin,"Wheatbelt, Western Australia"
2006-11-09,0.0,26.12331255610534,Merredin,"Wheatbelt, Western Australia"
2006-11-10,0.0,26.12331255610534,Merredin,"Wheatbelt, Western Australia"
2006-11-11,0.0,26.12331255610534,Merredin,"Wheatbelt, Western Australia"
2006-11-12,0.0,26.12331255610534,Merredin,"Wheatbelt, Western Australia"
2006-11-13,6.769596939204198,26.12331255610534,Merredin,"Wheatbelt, Western Australia"
2006-11-14,0.0,26.12331255610534,Merredin,"Wheatbelt, Western Australia"
2006-11-15,0.0,26.12331255610534,Merredin,"Wheatbelt, Western Australia"
2006-11-16,0.0,26.12331255610534,Merredin,"Wheatbelt, Western Australia"
2006-11-17,0.0,26.12331255610534,Merredin,"Wheatbelt, Western Australia"
2006-11-18,7.693619780370384,26.12331255610534,Merredin,"Wheatbelt, Western Australia"
2006-11-19,0.0,26.12331255610534,Merredin,"Wheatbelt, Western Australia"
2006-11-20,0.0,26.12331255610534,Merredin,"Wheatbelt, Western Australia"
2006-11-21,3.9578068995412616,26.12331255610534,Merredin,"Wheatbelt, Western Australia"
2006-11-22,0.0,26.12331255610534,Merredin,"Wheatbelt, Western Australia"
2006-11-23,2.2702434668694376,26.12331255610534,Merredin,"Wheatbelt, Western Australia"
2006-11-24,0.0,26.12331255610534,Merredin,"Wheatbelt, Western Australia"
2006-11-25,0.0,26.12331255610534,Merredin,"Wheatbelt, Western Australia"
2006-11-26,0.0,26.12331255610534,Merredin,"Wheatbelt, Western Australia"
2006-11-27,0.0,26.12331255610534,Merredin,"Wheatbelt, Western Australia"
2006-11-28,0.0,26.12331255610534,Merredin,"Wheatbelt, Western Australia"
2006-11-29,3.1702991477261855,26.12331255610534,Merredin,"Wheatbelt, Western Australia"
2006-11-30,0.0,26.12331255610534,Merredin,"Wheatbelt, Western Australia"
2006-12-01,6.172308096584266,30.6229159654505,Merredin,"Wheatbelt, Western Australia"
2006-12-02,0.0,30.6229159654505,Merredin,"Wheatbelt, Western Australia"
2006-12-03,0.0,30.6229159654505,Merredin,"Wheatbelt, Western Australia"
2006-12-04,0.0,30.6229159654505,Merredin,"Wheatbelt, Western Australia"
2006-12-05,1.8347642102394477,30.6229159654505,Merredin,"Wheatbelt, Western Australia"
2006-12-06,0.0,30.6229159654505,Merredin,"Wheatbelt, Western Australia"
2006-12-07,0.0,30.6229159654505,Merredin,"Wheatbelt, Western Australia"
2006-12-08,0.0,30.6229159654505,Merredin,"Wheatbelt, Western Australia"
2006-12-09,1.5967700161483376,30.6229159654505,Merredin,"Wheatbelt, Western Australia"
2006-12-10,0.0,30.6229159654505,Merredin,"Wheatbelt, Western Australia"
2006-12-11,0.0,30.6229159654505,Merredin,"Wheatbelt, Western Australia"
2006-12-12,0.0,30.6229159654505,Merredin,"Wheatbelt, Western Australia"
2006-12-13,1.7099616307639736,30.6229159654505,Merredin,"Wheatbelt, Western Australia"
2006-12-14,0.0,30.6229159654505,Merredin,"Wheatbelt, Western Australia"
2006-12-15,0.0,30.6229159654505,Merredin,"Wheatbelt, Western Australia"
2006-12-16,1.1508010652457743,30.6229159654505,Merredin,"Wheatbelt, Western Australia"
2006-12-17,0.0,30.6229159654505,Merredin,"Wheatbelt, Western Australia"
2006-12-18,0.0,30.6229159654505,Merredin,"Wheatbelt, Western Australia"
2006-12-19,1.7703191840500032,30.6229159654505,Merredin,"Wheatbelt, Western Australia"
2006-12-20,0.0,30.6229159654505,Merredin,"Wheatbelt, Western Australia"
2006-12-21,0.0,30.6229159654505,Merredin,"Wheatbelt, Western Australia"
2006-12-22,9.175744569906431,30.6229159654505,Merredin,"Wheatbelt, Western Australia"
2006-12-23,0.0,30.6229159654505,Merredin,"Wheatbelt, Western Australia"
2006-12-24,1.0465210058040453,30.6229159654505,Merredin,"Wheatbelt, Western Australia"
2006-12-25,3.8513775801942103,30.6229159654505,Merredin,"Wheatbelt, Western Australia"
2006-12-26,0.0,30.6229159654505,Merredin,"Wheatbelt, Western Australia"
2006-12-27,0.0,30.6229159654505,Merredin,"Wheatbelt, Western Australia"
2006-12-28,2.314348606514009,30.6229159654505,Merredin,"Wheatbelt, Western Australia"
2006-12-29,0.0,30.6229159654505,Merredin,"Wheatbelt, Western Australia"
2006-12-30,0.0,30.6229159654505,Merredin,"Wheatbelt, Western Australia"
2006-12-31,0.0,30.6229159654505,Merredin,"Wheatbelt, Western Australia"
2007-01-01,0.0,14.071363159896231,Merredin,"Wheatbelt, Western Australia"
2007-01-02,7.963156532448278,14.071363159896231,Merredin,"Wheatbelt, Western Australia"
2007-01-03,0.0,14.071363159896231,Merredin,"Wheatbelt, Western Australia"
2007-01-04,0.0,14.071363159896231,Merredin,"Wheatbelt, Western Australia"
2007-01-05,0.0,14.071363159896231,Merredin,"Wheatbelt, Western Australia"
2007-01-06,0.0,14.071363159896231,Merredin,"Wheatbelt, Western Australia"
2007-01-07,0.0,14.071363159896231,Merredin,"Wheatbelt, Western Australia"
2007-01-08,2.967259570648472,14.071363159896231,Merredin,"Wheatbelt, Western Australia"
2007-01-09,0.0,14.071363159896231,Merredin,"Wheatbelt, Western Australia"
2007-01-10,0.0,14.071363159896231,Merredin,"Wheatbelt, Western Australia"
2007-01-11,0.0,14.071363159896231,Merredin,"Wheatbelt, Western Australia"
2007-01-12,2.6123087826592686,14.071363159896231,Merredin,"Wheatbelt, Western Australia"
2007-01-13,0.0,14.071363159896231,Merredin,"Wheatbelt, Western Australia"
2007-01-14,0.0,14.071363159896231,Merredin,"Wheatbelt, Western Australia"
2007-01-15,0.5286382741402129,14.071363159896231,Merredin,"Wheatbelt, Western Australia"
2007-01-16,0.0,14.071363159896231,Merredin,"Wheatbelt, Western Australia"
2007-01-17,0.0,14.071363159896231,Merredin,"Wheatbelt, Western Australia"
2007-01-18,0.0,14.071363159896231,Merredin,"Wheatbelt, Western Australia"
2007-01-19,0.0,14.071363159896231,Merredin,"Wheatbelt, Western Australia"
2007-01-20,0.0,14.071363159896231,Merredin,"Wheatbelt, Western Australia"
2007-01-21,0.0,14.071363159896231,Merredin,"Wheatbelt, Western Australia"
2007-01-22,0.0,14.071363159896231,Merredin,"Wheatbelt, Western Australia"
2007-01-23,0.0,14.071363159896231,Merredin,"Wheatbelt, Western Australia"
2007-01-24,0.0,14.071363159896231,Merredin,"Wheatbelt, Western Australia"
2007-01-25,0.0,14.071363159896231,Merredin,"Wheatbelt, Western Australia"
2007-01-26,0.0,14.071363159896231,Merredin,"Wheatbelt, Western Australia"
2007-01-27,0.0,14.071363159896231,Merredin,"Wheatbelt, Western Australia"
2007-01-28,0.0,14.071363159896231,Merredin,"Wheatbelt, Western Australia"
2007-01-29,0.0,14.071363159896231,Merredin,"Wheatbelt, Western Australia"
2007-01-30,0.0,14.071363159896231,Merredin,"Wheatbelt, Western Australia"
2007-01-31,0.0,14.071363159896231,Merredin,"Wheatbelt, Western Australia"
2007-02-01,0.0,16.525505922550426,Merredin,"Wheatbelt, Western Australia"
2007-02-02,0.0,16.525505922550426,Merredin,"Wheatbelt, Western Australia"
2007-02-03,0.0,16.525505922550426,Merredin,"Wheatbelt, Western Australia"
2007-02-04,1.5048872662144614,16.525505922550426,Merredin,"Wheatbelt, Western Australia"
2007-02-05,3.222866745183059,16.525505922550426,Merredin,"Wheatbelt, Western Australia"
2007-02-06,0.0,16.525505922550426,Merredin,"Wheatbelt, Western Australia"
2007-02-07,0.0,16.525505922550426,Merredin,"Wheatbelt, Western Australia"
2007-02-08,1.5964712615585814,16.525505922550426,Merredin,"Wheatbelt, Western Australia"
2007-02-09,0.0,16.525505922550426,Merredin,"Wheatbelt, Western Australia"
2007-02-10,0.0,16.525505922550426,Merredin,"Wheatbelt, Western Australia"
2007-02-11,0.0,16.525505922550426,Merredin,"Wheatbelt, Western Australia"
2007-02-12,0.0,16.525505922550426,Merredin,"Wheatbelt, Western Australia"
2007-02-13,0.0,16.525505922550426,Merredin,"Wheatbelt, Western Australia"
2007-02-14,0.0,16.525505922550426,Merredin,"Wheatbelt, Western Australia"
2007-02-15,0.0,16.525505922550426,Merredin,"Wheatbelt, Western Australia"
2007-02-16,5.419023765742184,16.525505922550426,Merredin,"Wheatbelt, Western Australia"
2007-02-17,0.0,16.525505922550426,Merredin,"Wheatbelt, Western Australia"
2007-02-18,0.0,16.525505922550426,Merredin,"Wheatbelt, Western Australia"
2007-02-19,4.782256883852142,16.525505922550426,Merredin,"Wheatbelt, Western Australia"
2007-02-20,0.0,16.525505922550426,Merredin,"Wheatbelt, Western Australia"
2007-02-21,0.0,16.525505922550426,Merredin,"Wheatbelt, Western Australia"
2007-02-22,0.0,16.525505922550426,Merredin,"Wheatbelt, Western Australia"
2007-02-23,0.0,16.525505922550426,Merredin,"Wheatbelt, Western Australia"
2007-02-24,0.0,16.525505922550426,Merredin,"Wheatbelt, Western Australia"
2007-02-25,0.0,16.525505922550426,Merredin,"Wheatbelt, Western Australia"
2007-02-26,0.0,16.525505922550426,Merredin,"Wheatbelt, Western Australia"
2007-02-27,0.0,16.525505922550426,Merredin,"Wheatbelt, Western Australia"
2007-02-28,0.0,16.525505922550426,Merredin,"Wheatbelt, Western Australia"
2007-03-01,0.0,18.647272515100976,Merredin,"Wheatbelt, Western Australia"
2007-03-02,0.0,18.647272515100976,Merredin,"Wheatbelt, Western Australia"
2007-03-03,0.0,18.647272515100976,Merredin,"Wheatbelt, Western Australia"
2007-03-04,0.0,18.647272515100976,Merredin,"Wheatbelt, Western Australia"
2007-03-05,0.0,18.647272515100976,Merredin,"Wheatbelt, Western Australia"
2007-03-06,1.1200000858868624,18.647272515100976,Merredin,"Wheatbelt, Western Australia"
2007-03-07,0.0,18.647272515100976,Merredin,"Wheatbelt, Western Australia"
2007-03-08,0.0,18.647272515100976,Merredin,"Wheatbelt, Western Australia"
2007-03-09,0.0,18.647272515100976,Merredin,"Wheatbelt, Western Australia"
2007-03-10,0.0,18.647272515100976,Merredin,"Wheatbelt, Western Australia"
2007-03-11,6.399721993366068,18.647272515100976,Merredin,"Wheatbelt, Western Australia"
2007-03-12,0.0,18.647272515100976,Merredin,"Wheatbelt, Western Australia"
2007-03-13,0.0,18.647272515100976,Merredin,"Wheatbelt, Western Australia"
2007-03-14,3.123979325539513,18.647272515100976,Merredin,"Wheatbelt, Western Australia"
2007-03-15,0.0,18.647272515100976,Merredin,"Wheatbelt, Western Australia"
2007-03-16,0.0,18.647272515100976,Merredin,"Wheatbelt, Western Australia"
2007-03-17,0.0,18.647272515100976,Merredin,"Wheatbelt, Western Australia"
2007-03-18,0.0,18.647272515100976,Merredin,"Wheatbelt, Western Australia"
2007-03-19,0.0,18.647272515100976,Merredin,"Wheatbelt, Western Australia"
2007-03-20,3.392090713919042,18.647272515100976,Merredin,"Wheatbelt, Western Australia"
2007-03-21,0.0,18.647272515100976,Merredin,"Wheatbelt, Western Australia"
2007-03-22,0.0,18.647272515100976,Merredin,"Wheatbelt, Western Australia"
2007-03-23,2.6041844703058725,18.647272515100976,Merredin,"Wheatbelt, Western Australia"
2007-03-24,0.0,18.647272515100976,Merredin,"Wheatbelt, Western Australia"
2007-03-25,0.0,18.647272515100976,Merredin,"Wheatbelt, Western Australia"
2007-03-26,0.0,18.647272515100976,Merredin,"Wheatbelt, Western Australia"
2007-03-27,2.0072959260836183,18.647272515100976,Merredin,"Wheatbelt, Western Australia"
2007-03-28,0.0,18.647272515100976,Merredin,"Wheatbelt, Western Australia"
2007-03-29,0.0,18.647272515100976,Merredin,"Wheatbelt, Western Australia"
2007-03-30,0.0,18.647272515100976,Merredin,"Wheatbelt, Western Australia"
2007-03-31,0.0,18.647272515100976,Merredin,"Wheatbelt, Western Australia"
2007-04-01,0.0,28.34796553789848,Merredin,"Wheatbelt, Western Australia"
2007-04-02,0.0,28.34796553789848,Merredin,"Wheatbelt, Western Australia"
2007-04-03,0.0,28.34796553789848,Merredin,"Wheatbelt, Western Australia"
2007-04-04,0.0,28.34796553789848,Merredin,"Wheatbelt, Western Australia"
2007-04-05,0.0,28.34796553789848,Merredin,"Wheatbelt, Western Australia"
2007-04-06,5.669401111842072,28.34796553789848,Merredin,"Wheatbelt, Western Australia"
2007-04-07,0.0,28.34796553789848,Merredin,"Wheatbelt, Western Australia"
2007-04-08,0.0,28.34796553789848,Merredin,"Wheatbelt, Western Australia"
2007-04-09,0.0,28.34796553789848,Merredin,"Wheatbelt, Western Australia"
2007-04-10,0.0,28.34796553789848,Merredin,"Wheatbelt, Western Australia"
2007-04-11,0.0,28.34796553789848,Merredin,"Wheatbelt, Western Australia"
2007-04-12,0.0,28.34796553789848,Merredin,"Wheatbelt, Western Australia"
2007-04-13,5.232982077483051,28.34796553789848,Merredin,"Wheatbelt, Western Australia"
2007-04-14,1.3560185913095208,28.34796553789848,Merredin,"Wheatbelt, Western Australia"
2007-04-15,0.0,28.34796553789848,Merredin,"Wheatbelt, Western Australia"
2007-04-16,6.9150980203354795,28.34796553789848,Merredin,"Wheatbelt, Western Australia"
2007-04-17,0.0,28.34796553789848,Merredin,"Wheatbelt, Western Australia"
2007-04-18,0.0,28.34796553789848,Merredin,"Wheatbelt, Western Australia"
2007-04-19,0.0,28.34796553789848,Merredin,"Wheatbelt, Western Australia"
2007-04-20,3.117734864966305,28.34796553789848,Merredin,"Wheatbelt, Western Australia"
2007-04-21,0.0,28.34796553789848,Merredin,"Wheatbelt, Western Australia"
2007-04-22,0.0,28.34796553789848,Merredin,"Wheatbelt, Western Australia"
2007-04-23,0.0,28.34796553789848,Merredin,"Wheatbelt, Western Australia"
2007-04-24,0.0,28.34796553789848,Merredin,"Wheatbelt, Western Australia"
2007-04-25,0.0,28.34796553789848,Merredin,"Wheatbelt, Western Australia"
2007-04-26,0.0,28.34796553789848,Merredin,"Wheatbelt, Western Australia"
2007-04-27,0.0,28.34796553789848,Merredin,"Wheatbelt, Western Australia"
2007-04-28,6.056730871962055,28.34796553789848,Merredin,"Wheatbelt, Western Australia"
2007-04-29,0.0,28.34796553789848,Merredin,"Wheatbelt, Western Australia"
2007-04-30,0.0,28.34796553789848,Merredin,"Wheatbelt, Western Australia"
2007-05-01,0.0,19.84448953978039,Merredin,"Wheatbelt, Western Australia"
2007-05-02,0.0,19.84448953978039,Merredin,"Wheatbelt, Western Australia"
2007-05-03,4.740535445550092,19.84448953978039,Merredin,"Wheatbelt, Western Australia"
2007-05-04,3.8870963620705954,19.84448953978039,Merredin,"Wheatbelt, Western Australia"
2007-05-05,0.0,19.84448953978039,Merredin,"Wheatbelt, Western Australia"
2007-05-06,0.0,19.84448953978039,Merredin,"Wheatbelt, Western Australia"
2007-05-07,0.0,19.84448953978039,Merredin,"Wheatbelt, Western Australia"
2007-05-08,0.0,19.84448953978039,Merredin,"Wheatbelt, Western Australia"
2007-05-09,0.0,19.84448953978039,Merredin,"Wheatbelt, Western Australia"
2007-05-10,0.0,19.84448953978039,Merredin,"Wheatbelt, Western Australia"
2007-05-11,0.0,19.84448953978039,Merredin,"Wheatbelt, Western Australia"
2007-05-12,3.012742880461763,19.84448953978039,Merredin,"Wheatbelt, Western Australia"
2007-05-13,0.0,19.84448953978039,Merredin,"Wheatbelt, Western Australia"
2007-05-14,0.0,19.84448953978039,Merredin,"Wheatbelt, Western Australia"
2007-05-15,0.0,19.84448953978039,Merredin,"Wheatbelt, Western Australia"
2007-05-16,0.0,19.84448953978039,Merredin,"Wheatbelt, Western Australia"
2007-05-17,0.0,19.84448953978039,Merredin,"Wheatbelt, Western Australia"
2007-05-18,2.994377843465856,19.84448953978039,Merredin,"Wheatbelt, Western Australia"
2007-05-19,0.0,19.84448953978039,Merredin,"Wheatbelt, Western Australia"
2007-05-20,0.0,19.84448953978039,Merredin,"Wheatbelt, Western Australia"
2007-05-21,0.0,19.84448953978039,Merredin,"Wheatbelt, Western Australia"
2007-05-22,0.0,19.84448953978039,Merredin,"Wheatbelt, Western Australia"
2007-05-23,0.0,19.84448953978039,Merredin,"Wheatbelt, Western Australia"
2007-05-24,0.0,19.84448953978039,Merredin,"Wheatbelt, Western Australia"
2007-05-25,0.0,19.84448953978039,Merredin,"Wheatbelt, Western Australia"
2007-05-26,0.0,19.84448953978039,Merredin,"Wheatbelt, Western Australia"
2007-05-27,5.209737008232084,19.84448953978039,Merredin,"Wheatbelt, Western Australia"
2007-05-28,0.0,19.84448953978039,Merredin,"Wheatbelt, Western Australia"
2007-05-29,0.0,19.84448953978039,Merredin,"Wheatbelt, Western Australia"
2007-05-30,0.0,19.84448953978039,Merredin,"Wheatbelt, Western Australia"
2007-05-31,0.0,19.84448953978039,Merredin,"Wheatbelt, Western Australia"
2007-06-01,0.0,49.797348980885445,Merredin,"Wheatbelt, Western Australia"
2007-06-02,5.935515863143753,49.797348980885445,Merredin,"Wheatbelt, Western Australia"
2007-06-03,5.474144461154104,49.797348980885445,Merredin,"Wheatbelt, Western Australia"
2007-06-04,0.0,49.797348980885445,Merredin,"Wheatbelt, Western Australia"
2007-06-05,0.0,49.797348980885445,Merredin,"Wheatbelt, Western Australia"
2007-06-06,5.884607044845106,49.797348980885445,Merredin,"Wheatbelt, Western Australia"
2007-06-07,0.0,49.797348980885445,Merredin,"Wheatbelt, Western Australia"
2007-06-08,0.0,49.797348980885445,Merredin,"Wheatbelt, Western Australia"
2007-06-09,9.634142995421763,49.797348980885445,Merredin,"Wheatbelt, Western Australia"
2007-06-10,1.9492404301560733,49.797348980885445,Merredin,"Wheatbelt, Western Australia"
2007-06-11,0.0,49.797348980885445,Merredin,"Wheatbelt, Western Australia"
2007-06-12,0.0,49.797348980885445,Merredin,"Wheatbelt, Western Australia"
2007-06-13,7.923257045998624,49.797348980885445,Merredin,"Wheatbelt, Western Australia"
2007-06-14,0.0,49.797348980885445,Merredin,"Wheatbelt, Western Australia"
2007-06-15,0.0,49.797348980885445,Merredin,"Wheatbelt, Western Australia"
2007-06-16,0.0,49.797348980885445,Merredin,"Wheatbelt, Western Australia"
2007-06-17,0.0,49.797348980885445,Merredin,"Wheatbelt, Western Australia"
2007-06-18,8.059790503707664,49.797348980885445,Merredin,"Wheatbelt, Western Australia"
2007-06-19,0.0,49.797348980885445,Merredin,"Wheatbelt, Western Australia"
2007-06-20,0.9264371141524221,49.797348980885445,Merredin,"Wheatbelt, Western Australia"
2007-06-21,0.0,49.797348980885445,Merredin,"Wheatbelt, Western Australia"
2007-06-22,0.0,49.797348980885445,Merredin,"Wheatbelt, Western Australia"
2007-06-23,0.0,49.797348980885445,Merredin,"Wheatbelt, Western Australia"
2007-06-24,0.0,49.797348980885445,Merredin,"Wheatbelt, Western Australia"
2007-06-25,0.0,49.797348980885445,Merredin,"Wheatbelt, Western Australia"
2007-06-26,0.0,49.797348980885445,Merredin,"Wheatbelt, Western Australia"
2007-06-27,0.0,49.797348980885445,Merredin,"Wheatbelt, Western Australia"
2007-06-28,0.0,49.797348980885445,Merredin,"Wheatbelt, Western Australia"
2007-06-29,0.0,49.797348980885445,Merredin,"Wheatbelt, Western Australia"
2007-06-30,4.0102135223059365,49.797348980885445,Merredin,"Wheatbelt, Western Australia"
2007-07-01,0.0,35.869351611952766,Merredin,"Wheatbelt, Western Australia"
2007-07-02,0.0,35.869351611952766,Merredin,"Wheatbelt, Western Australia"
2007-07-03,0.0,35.869351611952766,Merredin,"Wheatbelt, Western Australia"
2007-07-04,0.0,35.869351611952766,Merredin,"Wheatbelt, Western Australia"
2007-07-05,0.0,35.869351611952766,Merredin,"Wheatbelt, Western Australia"
2007-07-06,0.0,35.869351611952766,Merredin,"Wheatbelt, Western Australia"
2007-07-07,0.0,35.869351611952766,Merredin,"Wheatbelt, Western Australia"
2007-07-08,4.847498646993599,35.869351611952766,Merredin,"Wheatbelt, Western Australia"
2007-07-09,5.076893443673062,35.869351611952766,Merredin,"Wheatbelt, Western Australia"
2007-07-10,0.0,35.869351611952766,Merredin,"Wheatbelt, Western Australia"
2007-07-11,0.0,35.869351611952766,Merredin,"Wheatbelt, Western Australia"
2007-07-12,0.0,35.869351611952766,Merredin,"Wheatbelt, Western Australia"
2007-07-13,0.0,35.869351611952766,Merredin,"Wheatbelt, Western Australia"
2007-07-14,0.0,35.869351611952766,Merredin,"Wheatbelt, Western Australia"
2007-07-15,0.0,35.869351611952766,Merredin,"Wheatbelt, Western Australia"
2007-07-16,7.618635249460468,35.869351611952766,Merredin,"Wheatbelt, Western Australia"
2007-07-17,0.0,35.869351611952766,Merredin,"Wheatbelt, Western Australia"
2007-07-18,0.0,35.869351611952766,Merredin,"Wheatbelt, Western Australia"
2007-07-19,0.0,35.869351611952766,Merredin,"Wheatbelt, Western Australia"
2007-07-20,0.0,35.869351611952766,Merredin,"Wheatbelt, Western Australia"
2007-07-21,0.0,35.869351611952766,Merredin,"Wheatbelt, Western Australia"
2007-07-22,5.821700677456177,35.869351611952766,Merredin,"Wheatbelt, Western Australia"
2007-07-23,9.585843847155608,35.869351611952766,Merredin,"Wheatbelt, Western Australia"
2007-07-24,0.0,35.869351611952766,Merredin,"Wheatbelt, Western Australia"
2007-07-25,0.0,35.869351611952766,Merredin,"Wheatbelt, Western Australia"
2007-07-26,0.0,35.869351611952766,Merredin,"Wheatbelt, Western Australia"
2007-07-27,0.0,35.869351611952766,Merredin,"Wheatbelt, Western Australia"
2007-07-28,1.6257125880434269,35.869351611952766,Merredin,"Wheatbelt, Western Australia"
2007-07-29,1.2930671591704237,35.869351611952766,Merredin,"Wheatbelt, Western Australia"
2007-07-30,0.0,35.869351611952766,Merredin,"Wheatbelt, Western Australia"
2007-07-31,0.0,35.869351611952766,Merredin,"Wheatbelt, Western Australia"
2007-08-01,0.0,15.049625275946825,Merredin,"Wheatbelt, Western Australia"
2007-08-02,0.0,15.049625275946825,Merredin,"Wheatbelt, Western Australia"
2007-08-03,0.0,15.049625275946825,Merredin,"Wheatbelt, Western Australia"
2007-08-04,0.0,15.049625275946825,Merredin,"Wheatbelt, Western Australia"
2007-08-05,0.0,15.049625275946825,Merredin,"Wheatbelt, Western Australia"
2007-08-06,0.0,15.049625275946825,Merredin,"Wheatbelt, Western Australia"
2007-08-07,0.0,15.049625275946825,Merredin,"Wheatbelt, Western Australia"
2007-08-08,0.0,15.049625275946825,Merredin,"Wheatbelt, Western Australia"
2007-08-09,10.391313838564365,15.049625275946825,Merredin,"Wheatbelt, Western Australia"
2007-08-10,0.0,15.049625275946825,Merredin,"Wheatbelt, Western Australia"
2007-08-11,0.0,15.049625275946825,Merredin,"Wheatbelt, Western Australia"
2007-08-12,0.0,15.049625275946825,Merredin,"Wheatbelt, Western Australia"
2007-08-13,0.0,15.049625275946825,Merredin,"Wheatbelt, Western Australia"
2007-08-14,0.0,15.049625275946825,Merredin,"Wheatbelt, Western Australia"
2007-08-15,0.0,15.049625275946825,Merredin,"Wheatbelt, Western Australia"
2007-08-16,3.4981282849434456,15.049625275946825,Merredin,"Wheatbelt, Western Australia"
2007-08-17,0.0,15.049625275946825,Merredin,"Wheatbelt, Western Australia"
2007-08-18,0.0,15.049625275946825,Merredin,"Wheatbelt, Western Australia"
2007-08-19,0.0,15.049625275946825,Merredin,"Wheatbelt, Western Australia"
2007-08-20,0.0,15.049625275946825,Merredin,"Wheatbelt, Western Australia"
2007-08-21,0.0,15.049625275946825,Merredin,"Wheatbelt, Western Australia"
2007-08-22,0.0,15.049625275946825,Merredin,"Wheatbelt, Western Australia"
2007-08-23,0.0,15.049625275946825,Merredin,"Wheatbelt, Western Australia"
2007-08-24,0.0,15.049625275946825,Merredin,"Wheatbelt, Western Australia"
2007-08-25,0.0,15.049625275946825,Merredin,"Wheatbelt, Western Australia"
2007-08-26,0.0,15.049625275946825,Merredin,"Wheatbelt, Western Australia"
2007-08-27,0.0,15.049625275946825,Merredin,"Wheatbelt, Western Australia"
2007-08-28,0.0,15.049625275946825,Merredin,"Wheatbelt, Western Australia"
2007-08-29,0.0,15.049625275946825,Merredin,"Wheatbelt, Western Australia"
2007-08-30,0.0,15.049625275946825,Merredin,"Wheatbelt, Western Australia"
2007-08-31,1.160183152439014,15.049625275946825,Merredin,"Wheatbelt, Western Australia"
2007-09-01,0.0,24.297852407224102,Merredin,"Wheatbelt, Western Australia"
2007-09-02,0.0,24.297852407224102,Merredin,"Wheatbelt, Western Australia"
2007-09-03,0.0,24.297852407224102,Merredin,"Wheatbelt, Western Australia"
2007-09-04,0.0,24.297852407224102,Merredin,"Wheatbelt, Western Australia"
2007-09-05,1.2386074733328531,24.297852407224102,Merredin,"Wheatbelt, Western Australia"
2007-09-06,0.0,24.297852407224102,Merredin,"Wheatbelt, Western Australia"
2007-09-07,0.0,24.297852407224102,Merredin,"Wheatbelt, Western Australia"
2007-09-08,2.247031695703348,24.297852407224102,Merredin,"Wheatbelt, Western Australia"
2007-09-09,4.131032501974338,24.297852407224102,Merredin,"Wheatbelt, Western Australia"
2007-09-10,3.324165365924238,24.297852407224102,Merredin,"Wheatbelt, Western Australia"
2007-09-11,0.0,24.297852407224102,Merredin,"Wheatbelt, Western Australia"
2007-09-12,0.0,24.297852407224102,Merredin,"Wheatbelt, Western Australia"
2007-09-13,0.0,24.297852407224102,Merredin,"Wheatbelt, Western Australia"
2007-09-14,0.0,24.297852407224102,Merredin,"Wheatbelt, Western Australia"
2007-09-15,0.0,24.297852407224102,Merredin,"Wheatbelt, Western Australia"
2007-09-16,0.0,24.297852407224102,Merredin,"Wheatbelt, Western Australia"
2007-09-17,0.0,24.297852407224102,Merredin,"Wheatbelt, Western Australia"
2007-09-18,0.0,24.297852407224102,Merredin,"Wheatbelt, Western Australia"
2007-09-19,3.149563019420209,24.297852407224102,Merredin,"Wheatbelt, Western Australia"
2007-09-20,5.572714739388025,24.297852407224102,Merredin,"Wheatbelt, Western Australia"
2007-09-21,0.0,24.297852407224102,Merredin,"Wheatbelt, Western Australia"
2007-09-22,0.0,24.297852407224102,Merredin,"Wheatbelt, Western Australia"
2007-09-23,0.0,24.297852407224102,Merredin,"Wheatbelt, Western Australia"
2007-09-24,0.7270086300649448,24.297852407224102,Merredin,"Wheatbelt, Western Australia"
2007-09-25,3.9077289814161453,24.297852407224102,Merredin,"Wheatbelt, Western Australia"
2007-09-26,0.0,24.297852407224102,Merredin,"Wheatbelt, Western Australia"
2007-09-27,0.0,24.297852407224102,Merredin,"Wheatbelt, Western Australia"
2007-09-28,0.0,24.297852407224102,Merredin,"Wheatbelt, Western Australia"
2007-09-29,0.0,24.297852407224102,Merredin,"Wheatbelt, Western Australia"
2007-09-30,0.0,24.297852407224102,Merredin,"Wheatbelt, Western Australia"
2007-10-01,0.0,25.735572685597937,Merredin,"Wheatbelt, Western Australia"
2007-10-02,0.0,25.735572685597937,Merredin,"Wheatbelt, Western Australia"
2007-10-03,0.0,25.735572685597937,Merredin,"Wheatbelt, Western Australia"
2007-10-04,0.0,25.735572685597937,Merredin,"Wheatbelt, Western Australia"
2007-10-05,2.9969737045153666,25.735572685597937,Merredin,"Wheatbelt, Western Australia"
2007-10-06,0.0,25.735572685597937,Merredin,"Wheatbelt, Western Australia"
2007-10-07,0.0,25.735572685597937,Merredin,"Wheatbelt, Western Australia"
2007-10-08,0.0,25.735572685597937,Merredin,"Wheatbelt, Western Australia"
2007-10-09,0.0,25.735572685597937,Merredin,"Wheatbelt, Western Australia"
2007-10-10,0.0,25.735572685597937,Merredin,"Wheatbelt, Western Australia"
2007-10-11,0.0,25.735572685597937,Merredin,"Wheatbelt, Western Australia"
2007-10-12,0.0,25.735572685597937,Merredin,"Wheatbelt, Western Australia"
2007-10-13,0.0,25.735572685597937,Merredin,"Wheatbelt, Western Australia"
2007-10-14,0.0,25.735572685597937,Merredin,"Wheatbelt, Western Australia"
2007-10-15,0.0,25.735572685597937,Merredin,"Wheatbelt, Western Australia"
2007-10-16,0.0,25.735572685597937,Merredin,"Wheatbelt, Western Australia"
2007-10-17,0.0,25.735572685597937,Merredin,"Wheatbelt, Western Australia"
2007-10-18,0.0,25.735572685597937,Merredin,"Wheatbelt, Western Australia"
2007-10-19,3.0826418367278525,25.735572685597937,Merredin,"Wheatbelt, Western Australia"
2007-10-20,0.0,25.735572685597937,Merredin,"Wheatbelt, Western Australia"
2007-10-21,4.621680356508192,25.735572685597937,Merredin,"Wheatbelt, Western Australia"
2007-10-22,0.0,25.735572685597937,Merredin,"Wheatbelt, Western Australia"
2007-10-23,0.0,25.735572685597937,Merredin,"Wheatbelt, Western Australia"
2007-10-24,0.0,25.735572685597937,Merredin,"Wheatbelt, Western Australia"
2007-10-25,10.01274504762387,25.735572685597937,Merredin,"Wheatbelt, Western Australia"
2007-10-26,1.8335914422355697,25.735572685597937,Merredin,"Wheatbelt, Western Australia"
2007-10-27,0.0,25.735572685597937,Merredin,"Wheatbelt, Western Australia"
2007-10-28,0.0,25.735572685597937,Merredin,"Wheatbelt, Western Australia"
2007-10-29,0.0,25.735572685597937,Merredin,"Wheatbelt, Western Australia"
2007-10-30,0.0,25.735572685597937,Merredin,"Wheatbelt, Western Australia"
2007-10-31,3.1879402979870854,25.735572685597937,Merredin,"Wheatbelt, Western Australia"
2007-11-01,3.173603325400258,27.708898961312876,Merredin,"Wheatbelt, Western Australia"
2007-11-02,0.0,27.708898961312876,Merredin,"Wheatbelt, Western Australia"
2007-11-03,0.0,27.708898961312876,Merredin,"Wheatbelt, Western Australia"
2007-11-04,0.0,27.708898961312876,Merredin,"Wheatbelt, Western Australia"
2007-11-05,0.0,27.708898961312876,Merredin,"Wheatbelt, Western Australia"
2007-11-06,0.0,27.708898961312876,Merredin,"Wheatbelt, Western Australia"
2007-11-07,0.0,27.708898961312876,Merredin,"Wheatbelt, Western Australia"
2007-11-08,0.0,27.708898961312876,Merredin,"Wheatbelt, Western Australia"
2007-11-09,0.0,27.708898961312876,Merredin,"Wheatbelt, Western Australia"
2007-11-10,0.0,27.708898961312876,Merredin,"Wheatbelt, Western Australia"
2007-11-11,1.937188361881865,27.708898961312876,Merredin,"Wheatbelt, Western Australia"
2007-11-12,0.0,27.708898961312876,Merredin,"Wheatbelt, Western Australia"
2007-11-13,3.5061670463349492,27.708898961312876,Merredin,"Wheatbelt, Western Australia"
2007-11-14,0.0,27.708898961312876,Merredin,"Wheatbelt, Western Australia"
2007-11-15,3.7066443033813745,27.708898961312876,Merredin,"Wheatbelt, Western Australia"
2007-11-16,0.0,27.708898961312876,Merredin,"Wheatbelt, Western Australia"
2007-11-17,0.0,27.708898961312876,Merredin,"Wheatbelt, Western Australia"
2007-11-18,0.0,27.708898961312876,Merredin,"Wheatbelt, Western Australia"
2007-11-19,0.0,27.708898961312876,Merredin,"Wheatbelt, Western Australia"
2007-11-20,0.0,27.708898961312876,Merredin,"Wheatbelt, Western Australia"
2007-11-21,0.0,27.708898961312876,Merredin,"Wheatbelt, Western Australia"
2007-11-22,3.3505356491044256,27.708898961312876,Merredin,"Wheatbelt, Western Australia"
2007-11-23,0.0,27.708898961312876,Merredin,"Wheatbelt, Western Australia"
2007-11-24,6.023963503880991,27.708898961312876,Merredin,"Wheatbelt, Western Australia"
2007-11-25,0.0,27.708898961312876,Merredin,"Wheatbelt, Western Australia"
2007-11-26,0.0,27.708898961312876,Merredin,"Wheatbelt, Western Australia"
2007-11-27,0.0,27.708898961312876,Merredin,"Wheatbelt, Western Australia"
2007-11-28,6.010796771329013,27.708898961312876,Merredin,"Wheatbelt, Western Australia"
2007-11-29,0.0,27.708898961312876,Merredin,"Wheatbelt, Western Australia"
2007-11-30,0.0,27.708898961312876,Merredin,"Wheatbelt, Western Australia"
2007-12-01,1.691209915840443,30.181701115699376,Merredin,"Wheatbelt, Western Australia"
2007-12-02,0.0,30.181701115699376,Merredin,"Wheatbelt, Western Australia"
2007-12-03,0.0,30.181701115699376,Merredin,"Wheatbelt, Western Australia"
2007-12-04,0.0,30.181701115699376,Merredin,"Wheatbelt, Western Australia"
2007-12-05,0.0,30.181701115699376,Merredin,"Wheatbelt, Western Australia"
2007-12-06,0.0,30.181701115699376,Merredin,"Wheatbelt, Western Australia"
2007-12-07,5.489511328028005,30.181701115699376,Merredin,"Wheatbelt, Western Australia"
2007-12-08,0.0,30.181701115699376,Merredin,"Wheatbelt, Western Australia"
2007-12-09,0.0,30.181701115699376,Merredin,"Wheatbelt, Western Australia"
2007-12-10,0.0,30.181701115699376,Merredin,"Wheatbelt, Western Australia"
2007-12-11,0.0,30.181701115699376,Merredin,"Wheatbelt, Western Australia"
2007-12-12,0.0,30.181701115699376,Merredin,"Wheatbelt, Western Australia"
2007-12-13,0.0,30.181701115699376,Merredin,"Wheatbelt, Western Australia"
2007-12-14,0.0,30.181701115699376,Merredin,"Wheatbelt, Western Australia"
2007-12-15,0.0,30.181701115699376,Merredin,"Wheatbelt, Western Australia"
2007-12-16,0.0,30.181701115699376,Merredin,"Wheatbelt, Western Australia"
2007-12-17,0.0,30.181701115699376,Merredin,"Wheatbelt, Western Australia"
2007-12-18,0.0,30.181701115699376,Merredin,"Wheatbelt, Western Australia"
2007-12-19,0.0,30.181701115699376,Merredin,"Wheatbelt, Western Australia"
2007-12-20,1.81753019128261,30.181701115699376,Merredin,"Wheatbelt, Western Australia"
2007-12-21,0.0,30.181701115699376,Merredin,"Wheatbelt, Western Australia"
2007-12-22,0.0,30.181701115699376,Merredin,"Wheatbelt, Western Australia"
2007-12-23,0.0,30.181701115699376,Merredin,"Wheatbelt, Western Australia"
2007-12-24,0.0,30.181701115699376,Merredin,"Wheatbelt, Western Australia"
2007-12-25,0.0,30.181701115699376,Merredin,"Wheatbelt, Western Australia"
2007-12-26,7.626567642771504,30.181701115699376,Merredin,"Wheatbelt, Western Australia"
2007-12-27,7.137766217476182,30.181701115699376,Merredin,"Wheatbelt, Western Australia"
2007-12-28,0.0,30.181701115699376,Merredin,"Wheatbelt, Western Australia"
2007-12-29,6.41911582030063,30.181701115699376,Merredin,"Wheatbelt, Western Australia"
2007-12-30,0.0,30.181701115699376,Merredin,"Wheatbelt, Western Australia"
2007-12-31,0.0,30.181701115699376,Merredin,"Wheatbelt, Western Australia"
2008-01-01,0.0,46.47519424093718,Merredin,"Wheatbelt, Western Australia"
2008-01-02,0.0,46.47519424093718,Merredin,"Wheatbelt, Western Australia"
2008-01-03,0.0,46.47519424093718,Merredin,"Wheatbelt, Western Australia"
2008-01-04,0.8718250863880033,46.47519424093718,Merredin,"Wheatbelt, Western Australia"
2008-01-05,0.0,46.47519424093718,Merredin,"Wheatbelt, Western Australia"
2008-01-06,0.0,46.47519424093718,Merredin,"Wheatbelt, Western Australia"
2008-01-07,0.0,46.47519424093718,Merredin,"Wheatbelt, Western Australia"
2008-01-08,8.788570493980531,46.47519424093718,Merredin,"Wheatbelt, Western Australia"
2008-01-09,0.0,46.47519424093718,Merredin,"Wheatbelt, Western Australia"
2008-01-10,0.0,46.47519424093718,Merredin,"Wheatbelt, Western Australia"
2008-01-11,4.457116465541601,46.47519424093718,Merredin,"Wheatbelt, Western Australia"
2008-01-12,3.687038881671427,46.47519424093718,Merredin,"Wheatbelt, Western Australia"
2008-01-13,0.0,46.47519424093718,Merredin,"Wheatbelt, Western Australia"
2008-01-14,0.0,46.47519424093718,Merredin,"Wheatbelt, Western Australia"
2008-01-15,6.93392292514479,46.47519424093718,Merredin,"Wheatbelt, Western Australia"
2008-01-16,0.0,46.47519424093718,Merredin,"Wheatbelt, Western Australia"
2008-01-17,0.0,46.47519424093718,Merredin,"Wheatbelt, Western Australia"
2008-01-18,0.0,46.47519424093718,Merredin,"Wheatbelt, Western Australia"
2008-01-19,0.8748126305514818,46.47519424093718,Merredin,"Wheatbelt, Western Australia"
2008-01-20,0.0,46.47519424093718,Merredin,"Wheatbelt, Western Australia"
2008-01-21,0.0,46.47519424093718,Merredin,"Wheatbelt, Western Australia"
2008-01-22,14.871076726118886,46.47519424093718,Merredin,"Wheatbelt, Western Australia"
2008-01-23,0.0,46.47519424093718,Merredin,"Wheatbelt, Western Australia"
2008-01-24,0.0,46.47519424093718,Merredin,"Wheatbelt, Western Australia"
2008-01-25,2.2875561843846195,46.47519424093718,Merredin,"Wheatbelt, Western Australia"
2008-01-26,0.0,46.47519424093718,Merredin,"Wheatbelt, Western Australia"
2008-01-27,0.0,46.47519424093718,Merredin,"Wheatbelt, Western Australia"
2008-01-28,0.0,46.47519424093718,Merredin,"Wheatbelt, Western Australia"
2008-01-29,0.0,46.47519424093718,Merredin,"Wheatbelt, Western Australia"
2008-01-30,0.0,46.47519424093718,Merredin,"Wheatbelt, Western Australia"
2008-01-31,3.7032748471558348,46.47519424093718,Merredin,"Wheatbelt, Western Australia"
2008-02-01,0.0,10.976987884410194,Merredin,"Wheatbelt, Western Australia"
2008-02-02,0.0,10.976987884410194,Merredin,"Wheatbelt, Western Australia"
2008-02-03,0.0,10.976987884410194,Merredin,"Wheatbelt, Western Australia"
2008-02-04,0.0,10.976987884410194,Merredin,"Wheatbelt, Western Australia"
2008-02-05,0.0,10.976987884410194,Merredin,"Wheatbelt, Western Australia"
2008-02-06,0.0,10.976987884410194,Merredin,"Wheatbelt, Western Australia"
2008-02-07,0.0,10.976987884410194,Merredin,"Wheatbelt, Western Australia"
2008-02-08,0.0,10.976987884410194,Merredin,"Wheatbelt, Western Australia"
2008-02-09,0.0,10.976987884410194,Merredin,"Wheatbelt, Western Australia"
2008-02-10,6.245596408588078,10.976987884410194,Merredin,"Wheatbelt, Western Australia"
2008-02-11,0.0,10.976987884410194,Merredin,"Wheatbelt, Western Australia"
2008-02-12,0.0,10.976987884410194,Merredin,"Wheatbelt, Western Australia"
2008-02-13,3.8819611292566254,10.976987884410194,Merredin,"Wheatbelt, Western Australia"
2008-02-14,0.0,10.976987884410194,Merredin,"Wheatbelt, Western Australia"
2008-02-15,0.0,10.976987884410194,Merredin,"Wheatbelt, Western Australia"
2008-02-16,0.0,10.976987884410194,Merredin,"Wheatbelt, Western Australia"
2008-02-17,0.0,10.976987884410194,Merredin,"Wheatbelt, Western Australia"
2008-02-18,0.0,10.976987884410194,Merredin,"Wheatbelt, Western Australia"
2008-02-19,0.0,10.976987884410194,Merredin,"Wheatbelt, Western Australia"
2008-02-20,0.8494303465654905,10.976987884410194,Merredin,"Wheatbelt, Western Australia"
2008-02-21,0.0,10.976987884410194,Merredin,"Wheatbelt, Western Australia"
2008-02-22,0.0,10.976987884410194,Merredin,"Wheatbelt, Western Australia"
2008-02-23,0.0,10.976987884410194,Merredin,"Wheatbelt, Western Australia"
2008-02-24,0.0,10.976987884410194,Merredin,"Wheatbelt, Western Australia"
2008-02-25,0.0,10.976987884410194,Merredin,"Wheatbelt, Western Australia"
2008-02-26,0.0,10.976987884410194,Merredin,"Wheatbelt, Western Australia"
2008-02-27,0.0,10.976987884410194,Merredin,"Wheatbelt, Western Australia"
2008-02-28,0.0,10.976987884410194,Merredin,"Wheatbelt, Western Australia"
2008-02-29,0.0,10.976987884410194,Merredin,"Wheatbelt, Western Australia"
2008-03-01,0.0,44.76108000792996,Merredin,"Wheatbelt, Western Australia"
2008-03-02,0.0,44.76108000792996,Merredin,"Wheatbelt, Western Australia"
2008-03-03,0.0,44.76108000792996,Merredin,"Wheatbelt, Western Australia"
2008-03-04,0.0,44.76108000792996,Merredin,"Wheatbelt, Western Australia"
2008-03-05,10.288195125032143,44.76108000792996,Merredin,"Wheatbelt, Western Australia"
2008-03-06,0.0,44.76108000792996,Merredin,"Wheatbelt, Western Australia"
2008-03-07,0.0,44.76108000792996,Merredin,"Wheatbelt, Western Australia"
2008-03-08,0.0,44.76108000792996,Merredin,"Wheatbelt, Western Australia"
2008-03-09,0.0,44.76108000792996,Merredin,"Wheatbelt, Western Australia"
2008-03-10,0.0,44.76108000792996,Merredin,"Wheatbelt, Western Australia"
2008-03-11,11.092718049551287,44.76108000792996,Merredin,"Wheatbelt, Western Australia"
2008-03-12,0.0,44.76108000792996,Merredin,"Wheatbelt, Western Australia"
2008-03-13,0.0,44.76108000792996,Merredin,"Wheatbelt, Western Australia"
2008-03-14,0.0,44.76108000792996,Merredin,"Wheatbelt, Western Australia"
2008-03-15,3.8982993489941697,44.76108000792996,Merredin,"Wheatbelt, Western Australia"
2008-03-16,0.0,44.76108000792996,Merredin,"Wheatbelt, Western Australia"
2008-03-17,4.8572533051319,44.76108000792996,Merredin,"Wheatbelt, Western Australia"
2008-03-18,0.0,44.76108000792996,Merredin,"Wheatbelt, Western Australia"
2008-03-19,0.0,44.76108000792996,Merredin,"Wheatbelt, Western Australia"
2008-03-20,0.0,44.76108000792996,Merredin,"Wheatbelt, Western Australia"
2008-03-21,4.708473755671637,44.76108000792996,Merredin,"Wheatbelt, Western Australia"
2008-03-22,0.0,44.76108000792996,Merredin,"Wheatbelt, Western Australia"
2008-03-23,0.0,44.76108000792996,Merredin,"Wheatbelt, Western Australia"
2008-03-24,1.5908510076637914,44.76108000792996,Merredin,"Wheatbelt, Western Australia"
2008-03-25,2.6169134824111313,44.76108000792996,Merredin,"Wheatbelt, Western Australia"
2008-03-26,5.708375933473898,44.76108000792996,Merredin,"Wheatbelt, Western Australia"
2008-03-27,0.0,44.76108000792996,Merredin,"Wheatbelt, Western Australia"
2008-03-28,0.0,44.76108000792996,Merredin,"Wheatbelt, Western Australia"
2008-03-29,0.0,44.76108000792996,Merredin,"Wheatbelt, Western Australia"
2008-03-30,0.0,44.76108000792996,Merredin,"Wheatbelt, Western Australia"
2008-03-31,0.0,44.76108000792996,Merredin,"Wheatbelt, Western Australia"
2008-04-01,0.0,5.818485481040515,Merredin,"Wheatbelt, Western Australia"
2008-04-02,0.0,5.818485481040515,Merredin,"Wheatbelt, Western Australia"
2008-04-03,0.0,5.818485481040515,Merredin,"Wheatbelt, Western Australia"
2008-04-04,0.0,5.818485481040515,Merredin,"Wheatbelt, Western Australia"
2008-04-05,0.0,5.818485481040515,Merredin,"Wheatbelt, Western Australia"
2008-04-06,0.0,5.818485481040515,Merredin,"Wheatbelt, Western Australia"
2008-04-07,0.0,5.818485481040515,Merredin,"Wheatbelt, Western Australia"
2008-04-08,0.0,5.818485481040515,Merredin,"Wheatbelt, Western Australia"
2008-04-09,0.0,5.818485481040515,Merredin,"Wheatbelt, Western Australia"
2008-04-10,0.0,5.818485481040515,Merredin,"Wheatbelt, Western Australia"
2008-04-11,0.0,5.818485481040515,Merredin,"Wheatbelt, Western Australia"
2008-04-12,0.0,5.818485481040515,Merredin,"Wheatbelt, Western Australia"
2008-04-13,0.0,5.818485481040515,Merredin,"Wheatbelt, Western Australia"
2008-04-14,0.0,5.818485481040515,Merredin,"Wheatbelt, Western Australia"
2008-04-15,0.0,5.818485481040515,Merredin,"Wheatbelt, Western Australia"
2008-04-16,0.9534513439375897,5.818485481040515,Merredin,"Wheatbelt, Western Australia"
2008-04-17,0.0,5.818485481040515,Merredin,"Wheatbelt, Western Australia"
2008-04-18,0.0,5.818485481040515,Merredin,"Wheatbelt, Western Australia"
2008-04-19,1.8438381279291736,5.818485481040515,Merredin,"Wheatbelt, Western Australia"
2008-04-20,0.0,5.818485481040515,Merredin,"Wheatbelt, Western Australia"
2008-04-21,2.0560983326736477,5.818485481040515,Merredin,"Wheatbelt, Western Australia"
2008-04-22,0.0,5.818485481040515,Merredin,"Wheatbelt, Western Australia"
2008-04-23,0.0,5.818485481040515,Merredin,"Wheatbelt, Western Australia"
2008-04-24,0.0,5.818485481040515,Merredin,"Wheatbelt, Western Australia"
2008-04-25,0.0,5.818485481040515,Merredin,"Wheatbelt, Western Australia"
2008-04-26,0.9650976765001037,5.818485481040515,Merredin,"Wheatbelt, Western Australia"
2008-04-27,0.0,5.818485481040515,Merredin,"Wheatbelt, Western Australia"
2008-04-28,0.0,5.818485481040515,Merredin,"Wheatbelt, Western Australia"
2008-04-29,0.0,5.818485481040515,Merredin,"Wheatbelt, Western Australia"
2008-04-30,0.0,5.818485481040515,Merredin,"Wheatbelt, Western Australia"
2008-05-01,0.0,11.449314961805793,Merredin,"Wheatbelt, Western Australia"
2008-05-02,0.0,11.449314961805793,Merredin,"Wheatbelt, Western Australia"
2008-05-03,0.0,11.449314961805793,Merredin,"Wheatbelt, Western Australia"
2008-05-04,0.0,11.449314961805793,Merredin,"Wheatbelt, Western Australia"
2008-05-05,0.0,11.449314961805793,Merredin,"Wheatbelt, Western Australia"
2008-05-06,0.0,11.449314961805793,Merredin,"Wheatbelt, Western Australia"
2008-05-07,0.0,11.449314961805793,Merredin,"Wheatbelt, Western Australia"
2008-05-08,0.0,11.449314961805793,Merredin,"Wheatbelt, Western Australia"
2008-05-09,0.0,11.449314961805793,Merredin,"Wheatbelt, Western Australia"
2008-05-10,0.0,11.449314961805793,Merredin,"Wheatbelt, Western Australia"
2008-05-11,0.0,11.449314961805793,Merredin,"Wheatbelt, Western Australia"
2008-05-12,0.0,11.449314961805793,Merredin,"Wheatbelt, Western Australia"
2008-05-13,0.0,11.449314961805793,Merredin,"Wheatbelt, Western Australia"
2008-05-14,0.0,11.449314961805793,Merredin,"Wheatbelt, Western Australia"
2008-05-15,0.0,11.449314961805793,Merredin,"Wheatbelt, Western Australia"
2008-05-16,0.0,11.449314961805793,Merredin,"Wheatbelt, Western Australia"
2008-05-17,0.0,11.449314961805793,Merredin,"Wheatbelt, Western Australia"
2008-05-18,0.0,11.449314961805793,Merredin,"Wheatbelt, Western Australia"
2008-05-19,7.418982231909189,11.449314961805793,Merredin,"Wheatbelt, Western Australia"
2008-05-20,0.0,11.449314961805793,Merredin,"Wheatbelt, Western Australia"
2008-05-21,0.0,11.449314961805793,Merredin,"Wheatbelt, Western Australia"
2008-05-22,0.0,11.449314961805793,Merredin,"Wheatbelt, Western Australia"
2008-05-23,0.0,11.449314961805793,Merredin,"Wheatbelt, Western Australia"
2008-05-24,1.6950080539586314,11.449314961805793,Merredin,"Wheatbelt, Western Australia"
2008-05-25,0.0,11.449314961805793,Merredin,"Wheatbelt, Western Australia"
2008-05-26,2.3353246759379727,11.449314961805793,Merredin,"Wheatbelt, Western Australia"
2008-05-27,0.0,11.449314961805793,Merredin,"Wheatbelt, Western Australia"
2008-05-28,0.0,11.449314961805793,Merredin,"Wheatbelt, Western Australia"
2008-05-29,0.0,11.449314961805793,Merredin,"Wheatbelt, Western Australia"
2008-05-30,0.0,11.449314961805793,Merredin,"Wheatbelt, Western Australia"
2008-05-31,0.0,11.449314961805793,Merredin,"Wheatbelt, Western Australia"
2008-06-01,4.912450913881293,14.030931646156795,Merredin,"Wheatbelt, Western Australia"
2008-06-02,0.0,14.030931646156795,Merredin,"Wheatbelt, Western Australia"
2008-06-03,0.0,14.030931646156795,Merredin,"Wheatbelt, Western Australia"
2008-06-04,0.0,14.030931646156795,Merredin,"Wheatbelt, Western Australia"
2008-06-05,0.0,14.030931646156795,Merredin,"Wheatbelt, Western Australia"
2008-06-06,0.0,14.030931646156795,Merredin,"Wheatbelt, Western Australia"
2008-06-07,0.0,14.030931646156795,Merredin,"Wheatbelt, Western Australia"
2008-06-08,0.0,14.030931646156795,Merredin,"Wheatbelt, Western Australia"
2008-06-09,0.0,14.030931646156795,Merredin,"Wheatbelt, Western Australia"
2008-06-10,0.0,14.030931646156795,Merredin,"Wheatbelt, Western Australia"
2008-06-11,0.0,14.030931646156795,Merredin,"Wheatbelt, Western Australia"
2008-06-12,2.2647939037987714,14.030931646156795,Merredin,"Wheatbelt, Western Australia"
2008-06-13,0.0,14.030931646156795,Merredin,"Wheatbelt, Western Australia"
2008-06-14,0.0,14.030931646156795,Merredin,"Wheatbelt, Western Australia"
2008-06-15,0.0,14.030931646156795,Merredin,"Wheatbelt, Western Australia"
2008-06-16,0.0,14.030931646156795,Merredin,"Wheatbelt, Western Australia"
2008-06-17,0.0,14.030931646156795,Merredin,"Wheatbelt, Western Australia"
2008-06-18,0.0,14.030931646156795,Merredin,"Wheatbelt, Western Australia"
2008-06-19,0.0,14.030931646156795,Merredin,"Wheatbelt, Western Australia"
2008-06-20,0.0,14.030931646156795,Merredin,"Wheatbelt, Western Australia"
2008-06-21,0.0,14.030931646156795,Merredin,"Wheatbelt, Western Australia"
2008-06-22,0.0,14.030931646156795,Merredin,"Wheatbelt, Western Australia"
2008-06-23,0.0,14.030931646156795,Merredin,"Wheatbelt, Western Australia"
2008-06-24,0.0,14.030931646156795,Merredin,"Wheatbelt, Western Australia"
2008-06-25,0.0,14.030931646156795,Merredin,"Wheatbelt, Western Australia"
2008-06-26,6.85368682847673,14.030931646156795,Merredin,"Wheatbelt, Western Australia"
2008-06-27,0.0,14.030931646156795,Merredin,"Wheatbelt, Western Australia"
2008-06-28,0.0,14.030931646156795,Merredin,"Wheatbelt, Western Australia"
2008-06-29,0.0,14.030931646156795,Merredin,"Wheatbelt, Western Australia"
2008-06-30,0.0,14.030931646156795,Merredin,"Wheatbelt, Western Australia"
2008-07-01,0.0,30.253576447075407,Merredin,"Wheatbelt, Western Australia"
2008-07-02,0.0,30.253576447075407,Merredin,"Wheatbelt, Western Australia"
2008-07-03,0.0,30.253576447075407,Merredin,"Wheatbelt, Western Australia"
2008-07-04,0.0,30.253576447075407,Merredin,"Wheatbelt, Western Australia"
2008-07-05,0.672615517790009,30.253576447075407,Merredin,"Wheatbelt, Western Australia"
2008-07-06,0.0,30.253576447075407,Merredin,"Wheatbelt, Western Australia"
2008-07-07,0.0,30.253576447075407,Merredin,"Wheatbelt, Western Australia"
2008-07-08,0.0,30.253576447075407,Merredin,"Wheatbelt, Western Australia"
2008-07-09,0.0,30.253576447075407,Merredin,"Wheatbelt, Western Australia"
2008-07-10,2.1336126857702618,30.253576447075407,Merredin,"Wheatbelt, Western Australia"
2008-07-11,0.0,30.253576447075407,Merredin,"Wheatbelt, Western Australia"
2008-07-12,5.045924616874186,30.253576447075407,Merredin,"Wheatbelt, Western Australia"
2008-07-13,4.202842874841487,30.253576447075407,Merredin,"Wheatbelt, Western Australia"
2008-07-14,2.836204568293263,30.253576447075407,Merredin,"Wheatbelt, Western Australia"
2008-07-15,8.124608431532508,30.253576447075407,Merredin,"Wheatbelt, Western Australia"
2008-07-16,0.0,30.253576447075407,Merredin,"Wheatbelt, Western Australia"
2008-07-17,0.0,30.253576447075407,Merredin,"Wheatbelt, Western Australia"
2008-07-18,0.0,30.253576447075407,Merredin,"Wheatbelt, Western Australia"
2008-07-19,0.0,30.253576447075407,Merredin,"Wheatbelt, Western Australia"
2008-07-20,0.0,30.253576447075407,Merredin,"Wheatbelt, Western Australia"
2008-07-21,0.0,30.253576447075407,Merredin,"Wheatbelt, Western Australia"
2008-07-22,5.475602443717609,30.253576447075407,Merredin,"Wheatbelt, Western Australia"
2008-07-23,0.0,30.253576447075407,Merredin,"Wheatbelt, Western Australia"
2008-07-24,0.0,30.253576447075407,Merredin,"Wheatbelt, Western Australia"
2008-07-25,0.0,30.253576447075407,Merredin,"Wheatbelt, Western Australia"
2008-07-26,0.0,30.253576447075407,Merredin,"Wheatbelt, Western Australia"
2008-07-27,0.0,30.253576447075407,Merredin,"Wheatbelt, Western Australia"
2008-07-28,0.0,30.253576447075407,Merredin,"Wheatbelt, Western Australia"
2008-07-29,0.0,30.253576447075407,Merredin,"Wheatbelt, Western Australia"
2008-07-30,0.0,30.253576447075407,Merredin,"Wheatbelt, Western Australia"
2008-07-31,1.7621653082560822,30.253576447075407,Merredin,"Wheatbelt, Western Australia"
2008-08-01,0.0,17.226862874390527,Merredin,"Wheatbelt, Western Australia"
2008-08-02,0.0,17.226862874390527,Merredin,"Wheatbelt, Western Australia"
2008-08-03,1.5094020632597498,17.226862874390527,Merredin,"Wheatbelt, Western Australia"
2008-08-04,0.0,17.226862874390527,Merredin,"Wheatbelt, Western Australia"
2008-08-05,0.0,17.226862874390527,Merredin,"Wheatbelt, Western Australia"
2008-08-06,0.0,17.226862874390527,Merredin,"Wheatbelt, Western Australia"
2008-08-07,0.0,17.226862874390527,Merredin,"Wheatbelt, Western Australia"
2008-08-08,2.4590709959155284,17.226862874390527,Merredin,"Wheatbelt, Western Australia"
2008-08-09,0.0,17.226862874390527,Merredin,"Wheatbelt, Western Australia"
2008-08-10,0.0,17.226862874390527,Merredin,"Wheatbelt, Western Australia"
2008-08-11,0.0,17.226862874390527,Merredin,"Wheatbelt, Western Australia"
2008-08-12,0.0,17.226862874390527,Merredin,"Wheatbelt, Western Australia"
2008-08-13,2.07731529429896,17.226862874390527,Merredin,"Wheatbelt, Western Australia"
2008-08-14,0.0,17.226862874390527,Merredin,"Wheatbelt, Western Australia"
2008-08-15,0.0,17.226862874390527,Merredin,"Wheatbelt, Western Australia"
2008-08-16,0.0,17.226862874390527,Merredin,"Wheatbelt, Western Australia"
2008-08-17,0.0,17.226862874390527,Merredin,"Wheatbelt, Western Australia"
2008-08-18,4.0213669446916676,17.226862874390527,Merredin,"Wheatbelt, Western Australia"
2008-08-19,0.0,17.226862874390527,Merredin,"Wheatbelt, Western Australia"
2008-08-20,0.0,17.226862874390527,Merredin,"Wheatbelt, Western Australia"
2008-08-21,0.0,17.226862874390527,Merredin,"Wheatbelt, Western Australia"
2008-08-22,0.0,17.226862874390527,Merredin,"Wheatbelt, Western Australia"
2008-08-23,0.0,17.226862874390527,Merredin,"Wheatbelt, Western Australia"
2008-08-24,2.4917884371689514,17.226862874390527,Merredin,"Wheatbelt, Western Australia"
2008-08-25,1.4324244687615437,17.226862874390527,Merredin,"Wheatbelt, Western Australia"
2008-08-26,0.0,17.226862874390527,Merredin,"Wheatbelt, Western Australia"
2008-08-27,0.0,17.226862874390527,Merredin,"Wheatbelt, Western Australia"
2008-08-28,0.0,17.226862874390527,Merredin,"Wheatbelt, Western Australia"
2008-08-29,0.0,17.226862874390527,Merredin,"Wheatbelt, Western Australia"
2008-08-30,3.235494670294124,17.226862874390527,Merredin,"Wheatbelt, Western Australia"
2008-08-31,0.0,17.226862874390527,Merredin,"Wheatbelt, Western Australia"
2008-09-01,0.0,12.286132194528406,Merredin,"Wheatbelt, Western Australia"
2008-09-02,0.0,12.286132194528406,Merredin,"Wheatbelt, Western Australia"
2008-09-03,0.0,12.286132194528406,Merredin,"Wheatbelt, Western Australia"
2008-09-04,0.0,12.286132194528406,Merredin,"Wheatbelt, Western Australia"
2008-09-05,0.0,12.286132194528406,Merredin,"Wheatbelt, Western Australia"
2008-09-06,0.0,12.286132194528406,Merredin,"Wheatbelt, Western Australia"
2008-09-07,0.0,12.286132194528406,Merredin,"Wheatbelt, Western Australia"
2008-09-08,2.9920935992879922,12.286132194528406,Merredin,"Wheatbelt, Western Australia"
2008-09-09,0.0,12.286132194528406,Merredin,"Wheatbelt, Western Australia"
2008-09-10,0.0,12.286132194528406,Merredin,"Wheatbelt, Western Australia"
2008-09-11,0.0,12.286132194528406,Merredin,"Wheatbelt, Western Australia"
2008-09-12,0.0,12.286132194528406,Merredin,"Wheatbelt, Western Australia"
2008-09-13,0.0,12.286132194528406,Merredin,"Wheatbelt, Western Australia"
2008-09-14,0.0,12.286132194528406,Merredin,"Wheatbelt, Western Australia"
2008-09-15,0.0,12.286132194528406,Merredin,"Wheatbelt, Western Australia"
2008-09-16,0.0,12.286132194528406,Merredin,"Wheatbelt, Western Australia"
2008-09-17,2.053085457744605,12.286132194528406,Merredin,"Wheatbelt, Western Australia"
2008-09-18,0.0,12.286132194528406,Merredin,"Wheatbelt, Western Australia"
2008-09-19,0.0,12.286132194528406,Merredin,"Wheatbelt, Western Australia"
2008-09-20,2.1596107943645606,12.286132194528406,Merredin,"Wheatbelt, Western Australia"
2008-09-21,1.5089282576066314,12.286132194528406,Merredin,"Wheatbelt, Western Australia"
2008-09-22,0.0,12.286132194528406,Merredin,"Wheatbelt, Western Australia"
2008-09-23,0.0,12.286132194528406,Merredin,"Wheatbelt, Western Australia"
2008-09-24,0.0,12.286132194528406,Merredin,"Wheatbelt, Western Australia"
2008-09-25,0.0,12.286132194528406,Merredin,"Wheatbelt, Western Australia"
2008-09-26,0.0,12.286132194528406,Merredin,"Wheatbelt, Western Australia"
2008-09-27,0.7538392299861573,12.286132194528406,Merredin,"Wheatbelt, Western Australia"
2008-09-28,0.0,12.286132194528406,Merredin,"Wheatbelt, Western Australia"
2008-09-29,0.0,12.286132194528406,Merredin,"Wheatbelt, Western Australia"
2008-09-30,2.8185748555384595,12.286132194528406,Merredin,"Wheatbelt, Western Australia"
2008-10-01,0.0,13.562163948273978,Merredin,"Wheatbelt, Western Australia"
2008-10-02,0.0,13.562163948273978,Merredin,"Wheatbelt, Western Australia"
2008-10-03,0.0,13.562163948273978,Merredin,"Wheatbelt, Western Australia"
2008-10-04,1.586285905376477,13.562163948273978,Merredin,"Wheatbelt, Western Australia"
2008-10-05,0.0,13.562163948273978,Merredin,"Wheatbelt, Western Australia"
2008-10-06,0.0,13.562163948273978,Merredin,"Wheatbelt, Western Australia"
2008-10-07,1.630323802949652,13.562163948273978,Merredin,"Wheatbelt, Western Australia"
2008-10-08,0.0,13.562163948273978,Merredin,"Wheatbelt, Western Australia"
2008-10-09,1.7313432230747565,13.562163948273978,Merredin,"Wheatbelt, Western Australia"
2008-10-10,1.1317388686078105,13.562163948273978,Merredin,"Wheatbelt, Western Australia"
2008-10-11,0.0,13.562163948273978,Merredin,"Wheatbelt, Western Australia"
2008-10-12,0.0,13.562163948273978,Merredin,"Wheatbelt, Western Australia"
2008-10-13,0.0,13.562163948273978,Merredin,"Wheatbelt, Western Australia"
2008-10-14,0.0,13.562163948273978,Merredin,"Wheatbelt, Western Australia"
2008-10-15,0.0,13.562163948273978,Merredin,"Wheatbelt, Western Australia"
2008-10-16,0.0,13.562163948273978,Merredin,"Wheatbelt, Western Australia"
2008-10-17,0.0,13.562163948273978,Merredin,"Wheatbelt, Western Australia"
2008-10-18,0.0,13.562163948273978,Merredin,"Wheatbelt, Western Australia"
2008-10-19,0.0,13.562163948273978,Merredin,"Wheatbelt, Western Australia"
2008-10-20,0.0,13.562163948273978,Merredin,"Wheatbelt, Western Australia"
2008-10-21,0.0,13.562163948273978,Merredin,"Wheatbelt, Western Australia"
2008-10-22,0.0,13.562163948273978,Merredin,"Wheatbelt, Western Australia"
2008-10-23,0.0,13.562163948273978,Merredin,"Wheatbelt, Western Australia"
2008-10-24,7.482472148265282,13.562163948273978,Merredin,"Wheatbelt, Western Australia"
2008-10-25,0.0,13.562163948273978,Merredin,"Wheatbelt, Western Australia"
2008-10-26,0.0,13.562163948273978,Merredin,"Wheatbelt, Western Australia"
2008-10-27,0.0,13.562163948273978,Merredin,"Wheatbelt, Western Australia"
2008-10-28,0.0,13.562163948273978,Merredin,"Wheatbelt, Western Australia"
2008-10-29,0.0,13.562163948273978,Merredin,"Wheatbelt, Western Australia"
2008-10-30,0.0,13.562163948273978,Merredin,"Wheatbelt, Western Australia"
2008-10-31,0.0,13.562163948273978,Merredin,"Wheatbelt, Western Australia"
2008-11-01,0.0,24.23056006676718,Merredin,"Wheatbelt, Western Australia"
2008-11-02,0.0,24.23056006676718,Merredin,"Wheatbelt, Western Australia"
2008-11-03,0.0,24.23056006676718,Merredin,"Wheatbelt, Western Australia"
2008-11-04,1.1580073110879054,24.23056006676718,Merredin,"Wheatbelt, Western Australia"
2008-11-05,1.0494833601412654,24.23056006676718,Merredin,"Wheatbelt, Western Australia"
2008-11-06,0.0,24.23056006676718,Merredin,"Wheatbelt, Western Australia"
2008-11-07,0.0,24.23056006676718,Merredin,"Wheatbelt, Western Australia"
2008-11-08,0.0,24.23056006676718,Merredin,"Wheatbelt, Western Australia"
2008-11-09,5.2688241511790235,24.23056006676718,Merredin,"Wheatbelt, Western Australia"
2008-11-10,0.0,24.23056006676718,Merredin,"Wheatbelt, Western Australia"
2008-11-11,0.0,24.23056006676718,Merredin,"Wheatbelt, Western Australia"
2008-11-12,0.0,24.23056006676718,Merredin,"Wheatbelt, Western Australia"
2008-11-13,0.0,24.23056006676718,Merredin,"Wheatbelt, Western Australia"
2008-11-14,1.0841723184472782,24.23056006676718,Merredin,"Wheatbelt, Western Australia"
2008-11-15,0.0,24.23056006676718,Merredin,"Wheatbelt, Western Australia"
2008-11-16,0.0,24.23056006676718,Merredin,"Wheatbelt, Western Australia"
2008-11-17,0.0,24.23056006676718,Merredin,"Wheatbelt, Western Australia"
2008-11-18,1.7997257496464714,24.23056006676718,Merredin,"Wheatbelt, Western Australia"
2008-11-19,0.0,24.23056006676718,Merredin,"Wheatbelt, Western Australia"
2008-11-20,2.6841379903068727,24.23056006676718,Merredin,"Wheatbelt, Western Australia"
2008-11-21,0.0,24.23056006676718,Merredin,"Wheatbelt, Western Australia"
2008-11-22,0.0,24.23056006676718,Merredin,"Wheatbelt, Western Australia"
2008-11-23,0.0,24.23056006676718,Merredin,"Wheatbelt, Western Australia"
2008-11-24,0.0,24.23056006676718,Merredin,"Wheatbelt, Western Australia"
2008-11-25,0.0,24.23056006676718,Merredin,"Wheatbelt, Western Australia"
2008-11-26,0.0,24.23056006676718,Merredin,"Wheatbelt, Western Australia"
2008-11-27,7.8344916831775375,24.23056006676718,Merredin,"Wheatbelt, Western Australia"
2008-11-28,3.3517175027808244,24.23056006676718,Merredin,"Wheatbelt, Western Australia"
2008-11-29,0.0,24.23056006676718,Merredin,"Wheatbelt, Western Australia"
2008-11-30,0.0,24.23056006676718,Merredin,"Wheatbelt, Western Australia"
2008-12-01,0.0,12.645132301442375,Merredin,"Wheatbelt, Western Australia"
2008-12-02,0.0,12.645132301442375,Merredin,"Wheatbelt, Western Australia"
2008-12-03,0.0,12.645132301442375,Merredin,"Wheatbelt, Western Australia"
2008-12-04,0.0,12.645132301442375,Merredin,"Wheatbelt, Western Australia"
2008-12-05,3.8719723053168886,12.645132301442375,Merredin,"Wheatbelt, Western Australia"
2008-12-06,0.0,12.645132301442375,Merredin,"Wheatbelt, Western Australia"
2008-12-07,0.0,12.645132301442375,Merredin,"Wheatbelt, Western Australia"
2008-12-08,0.0,12.645132301442375,Merredin,"Wheatbelt, Western Australia"
2008-12-09,0.0,12.645132301442375,Merredin,"Wheatbelt, Western Australia"
2008-12-10,0.0,12.645132301442375,Merredin,"Wheatbelt, Western Australia"
2008-12-11,0.0,12.645132301442375,Merredin,"Wheatbelt, Western Australia"
2008-12-12,0.0,12.645132301442375,Merredin,"Wheatbelt, Western Australia"
2008-12-13,0.0,12.645132301442375,Merredin,"Wheatbelt, Western Australia"
2008-12-14,2.4414551787389205,12.645132301442375,Merredin,"Wheatbelt, Western Australia"
2008-12-15,0.0,12.645132301442375,Merredin,"Wheatbelt, Western Australia"
2008-12-16,1.7619850859468478,12.645132301442375,Merredin,"Wheatbelt, Western Australia"
2008-12-17,0.0,12.645132301442375,Merredin,"Wheatbelt, Western Australia"
2008-12-18,0.0,12.645132301442375,Merredin,"Wheatbelt, Western Australia"
2008-12-19,0.0,12.645132301442375,Merredin,"Wheatbelt, Western Australia"
2008-12-20,0.0,12.645132301442375,Merredin,"Wheatbelt, Western Australia"
2008-12-21,0.0,12.645132301442375,Merredin,"Wheatbelt, Western Australia"
2008-12-22,0.0,12.645132301442375,Merredin,"Wheatbelt, Western Australia"
2008-12-23,0.0,12.645132301442375,Merredin,"Wheatbelt, Western Australia"
2008-12-24,0.0,12.645132301442375,Merredin,"Wheatbelt, Western Australia"
2008-12-25,0.0,12.645132301442375,Merredin,"Wheatbelt, Western Australia"
2008-12-26,4.569719731439719,12.645132301442375,Merredin,"Wheatbelt, Western Australia"
2008-12-27,0.0,12.645132301442375,Merredin,"Wheatbelt, Western Australia"
2008-12-28,0.0,12.645132301442375,Merredin,"Wheatbelt, Western Australia"
2008-12-29,0.0,12.645132301442375,Merredin,"Wheatbelt, Western Australia"
2008-12-30,0.0,12.645132301442375,Merredin,"Wheatbelt, Western Australia"
2008-12-31,0.0,12.645132301442375,Merredin,"Wheatbelt, Western Australia"
2009-01-01,0.0,14.376275838523634,Merredin,"Wheatbelt, Western Australia"
2009-01-02,0.0,14.376275838523634,Merredin,"Wheatbelt, Western Australia"
2009-01-03,0.0,14.376275838523634,Merredin,"Wheatbelt, Western Australia"
2009-01-04,0.0,14.376275838523634,Merredin,"Wheatbelt, Western Australia"
2009-01-05,2.4115952860241836,14.376275838523634,Merredin,"Wheatbelt, Western Australia"
2009-01-06,0.0,14.376275838523634,Merredin,"Wheatbelt, Western Australia"
2009-01-07,0.0,14.376275838523634,Merredin,"Wheatbelt, Western Australia"
2009-01-08,0.0,14.376275838523634,Merredin,"Wheatbelt, Western Australia"
2009-01-09,0.0,14.376275838523634,Merredin,"Wheatbelt, Western Australia"
2009-01-10,0.0,14.376275838523634,Merredin,"Wheatbelt, Western Australia"
2009-01-11,0.0,14.376275838523634,Merredin,"Wheatbelt, Western Australia"
2009-01-12,0.0,14.376275838523634,Merredin,"Wheatbelt, Western Australia"
2009-01-13,0.0,14.376275838523634,Merredin,"Wheatbelt, Western Australia"
2009-01-14,0.0,14.376275838523634,Merredin,"Wheatbelt, Western Australia"
2009-01-15,0.0,14.376275838523634,Merredin,"Wheatbelt, Western Australia"
2009-01-16,6.784621585176294,14.376275838523634,Merredin,"Wheatbelt, Western Australia"
2009-01-17,0.0,14.376275838523634,Merredin,"Wheatbelt, Western Australia"
2009-01-18,0.0,14.376275838523634,Merredin,"Wheatbelt, Western Australia"
2009-01-19,5.1800589673231565,14.376275838523634,Merredin,"Wheatbelt, Western Australia"
2009-01-20,0.0,14.376275838523634,Merredin,"Wheatbelt, Western Australia"
2009-01-21,0.0,14.376275838523634,Merredin,"Wheatbelt, Western Australia"
2009-01-22,0.0,14.376275838523634,Merredin,"Wheatbelt, Western Australia"
2009-01-23,0.0,14.376275838523634,Merredin,"Wheatbelt, Western Australia"
2009-01-24,0.0,14.376275838523634,Merredin,"Wheatbelt, Western Australia"
2009-01-25,0.0,14.376275838523634,Merredin,"Wheatbelt, Western Australia"
2009-01-26,0.0,14.376275838523634,Merredin,"Wheatbelt, Western Australia"
2009-01-27,0.0,14.376275838523634,Merredin,"Wheatbelt, Western Australia"
2009-01-28,0.0,14.376275838523634,Merredin,"Wheatbelt, Western Australia"
2009-01-29,0.0,14.376275838523634,Merredin,"Wheatbelt, Western Australia"
2009-01-30,0.0,14.376275838523634,Merredin,"Wheatbelt, Western Australia"
2009-01-31,0.0,14.376275838523634,Merredin,"Wheatbelt, Western Australia"
2009-02-01,0.0,20.339368082175838,Merredin,"Wheatbelt, Western Australia"
2009-02-02,0.0,20.339368082175838,Merredin,"Wheatbelt, Western Australia"
2009-02-03,0.0,20.339368082175838,Merredin,"Wheatbelt, Western Australia"
2009-02-04,0.0,20.339368082175838,Merredin,"Wheatbelt, Western Australia"
2009-02-05,0.0,20.339368082175838,Merredin,"Wheatbelt, Western Australia"
2009-02-06,0.0,20.339368082175838,Merredin,"Wheatbelt, Western Australia"
2009-02-07,0.0,20.339368082175838,Merredin,"Wheatbelt, Western Australia"
2009-02-08,0.0,20.339368082175838,Merredin,"Wheatbelt, Western Australia"
2009-02-09,3.5745595730978663,20.339368082175838,Merredin,"Wheatbelt, Western Australia"
2009-02-10,0.0,20.339368082175838,Merredin,"Wheatbelt, Western Australia"
2009-02-11,0.0,20.339368082175838,Merredin,"Wheatbelt, Western Australia"
2009-02-12,2.650601899090724,20.339368082175838,Merredin,"Wheatbelt, Western Australia"
2009-02-13,0.0,20.339368082175838,Merredin,"Wheatbelt, Western Australia"
2009-02-14,0.0,20.339368082175838,Merredin,"Wheatbelt, Western Australia"
2009-02-15,0.0,20.339368082175838,Merredin,"Wheatbelt, Western Australia"
2009-02-16,0.0,20.339368082175838,Merredin,"Wheatbelt, Western Australia"
2009-02-17,2.5757451202266086,20.339368082175838,Merredin,"Wheatbelt, Western Australia"
2009-02-18,0.0,20.339368082175838,Merredin,"Wheatbelt, Western Australia"
2009-02-19,0.0,20.339368082175838,Merredin,"Wheatbelt, Western Australia"
2009-02-20,0.0,20.339368082175838,Merredin,"Wheatbelt, Western Australia"
2009-02-21,0.0,20.339368082175838,Merredin,"Wheatbelt, Western Australia"
2009-02-22,6.25203675704012,20.339368082175838,Merredin,"Wheatbelt, Western Australia"
2009-02-23,5.286424732720518,20.339368082175838,Merredin,"Wheatbelt, Western Australia"
2009-02-24,0.0,20.339368082175838,Merredin,"Wheatbelt, Western Australia"
2009-02-25,0.0,20.339368082175838,Merredin,"Wheatbelt, Western Australia"
2009-02-26,0.0,20.339368082175838,Merredin,"Wheatbelt, Western Australia"
2009-02-27,0.0,20.339368082175838,Merredin,"Wheatbelt, Western Australia"
2009-02-28,0.0,20.339368082175838,Merredin,"Wheatbelt, Western Australia"
2009-03-01,0.0,17.91624071362782,Merredin,"Wheatbelt, Western Australia"
2009-03-02,2.1640079856757133,17.91624071362782,Merredin,"Wheatbelt, Western Australia"
2009-03-03,0.0,17.91624071362782,Merredin,"Wheatbelt, Western Australia"
2009-03-04,0.0,17.91624071362782,Merredin,"Wheatbelt, Western Australia"
2009-03-05,0.0,17.91624071362782,Merredin,"Wheatbelt, Western Australia"
2009-03-06,0.0,17.91624071362782,Merredin,"Wheatbelt, Western Australia"
2009-03-07,0.0,17.91624071362782,Merredin,"Wheatbelt, Western Australia"
2009-03-08,0.0,17.91624071362782,Merredin,"Wheatbelt, Western Australia"
2009-03-09,3.032479161712216,17.91624071362782,Merredin,"Wheatbelt, Western Australia"
2009-03-10,0.0,17.91624071362782,Merredin,"Wheatbelt, Western Australia"
2009-03-11,0.0,17.91624071362782,Merredin,"Wheatbelt, Western Australia"
2009-03-12,0.0,17.91624071362782,Merredin,"Wheatbelt, Western Australia"
2009-03-13,0.0,17.91624071362782,Merredin,"Wheatbelt, Western Australia"
2009-03-14,1.7010835854805237,17.91624071362782,Merredin,"Wheatbelt, Western Australia"
2009-03-15,0.0,17.91624071362782,Merredin,"Wheatbelt, Western Australia"
2009-03-16,0.0,17.91624071362782,Merredin,"Wheatbelt, Western Australia"
2009-03-17,0.0,17.91624071362782,Merredin,"Wheatbelt, Western Australia"
2009-03-18,0.0,17.91624071362782,Merredin,"Wheatbelt, Western Australia"
2009-03-19,0.967445392706424,17.91624071362782,Merredin,"Wheatbelt, Western Australia"
2009-03-20,0.0,17.91624071362782,Merredin,"Wheatbelt, Western Australia"
2009-03-21,0.0,17.91624071362782,Merredin,"Wheatbelt, Western Australia"
2009-03-22,5.5214217496529585,17.91624071362782,Merredin,"Wheatbelt, Western Australia"
2009-03-23,0.0,17.91624071362782,Merredin,"Wheatbelt, Western Australia"
2009-03-24,3.9409507362057017,17.91624071362782,Merredin,"Wheatbelt, Western Australia"
2009-03-25,0.0,17.91624071362782,Merredin,"Wheatbelt, Western Australia"
2009-03-26,0.0,17.91624071362782,Merredin,"Wheatbelt, Western Australia"
2009-03-27,0.5888521021942821,17.91624071362782,Merredin,"Wheatbelt, Western Australia"
2009-03-28,0.0,17.91624071362782,Merredin,"Wheatbelt, Western Australia"
2009-03-29,0.0,17.91624071362782,Merredin,"Wheatbelt, Western Australia"
2009-03-30,0.0,17.91624071362782,Merredin,"Wheatbelt, Western Australia"
2009-03-31,0.0,17.91624071362782,Merredin,"Wheatbelt, Western Australia"
2009-04-01,0.0,26.972405826834034,Merredin,"Wheatbelt, Western Australia"
2009-04-02,0.0,26.972405826834034,Merredin,"Wheatbelt, Western Australia"
2009-04-03,0.0,26.972405826834034,Merredin,"Wheatbelt, Western Australia"
2009-04-04,0.0,26.972405826834034,Merredin,"Wheatbelt, Western Australia"
2009-04-05,1.757488068935612,26.972405826834034,Merredin,"Wheatbelt, Western Australia"
2009-04-06,0.0,26.972405826834034,Merredin,"Wheatbelt, Western Australia"
2009-04-07,0.0,26.972405826834034,Merredin,"Wheatbelt, Western Australia"
2009-04-08,0.0,26.972405826834034,Merredin,"Wheatbelt, Western Australia"
2009-04-09,0.0,26.972405826834034,Merredin,"Wheatbelt, Western Australia"
2009-04-10,6.206896122988562,26.972405826834034,Merredin,"Wheatbelt, Western Australia"
2009-04-11,5.873997914138597,26.972405826834034,Merredin,"Wheatbelt, Western Australia"
2009-04-12,0.0,26.972405826834034,Merredin,"Wheatbelt, Western Australia"
2009-04-13,2.5867458593288344,26.972405826834034,Merredin,"Wheatbelt, Western Australia"
2009-04-14,0.0,26.972405826834034,Merredin,"Wheatbelt, Western Australia"
2009-04-15,0.0,26.972405826834034,Merredin,"Wheatbelt, Western Australia"
2009-04-16,0.0,26.972405826834034,Merredin,"Wheatbelt, Western Australia"
2009-04-17,0.0,26.972405826834034,Merredin,"Wheatbelt, Western Australia"
2009-04-18,0.0,26.972405826834034,Merredin,"Wheatbelt, Western Australia"
2009-04-19,0.0,26.972405826834034,Merredin,"Wheatbelt, Western Australia"
2009-04-20,0.0,26.972405826834034,Merredin,"Wheatbelt, Western Australia"
2009-04-21,1.9216680766767051,26.972405826834034,Merredin,"Wheatbelt, Western Australia"
2009-04-22,0.0,26.972405826834034,Merredin,"Wheatbelt, Western Australia"
2009-04-23,2.6146351487926918,26.972405826834034,Merredin,"Wheatbelt, Western Australia"
2009-04-24,0.0,26.972405826834034,Merredin,"Wheatbelt, Western Australia"
2009-04-25,0.0,26.972405826834034,Merredin,"Wheatbelt, Western Australia"
2009-04-26,0.0,26.972405826834034,Merredin,"Wheatbelt, Western Australia"
2009-04-27,0.0,26.972405826834034,Merredin,"Wheatbelt, Western Australia"
2009-04-28,0.0,26.972405826834034,Merredin,"Wheatbelt, Western Australia"
2009-04-29,0.0,26.972405826834034,Merredin,"Wheatbelt, Western Australia"
2009-04-30,6.010974635973032,26.972405826834034,Merredin,"Wheatbelt, Western Australia"
2009-05-01,0.0,21.833537964990033,Merredin,"Wheatbelt, Western Australia"
2009-05-02,0.0,21.833537964990033,Merredin,"Wheatbelt, Western Australia"
2009-05-03,0.0,21.833537964990033,Merredin,"Wheatbelt, Western Australia"
2009-05-04,0.0,21.833537964990033,Merredin,"Wheatbelt, Western Australia"
2009-05-05,0.0,21.833537964990033,Merredin,"Wheatbelt, Western Australia"
2009-05-06,0.0,21.833537964990033,Merredin,"Wheatbelt, Western Australia"
2009-05-07,0.0,21.833537964990033,Merredin,"Wheatbelt, Western Australia"
2009-05-08,0.0,21.833537964990033,Merredin,"Wheatbelt, Western Australia"
2009-05-09,0.0,21.833537964990033,Merredin,"Wheatbelt, Western Australia"
2009-05-10,0.0,21.833537964990033,Merredin,"Wheatbelt, Western Australia"
2009-05-11,0.0,21.833537964990033,Merredin,"Wheatbelt, Western Australia"
2009-05-12,0.0,21.833537964990033,Merredin,"Wheatbelt, Western Australia"
2009-05-13,0.0,21.833537964990033,Merredin,"Wheatbelt, Western Australia"
2009-05-14,0.0,21.833537964990033,Merredin,"Wheatbelt, Western Australia"
2009-05-15,0.0,21.833537964990033,Merredin,"Wheatbelt, Western Australia"
2009-05-16,0.0,21.833537964990033,Merredin,"Wheatbelt, Western Australia"
2009-05-17,0.0,21.833537964990033,Merredin,"Wheatbelt, Western Australia"
2009-05-18,11.41105660743446,21.833537964990033,Merredin,"Wheatbelt, Western Australia"
2009-05-19,0.0,21.833537964990033,Merredin,"Wheatbelt, Western Australia"
2009-05-20,0.0,21.833537964990033,Merredin,"Wheatbelt, Western Australia"
2009-05-21,0.0,21.833537964990033,Merredin,"Wheatbelt, Western Australia"
2009-05-22,0.0,21.833537964990033,Merredin,"Wheatbelt, Western Australia"
2009-05-23,1.3845065281750786,21.833537964990033,Merredin,"Wheatbelt, Western Australia"
2009-05-24,7.974813521557306,21.833537964990033,Merredin,"Wheatbelt, Western Australia"
2009-05-25,1.0631613078231879,21.833537964990033,Merredin,"Wheatbelt, Western Australia"
2009-05-26,0.0,21.833537964990033,Merredin,"Wheatbelt, Western Australia"
2009-05-27,0.0,21.833537964990033,Merredin,"Wheatbelt, Western Australia"
2009-05-28,0.0,21.833537964990033,Merredin,"Wheatbelt, Western Australia"
2009-05-29,0.0,21.833537964990033,Merredin,"Wheatbelt, Western Australia"
2009-05-30,0.0,21.833537964990033,Merredin,"Wheatbelt, Western Australia"
2009-05-31,0.0,21.833537964990033,Merredin,"Wheatbelt, Western Australia"
2009-06-01,0.0,26.087041344666698,Merredin,"Wheatbelt, Western Australia"
2009-06-02,0.0,26.087041344666698,Merredin,"Wheatbelt, Western Australia"
2009-06-03,0.0,26.087041344666698,Merredin,"Wheatbelt, Western Australia"
2009-06-04,0.0,26.087041344666698,Merredin,"Wheatbelt, Western Australia"
2009-06-05,7.181438412094001,26.087041344666698,Merredin,"Wheatbelt, Western Australia"
2009-06-06,0.0,26.087041344666698,Merredin,"Wheatbelt, Western Australia"
2009-06-07,0.0,26.087041344666698,Merredin,"Wheatbelt, Western Australia"
2009-06-08,0.0,26.087041344666698,Merredin,"Wheatbelt, Western Australia"
2009-06-09,0.0,26.087041344666698,Merredin,"Wheatbelt, Western Australia"
2009-06-10,6.073614199099706,26.087041344666698,Merredin,"Wheatbelt, Western Australia"
2009-06-11,0.0,26.087041344666698,Merredin,"Wheatbelt, Western Australia"
2009-06-12,2.7951627930790193,26.087041344666698,Merredin,"Wheatbelt, Western Australia"
2009-06-13,0.0,26.087041344666698,Merredin,"Wheatbelt, Western Australia"
2009-06-14,0.0,26.087041344666698,Merredin,"Wheatbelt, Western Australia"
2009-06-15,0.0,26.087041344666698,Merredin,"Wheatbelt, Western Australia"
2009-06-16,0.0,26.087041344666698,Merredin,"Wheatbelt, Western Australia"
2009-06-17,0.0,26.087041344666698,Merredin,"Wheatbelt, Western Australia"
2009-06-18,0.0,26.087041344666698,Merredin,"Wheatbelt, Western Australia"
2009-06-19,0.0,26.087041344666698,Merredin,"Wheatbelt, Western Australia"
2009-06-20,0.0,26.087041344666698,Merredin,"Wheatbelt, Western Australia"
2009-06-21,0.0,26.087041344666698,Merredin,"Wheatbelt, Western Australia"
2009-06-22,0.7236145909117779,26.087041344666698,Merredin,"Wheatbelt, Western Australia"
2009-06-23,1.6285966065124693,26.087041344666698,Merredin,"Wheatbelt, Western Australia"
2009-06-24,0.0,26.087041344666698,Merredin,"Wheatbelt, Western Australia"
2009-06-25,0.0,26.087041344666698,Merredin,"Wheatbelt, Western Australia"
2009-06-26,2.823099789317394,26.087041344666698,Merredin,"Wheatbelt, Western Australia"
2009-06-27,0.0,26.087041344666698,Merredin,"Wheatbelt, Western Australia"
2009-06-28,0.0,26.087041344666698,Merredin,"Wheatbelt, Western Australia"
2009-06-29,1.9752894766853162,26.087041344666698,Merredin,"Wheatbelt, Western Australia"
2009-06-30,2.8862254769670153,26.087041344666698,Merredin,"Wheatbelt, Western Australia"
2009-07-01,0.0,39.310701280519716,Merredin,"Wheatbelt, Western Australia"
2009-07-02,0.0,39.310701280519716,Merredin,"Wheatbelt, Western Australia"
2009-07-03,3.411303236384508,39.310701280519716,Merredin,"Wheatbelt, Western Australia"
2009-07-04,0.0,39.310701280519716,Merredin,"Wheatbelt, Western Australia"
2009-07-05,3.5735489616906335,39.310701280519716,Merredin,"Wheatbelt, Western Australia"
2009-07-06,0.0,39.310701280519716,Merredin,"Wheatbelt, Western Australia"
2009-07-07,3.732348448209458,39.310701280519716,Merredin,"Wheatbelt, Western Australia"
2009-07-08,0.0,39.310701280519716,Merredin,"Wheatbelt, Western Australia"
2009-07-09,0.0,39.310701280519716,Merredin,"Wheatbelt, Western Australia"
2009-07-10,3.9004686606456125,39.310701280519716,Merredin,"Wheatbelt, Western Australia"
2009-07-11,0.0,39.310701280519716,Merredin,"Wheatbelt, Western Australia"
2009-07-12,0.0,39.310701280519716,Merredin,"Wheatbelt, Western Australia"
2009-07-13,0.0,39.310701280519716,Merredin,"Wheatbelt, Western Australia"
2009-07-14,0.0,39.310701280519716,Merredin,"Wheatbelt, Western Australia"
2009-07-15,4.77631931829529,39.310701280519716,Merredin,"Wheatbelt, Western Australia"
2009-07-16,0.0,39.310701280519716,Merredin,"Wheatbelt, Western Australia"
2009-07-17,0.0,39.310701280519716,Merredin,"Wheatbelt, Western Australia"
2009-07-18,0.0,39.310701280519716,Merredin,"Wheatbelt, Western Australia"
2009-07-19,4.382243202352131,39.310701280519716,Merredin,"Wheatbelt, Western Australia"
2009-07-20,0.0,39.310701280519716,Merredin,"Wheatbelt, Western Australia"
2009-07-21,1.8992283857449093,39.310701280519716,Merredin,"Wheatbelt, Western Australia"
2009-07-22,6.570564253765149,39.310701280519716,Merredin,"Wheatbelt, Western Australia"
2009-07-23,0.0,39.310701280519716,Merredin,"Wheatbelt, Western Australia"
2009-07-24,0.0,39.310701280519716,Merredin,"Wheatbelt, Western Australia"
2009-07-25,0.0,39.310701280519716,Merredin,"Wheatbelt, Western Australia"
2009-07-26,7.064676813432024,39.310701280519716,Merredin,"Wheatbelt, Western Australia"
2009-07-27,0.0,39.310701280519716,Merredin,"Wheatbelt, Western Australia"
2009-07-28,0.0,39.310701280519716,Merredin,"Wheatbelt, Western Australia"
2009-07-29,0.0,39.310701280519716,Merredin,"Wheatbelt, Western Australia"
2009-07-30,0.0,39.310701280519716,Merredin,"Wheatbelt, Western Australia"
2009-07-31,0.0,39.310701280519716,Merredin,"Wheatbelt, Western Australia"
2009-08-01,0.0,27.412460979909742,Merredin,"Wheatbelt, Western Australia"
2009-08-02,6.163484048491023,27.412460979909742,Merredin,"Wheatbelt, Western Australia"
2009-08-03,0.0,27.412460979909742,Merredin,"Wheatbelt, Western Australia"
2009-08-04,0.0,27.412460979909742,Merredin,"Wheatbelt, Western Australia"
2009-08-05,0.0,27.412460979909742,Merredin,"Wheatbelt, Western Australia"
2009-08-06,0.0,27.412460979909742,Merredin,"Wheatbelt, Western Australia"
2009-08-07,0.0,27.412460979909742,Merredin,"Wheatbelt, Western Australia"
2009-08-08,0.0,27.412460979909742,Merredin,"Wheatbelt, Western Australia"
2009-08-09,0.0,27.412460979909742,Merredin,"Wheatbelt, Western Australia"
2009-08-10,0.0,27.412460979909742,Merredin,"Wheatbelt, Western Australia"
2009-08-11,0.0,27.412460979909742,Merredin,"Wheatbelt, Western Australia"
2009-08-12,4.1308761145569575,27.412460979909742,Merredin,"Wheatbelt, Western Australia"
2009-08-13,7.053696539888858,27.412460979909742,Merredin,"Wheatbelt, Western Australia"
2009-08-14,0.0,27.412460979909742,Merredin,"Wheatbelt, Western Australia"
2009-08-15,6.517304086538182,27.412460979909742,Merredin,"Wheatbelt, Western Australia"
2009-08-16,0.0,27.412460979909742,Merredin,"Wheatbelt, Western Australia"
2009-08-17,0.0,27.412460979909742,Merredin,"Wheatbelt, Western Australia"
2009-08-18,0.0,27.412460979909742,Merredin,"Wheatbelt, Western Australia"
2009-08-19,0.7772765673899176,27.412460979909742,Merredin,"Wheatbelt, Western Australia"
2009-08-20,0.0,27.412460979909742,Merredin,"Wheatbelt, Western Australia"
2009-08-21,0.0,27.412460979909742,Merredin,"Wheatbelt, Western Australia"
2009-08-22,0.0,27.412460979909742,Merredin,"Wheatbelt, Western Australia"
2009-08-23,2.7698236230448052,27.412460979909742,Merredin,"Wheatbelt, Western Australia"
2009-08-24,0.0,27.412460979909742,Merredin,"Wheatbelt, Western Australia"
2009-08-25,0.0,27.412460979909742,Merredin,"Wheatbelt, Western Australia"
2009-08-26,0.0,27.412460979909742,Merredin,"Wheatbelt, Western Australia"
2009-08-27,0.0,27.412460979909742,Merredin,"Wheatbelt, Western Australia"
2009-08-28,0.0,27.412460979909742,Merredin,"Wheatbelt, Western Australia"
2009-08-29,0.0,27.412460979909742,Merredin,"Wheatbelt, Western Australia"
2009-08-30,0.0,27.412460979909742,Merredin,"Wheatbelt, Western Australia"
2009-08-31,0.0,27.412460979909742,Merredin,"Wheatbelt, Western Australia"
2009-09-01,0.0,23.175394438614045,Merredin,"Wheatbelt, Western Australia"
2009-09-02,2.6710390269084026,23.175394438614045,Merredin,"Wheatbelt, Western Australia"
2009-09-03,0.0,23.175394438614045,Merredin,"Wheatbelt, Western Australia"
2009-09-04,3.790873523816809,23.175394438614045,Merredin,"Wheatbelt, Western Australia"
2009-09-05,0.0,23.175394438614045,Merredin,"Wheatbelt, Western Australia"
2009-09-06,0.0,23.175394438614045,Merredin,"Wheatbelt, Western Australia"
2009-09-07,2.5123937467126334,23.175394438614045,Merredin,"Wheatbelt, Western Australia"
2009-09-08,0.0,23.175394438614045,Merredin,"Wheatbelt, Western Australia"
2009-09-09,0.0,23.175394438614045,Merredin,"Wheatbelt, Western Australia"
2009-09-10,0.0,23.175394438614045,Merredin,"Wheatbelt, Western Australia"
2009-09-11,0.0,23.175394438614045,Merredin,"Wheatbelt, Western Australia"
2009-09-12,0.0,23.175394438614045,Merredin,"Wheatbelt, Western Australia"
2009-09-13,0.0,23.175394438614045,Merredin,"Wheatbelt, Western Australia"
2009-09-14,0.0,23.175394438614045,Merredin,"Wheatbelt, Western Australia"
2009-09-15,2.063468002192237,23.175394438614045,Merredin,"Wheatbelt, Western Australia"
2009-09-16,0.0,23.175394438614045,Merredin,"Wheatbelt, Western Australia"
2009-09-17,0.0,23.175394438614045,Merredin,"Wheatbelt, Western Australia"
2009-09-18,0.0,23.175394438614045,Merredin,"Wheatbelt, Western Australia"
2009-09-19,0.0,23.175394438614045,Merredin,"Wheatbelt, Western Australia"
2009-09-20,0.0,23.175394438614045,Merredin,"Wheatbelt, Western Australia"
2009-09-21,0.0,23.175394438614045,Merredin,"Wheatbelt, Western Australia"
2009-09-22,0.0,23.175394438614045,Merredin,"Wheatbelt, Western Australia"
2009-09-23,0.0,23.175394438614045,Merredin,"Wheatbelt, Western Australia"
2009-09-24,0.0,23.175394438614045,Merredin,"Wheatbelt, Western Australia"
2009-09-25,0.0,23.175394438614045,Merredin,"Wheatbelt, Western Australia"
2009-09-26,0.0,23.175394438614045,Merredin,"Wheatbelt, Western Australia"
2009-09-27,0.0,23.175394438614045,Merredin,"Wheatbelt, Western Australia"
2009-09-28,9.922905617376212,23.175394438614045,Merredin,"Wheatbelt, Western Australia"
2009-09-29,0.0,23.175394438614045,Merredin,"Wheatbelt, Western Australia"
2009-09-30,2.21471452160775,23.175394438614045,Merredin,"Wheatbelt, Western Australia"
2009-10-01,0.0,31.55872952822397,Merredin,"Wheatbelt, Western Australia"
2009-10-02,13.7057501496527,31.55872952822397,Merredin,"Wheatbelt, Western Australia"
2009-10-03,0.0,31.55872952822397,Merredin,"Wheatbelt, Western Australia"
2009-10-04,0.0,31.55872952822397,Merredin,"Wheatbelt, Western Australia"
2009-10-05,0.0,31.55872952822397,Merredin,"Wheatbelt, Western Australia"
2009-10-06,0.0,31.55872952822397,Merredin,"Wheatbelt, Western Australia"
2009-10-07,0.0,31.55872952822397,Merredin,"Wheatbelt, Western Australia"
2009-10-08,0.0,31.55872952822397,Merredin,"Wheatbelt, Western Australia"
2009-10-09,0.0,31.55872952822397,Merredin,"Wheatbelt, Western Australia"
2009-10-10,0.0,31.55872952822397,Merredin,"Wheatbelt, Western Australia"
2009-10-11,2.340085882285132,31.55872952822397,Merredin,"Wheatbelt, Western Australia"
2009-10-12,0.0,31.55872952822397,Merredin,"Wheatbelt, Western Australia"
2009-10-13,0.08545218804269741,31.55872952822397,Merredin,"Wheatbelt, Western Australia"
2009-10-14,0.0,31.55872952822397,Merredin,"Wheatbelt, Western Australia"
2009-10-15,0.0,31.55872952822397,Merredin,"Wheatbelt, Western Australia"
2009-10-16,2.5014517530535914,31.55872952822397,Merredin,"Wheatbelt, Western Australia"
2009-10-17,0.0,31.55872952822397,Merredin,"Wheatbelt, Western Australia"
2009-10-18,0.0,31.55872952822397,Merredin,"Wheatbelt, Western Australia"
2009-10-19,0.0,31.55872952822397,Merredin,"Wheatbelt, Western Australia"
2009-10-20,2.289555982594667,31.55872952822397,Merredin,"Wheatbelt, Western Australia"
2009-10-21,0.0,31.55872952822397,Merredin,"Wheatbelt, Western Australia"
2009-10-22,0.7567563571137039,31.55872952822397,Merredin,"Wheatbelt, Western Australia"
2009-10-23,0.0,31.55872952822397,Merredin,"Wheatbelt, Western Australia"
2009-10-24,0.0,31.55872952822397,Merredin,"Wheatbelt, Western Australia"
2009-10-25,0.0,31.55872952822397,Merredin,"Wheatbelt, Western Australia"
2009-10-26,0.0,31.55872952822397,Merredin,"Wheatbelt, Western Australia"
2009-10-27,0.0,31.55872952822397,Merredin,"Wheatbelt, Western Australia"
2009-10-28,0.0,31.55872952822397,Merredin,"Wheatbelt, Western Australia"
2009-10-29,0.0,31.55872952822397,Merredin,"Wheatbelt, Western Australia"
2009-10-30,7.168886093701771,31.55872952822397,Merredin,"Wheatbelt, Western Australia"
2009-10-31,2.7107911217797094,31.55872952822397,Merredin,"Wheatbelt, Western Australia"
2009-11-01,0.0,28.939957201794698,Merredin,"Wheatbelt, Western Australia"
2009-11-02,0.0,28.939957201794698,Merredin,"Wheatbelt, Western Australia"
2009-11-03,0.0,28.939957201794698,Merredin,"Wheatbelt, Western Australia"
2009-11-04,0.0,28.939957201794698,Merredin,"Wheatbelt, Western Australia"
2009-11-05,0.0,28.939957201794698,Merredin,"Wheatbelt, Western Australia"
2009-11-06,0.0,28.939957201794698,Merredin,"Wheatbelt, Western Australia"
2009-11-07,4.146012570459893,28.939957201794698,Merredin,"Wheatbelt, Western Australia"
2009-11-08,0.0,28.939957201794698,Merredin,"Wheatbelt, Western Australia"
2009-11-09,0.0,28.939957201794698,Merredin,"Wheatbelt, Western Australia"
2009-11-10,1.9465970761852462,28.939957201794698,Merredin,"Wheatbelt, Western Australia"
2009-11-11,0.0,28.939957201794698,Merredin,"Wheatbelt, Western Australia"
2009-11-12,0.0,28.939957201794698,Merredin,"Wheatbelt, Western Australia"
2009-11-13,0.0,28.939957201794698,Merredin,"Wheatbelt, Western Australia"
2009-11-14,0.0,28.939957201794698,Merredin,"Wheatbelt, Western Australia"
2009-11-15,7.305703330690389,28.939957201794698,Merredin,"Wheatbelt, Western Australia"
2009-11-16,0.0,28.939957201794698,Merredin,"Wheatbelt, Western Australia"
2009-11-17,0.0,28.939957201794698,Merredin,"Wheatbelt, Western Australia"
2009-11-18,3.1219820331727774,28.939957201794698,Merredin,"Wheatbelt, Western Australia"
2009-11-19,0.0,28.939957201794698,Merredin,"Wheatbelt, Western Australia"
2009-11-20,4.2437739297726065,28.939957201794698,Merredin,"Wheatbelt, Western Australia"
2009-11-21,0.0,28.939957201794698,Merredin,"Wheatbelt, Western Australia"
2009-11-22,5.687654214076669,28.939957201794698,Merredin,"Wheatbelt, Western Australia"
2009-11-23,0.0,28.939957201794698,Merredin,"Wheatbelt, Western Australia"
2009-11-24,2.488234047437115,28.939957201794698,Merredin,"Wheatbelt, Western Australia"
2009-11-25,0.0,28.939957201794698,Merredin,"Wheatbelt, Western Australia"
2009-11-26,0.0,28.939957201794698,Merredin,"Wheatbelt, Western Australia"
2009-11-27,0.0,28.939957201794698,Merredin,"Wheatbelt, Western Australia"
2009-11-28,0.0,28.939957201794698,Merredin,"Wheatbelt, Western Australia"
2009-11-29,0.0,28.939957201794698,Merredin,"Wheatbelt, Western Australia"
2009-11-30,0.0,28.939957201794698,Merredin,"Wheatbelt, Western Australia"
2009-12-01,0.0,37.894013717002935,Merredin,"Wheatbelt, Western Australia"
2009-12-02,0.0,37.894013717002935,Merredin,"Wheatbelt, Western Australia"
2009-12-03,0.0,37.894013717002935,Merredin,"Wheatbelt, Western Australia"
2009-12-04,0.0,37.894013717002935,Merredin,"Wheatbelt, Western Australia"
2009-12-05,0.0,37.894013717002935,Merredin,"Wheatbelt, Western Australia"
2009-12-06,0.0,37.894013717002935,Merredin,"Wheatbelt, Western Australia"
2009-12-07,0.0,37.894013717002935,Merredin,"Wheatbelt, Western Australia"
2009-12-08,11.514675818376771,37.894013717002935,Merredin,"Wheatbelt, Western Australia"
2009-12-09,3.1492351752971577,37.894013717002935,Merredin,"Wheatbelt, Western Australia"
2009-12-10,0.0,37.894013717002935,Merredin,"Wheatbelt, Western Australia"
2009-12-11,0.0,37.894013717002935,Merredin,"Wheatbelt, Western Australia"
2009-12-12,0.0,37.894013717002935,Merredin,"Wheatbelt, Western Australia"
2009-12-13,0.0,37.894013717002935,Merredin,"Wheatbelt, Western Australia"
2009-12-14,0.0,37.894013717002935,Merredin,"Wheatbelt, Western Australia"
2009-12-15,0.0,37.894013717002935,Merredin,"Wheatbelt, Western Australia"
2009-12-16,0.0,37.894013717002935,Merredin,"Wheatbelt, Western Australia"
2009-12-17,2.449304864748183,37.894013717002935,Merredin,"Wheatbelt, Western Australia"
2009-12-18,8.052880593333839,37.894013717002935,Merredin,"Wheatbelt, Western Australia"
2009-12-19,2.6668668485273526,37.894013717002935,Merredin,"Wheatbelt, Western Australia"
2009-12-20,0.0,37.894013717002935,Merredin,"Wheatbelt, Western Australia"
2009-12-21,0.0,37.894013717002935,Merredin,"Wheatbelt, Western Australia"
2009-12-22,0.0,37.894013717002935,Merredin,"Wheatbelt, Western Australia"
2009-12-23,0.0,37.894013717002935,Merredin,"Wheatbelt, Western Australia"
2009-12-24,0.0,37.894013717002935,Merredin,"Wheatbelt, Western Australia"
2009-12-25,0.0,37.894013717002935,Merredin,"Wheatbelt, Western Australia"
2009-12-26,2.8948116630392806,37.894013717002935,Merredin,"Wheatbelt, Western Australia"
2009-12-27,0.0,37.894013717002935,Merredin,"Wheatbelt, Western Australia"
2009-12-28,0.0,37.894013717002935,Merredin,"Wheatbelt, Western Australia"
2009-12-29,0.0,37.894013717002935,Merredin,"Wheatbelt, Western Australia"
2009-12-30,7.166238753680354,37.894013717002935,Merredin,"Wheatbelt, Western Australia"
2009-12-31,0.0,37.894013717002935,Merredin,"Wheatbelt, Western Australia"
2010-01-01,0.0,26.809522555520374,Merredin,"Wheatbelt, Western Australia"
2010-01-02,0.0,26.809522555520374,Merredin,"Wheatbelt, Western Australia"
2010-01-03,0.0,26.809522555520374,Merredin,"Wheatbelt, Western Australia"
2010-01-04,0.0,26.809522555520374,Merredin,"Wheatbelt, Western Australia"
2010-01-05,0.0,26.809522555520374,Merredin,"Wheatbelt, Western Australia"
2010-01-06,0.0,26.809522555520374,Merredin,"Wheatbelt, Western Australia"
2010-01-07,0.0,26.809522555520374,Merredin,"Wheatbelt, Western Australia"
2010-01-08,0.0,26.809522555520374,Merredin,"Wheatbelt, Western Australia"
2010-01-09,0.0,26.809522555520374,Merredin,"Wheatbelt, Western Australia"
2010-01-10,3.708328227522398,26.809522555520374,Merredin,"Wheatbelt, Western Australia"
2010-01-11,0.0,26.809522555520374,Merredin,"Wheatbelt, Western Australia"
2010-01-12,0.0,26.809522555520374,Merredin,"Wheatbelt, Western Australia"
2010-01-13,0.0,26.809522555520374,Merredin,"Wheatbelt, Western Australia"
2010-01-14,0.0,26.809522555520374,Merredin,"Wheatbelt, Western Australia"
2010-01-15,0.0,26.809522555520374,Merredin,"Wheatbelt, Western Australia"
2010-01-16,0.0,26.809522555520374,Merredin,"Wheatbelt, Western Australia"
2010-01-17,0.0,26.809522555520374,Merredin,"Wheatbelt, Western Australia"
2010-01-18,3.284270837820546,26.809522555520374,Merredin,"Wheatbelt, Western Australia"
2010-01-19,0.0,26.809522555520374,Merredin,"Wheatbelt, Western Australia"
2010-01-20,7.19281356235881,26.809522555520374,Merredin,"Wheatbelt, Western Australia"
2010-01-21,0.0,26.809522555520374,Merredin,"Wheatbelt, Western Australia"
2010-01-22,0.0,26.809522555520374,Merredin,"Wheatbelt, Western Australia"
2010-01-23,5.563686527710633,26.809522555520374,Merredin,"Wheatbelt, Western Australia"
2010-01-24,1.3905685550150413,26.809522555520374,Merredin,"Wheatbelt, Western Australia"
2010-01-25,0.0,26.809522555520374,Merredin,"Wheatbelt, Western Australia"
2010-01-26,0.5891765991905537,26.809522555520374,Merredin,"Wheatbelt, Western Australia"
2010-01-27,1.463418452438329,26.809522555520374,Merredin,"Wheatbelt, Western Australia"
2010-01-28,0.0,26.809522555520374,Merredin,"Wheatbelt, Western Australia"
2010-01-29,0.0,26.809522555520374,Merredin,"Wheatbelt, Western Australia"
2010-01-30,2.1448700177000264,26.809522555520374,Merredin,"Wheatbelt, Western Australia"
2010-01-31,1.4723897757640345,26.809522555520374,Merredin,"Wheatbelt, Western Australia"
2010-02-01,0.0,17.23887900777821,Merredin,"Wheatbelt, Western Australia"
2010-02-02,2.0084191132094245,17.23887900777821,Merredin,"Wheatbelt, Western Australia"
2010-02-03,0.0,17.23887900777821,Merredin,"Wheatbelt, Western Australia"
2010-02-04,4.321818112704229,17.23887900777821,Merredin,"Wheatbelt, Western Australia"
2010-02-05,0.0,17.23887900777821,Merredin,"Wheatbelt, Western Australia"
2010-02-06,0.0,17.23887900777821,Merredin,"Wheatbelt, Western Australia"
2010-02-07,0.0,17.23887900777821,Merredin,"Wheatbelt, Western Australia"
2010-02-08,0.0,17.23887900777821,Merredin,"Wheatbelt, Western Australia"
2010-02-09,0.0,17.23887900777821,Merredin,"Wheatbelt, Western Australia"
2010-02-10,0.0,17.23887900777821,Merredin,"Wheatbelt, Western Australia"
2010-02-11,0.0,17.23887900777821,Merredin,"Wheatbelt, Western Australia"
2010-02-12,3.3087088302255148,17.23887900777821,Merredin,"Wheatbelt, Western Australia"
2010-02-13,0.0,17.23887900777821,Merredin,"Wheatbelt, Western Australia"
2010-02-14,5.197470770909734,17.23887900777821,Merredin,"Wheatbelt, Western Australia"
2010-02-15,0.0,17.23887900777821,Merredin,"Wheatbelt, Western Australia"
2010-02-16,0.6779108071787803,17.23887900777821,Merredin,"Wheatbelt, Western Australia"
2010-02-17,0.0,17.23887900777821,Merredin,"Wheatbelt, Western Australia"
2010-02-18,0.0,17.23887900777821,Merredin,"Wheatbelt, Western Australia"
2010-02-19,0.0,17.23887900777821,Merredin,"Wheatbelt, Western Australia"
2010-02-20,0.0,17.23887900777821,Merredin,"Wheatbelt, Western Australia"
2010-02-21,0.0,17.23887900777821,Merredin,"Wheatbelt, Western Australia"
2010-02-22,0.0,17.23887900777821,Merredin,"Wheatbelt, Western Australia"
2010-02-23,0.0,17.23887900777821,Merredin,"Wheatbelt, Western Australia"
2010-02-24,0.0,17.23887900777821,Merredin,"Wheatbelt, Western Australia"
2010-02-25,0.0,17.23887900777821,Merredin,"Wheatbelt, Western Australia"
2010-02-26,1.724551373550527,17.23887900777821,Merredin,"Wheatbelt, Western Australia"
2010-02-27,0.0,17.23887900777821,Merredin,"Wheatbelt, Western Australia"
2010-02-28,0.0,17.23887900777821,Merredin,"Wheatbelt, Western Australia"
2010-03-01,0.0,20.560447361244286,Merredin,"Wheatbelt, Western Australia"
2010-03-02,0.0,20.560447361244286,Merredin,"Wheatbelt, Western Australia"
2010-03-03,0.0,20.560447361244286,Merredin,"Wheatbelt, Western Australia"
2010-03-04,0.0,20.560447361244286,Merredin,"Wheatbelt, Western Australia"
2010-03-05,0.0,20.560447361244286,Merredin,"Wheatbelt, Western Australia"
2010-03-06,2.677996720554835,20.560447361244286,Merredin,"Wheatbelt, Western Australia"
2010-03-07,0.0,20.560447361244286,Merredin,"Wheatbelt, Western Australia"
2010-03-08,0.0,20.560447361244286,Merredin,"Wheatbelt, Western Australia"
2010-03-09,0.0,20.560447361244286,Merredin,"Wheatbelt, Western Australia"
2010-03-10,0.0,20.560447361244286,Merredin,"Wheatbelt, Western Australia"
2010-03-11,0.0,20.560447361244286,Merredin,"Wheatbelt, Western Australia"
2010-03-12,0.0,20.560447361244286,Merredin,"Wheatbelt, Western Australia"
2010-03-13,7.229313595895674,20.560447361244286,Merredin,"Wheatbelt, Western Australia"
2010-03-14,0.0,20.560447361244286,Merredin,"Wheatbelt, Western Australia"
2010-03-15,0.0,20.560447361244286,Merredin,"Wheatbelt, Western Australia"
2010-03-16,0.0,20.560447361244286,Merredin,"Wheatbelt, Western Australia"
2010-03-17,3.4854693933227994,20.560447361244286,Merredin,"Wheatbelt, Western Australia"
2010-03-18,0.0,20.560447361244286,Merredin,"Wheatbelt, Western Australia"
2010-03-19,0.0,20.560447361244286,Merredin,"Wheatbelt, Western Australia"
2010-03-20,0.0,20.560447361244286,Merredin,"Wheatbelt, Western Australia"
2010-03-21,7.1676676514709765,20.560447361244286,Merredin,"Wheatbelt, Western Australia"
2010-03-22,0.0,20.560447361244286,Merredin,"Wheatbelt, Western Australia"
2010-03-23,0.0,20.560447361244286,Merredin,"Wheatbelt, Western Australia"
2010-03-24,0.0,20.560447361244286,Merredin,"Wheatbelt, Western Australia"
2010-03-25,0.0,20.560447361244286,Merredin,"Wheatbelt, Western Australia"
2010-03-26,0.0,20.560447361244286,Merredin,"Wheatbelt, Western Australia"
2010-03-27,0.0,20.560447361244286,Merredin,"Wheatbelt, Western Australia"
2010-03-28,0.0,20.560447361244286,Merredin,"Wheatbelt, Western Australia"
2010-03-29,0.0,20.560447361244286,Merredin,"Wheatbelt, Western Australia"
2010-03-30,0.0,20.560447361244286,Merredin,"Wheatbelt, Western Australia"
2010-03-31,0.0,20.560447361244286,Merredin,"Wheatbelt, Western Australia"
2010-04-01,0.0,9.563580189331486,Merredin,"Wheatbelt, Western Australia"
2010-04-02,0.0,9.563580189331486,Merredin,"Wheatbelt, Western Australia"
2010-04-03,0.5121830522058745,9.563580189331486,Merredin,"Wheatbelt, Western Australia"
2010-04-04,0.0,9.563580189331486,Merredin,"Wheatbelt, Western Australia"
2010-04-05,0.0,9.563580189331486,Merredin,"Wheatbelt, Western Australia"
2010-04-06,0.0,9.563580189331486,Merredin,"Wheatbelt, Western Australia"
2010-04-07,0.0,9.563580189331486,Merredin,"Wheatbelt, Western Australia"
2010-04-08,0.0,9.563580189331486,Merredin,"Wheatbelt, Western Australia"
2010-04-09,0.0,9.563580189331486,Merredin,"Wheatbelt, Western Australia"
2010-04-10,0.0,9.563580189331486,Merredin,"Wheatbelt, Western Australia"
2010-04-11,0.0,9.563580189331486,Merredin,"Wheatbelt, Western Australia"
2010-04-12,0.0,9.563580189331486,Merredin,"Wheatbelt, Western Australia"
2010-04-13,1.7330625752867617,9.563580189331486,Merredin,"Wheatbelt, Western Australia"
2010-04-14,0.0,9.563580189331486,Merredin,"Wheatbelt, Western Australia"
2010-04-15,0.0,9.563580189331486,Merredin,"Wheatbelt, Western Australia"
2010-04-16,0.0,9.563580189331486,Merredin,"Wheatbelt, Western Australia"
2010-04-17,0.0,9.563580189331486,Merredin,"Wheatbelt, Western Australia"
2010-04-18,0.0,9.563580189331486,Merredin,"Wheatbelt, Western Australia"
2010-04-19,4.606552933780587,9.563580189331486,Merredin,"Wheatbelt, Western Australia"
2010-04-20,0.0,9.563580189331486,Merredin,"Wheatbelt, Western Australia"
2010-04-21,0.0,9.563580189331486,Merredin,"Wheatbelt, Western Australia"
2010-04-22,0.0,9.563580189331486,Merredin,"Wheatbelt, Western Australia"
2010-04-23,0.0,9.563580189331486,Merredin,"Wheatbelt, Western Australia"
2010-04-24,0.0,9.563580189331486,Merredin,"Wheatbelt, Western Australia"
2010-04-25,0.0,9.563580189331486,Merredin,"Wheatbelt, Western Australia"
2010-04-26,0.0,9.563580189331486,Merredin,"Wheatbelt, Western Australia"
2010-04-27,0.0,9.563580189331486,Merredin,"Wheatbelt, Western Australia"
2010-04-28,0.0,9.563580189331486,Merredin,"Wheatbelt, Western Australia"
2010-04-29,2.7117816280582616,9.563580189331486,Merredin,"Wheatbelt, Western Australia"
2010-04-30,0.0,9.563580189331486,Merredin,"Wheatbelt, Western Australia"
2010-05-01,0.0,31.169625989906528,Merredin,"Wheatbelt, Western Australia"
2010-05-02,0.0,31.169625989906528,Merredin,"Wheatbelt, Western Australia"
2010-05-03,6.863130974789235,31.169625989906528,Merredin,"Wheatbelt, Western Australia"
2010-05-04,5.892557006814919,31.169625989906528,Merredin,"Wheatbelt, Western Australia"
2010-05-05,0.0,31.169625989906528,Merredin,"Wheatbelt, Western Australia"
2010-05-06,0.0,31.169625989906528,Merredin,"Wheatbelt, Western Australia"
2010-05-07,0.0,31.169625989906528,Merredin,"Wheatbelt, Western Australia"
2010-05-08,0.0,31.169625989906528,Merredin,"Wheatbelt, Western Australia"
2010-05-09,0.0,31.169625989906528,Merredin,"Wheatbelt, Western Australia"
2010-05-10,0.0,31.169625989906528,Merredin,"Wheatbelt, Western Australia"
2010-05-11,0.7777598649158811,31.169625989906528,Merredin,"Wheatbelt, Western Australia"
2010-05-12,3.899302332612997,31.169625989906528,Merredin,"Wheatbelt, Western Australia"
2010-05-13,0.0,31.169625989906528,Merredin,"Wheatbelt, Western Australia"
2010-05-14,0.0,31.169625989906528,Merredin,"Wheatbelt, Western Australia"
2010-05-15,0.0,31.169625989906528,Merredin,"Wheatbelt, Western Australia"
2010-05-16,0.0,31.169625989906528,Merredin,"Wheatbelt, Western Australia"
2010-05-17,0.0,31.169625989906528,Merredin,"Wheatbelt, Western Australia"
2010-05-18,0.0,31.169625989906528,Merredin,"Wheatbelt, Western Australia"
2010-05-19,12.908250147196414,31.169625989906528,Merredin,"Wheatbelt, Western Australia"
2010-05-20,0.0,31.169625989906528,Merredin,"Wheatbelt, Western Australia"
2010-05-21,0.0,31.169625989906528,Merredin,"Wheatbelt, Western Australia"
2010-05-22,0.0,31.169625989906528,Merredin,"Wheatbelt, Western Australia"
2010-05-23,0.0,31.169625989906528,Merredin,"Wheatbelt, Western Australia"
2010-05-24,0.0,31.169625989906528,Merredin,"Wheatbelt, Western Australia"
2010-05-25,0.0,31.169625989906528,Merredin,"Wheatbelt, Western Australia"
2010-05-26,0.8286256635770809,31.169625989906528,Merredin,"Wheatbelt, Western Australia"
2010-05-27,0.0,31.169625989906528,Merredin,"Wheatbelt, Western Australia"
2010-05-28,0.0,31.169625989906528,Merredin,"Wheatbelt, Western Australia"
2010-05-29,0.0,31.169625989906528,Merredin,"Wheatbelt, Western Australia"
2010-05-30,0.0,31.169625989906528,Merredin,"Wheatbelt, Western Australia"
2010-05-31,0.0,31.169625989906528,Merredin,"Wheatbelt, Western Australia"
2010-06-01,0.0,26.72018953003593,Merredin,"Wheatbelt, Western Australia"
2010-06-02,2.7698419632409497,26.72018953003593,Merredin,"Wheatbelt, Western Australia"
2010-06-03,5.745398260085073,26.72018953003593,Merredin,"Wheatbelt, Western Australia"
2010-06-04,0.0,26.72018953003593,Merredin,"Wheatbelt, Western Australia"
2010-06-05,0.0,26.72018953003593,Merredin,"Wheatbelt, Western Australia"
2010-06-06,0.0,26.72018953003593,Merredin,"Wheatbelt, Western Australia"
2010-06-07,0.0,26.72018953003593,Merredin,"Wheatbelt, Western Australia"
2010-06-08,0.0,26.72018953003593,Merredin,"Wheatbelt, Western Australia"
2010-06-09,0.0,26.72018953003593,Merredin,"Wheatbelt, Western Australia"
2010-06-10,2.9611492258453653,26.72018953003593,Merredin,"Wheatbelt, Western Australia"
2010-06-11,0.0,26.72018953003593,Merredin,"Wheatbelt, Western Australia"
2010-06-12,0.0,26.72018953003593,Merredin,"Wheatbelt, Western Australia"
2010-06-13,0.0,26.72018953003593,Merredin,"Wheatbelt, Western Australia"
2010-06-14,0.0,26.72018953003593,Merredin,"Wheatbelt, Western Australia"
2010-06-15,0.0,26.72018953003593,Merredin,"Wheatbelt, Western Australia"
2010-06-16,0.0,26.72018953003593,Merredin,"Wheatbelt, Western Australia"
2010-06-17,0.0,26.72018953003593,Merredin,"Wheatbelt, Western Australia"
2010-06-18,3.865144559440533,26.72018953003593,Merredin,"Wheatbelt, Western Australia"
2010-06-19,0.0,26.72018953003593,Merredin,"Wheatbelt, Western Australia"
2010-06-20,0.0,26.72018953003593,Merredin,"Wheatbelt, Western Australia"
2010-06-21,0.0,26.72018953003593,Merredin,"Wheatbelt, Western Australia"
2010-06-22,0.0,26.72018953003593,Merredin,"Wheatbelt, Western Australia"
2010-06-23,0.0,26.72018953003593,Merredin,"Wheatbelt, Western Australia"
2010-06-24,3.2643753150762973,26.72018953003593,Merredin,"Wheatbelt, Western Australia"
2010-06-25,0.0,26.72018953003593,Merredin,"Wheatbelt, Western Australia"
2010-06-26,0.0,26.72018953003593,Merredin,"Wheatbelt, Western Australia"
2010-06-27,0.0,26.72018953003593,Merredin,"Wheatbelt, Western Australia"
2010-06-28,8.114280206347711,26.72018953003593,Merredin,"Wheatbelt, Western Australia"
2010-06-29,0.0,26.72018953003593,Merredin,"Wheatbelt, Western Australia"
2010-06-30,0.0,26.72018953003593,Merredin,"Wheatbelt, Western Australia"
2010-07-01,2.838133159815685,15.120866116488834,Merredin,"Wheatbelt, Western Australia"
2010-07-02,0.0,15.120866116488834,Merredin,"Wheatbelt, Western Australia"
2010-07-03,1.6662611271787424,15.120866116488834,Merredin,"Wheatbelt, Western Australia"
2010-07-04,0.0,15.120866116488834,Merredin,"Wheatbelt, Western Australia"
2010-07-05,0.0,15.120866116488834,Merredin,"Wheatbelt, Western Australia"
2010-07-06,3.189180041314192,15.120866116488834,Merredin,"Wheatbelt, Western Australia"
2010-07-07,0.0,15.120866116488834,Merredin,"Wheatbelt, Western Australia"
2010-07-08,3.3005603307590947,15.120866116488834,Merredin,"Wheatbelt, Western Australia"
2010-07-09,0.0,15.120866116488834,Merredin,"Wheatbelt, Western Australia"
2010-07-10,0.0,15.120866116488834,Merredin,"Wheatbelt, Western Australia"
2010-07-11,0.0,15.120866116488834,Merredin,"Wheatbelt, Western Australia"
2010-07-12,0.0,15.120866116488834,Merredin,"Wheatbelt, Western Australia"
2010-07-13,0.0,15.120866116488834,Merredin,"Wheatbelt, Western Australia"
2010-07-14,0.0,15.120866116488834,Merredin,"Wheatbelt, Western Australia"
2010-07-15,0.0,15.120866116488834,Merredin,"Wheatbelt, Western Australia"
2010-07-16,4.126731457421119,15.120866116488834,Merredin,"Wheatbelt, Western Australia"
2010-07-17,0.0,15.120866116488834,Merredin,"Wheatbelt, Western Australia"
2010-07-18,0.0,15.120866116488834,Merredin,"Wheatbelt, Western Australia"
2010-07-19,0.0,15.120866116488834,Merredin,"Wheatbelt, Western Australia"
2010-07-20,0.0,15.120866116488834,Merredin,"Wheatbelt, Western Australia"
2010-07-21,0.0,15.120866116488834,Merredin,"Wheatbelt, Western Australia"
2010-07-22,0.0,15.120866116488834,Merredin,"Wheatbelt, Western Australia"
2010-07-23,0.0,15.120866116488834,Merredin,"Wheatbelt, Western Australia"
2010-07-24,0.0,15.120866116488834,Merredin,"Wheatbelt, Western Australia"
2010-07-25,0.0,15.120866116488834,Merredin,"Wheatbelt, Western Australia"
2010-07-26,0.0,15.120866116488834,Merredin,"Wheatbelt, Western Australia"
2010-07-27,0.0,15.120866116488834,Merredin,"Wheatbelt, Western Australia"
2010-07-28,0.0,15.120866116488834,Merredin,"Wheatbelt, Western Australia"
2010-07-29,0.0,15.120866116488834,Merredin,"Wheatbelt, Western Australia"
2010-07-30,0.0,15.120866116488834,Merredin,"Wheatbelt, Western Australia"
2010-07-31,0.0,15.120866116488834,Merredin,"Wheatbelt, Western Australia"
2010-08-01,0.0,26.58443805288576,Merredin,"Wheatbelt, Western Australia"
2010-08-02,0.0,26.58443805288576,Merredin,"Wheatbelt, Western Australia"
2010-08-03,0.0,26.58443805288576,Merredin,"Wheatbelt, Western Australia"
2010-08-04,3.3033460978203917,26.58443805288576,Merredin,"Wheatbelt, Western Australia"
2010-08-05,0.0,26.58443805288576,Merredin,"Wheatbelt, Western Australia"
2010-08-06,1.4452121490563465,26.58443805288576,Merredin,"Wheatbelt, Western Australia"
2010-08-07,0.0,26.58443805288576,Merredin,"Wheatbelt, Western Australia"
2010-08-08,0.0,26.58443805288576,Merredin,"Wheatbelt, Western Australia"
2010-08-09,0.0,26.58443805288576,Merredin,"Wheatbelt, Western Australia"
2010-08-10,0.0,26.58443805288576,Merredin,"Wheatbelt, Western Australia"
2010-08-11,0.0,26.58443805288576,Merredin,"Wheatbelt, Western Australia"
2010-08-12,0.0,26.58443805288576,Merredin,"Wheatbelt, Western Australia"
2010-08-13,0.0,26.58443805288576,Merredin,"Wheatbelt, Western Australia"
2010-08-14,0.0,26.58443805288576,Merredin,"Wheatbelt, Western Australia"
2010-08-15,4.9522454723161315,26.58443805288576,Merredin,"Wheatbelt, Western Australia"
2010-08-16,0.0,26.58443805288576,Merredin,"Wheatbelt, Western Australia"
2010-08-17,0.0,26.58443805288576,Merredin,"Wheatbelt, Western Australia"
2010-08-18,0.0,26.58443805288576,Merredin,"Wheatbelt, Western Australia"
2010-08-19,3.542857278728095,26.58443805288576,Merredin,"Wheatbelt, Western Australia"
2010-08-20,0.0,26.58443805288576,Merredin,"Wheatbelt, Western Australia"
2010-08-21,0.0,26.58443805288576,Merredin,"Wheatbelt, Western Australia"
2010-08-22,0.0,26.58443805288576,Merredin,"Wheatbelt, Western Australia"
2010-08-23,0.0,26.58443805288576,Merredin,"Wheatbelt, Western Australia"
2010-08-24,0.0,26.58443805288576,Merredin,"Wheatbelt, Western Australia"
2010-08-25,0.0,26.58443805288576,Merredin,"Wheatbelt, Western Australia"
2010-08-26,5.992547648535491,26.58443805288576,Merredin,"Wheatbelt, Western Australia"
2010-08-27,7.348229406429303,26.58443805288576,Merredin,"Wheatbelt, Western Australia"
2010-08-28,0.0,26.58443805288576,Merredin,"Wheatbelt, Western Australia"
2010-08-29,0.0,26.58443805288576,Merredin,"Wheatbelt, Western Australia"
2010-08-30,0.0,26.58443805288576,Merredin,"Wheatbelt, Western Australia"
2010-08-31,0.0,26.58443805288576,Merredin,"Wheatbelt, Western Australia"
2010-09-01,0.0,16.25867237142465,Merredin,"Wheatbelt, Western Australia"
2010-09-02,0.0,16.25867237142465,Merredin,"Wheatbelt, Western Australia"
2010-09-03,0.0,16.25867237142465,Merredin,"Wheatbelt, Western Australia"
2010-09-04,0.0,16.25867237142465,Merredin,"Wheatbelt, Western Australia"
2010-09-05,0.0,16.25867237142465,Merredin,"Wheatbelt, Western Australia"
2010-09-06,0.0,16.25867237142465,Merredin,"Wheatbelt, Western Australia"
2010-09-07,6.710072702137566,16.25867237142465,Merredin,"Wheatbelt, Western Australia"
2010-09-08,0.0,16.25867237142465,Merredin,"Wheatbelt, Western Australia"
2010-09-09,0.0,16.25867237142465,Merredin,"Wheatbelt, Western Australia"
2010-09-10,1.8196152650932367,16.25867237142465,Merredin,"Wheatbelt, Western Australia"
2010-09-11,6.136089885590224,16.25867237142465,Merredin,"Wheatbelt, Western Australia"
2010-09-12,0.0,16.25867237142465,Merredin,"Wheatbelt, Western Australia"
2010-09-13,0.0,16.25867237142465,Merredin,"Wheatbelt, Western Australia"
2010-09-14,0.0,16.25867237142465,Merredin,"Wheatbelt, Western Australia"
2010-09-15,0.0,16.25867237142465,Merredin,"Wheatbelt, Western Australia"
2010-09-16,0.0,16.25867237142465,Merredin,"Wheatbelt, Western Australia"
2010-09-17,0.0,16.25867237142465,Merredin,"Wheatbelt, Western Australia"
2010-09-18,0.0,16.25867237142465,Merredin,"Wheatbelt, Western Australia"
2010-09-19,0.0,16.25867237142465,Merredin,"Wheatbelt, Western Australia"
2010-09-20,0.0,16.25867237142465,Merredin,"Wheatbelt, Western Australia"
2010-09-21,0.0,16.25867237142465,Merredin,"Wheatbelt, Western Australia"
2010-09-22,0.0,16.25867237142465,Merredin,"Wheatbelt, Western Australia"
2010-09-23,1.5928945186036225,16.25867237142465,Merredin,"Wheatbelt, Western Australia"
2010-09-24,0.0,16.25867237142465,Merredin,"Wheatbelt, Western Australia"
2010-09-25,0.0,16.25867237142465,Merredin,"Wheatbelt, Western Australia"
2010-09-26,0.0,16.25867237142465,Merredin,"Wheatbelt, Western Australia"
2010-09-27,0.0,16.25867237142465,Merredin,"Wheatbelt, Western Australia"
2010-09-28,0.0,16.25867237142465,Merredin,"Wheatbelt, Western Australia"
2010-09-29,0.0,16.25867237142465,Merredin,"Wheatbelt, Western Australia"
2010-09-30,0.0,16.25867237142465,Merredin,"Wheatbelt, Western Australia"
2010-10-01,2.886297567458669,22.870531247073778,Merredin,"Wheatbelt, Western Australia"
2010-10-02,0.0,22.870531247073778,Merredin,"Wheatbelt, Western Australia"
2010-10-03,0.0,22.870531247073778,Merredin,"Wheatbelt, Western Australia"
2010-10-04,0.0,22.870531247073778,Merredin,"Wheatbelt, Western Australia"
2010-10-05,0.0,22.870531247073778,Merredin,"Wheatbelt, Western Australia"
2010-10-06,0.0,22.870531247073778,Merredin,"Wheatbelt, Western Australia"
2010-10-07,0.0,22.870531247073778,Merredin,"Wheatbelt, Western Australia"
2010-10-08,0.0,22.870531247073778,Merredin,"Wheatbelt, Western Australia"
2010-10-09,0.0,22.870531247073778,Merredin,"Wheatbelt, Western Australia"
2010-10-10,0.0,22.870531247073778,Merredin,"Wheatbelt, Western Australia"
2010-10-11,0.0,22.870531247073778,Merredin,"Wheatbelt, Western Australia"
2010-10-12,0.0,22.870531247073778,Merredin,"Wheatbelt, Western Australia"
2010-10-13,2.413838271796693,22.870531247073778,Merredin,"Wheatbelt, Western Australia"
2010-10-14,0.0,22.870531247073778,Merredin,"Wheatbelt, Western Australia"
2010-10-15,0.0,22.870531247073778,Merredin,"Wheatbelt, Western Australia"
2010-10-16,2.6967640548071863,22.870531247073778,Merredin,"Wheatbelt, Western Australia"
2010-10-17,9.553887435306711,22.870531247073778,Merredin,"Wheatbelt, Western Australia"
2010-10-18,0.0,22.870531247073778,Merredin,"Wheatbelt, Western Australia"
2010-10-19,0.0,22.870531247073778,Merredin,"Wheatbelt, Western Australia"
2010-10-20,0.0,22.870531247073778,Merredin,"Wheatbelt, Western Australia"
2010-10-21,5.319743917704521,22.870531247073778,Merredin,"Wheatbelt, Western Australia"
2010-10-22,0.0,22.870531247073778,Merredin,"Wheatbelt, Western Australia"
2010-10-23,0.0,22.870531247073778,Merredin,"Wheatbelt, Western Australia"
2010-10-24,0.0,22.870531247073778,Merredin,"Wheatbelt, Western Australia"
2010-10-25,0.0,22.870531247073778,Merredin,"Wheatbelt, Western Australia"
2010-10-26,0.0,22.870531247073778,Merredin,"Wheatbelt, Western Australia"
2010-10-27,0.0,22.870531247073778,Merredin,"Wheatbelt, Western Australia"
2010-10-28,0.0,22.870531247073778,Merredin,"Wheatbelt, Western Australia"
2010-10-29,0.0,22.870531247073778,Merredin,"Wheatbelt, Western Australia"
2010-10-30,0.0,22.870531247073778,Merredin,"Wheatbelt, Western Australia"
2010-10-31,0.0,22.870531247073778,Merredin,"Wheatbelt, Western Australia"
2010-11-01,0.0,23.718090491007302,Merredin,"Wheatbelt, Western Australia"
2010-11-02,0.0,23.718090491007302,Merredin,"Wheatbelt, Western Australia"
2010-11-03,0.0,23.718090491007302,Merredin,"Wheatbelt, Western Australia"
2010-11-04,0.0,23.718090491007302,Merredin,"Wheatbelt, Western Australia"
2010-11-05,2.9628717277946026,23.718090491007302,Merredin,"Wheatbelt, Western Australia"
2010-11-06,0.0,23.718090491007302,Merredin,"Wheatbelt, Western Australia"
2010-11-07,0.0,23.718090491007302,Merredin,"Wheatbelt, Western Australia"
2010-11-08,0.0,23.718090491007302,Merredin,"Wheatbelt, Western Australia"
2010-11-09,0.0,23.718090491007302,Merredin,"Wheatbelt, Western Australia"
2010-11-10,0.0,23.718090491007302,Merredin,"Wheatbelt, Western Australia"
2010-11-11,0.0,23.718090491007302,Merredin,"Wheatbelt, Western Australia"
2010-11-12,3.3413738812656057,23.718090491007302,Merredin,"Wheatbelt, Western Australia"
2010-11-13,1.9946143387046404,23.718090491007302,Merredin,"Wheatbelt, Western Australia"
2010-11-14,0.0,23.718090491007302,Merredin,"Wheatbelt, Western Australia"
2010-11-15,2.5158903458048414,23.718090491007302,Merredin,"Wheatbelt, Western Australia"
2010-11-16,0.0,23.718090491007302,Merredin,"Wheatbelt, Western Australia"
2010-11-17,0.0,23.718090491007302,Merredin,"Wheatbelt, Western Australia"
2010-11-18,0.0,23.718090491007302,Merredin,"Wheatbelt, Western Australia"
2010-11-19,2.8103176198295428,23.718090491007302,Merredin,"Wheatbelt, Western Australia"
2010-11-20,0.0,23.718090491007302,Merredin,"Wheatbelt, Western Australia"
2010-11-21,0.0,23.718090491007302,Merredin,"Wheatbelt, Western Australia"
2010-11-22,0.0,23.718090491007302,Merredin,"Wheatbelt, Western Australia"
2010-11-23,0.0,23.718090491007302,Merredin,"Wheatbelt, Western Australia"
2010-11-24,2.6787413903680575,23.718090491007302,Merredin,"Wheatbelt, Western Australia"
2010-11-25,0.0,23.718090491007302,Merredin,"Wheatbelt, Western Australia"
2010-11-26,1.2147638346315388,23.718090491007302,Merredin,"Wheatbelt, Western Australia"
2010-11-27,6.199517352608472,23.718090491007302,Merredin,"Wheatbelt, Western Australia"
2010-11-28,0.0,23.718090491007302,Merredin,"Wheatbelt, Western Australia"
2010-11-29,0.0,23.718090491007302,Merredin,"Wheatbelt, Western Australia"
2010-11-30,0.0,23.718090491007302,Merredin,"Wheatbelt, Western Australia"
2010-12-01,0.6688536313625115,11.72481108552737,Merredin,"Wheatbelt, Western Australia"
2010-12-02,0.0,11.72481108552737,Merredin,"Wheatbelt, Western Australia"
2010-12-03,0.0,11.72481108552737,Merredin,"Wheatbelt, Western Australia"
2010-12-04,3.160634119521089,11.72481108552737,Merredin,"Wheatbelt, Western Australia"
2010-12-05,0.0,11.72481108552737,Merredin,"Wheatbelt, Western Australia"
2010-12-06,0.0,11.72481108552737,Merredin,"Wheatbelt, Western Australia"
2010-12-07,0.0,11.72481108552737,Merredin,"Wheatbelt, Western Australia"
2010-12-08,0.0,11.72481108552737,Merredin,"Wheatbelt, Western Australia"
2010-12-09,0.0,11.72481108552737,Merredin,"Wheatbelt, Western Australia"
2010-12-10,0.0,11.72481108552737,Merredin,"Wheatbelt, Western Australia"
2010-12-11,2.7438820841072937,11.72481108552737,Merredin,"Wheatbelt, Western Australia"
2010-12-12,0.45431831108006204,11.72481108552737,Merredin,"Wheatbelt, Western Australia"
2010-12-13,0.0,11.72481108552737,Merredin,"Wheatbelt, Western Australia"
2010-12-14,0.0,11.72481108552737,Merredin,"Wheatbelt, Western Australia"
2010-12-15,0.0,11.72481108552737,Merredin,"Wheatbelt, Western Australia"
2010-12-16,0.0,11.72481108552737,Merredin,"Wheatbelt, Western Australia"
2010-12-17,0.0,11.72481108552737,Merredin,"Wheatbelt, Western Australia"
2010-12-18,0.0,11.72481108552737,Merredin,"Wheatbelt, Western Australia"
2010-12-19,0.0,11.72481108552737,Merredin,"Wheatbelt, Western Australia"
2010-12-20,0.0,11.72481108552737,Merredin,"Wheatbelt, Western Australia"
2010-12-21,0.0,11.72481108552737,Merredin,"Wheatbelt, Western Australia"
2010-12-22,0.0,11.72481108552737,Merredin,"Wheatbelt, Western Australia"
2010-12-23,0.0,11.72481108552737,Merredin,"Wheatbelt, Western Australia"
2010-12-24,0.6737637500061987,11.72481108552737,Merredin,"Wheatbelt, Western Australia"
2010-12-25,0.0,11.72481108552737,Merredin,"Wheatbelt, Western Australia"
2010-12-26,0.0,11.72481108552737,Merredin,"Wheatbelt, Western Australia"
2010-12-27,0.0,11.72481108552737,Merredin,"Wheatbelt, Western Australia"
2010-12-28,4.023359189450215,11.72481108552737,Merredin,"Wheatbelt, Western Australia"
2010-12-29,0.0,11.72481108552737,Merredin,"Wheatbelt, Western Australia"
2010-12-30,0.0,11.72481108552737,Merredin,"Wheatbelt, Western Australia"
2010-12-31,0.0,11.72481108552737,Merredin,"Wheatbelt, Western Australia"
2011-01-01,0.0,35.77541611925753,Merredin,"Wheatbelt, Western Australia"
2011-01-02,0.0,35.77541611925753,Merredin,"Wheatbelt, Western Australia"
2011-01-03,0.0,35.77541611925753,Merredin,"Wheatbelt, Western Australia"
2011-01-04,0.0,35.77541611925753,Merredin,"Wheatbelt, Western Australia"
2011-01-05,0.0,35.77541611925753,Merredin,"Wheatbelt, Western Australia"
2011-01-06,0.0,35.77541611925753,Merredin,"Wheatbelt, Western Australia"
2011-01-07,0.0,35.77541611925753,Merredin,"Wheatbelt, Western Australia"
2011-01-08,2.7136358838775734,35.77541611925753,Merredin,"Wheatbelt, Western Australia"
2011-01-09,3.56891624439848,35.77541611925753,Merredin,"Wheatbelt, Western Australia"
2011-01-10,0.0,35.77541611925753,Merredin,"Wheatbelt, Western Australia"
2011-01-11,0.0,35.77541611925753,Merredin,"Wheatbelt, Western Australia"
2011-01-12,0.0,35.77541611925753,Merredin,"Wheatbelt, Western Australia"
2011-01-13,0.0,35.77541611925753,Merredin,"Wheatbelt, Western Australia"
2011-01-14,0.0,35.77541611925753,Merredin,"Wheatbelt, Western Australia"
2011-01-15,0.0,35.77541611925753,Merredin,"Wheatbelt, Western Australia"
2011-01-16,11.73309038517701,35.77541611925753,Merredin,"Wheatbelt, Western Australia"
2011-01-17,0.0,35.77541611925753,Merredin,"Wheatbelt, Western Australia"
2011-01-18,0.0,35.77541611925753,Merredin,"Wheatbelt, Western Australia"
2011-01-19,0.0,35.77541611925753,Merredin,"Wheatbelt, Western Australia"
2011-01-20,7.522913343407322,35.77541611925753,Merredin,"Wheatbelt, Western Australia"
2011-01-21,0.0,35.77541611925753,Merredin,"Wheatbelt, Western Australia"
2011-01-22,0.0,35.77541611925753,Merredin,"Wheatbelt, Western Australia"
2011-01-23,6.682547745061056,35.77541611925753,Merredin,"Wheatbelt, Western Australia"
2011-01-24,1.8218357487171042,35.77541611925753,Merredin,"Wheatbelt, Western Australia"
2011-01-25,0.0,35.77541611925753,Merredin,"Wheatbelt, Western Australia"
2011-01-26,0.0,35.77541611925753,Merredin,"Wheatbelt, Western Australia"
2011-01-27,0.0,35.77541611925753,Merredin,"Wheatbelt, Western Australia"
2011-01-28,0.0,35.77541611925753,Merredin,"Wheatbelt, Western Australia"
2011-01-29,0.0,35.77541611925753,Merredin,"Wheatbelt, Western Australia"
2011-01-30,0.0,35.77541611925753,Merredin,"Wheatbelt, Western Australia"
2011-01-31,1.732476768618984,35.77541611925753,Merredin,"Wheatbelt, Western Australia"
2011-02-01,5.118368079743626,27.458470908570575,Merredin,"Wheatbelt, Western Australia"
2011-02-02,0.0,27.458470908570575,Merredin,"Wheatbelt, Western Australia"
2011-02-03,4.241831945291935,27.458470908570575,Merredin,"Wheatbelt, Western Australia"
2011-02-04,0.0,27.458470908570575,Merredin,"Wheatbelt, Western Australia"
2011-02-05,0.0,27.458470908570575,Merredin,"Wheatbelt, Western Australia"
2011-02-06,8.357921338671055,27.458470908570575,Merredin,"Wheatbelt, Western Australia"
2011-02-07,0.0,27.458470908570575,Merredin,"Wheatbelt, Western Australia"
2011-02-08,0.0,27.458470908570575,Merredin,"Wheatbelt, Western Australia"
2011-02-09,0.0,27.458470908570575,Merredin,"Wheatbelt, Western Australia"
2011-02-10,0.0,27.458470908570575,Merredin,"Wheatbelt, Western Australia"
2011-02-11,0.0,27.458470908570575,Merredin,"Wheatbelt, Western Australia"
2011-02-12,2.1167830859731356,27.458470908570575,Merredin,"Wheatbelt, Western Australia"
2011-02-13,0.0,27.458470908570575,Merredin,"Wheatbelt, Western Australia"
2011-02-14,0.0,27.458470908570575,Merredin,"Wheatbelt, Western Australia"
2011-02-15,0.0,27.458470908570575,Merredin,"Wheatbelt, Western Australia"
2011-02-16,0.0,27.458470908570575,Merredin,"Wheatbelt, Western Australia"
2011-02-17,0.0,27.458470908570575,Merredin,"Wheatbelt, Western Australia"
2011-02-18,0.0,27.458470908570575,Merredin,"Wheatbelt, Western Australia"
2011-02-19,0.0,27.458470908570575,Merredin,"Wheatbelt, Western Australia"
2011-02-20,0.0,27.458470908570575,Merredin,"Wheatbelt, Western Australia"
2011-02-21,0.0,27.458470908570575,Merredin,"Wheatbelt, Western Australia"
2011-02-22,0.0,27.458470908570575,Merredin,"Wheatbelt, Western Australia"
2011-02-23,4.380255939939106,27.458470908570575,Merredin,"Wheatbelt, Western Australia"
2011-02-24,0.0,27.458470908570575,Merredin,"Wheatbelt, Western Australia"
2011-02-25,0.0,27.458470908570575,Merredin,"Wheatbelt, Western Australia"
2011-02-26,0.0,27.458470908570575,Merredin,"Wheatbelt, Western Australia"
2011-02-27,0.0,27.458470908570575,Merredin,"Wheatbelt, Western Australia"
2011-02-28,3.24331051895172,27.458470908570575,Merredin,"Wheatbelt, Western Australia"
2011-03-01,0.0,23.699468612260702,Merredin,"Wheatbelt, Western Australia"
2011-03-02,0.0,23.699468612260702,Merredin,"Wheatbelt, Western Australia"
2011-03-03,0.0,23.699468612260702,Merredin,"Wheatbelt, Western Australia"
2011-03-04,0.0,23.699468612260702,Merredin,"Wheatbelt, Western Australia"
2011-03-05,0.0,23.699468612260702,Merredin,"Wheatbelt, Western Australia"
2011-03-06,0.0,23.699468612260702,Merredin,"Wheatbelt, Western Australia"
2011-03-07,0.0,23.699468612260702,Merredin,"Wheatbelt, Western Australia"
2011-03-08,0.0,23.699468612260702,Merredin,"Wheatbelt, Western Australia"
2011-03-09,0.0,23.699468612260702,Merredin,"Wheatbelt, Western Australia"
2011-03-10,0.0,23.699468612260702,Merredin,"Wheatbelt, Western Australia"
2011-03-11,0.0,23.699468612260702,Merredin,"Wheatbelt, Western Australia"
2011-03-12,0.0,23.699468612260702,Merredin,"Wheatbelt, Western Australia"
2011-03-13,7.699536163786022,23.699468612260702,Merredin,"Wheatbelt, Western Australia"
2011-03-14,0.0,23.699468612260702,Merredin,"Wheatbelt, Western Australia"
2011-03-15,0.0,23.699468612260702,Merredin,"Wheatbelt, Western Australia"
2011-03-16,0.0,23.699468612260702,Merredin,"Wheatbelt, Western Australia"
2011-03-17,0.0,23.699468612260702,Merredin,"Wheatbelt, Western Australia"
2011-03-18,0.0,23.699468612260702,Merredin,"Wheatbelt, Western Australia"
2011-03-19,0.0,23.699468612260702,Merredin,"Wheatbelt, Western Australia"
2011-03-20,0.0,23.699468612260702,Merredin,"Wheatbelt, Western Australia"
2011-03-21,6.911461971394592,23.699468612260702,Merredin,"Wheatbelt, Western Australia"
2011-03-22,4.361355137082358,23.699468612260702,Merredin,"Wheatbelt, Western Australia"
2011-03-23,0.0,23.699468612260702,Merredin,"Wheatbelt, Western Australia"
2011-03-24,0.0,23.699468612260702,Merredin,"Wheatbelt, Western Australia"
2011-03-25,0.0,23.699468612260702,Merredin,"Wheatbelt, Western Australia"
2011-03-26,0.0,23.699468612260702,Merredin,"Wheatbelt, Western Australia"
2011-03-27,0.0,23.699468612260702,Merredin,"Wheatbelt, Western Australia"
2011-03-28,4.727115339997731,23.699468612260702,Merredin,"Wheatbelt, Western Australia"
2011-03-29,0.0,23.699468612260702,Merredin,"Wheatbelt, Western Australia"
2011-03-30,0.0,23.699468612260702,Merredin,"Wheatbelt, Western Australia"
2011-03-31,0.0,23.699468612260702,Merredin,"Wheatbelt, Western Australia"
2011-04-01,0.0,16.496796176042736,Merredin,"Wheatbelt, Western Australia"
2011-04-02,0.0,16.496796176042736,Merredin,"Wheatbelt, Western Australia"
2011-04-03,0.0,16.496796176042736,Merredin,"Wheatbelt, Western Australia"
2011-04-04,4.929421966818613,16.496796176042736,Merredin,"Wheatbelt, Western Australia"
2011-04-05,0.0,16.496796176042736,Merredin,"Wheatbelt, Western Australia"
2011-04-06,0.0,16.496796176042736,Merredin,"Wheatbelt, Western Australia"
2011-04-07,2.3633243172886247,16.496796176042736,Merredin,"Wheatbelt, Western Australia"
2011-04-08,0.0,16.496796176042736,Merredin,"Wheatbelt, Western Australia"
2011-04-09,0.0,16.496796176042736,Merredin,"Wheatbelt, Western Australia"
2011-04-10,3.450544387561307,16.496796176042736,Merredin,"Wheatbelt, Western Australia"
2011-04-11,0.0,16.496796176042736,Merredin,"Wheatbelt, Western Australia"
2011-04-12,0.0,16.496796176042736,Merredin,"Wheatbelt, Western Australia"
2011-04-13,0.0,16.496796176042736,Merredin,"Wheatbelt, Western Australia"
2011-04-14,0.0,16.496796176042736,Merredin,"Wheatbelt, Western Australia"
2011-04-15,0.0,16.496796176042736,Merredin,"Wheatbelt, Western Australia"
2011-04-16,0.0,16.496796176042736,Merredin,"Wheatbelt, Western Australia"
2011-04-17,0.0,16.496796176042736,Merredin,"Wheatbelt, Western Australia"
2011-04-18,0.0,16.496796176042736,Merredin,"Wheatbelt, Western Australia"
2011-04-19,0.0,16.496796176042736,Merredin,"Wheatbelt, Western Australia"
2011-04-20,0.0,16.496796176042736,Merredin,"Wheatbelt, Western Australia"
2011-04-21,0.0,16.496796176042736,Merredin,"Wheatbelt, Western Australia"
2011-04-22,0.0,16.496796176042736,Merredin,"Wheatbelt, Western Australia"
2011-04-23,2.671153323532022,16.496796176042736,Merredin,"Wheatbelt, Western Australia"
2011-04-24,0.0,16.496796176042736,Merredin,"Wheatbelt, Western Australia"
2011-04-25,0.0,16.496796176042736,Merredin,"Wheatbelt, Western Australia"
2011-04-26,3.0823521808421686,16.496796176042736,Merredin,"Wheatbelt, Western Australia"
2011-04-27,0.0,16.496796176042736,Merredin,"Wheatbelt, Western Australia"
2011-04-28,0.0,16.496796176042736,Merredin,"Wheatbelt, Western Australia"
2011-04-29,0.0,16.496796176042736,Merredin,"Wheatbelt, Western Australia"
2011-04-30,0.0,16.496796176042736,Merredin,"Wheatbelt, Western Australia"
2011-05-01,0.0,8.370117717486282,Merredin,"Wheatbelt, Western Australia"
2011-05-02,0.0,8.370117717486282,Merredin,"Wheatbelt, Western Australia"
2011-05-03,1.5718572571958958,8.370117717486282,Merredin,"Wheatbelt, Western Australia"
2011-05-04,0.0,8.370117717486282,Merredin,"Wheatbelt, Western Australia"
2011-05-05,0.0,8.370117717486282,Merredin,"Wheatbelt, Western Australia"
2011-05-06,0.0,8.370117717486282,Merredin,"Wheatbelt, Western Australia"
2011-05-07,0.0,8.370117717486282,Merredin,"Wheatbelt, Western Australia"
2011-05-08,0.0,8.370117717486282,Merredin,"Wheatbelt, Western Australia"
2011-05-09,0.0,8.370117717486282,Merredin,"Wheatbelt, Western Australia"
2011-05-10,0.0,8.370117717486282,Merredin,"Wheatbelt, Western Australia"
2011-05-11,0.0,8.370117717486282,Merredin,"Wheatbelt, Western Australia"
2011-05-12,0.0,8.370117717486282,Merredin,"Wheatbelt, Western Australia"
2011-05-13,0.0,8.370117717486282,Merredin,"Wheatbelt, Western Australia"
2011-05-14,0.0,8.370117717486282,Merredin,"Wheatbelt, Western Australia"
2011-05-15,0.0,8.370117717486282,Merredin,"Wheatbelt, Western Australia"
2011-05-16,0.0,8.370117717486282,Merredin,"Wheatbelt, Western Australia"
2011-05-17,0.0,8.370117717486282,Merredin,"Wheatbelt, Western Australia"
2011-05-18,0.0,8.370117717486282,Merredin,"Wheatbelt, Western Australia"
2011-05-19,0.0,8.370117717486282,Merredin,"Wheatbelt, Western Australia"
2011-05-20,5.415166127825148,8.370117717486282,Merredin,"Wheatbelt, Western Australia"
2011-05-21,0.0,8.370117717486282,Merredin,"Wheatbelt, Western Australia"
2011-05-22,1.3830943324652376,8.370117717486282,Merredin,"Wheatbelt, Western Australia"
2011-05-23,0.0,8.370117717486282,Merredin,"Wheatbelt, Western Australia"
2011-05-24,0.0,8.370117717486282,Merredin,"Wheatbelt, Western Australia"
2011-05-25,0.0,8.370117717486282,Merredin,"Wheatbelt, Western Australia"
2011-05-26,0.0,8.370117717486282,Merredin,"Wheatbelt, Western Australia"
2011-05-27,0.0,8.370117717486282,Merredin,"Wheatbelt, Western Australia"
2011-05-28,0.0,8.370117717486282,Merredin,"Wheatbelt, Western Australia"
2011-05-29,0.0,8.370117717486282,Merredin,"Wheatbelt, Western Australia"
2011-05-30,0.0,8.370117717486282,Merredin,"Wheatbelt, Western Australia"
2011-05-31,0.0,8.370117717486282,Merredin,"Wheatbelt, Western Australia"
2011-06-01,0.0,21.697524292119148,Merredin,"Wheatbelt, Western Australia"
2011-06-02,0.0,21.697524292119148,Merredin,"Wheatbelt, Western Australia"
2011-06-03,0.0,21.697524292119148,Merredin,"Wheatbelt, Western Australia"
2011-06-04,0.0,21.697524292119148,Merredin,"Wheatbelt, Western Australia"
2011-06-05,6.068335799945712,21.697524292119148,Merredin,"Wheatbelt, Western Australia"
2011-06-06,0.5372564924999476,21.697524292119148,Merredin,"Wheatbelt, Western Australia"
2011-06-07,0.0,21.697524292119148,Merredin,"Wheatbelt, Western Australia"
2011-06-08,0.0,21.697524292119148,Merredin,"Wheatbelt, Western Australia"
2011-06-09,0.0,21.697524292119148,Merredin,"Wheatbelt, Western Australia"
2011-06-10,0.0,21.697524292119148,Merredin,"Wheatbelt, Western Australia"
2011-06-11,2.209778259662867,21.697524292119148,Merredin,"Wheatbelt, Western Australia"
2011-06-12,0.0,21.697524292119148,Merredin,"Wheatbelt, Western Australia"
2011-06-13,0.0,21.697524292119148,Merredin,"Wheatbelt, Western Australia"
2011-06-14,3.3431186832723334,21.697524292119148,Merredin,"Wheatbelt, Western Australia"
2011-06-15,0.0,21.697524292119148,Merredin,"Wheatbelt, Western Australia"
2011-06-16,0.0,21.697524292119148,Merredin,"Wheatbelt, Western Australia"
2011-06-17,0.0,21.697524292119148,Merredin,"Wheatbelt, Western Australia"
2011-06-18,0.0,21.697524292119148,Merredin,"Wheatbelt, Western Australia"
2011-06-19,0.0,21.697524292119148,Merredin,"Wheatbelt, Western Australia"
2011-06-20,0.0,21.697524292119148,Merredin,"Wheatbelt, Western Australia"
2011-06-21,3.9105087188193663,21.697524292119148,Merredin,"Wheatbelt, Western Australia"
2011-06-22,0.0,21.697524292119148,Merredin,"Wheatbelt, Western Australia"
2011-06-23,0.0,21.697524292119148,Merredin,"Wheatbelt, Western Australia"
2011-06-24,0.0,21.697524292119148,Merredin,"Wheatbelt, Western Australia"
2011-06-25,0.0,21.697524292119148,Merredin,"Wheatbelt, Western Australia"
2011-06-26,0.0,21.697524292119148,Merredin,"Wheatbelt, Western Australia"
2011-06-27,5.628526337918924,21.697524292119148,Merredin,"Wheatbelt, Western Australia"
2011-06-28,0.0,21.697524292119148,Merredin,"Wheatbelt, Western Australia"
2011-06-29,0.0,21.697524292119148,Merredin,"Wheatbelt, Western Australia"
2011-06-30,0.0,21.697524292119148,Merredin,"Wheatbelt, Western Australia"
2011-07-01,0.0,15.144467951760898,Merredin,"Wheatbelt, Western Australia"
2011-07-02,0.0,15.144467951760898,Merredin,"Wheatbelt, Western Australia"
2011-07-03,0.0,15.144467951760898,Merredin,"Wheatbelt, Western Australia"
2011-07-04,0.0,15.144467951760898,Merredin,"Wheatbelt, Western Australia"
2011-07-05,0.0,15.144467951760898,Merredin,"Wheatbelt, Western Australia"
2011-07-06,0.0,15.144467951760898,Merredin,"Wheatbelt, Western Australia"
2011-07-07,0.0,15.144467951760898,Merredin,"Wheatbelt, Western Australia"
2011-07-08,0.0,15.144467951760898,Merredin,"Wheatbelt, Western Australia"
2011-07-09,0.0,15.144467951760898,Merredin,"Wheatbelt, Western Australia"
2011-07-10,1.0487538058192993,15.144467951760898,Merredin,"Wheatbelt, Western Australia"
2011-07-11,0.0,15.144467951760898,Merredin,"Wheatbelt, Western Australia"
2011-07-12,0.0,15.144467951760898,Merredin,"Wheatbelt, Western Australia"
2011-07-13,0.0,15.144467951760898,Merredin,"Wheatbelt, Western Australia"
2011-07-14,0.0,15.144467951760898,Merredin,"Wheatbelt, Western Australia"
2011-07-15,0.0,15.144467951760898,Merredin,"Wheatbelt, Western Australia"
2011-07-16,0.0,15.144467951760898,Merredin,"Wheatbelt, Western Australia"
2011-07-17,0.0,15.144467951760898,Merredin,"Wheatbelt, Western Australia"
2011-07-18,0.0,15.144467951760898,Merredin,"Wheatbelt, Western Australia"
2011-07-19,0.0,15.144467951760898,Merredin,"Wheatbelt, Western Australia"
2011-07-20,0.0,15.144467951760898,Merredin,"Wheatbelt, Western Australia"
2011-07-21,0.0,15.144467951760898,Merredin,"Wheatbelt, Western Australia"
2011-07-22,0.0,15.144467951760898,Merredin,"Wheatbelt, Western Australia"
2011-07-23,3.7348568038547403,15.144467951760898,Merredin,"Wheatbelt, Western Australia"
2011-07-24,0.0,15.144467951760898,Merredin,"Wheatbelt, Western Australia"
2011-07-25,4.213550910459696,15.144467951760898,Merredin,"Wheatbelt, Western Australia"
2011-07-26,0.0,15.144467951760898,Merredin,"Wheatbelt, Western Australia"
2011-07-27,1.549836910174046,15.144467951760898,Merredin,"Wheatbelt, Western Australia"
2011-07-28,0.0,15.144467951760898,Merredin,"Wheatbelt, Western Australia"
2011-07-29,0.0,15.144467951760898,Merredin,"Wheatbelt, Western Australia"
2011-07-30,4.597469521453117,15.144467951760898,Merredin,"Wheatbelt, Western Australia"
2011-07-31,0.0,15.144467951760898,Merredin,"Wheatbelt, Western Australia"
2011-08-01,0.0,7.14013360531508,Merredin,"Wheatbelt, Western Australia"
2011-08-02,0.0,7.14013360531508,Merredin,"Wheatbelt, Western Australia"
2011-08-03,1.039664182178369,7.14013360531508,Merredin,"Wheatbelt, Western Australia"
2011-08-04,0.5240357869064998,7.14013360531508,Merredin,"Wheatbelt, Western Australia"
2011-08-05,0.0,7.14013360531508,Merredin,"Wheatbelt, Western Australia"
2011-08-06,0.0,7.14013360531508,Merredin,"Wheatbelt, Western Australia"
2011-08-07,0.0,7.14013360531508,Merredin,"Wheatbelt, Western Australia"
2011-08-08,0.0,7.14013360531508,Merredin,"Wheatbelt, Western Australia"
2011-08-09,0.0,7.14013360531508,Merredin,"Wheatbelt, Western Australia"
2011-08-10,0.0,7.14013360531508,Merredin,"Wheatbelt, Western Australia"
2011-08-11,0.0,7.14013360531508,Merredin,"Wheatbelt, Western Australia"
2011-08-12,0.0,7.14013360531508,Merredin,"Wheatbelt, Western Australia"
2011-08-13,0.0,7.14013360531508,Merredin,"Wheatbelt, Western Australia"
2011-08-14,0.0,7.14013360531508,Merredin,"Wheatbelt, Western Australia"
2011-08-15,0.0,7.14013360531508,Merredin,"Wheatbelt, Western Australia"
2011-08-16,0.0,7.14013360531508,Merredin,"Wheatbelt, Western Australia"
2011-08-17,0.0,7.14013360531508,Merredin,"Wheatbelt, Western Australia"
2011-08-18,0.0,7.14013360531508,Merredin,"Wheatbelt, Western Australia"
2011-08-19,0.0,7.14013360531508,Merredin,"Wheatbelt, Western Australia"
2011-08-20,5.576433636230211,7.14013360531508,Merredin,"Wheatbelt, Western Australia"
2011-08-21,0.0,7.14013360531508,Merredin,"Wheatbelt, Western Australia"
2011-08-22,0.0,7.14013360531508,Merredin,"Wheatbelt, Western Australia"
2011-08-23,0.0,7.14013360531508,Merredin,"Wheatbelt, Western Australia"
2011-08-24,0.0,7.14013360531508,Merredin,"Wheatbelt, Western Australia"
2011-08-25,0.0,7.14013360531508,Merredin,"Wheatbelt, Western Australia"
2011-08-26,0.0,7.14013360531508,Merredin,"Wheatbelt, Western Australia"
2011-08-27,0.0,7.14013360531508,Merredin,"Wheatbelt, Western Australia"
2011-08-28,0.0,7.14013360531508,Merredin,"Wheatbelt, Western Australia"
2011-08-29,0.0,7.14013360531508,Merredin,"Wheatbelt, Western Australia"
2011-08-30,0.0,7.14013360531508,Merredin,"Wheatbelt, Western Australia"
2011-08-31,0.0,7.14013360531508,Merredin,"Wheatbelt, Western Australia"
2011-09-01,0.0,18.29008639387576,Merredin,"Wheatbelt, Western Australia"
2011-09-02,0.0,18.29008639387576,Merredin,"Wheatbelt, Western Australia"
2011-09-03,0.0,18.29008639387576,Merredin,"Wheatbelt, Western Australia"
2011-09-04,0.0,18.29008639387576,Merredin,"Wheatbelt, Western Australia"
2011-09-05,1.9616781161423167,18.29008639387576,Merredin,"Wheatbelt, Western Australia"
2011-09-06,0.0,18.29008639387576,Merredin,"Wheatbelt, Western Australia"
2011-09-07,0.0,18.29008639387576,Merredin,"Wheatbelt, Western Australia"
2011-09-08,0.0,18.29008639387576,Merredin,"Wheatbelt, Western Australia"
2011-09-09,0.0,18.29008639387576,Merredin,"Wheatbelt, Western Australia"
2011-09-10,2.623868605463468,18.29008639387576,Merredin,"Wheatbelt, Western Australia"
2011-09-11,2.256284632929784,18.29008639387576,Merredin,"Wheatbelt, Western Australia"
2011-09-12,2.6346564053518384,18.29008639387576,Merredin,"Wheatbelt, Western Australia"
2011-09-13,0.0,18.29008639387576,Merredin,"Wheatbelt, Western Australia"
2011-09-14,0.0,18.29008639387576,Merredin,"Wheatbelt, Western Australia"
2011-09-15,0.0,18.29008639387576,Merredin,"Wheatbelt, Western Australia"
2011-09-16,0.0,18.29008639387576,Merredin,"Wheatbelt, Western Australia"
2011-09-17,4.956808373513386,18.29008639387576,Merredin,"Wheatbelt, Western Australia"
2011-09-18,0.0,18.29008639387576,Merredin,"Wheatbelt, Western Australia"
2011-09-19,0.0,18.29008639387576,Merredin,"Wheatbelt, Western Australia"
2011-09-20,0.0,18.29008639387576,Merredin,"Wheatbelt, Western Australia"
2011-09-21,0.0,18.29008639387576,Merredin,"Wheatbelt, Western Australia"
2011-09-22,0.0,18.29008639387576,Merredin,"Wheatbelt, Western Australia"
2011-09-23,2.8224198179718236,18.29008639387576,Merredin,"Wheatbelt, Western Australia"
2011-09-24,0.0,18.29008639387576,Merredin,"Wheatbelt, Western Australia"
2011-09-25,0.0,18.29008639387576,Merredin,"Wheatbelt, Western Australia"
2011-09-26,1.0343704425031455,18.29008639387576,Merredin,"Wheatbelt, Western Australia"
2011-09-27,0.0,18.29008639387576,Merredin,"Wheatbelt, Western Australia"
2011-09-28,0.0,18.29008639387576,Merredin,"Wheatbelt, Western Australia"
2011-09-29,0.0,18.29008639387576,Merredin,"Wheatbelt, Western Australia"
2011-09-30,0.0,18.29008639387576,Merredin,"Wheatbelt, Western Australia"
2011-10-01,0.8067766022346927,23.989677419631803,Merredin,"Wheatbelt, Western Australia"
2011-10-02,5.249090592924737,23.989677419631803,Merredin,"Wheatbelt, Western Australia"
2011-10-03,0.0,23.989677419631803,Merredin,"Wheatbelt, Western Australia"
2011-10-04,0.0,23.989677419631803,Merredin,"Wheatbelt, Western Australia"
2011-10-05,0.0,23.989677419631803,Merredin,"Wheatbelt, Western Australia"
2011-10-06,0.0,23.989677419631803,Merredin,"Wheatbelt, Western Australia"
2011-10-07,0.0,23.989677419631803,Merredin,"Wheatbelt, Western Australia"
2011-10-08,0.0,23.989677419631803,Merredin,"Wheatbelt, Western Australia"
2011-10-09,0.0,23.989677419631803,Merredin,"Wheatbelt, Western Australia"
2011-10-10,0.0,23.989677419631803,Merredin,"Wheatbelt, Western Australia"
2011-10-11,0.0,23.989677419631803,Merredin,"Wheatbelt, Western Australia"
2011-10-12,1.4854391835894607,23.989677419631803,Merredin,"Wheatbelt, Western Australia"
2011-10-13,0.0,23.989677419631803,Merredin,"Wheatbelt, Western Australia"
2011-10-14,0.0,23.989677419631803,Merredin,"Wheatbelt, Western Australia"
2011-10-15,0.0,23.989677419631803,Merredin,"Wheatbelt, Western Australia"
2011-10-16,0.0,23.989677419631803,Merredin,"Wheatbelt, Western Australia"
2011-10-17,0.0,23.989677419631803,Merredin,"Wheatbelt, Western Australia"
2011-10-18,0.0,23.989677419631803,Merredin,"Wheatbelt, Western Australia"
2011-10-19,2.024705045909796,23.989677419631803,Merredin,"Wheatbelt, Western Australia"
2011-10-20,0.0,23.989677419631803,Merredin,"Wheatbelt, Western Australia"
2011-10-21,0.0,23.989677419631803,Merredin,"Wheatbelt, Western Australia"
2011-10-22,3.6764362657212435,23.989677419631803,Merredin,"Wheatbelt, Western Australia"
2011-10-23,0.0,23.989677419631803,Merredin,"Wheatbelt, Western Australia"
2011-10-24,0.0,23.989677419631803,Merredin,"Wheatbelt, Western Australia"
2011-10-25,5.388443452309831,23.989677419631803,Merredin,"Wheatbelt, Western Australia"
2011-10-26,0.0,23.989677419631803,Merredin,"Wheatbelt, Western Australia"
2011-10-27,0.0,23.989677419631803,Merredin,"Wheatbelt, Western Australia"
2011-10-28,0.0,23.989677419631803,Merredin,"Wheatbelt, Western Australia"
2011-10-29,0.0,23.989677419631803,Merredin,"Wheatbelt, Western Australia"
2011-10-30,1.1695437981112553,23.989677419631803,Merredin,"Wheatbelt, Western Australia"
2011-10-31,4.189242478830786,23.989677419631803,Merredin,"Wheatbelt, Western Australia"
2011-11-01,0.0,15.135887644671005,Merredin,"Wheatbelt, Western Australia"
2011-11-02,0.0,15.135887644671005,Merredin,"Wheatbelt, Western Australia"
2011-11-03,2.6431603107273722,15.135887644671005,Merredin,"Wheatbelt, Western Australia"
2011-11-04,0.0,15.135887644671005,Merredin,"Wheatbelt, Western Australia"
2011-11-05,0.0,15.135887644671005,Merredin,"Wheatbelt, Western Australia"
2011-11-06,4.26106627674017,15.135887644671005,Merredin,"Wheatbelt, Western Australia"
2011-11-07,0.0,15.135887644671005,Merredin,"Wheatbelt, Western Australia"
2011-11-08,3.1165078888926745,15.135887644671005,Merredin,"Wheatbelt, Western Australia"
2011-11-09,0.0,15.135887644671005,Merredin,"Wheatbelt, Western Australia"
2011-11-10,0.0,15.135887644671005,Merredin,"Wheatbelt, Western Australia"
2011-11-11,2.158141361145781,15.135887644671005,Merredin,"Wheatbelt, Western Australia"
2011-11-12,0.9837203072267233,15.135887644671005,Merredin,"Wheatbelt, Western Australia"
2011-11-13,0.0,15.135887644671005,Merredin,"Wheatbelt, Western Australia"
2011-11-14,0.0,15.135887644671005,Merredin,"Wheatbelt, Western Australia"
2011-11-15,1.9732914999382831,15.135887644671005,Merredin,"Wheatbelt, Western Australia"
2011-11-16,0.0,15.135887644671005,Merredin,"Wheatbelt, Western Australia"
2011-11-17,0.0,15.135887644671005,Merredin,"Wheatbelt, Western Australia"
2011-11-18,0.0,15.135887644671005,Merredin,"Wheatbelt, Western Australia"
2011-11-19,0.0,15.135887644671005,Merredin,"Wheatbelt, Western Australia"
2011-11-20,0.0,15.135887644671005,Merredin,"Wheatbelt, Western Australia"
2011-11-21,0.0,15.135887644671005,Merredin,"Wheatbelt, Western Australia"
2011-11-22,0.0,15.135887644671005,Merredin,"Wheatbelt, Western Australia"
2011-11-23,0.0,15.135887644671005,Merredin,"Wheatbelt, Western Australia"
2011-11-24,0.0,15.135887644671005,Merredin,"Wheatbelt, Western Australia"
2011-11-25,0.0,15.135887644671005,Merredin,"Wheatbelt, Western Australia"
2011-11-26,0.0,15.135887644671005,Merredin,"Wheatbelt, Western Australia"
2011-11-27,0.0,15.135887644671005,Merredin,"Wheatbelt, Western Australia"
2011-11-28,0.0,15.135887644671005,Merredin,"Wheatbelt, Western Australia"
2011-11-29,0.0,15.135887644671005,Merredin,"Wheatbelt, Western Australia"
2011-11-30,0.0,15.135887644671005,Merredin,"Wheatbelt, Western Australia"
2011-12-01,0.0,11.749820767130629,Merredin,"Wheatbelt, Western Australia"
2011-12-02,0.0,11.749820767130629,Merredin,"Wheatbelt, Western Australia"
2011-12-03,0.0,11.749820767130629,Merredin,"Wheatbelt, Western Australia"
2011-12-04,0.0,11.749820767130629,Merredin,"Wheatbelt, Western Australia"
2011-12-05,0.0,11.749820767130629,Merredin,"Wheatbelt, Western Australia"
2011-12-06,1.7994191242265578,11.749820767130629,Merredin,"Wheatbelt, Western Australia"
2011-12-07,5.821905716736534,11.749820767130629,Merredin,"Wheatbelt, Western Australia"
2011-12-08,0.0,11.749820767130629,Merredin,"Wheatbelt, Western Australia"
2011-12-09,0.0,11.749820767130629,Merredin,"Wheatbelt, Western Australia"
2011-12-10,0.0,11.749820767130629,Merredin,"Wheatbelt, Western Australia"
2011-12-11,0.0,11.749820767130629,Merredin,"Wheatbelt, Western Australia"
2011-12-12,0.0,11.749820767130629,Merredin,"Wheatbelt, Western Australia"
2011-12-13,2.0565634876186634,11.749820767130629,Merredin,"Wheatbelt, Western Australia"
2011-12-14,0.0,11.749820767130629,Merredin,"Wheatbelt, Western Australia"
2011-12-15,2.071932438548873,11.749820767130629,Merredin,"Wheatbelt, Western Australia"
2011-12-16,0.0,11.749820767130629,Merredin,"Wheatbelt, Western Australia"
2011-12-17,0.0,11.749820767130629,Merredin,"Wheatbelt, Western Australia"
2011-12-18,0.0,11.749820767130629,Merredin,"Wheatbelt, Western Australia"
2011-12-19,0.0,11.749820767130629,Merredin,"Wheatbelt, Western Australia"
2011-12-20,0.0,11.749820767130629,Merredin,"Wheatbelt, Western Australia"
2011-12-21,0.0,11.749820767130629,Merredin,"Wheatbelt, Western Australia"
2011-12-22,0.0,11.749820767130629,Merredin,"Wheatbelt, Western Australia"
2011-12-23,0.0,11.749820767130629,Merredin,"Wheatbelt, Western Australia"
2011-12-24,0.0,11.749820767130629,Merredin,"Wheatbelt, Western Australia"
2011-12-25,0.0,11.749820767130629,Merredin,"Wheatbelt, Western Australia"
2011-12-26,0.0,11.749820767130629,Merredin,"Wheatbelt, Western Australia"
2011-12-27,0.0,11.749820767130629,Merredin,"Wheatbelt, Western Australia"
2011-12-28,0.0,11.749820767130629,Merredin,"Wheatbelt, Western Australia"
2011-12-29,0.0,11.749820767130629,Merredin,"Wheatbelt, Western Australia"
2011-12-30,0.0,11.749820767130629,Merredin,"Wheatbelt, Western Australia"
2011-12-31,0.0,11.749820767130629,Merredin,"Wheatbelt, Western Australia"
2012-01-01,0.0,22.418924496161257,Merredin,"Wheatbelt, Western Australia"
2012-01-02,0.0,22.418924496161257,Merredin,"Wheatbelt, Western Australia"
2012-01-03,0.0,22.418924496161257,Merredin,"Wheatbelt, Western Australia"
2012-01-04,0.0,22.418924496161257,Merredin,"Wheatbelt, Western Australia"
2012-01-05,0.0,22.418924496161257,Merredin,"Wheatbelt, Western Australia"
2012-01-06,0.0,22.418924496161257,Merredin,"Wheatbelt, Western Australia"
2012-01-07,0.0,22.418924496161257,Merredin,"Wheatbelt, Western Australia"
2012-01-08,0.0,22.418924496161257,Merredin,"Wheatbelt, Western Australia"
2012-01-09,0.0,22.418924496161257,Merredin,"Wheatbelt, Western Australia"
2012-01-10,7.52135639360852,22.418924496161257,Merredin,"Wheatbelt, Western Australia"
2012-01-11,0.0,22.418924496161257,Merredin,"Wheatbelt, Western Australia"
2012-01-12,0.8833299277976202,22.418924496161257,Merredin,"Wheatbelt, Western Australia"
2012-01-13,0.0,22.418924496161257,Merredin,"Wheatbelt, Western Australia"
2012-01-14,0.0,22.418924496161257,Merredin,"Wheatbelt, Western Australia"
2012-01-15,2.9833503179304772,22.418924496161257,Merredin,"Wheatbelt, Western Australia"
2012-01-16,0.0,22.418924496161257,Merredin,"Wheatbelt, Western Australia"
2012-01-17,0.0,22.418924496161257,Merredin,"Wheatbelt, Western Australia"
2012-01-18,0.0,22.418924496161257,Merredin,"Wheatbelt, Western Australia"
2012-01-19,0.0,22.418924496161257,Merredin,"Wheatbelt, Western Australia"
2012-01-20,0.0,22.418924496161257,Merredin,"Wheatbelt, Western Australia"
2012-01-21,3.4658239724535274,22.418924496161257,Merredin,"Wheatbelt, Western Australia"
2012-01-22,0.0,22.418924496161257,Merredin,"Wheatbelt, Western Australia"
2012-01-23,3.7276788412045145,22.418924496161257,Merredin,"Wheatbelt, Western Australia"
2012-01-24,0.0,22.418924496161257,Merredin,"Wheatbelt, Western Australia"
2012-01-25,0.0,22.418924496161257,Merredin,"Wheatbelt, Western Australia"
2012-01-26,0.0,22.418924496161257,Merredin,"Wheatbelt, Western Australia"
2012-01-27,0.0,22.418924496161257,Merredin,"Wheatbelt, Western Australia"
2012-01-28,0.0,22.418924496161257,Merredin,"Wheatbelt, Western Australia"
2012-01-29,0.0,22.418924496161257,Merredin,"Wheatbelt, Western Australia"
2012-01-30,3.837385043166597,22.418924496161257,Merredin,"Wheatbelt, Western Australia"
2012-01-31,0.0,22.418924496161257,Merredin,"Wheatbelt, Western Australia"
2012-02-01,9.679328696879647,25.19023400402242,Merredin,"Wheatbelt, Western Australia"
2012-02-02,0.0,25.19023400402242,Merredin,"Wheatbelt, Western Australia"
2012-02-03,0.6852226553426806,25.19023400402242,Merredin,"Wheatbelt, Western Australia"
2012-02-04,5.776307611319728,25.19023400402242,Merredin,"Wheatbelt, Western Australia"
2012-02-05,1.296580506091416,25.19023400402242,Merredin,"Wheatbelt, Western Australia"
2012-02-06,0.0,25.19023400402242,Merredin,"Wheatbelt, Western Australia"
2012-02-07,0.0,25.19023400402242,Merredin,"Wheatbelt, Western Australia"
2012-02-08,1.6572878631900896,25.19023400402242,Merredin,"Wheatbelt, Western Australia"
2012-02-09,1.1908994791883587,25.19023400402242,Merredin,"Wheatbelt, Western Australia"
2012-02-10,0.0,25.19023400402242,Merredin,"Wheatbelt, Western Australia"
2012-02-11,0.0,25.19023400402242,Merredin,"Wheatbelt, Western Australia"
2012-02-12,0.0,25.19023400402242,Merredin,"Wheatbelt, Western Australia"
2012-02-13,0.0,25.19023400402242,Merredin,"Wheatbelt, Western Australia"
2012-02-14,0.0,25.19023400402242,Merredin,"Wheatbelt, Western Australia"
2012-02-15,0.0,25.19023400402242,Merredin,"Wheatbelt, Western Australia"
2012-02-16,0.0,25.19023400402242,Merredin,"Wheatbelt, Western Australia"
2012-02-17,0.0,25.19023400402242,Merredin,"Wheatbelt, Western Australia"
2012-02-18,0.0,25.19023400402242,Merredin,"Wheatbelt, Western Australia"
2012-02-19,0.0,25.19023400402242,Merredin,"Wheatbelt, Western Australia"
2012-02-20,0.0,25.19023400402242,Merredin,"Wheatbelt, Western Australia"
2012-02-21,0.0,25.19023400402242,Merredin,"Wheatbelt, Western Australia"
2012-02-22,0.0,25.19023400402242,Merredin,"Wheatbelt, Western Australia"
2012-02-23,0.0,25.19023400402242,Merredin,"Wheatbelt, Western Australia"
2012-02-24,4.904607192010503,25.19023400402242,Merredin,"Wheatbelt, Western Australia"
2012-02-25,0.0,25.19023400402242,Merredin,"Wheatbelt, Western Australia"
2012-02-26,0.0,25.19023400402242,Merredin,"Wheatbelt, Western Australia"
2012-02-27,0.0,25.19023400402242,Merredin,"Wheatbelt, Western Australia"
2012-02-28,0.0,25.19023400402242,Merredin,"Wheatbelt, Western Australia"
2012-02-29,0.0,25.19023400402242,Merredin,"Wheatbelt, Western Australia"
2012-03-01,0.0,5.167962404891201,Merredin,"Wheatbelt, Western Australia"
2012-03-02,0.0,5.167962404891201,Merredin,"Wheatbelt, Western Australia"
2012-03-03,0.0,5.167962404891201,Merredin,"Wheatbelt, Western Australia"
2012-03-04,0.0,5.167962404891201,Merredin,"Wheatbelt, Western Australia"
2012-03-05,0.0,5.167962404891201,Merredin,"Wheatbelt, Western Australia"
2012-03-06,0.0,5.167962404891201,Merredin,"Wheatbelt, Western Australia"
2012-03-07,0.0,5.167962404891201,Merredin,"Wheatbelt, Western Australia"
2012-03-08,0.0,5.167962404891201,Merredin,"Wheatbelt, Western Australia"
2012-03-09,0.0,5.167962404891201,Merredin,"Wheatbelt, Western Australia"
2012-03-10,3.1345851989106217,5.167962404891201,Merredin,"Wheatbelt, Western Australia"
2012-03-11,0.0,5.167962404891201,Merredin,"Wheatbelt, Western Australia"
2012-03-12,0.0,5.167962404891201,Merredin,"Wheatbelt, Western Australia"
2012-03-13,0.0,5.167962404891201,Merredin,"Wheatbelt, Western Australia"
2012-03-14,0.0,5.167962404891201,Merredin,"Wheatbelt, Western Australia"
2012-03-15,0.0,5.167962404891201,Merredin,"Wheatbelt, Western Australia"
2012-03-16,0.0,5.167962404891201,Merredin,"Wheatbelt, Western Australia"
2012-03-17,0.0,5.167962404891201,Merredin,"Wheatbelt, Western Australia"
2012-03-18,0.0,5.167962404891201,Merredin,"Wheatbelt, Western Australia"
2012-03-19,0.0,5.167962404891201,Merredin,"Wheatbelt, Western Australia"
2012-03-20,0.0,5.167962404891201,Merredin,"Wheatbelt, Western Australia"
2012-03-21,2.0333772059805786,5.167962404891201,Merredin,"Wheatbelt, Western Australia"
2012-03-22,0.0,5.167962404891201,Merredin,"Wheatbelt, Western Australia"
2012-03-23,0.0,5.167962404891201,Merredin,"Wheatbelt, Western Australia"
2012-03-24,0.0,5.167962404891201,Merredin,"Wheatbelt, Western Australia"
2012-03-25,0.0,5.167962404891201,Merredin,"Wheatbelt, Western Australia"
2012-03-26,0.0,5.167962404891201,Merredin,"Wheatbelt, Western Australia"
2012-03-27,0.0,5.167962404891201,Merredin,"Wheatbelt, Western Australia"
2012-03-28,0.0,5.167962404891201,Merredin,"Wheatbelt, Western Australia"
2012-03-29,0.0,5.167962404891201,Merredin,"Wheatbelt, Western Australia"
2012-03-30,0.0,5.167962404891201,Merredin,"Wheatbelt, Western Australia"
2012-03-31,0.0,5.167962404891201,Merredin,"Wheatbelt, Western Australia"
2012-04-01,3.6896767574956852,25.103115698530534,Merredin,"Wheatbelt, Western Australia"
2012-04-02,0.0,25.103115698530534,Merredin,"Wheatbelt, Western Australia"
2012-04-03,5.071986591391275,25.103115698530534,Merredin,"Wheatbelt, Western Australia"
2012-04-04,0.0,25.103115698530534,Merredin,"Wheatbelt, Western Australia"
2012-04-05,3.0267866782363844,25.103115698530534,Merredin,"Wheatbelt, Western Australia"
2012-04-06,0.0,25.103115698530534,Merredin,"Wheatbelt, Western Australia"
2012-04-07,0.0,25.103115698530534,Merredin,"Wheatbelt, Western Australia"
2012-04-08,0.0,25.103115698530534,Merredin,"Wheatbelt, Western Australia"
2012-04-09,0.0,25.103115698530534,Merredin,"Wheatbelt, Western Australia"
2012-04-10,1.0517260324733557,25.103115698530534,Merredin,"Wheatbelt, Western Australia"
2012-04-11,0.0,25.103115698530534,Merredin,"Wheatbelt, Western Australia"
2012-04-12,0.0,25.103115698530534,Merredin,"Wheatbelt, Western Australia"
2012-04-13,0.0,25.103115698530534,Merredin,"Wheatbelt, Western Australia"
2012-04-14,1.4376493909044117,25.103115698530534,Merredin,"Wheatbelt, Western Australia"
2012-04-15,1.1799904302668378,25.103115698530534,Merredin,"Wheatbelt, Western Australia"
2012-04-16,0.0,25.103115698530534,Merredin,"Wheatbelt, Western Australia"
2012-04-17,0.0,25.103115698530534,Merredin,"Wheatbelt, Western Australia"
2012-04-18,0.0,25.103115698530534,Merredin,"Wheatbelt, Western Australia"
2012-04-19,0.0,25.103115698530534,Merredin,"Wheatbelt, Western Australia"
2012-04-20,0.0,25.103115698530534,Merredin,"Wheatbelt, Western Australia"
2012-04-21,0.0,25.103115698530534,Merredin,"Wheatbelt, Western Australia"
2012-04-22,0.0,25.103115698530534,Merredin,"Wheatbelt, Western Australia"
2012-04-23,0.2502366522244693,25.103115698530534,Merredin,"Wheatbelt, Western Australia"
2012-04-24,0.0,25.103115698530534,Merredin,"Wheatbelt, Western Australia"
2012-04-25,0.0,25.103115698530534,Merredin,"Wheatbelt, Western Australia"
2012-04-26,7.636986168480046,25.103115698530534,Merredin,"Wheatbelt, Western Australia"
2012-04-27,0.0,25.103115698530534,Merredin,"Wheatbelt, Western Australia"
2012-04-28,1.7580769970580665,25.103115698530534,Merredin,"Wheatbelt, Western Australia"
2012-04-29,0.0,25.103115698530534,Merredin,"Wheatbelt, Western Australia"
2012-04-30,0.0,25.103115698530534,Merredin,"Wheatbelt, Western Australia"
2012-05-01,0.0,38.53806688828416,Merredin,"Wheatbelt, Western Australia"
2012-05-02,6.47406778424653,38.53806688828416,Merredin,"Wheatbelt, Western Australia"
2012-05-03,0.0,38.53806688828416,Merredin,"Wheatbelt, Western Australia"
2012-05-04,1.2573608701810548,38.53806688828416,Merredin,"Wheatbelt, Western Australia"
2012-05-05,6.661797932054321,38.53806688828416,Merredin,"Wheatbelt, Western Australia"
2012-05-06,0.0,38.53806688828416,Merredin,"Wheatbelt, Western Australia"
2012-05-07,0.0,38.53806688828416,Merredin,"Wheatbelt, Western Australia"
2012-05-08,0.0,38.53806688828416,Merredin,"Wheatbelt, Western Australia"
2012-05-09,0.0,38.53806688828416,Merredin,"Wheatbelt, Western Australia"
2012-05-10,0.0,38.53806688828416,Merredin,"Wheatbelt, Western Australia"
2012-05-11,0.0,38.53806688828416,Merredin,"Wheatbelt, Western Australia"
2012-05-12,0.0,38.53806688828416,Merredin,"Wheatbelt, Western Australia"
2012-05-13,0.0,38.53806688828416,Merredin,"Wheatbelt, Western Australia"
2012-05-14,0.0,38.53806688828416,Merredin,"Wheatbelt, Western Australia"
2012-05-15,0.0,38.53806688828416,Merredin,"Wheatbelt, Western Australia"
2012-05-16,0.0,38.53806688828416,Merredin,"Wheatbelt, Western Australia"
2012-05-17,0.0,38.53806688828416,Merredin,"Wheatbelt, Western Australia"
2012-05-18,0.0,38.53806688828416,Merredin,"Wheatbelt, Western Australia"
2012-05-19,0.0,38.53806688828416,Merredin,"Wheatbelt, Western Australia"
2012-05-20,5.001077407071862,38.53806688828416,Merredin,"Wheatbelt, Western Australia"
2012-05-21,0.0,38.53806688828416,Merredin,"Wheatbelt, Western Australia"
2012-05-22,0.0,38.53806688828416,Merredin,"Wheatbelt, Western Australia"
2012-05-23,0.0,38.53806688828416,Merredin,"Wheatbelt, Western Australia"
2012-05-24,5.589868718047487,38.53806688828416,Merredin,"Wheatbelt, Western Australia"
2012-05-25,0.0,38.53806688828416,Merredin,"Wheatbelt, Western Australia"
2012-05-26,0.0,38.53806688828416,Merredin,"Wheatbelt, Western Australia"
2012-05-27,0.0,38.53806688828416,Merredin,"Wheatbelt, Western Australia"
2012-05-28,13.553894176682912,38.53806688828416,Merredin,"Wheatbelt, Western Australia"
2012-05-29,0.0,38.53806688828416,Merredin,"Wheatbelt, Western Australia"
2012-05-30,0.0,38.53806688828416,Merredin,"Wheatbelt, Western Australia"
2012-05-31,0.0,38.53806688828416,Merredin,"Wheatbelt, Western Australia"
2012-06-01,0.0,35.84577522238423,Merredin,"Wheatbelt, Western Australia"
2012-06-02,0.0,35.84577522238423,Merredin,"Wheatbelt, Western Australia"
2012-06-03,0.0,35.84577522238423,Merredin,"Wheatbelt, Western Australia"
2012-06-04,0.0,35.84577522238423,Merredin,"Wheatbelt, Western Australia"
2012-06-05,0.0,35.84577522238423,Merredin,"Wheatbelt, Western Australia"
2012-06-06,0.0,35.84577522238423,Merredin,"Wheatbelt, Western Australia"
2012-06-07,0.0,35.84577522238423,Merredin,"Wheatbelt, Western Australia"
2012-06-08,0.0,35.84577522238423,Merredin,"Wheatbelt, Western Australia"
2012-06-09,0.0,35.84577522238423,Merredin,"Wheatbelt, Western Australia"
2012-06-10,0.0,35.84577522238423,Merredin,"Wheatbelt, Western Australia"
2012-06-11,0.0,35.84577522238423,Merredin,"Wheatbelt, Western Australia"
2012-06-12,4.91379318400594,35.84577522238423,Merredin,"Wheatbelt, Western Australia"
2012-06-13,2.2168960435496703,35.84577522238423,Merredin,"Wheatbelt, Western Australia"
2012-06-14,0.0,35.84577522238423,Merredin,"Wheatbelt, Western Australia"
2012-06-15,2.9939496669271066,35.84577522238423,Merredin,"Wheatbelt, Western Australia"
2012-06-16,10.37663836419295,35.84577522238423,Merredin,"Wheatbelt, Western Australia"
2012-06-17,4.532038538845668,35.84577522238423,Merredin,"Wheatbelt, Western Australia"
2012-06-18,0.0,35.84577522238423,Merredin,"Wheatbelt, Western Australia"
2012-06-19,5.983391028061623,35.84577522238423,Merredin,"Wheatbelt, Western Australia"
2012-06-20,0.0,35.84577522238423,Merredin,"Wheatbelt, Western Australia"
2012-06-21,0.0,35.84577522238423,Merredin,"Wheatbelt, Western Australia"
2012-06-22,0.0,35.84577522238423,Merredin,"Wheatbelt, Western Australia"
2012-06-23,0.0,35.84577522238423,Merredin,"Wheatbelt, Western Australia"
2012-06-24,0.0,35.84577522238423,Merredin,"Wheatbelt, Western Australia"
2012-06-25,0.0,35.84577522238423,Merredin,"Wheatbelt, Western Australia"
2012-06-26,0.0,35.84577522238423,Merredin,"Wheatbelt, Western Australia"
2012-06-27,0.0,35.84577522238423,Merredin,"Wheatbelt, Western Australia"
2012-06-28,0.0,35.84577522238423,Merredin,"Wheatbelt, Western Australia"
2012-06-29,0.0,35.84577522238423,Merredin,"Wheatbelt, Western Australia"
2012-06-30,4.829068396801278,35.84577522238423,Merredin,"Wheatbelt, Western Australia"
2012-07-01,0.0,7.115236341857711,Merredin,"Wheatbelt, Western Australia"
2012-07-02,0.0,7.115236341857711,Merredin,"Wheatbelt, Western Australia"
2012-07-03,0.0,7.115236341857711,Merredin,"Wheatbelt, Western Australia"
2012-07-04,0.0,7.115236341857711,Merredin,"Wheatbelt, Western Australia"
2012-07-05,0.0,7.115236341857711,Merredin,"Wheatbelt, Western Australia"
2012-07-06,0.0,7.115236341857711,Merredin,"Wheatbelt, Western Australia"
2012-07-07,2.664732552681512,7.115236341857711,Merredin,"Wheatbelt, Western Australia"
2012-07-08,0.0,7.115236341857711,Merredin,"Wheatbelt, Western Australia"
2012-07-09,0.0,7.115236341857711,Merredin,"Wheatbelt, Western Australia"
2012-07-10,0.0,7.115236341857711,Merredin,"Wheatbelt, Western Australia"
2012-07-11,0.0,7.115236341857711,Merredin,"Wheatbelt, Western Australia"
2012-07-12,0.0,7.115236341857711,Merredin,"Wheatbelt, Western Australia"
2012-07-13,0.0,7.115236341857711,Merredin,"Wheatbelt, Western Australia"
2012-07-14,0.0,7.115236341857711,Merredin,"Wheatbelt, Western Australia"
2012-07-15,2.7003212673325754,7.115236341857711,Merredin,"Wheatbelt, Western Australia"
2012-07-16,0.36333711257493684,7.115236341857711,Merredin,"Wheatbelt, Western Australia"
2012-07-17,1.3868454092686866,7.115236341857711,Merredin,"Wheatbelt, Western Australia"
2012-07-18,0.0,7.115236341857711,Merredin,"Wheatbelt, Western Australia"
2012-07-19,0.0,7.115236341857711,Merredin,"Wheatbelt, Western Australia"
2012-07-20,0.0,7.115236341857711,Merredin,"Wheatbelt, Western Australia"
2012-07-21,0.0,7.115236341857711,Merredin,"Wheatbelt, Western Australia"
2012-07-22,0.0,7.115236341857711,Merredin,"Wheatbelt, Western Australia"
2012-07-23,0.0,7.115236341857711,Merredin,"Wheatbelt, Western Australia"
2012-07-24,0.0,7.115236341857711,Merredin,"Wheatbelt, Western Australia"
2012-07-25,0.0,7.115236341857711,Merredin,"Wheatbelt, Western Australia"
2012-07-26,0.0,7.115236341857711,Merredin,"Wheatbelt, Western Australia"
2012-07-27,0.0,7.115236341857711,Merredin,"Wheatbelt, Western Australia"
2012-07-28,0.0,7.115236341857711,Merredin,"Wheatbelt, Western Australia"
2012-07-29,0.0,7.115236341857711,Merredin,"Wheatbelt, Western Australia"
2012-07-30,0.0,7.115236341857711,Merredin,"Wheatbelt, Western Australia"
2012-07-31,0.0,7.115236341857711,Merredin,"Wheatbelt, Western Australia"
2012-08-01,0.0,14.538738645362344,Merredin,"Wheatbelt, Western Australia"
2012-08-02,0.0,14.538738645362344,Merredin,"Wheatbelt, Western Australia"
2012-08-03,0.0,14.538738645362344,Merredin,"Wheatbelt, Western Australia"
2012-08-04,0.0,14.538738645362344,Merredin,"Wheatbelt, Western Australia"
2012-08-05,0.0,14.538738645362344,Merredin,"Wheatbelt, Western Australia"
2012-08-06,0.0,14.538738645362344,Merredin,"Wheatbelt, Western Australia"
2012-08-07,0.0,14.538738645362344,Merredin,"Wheatbelt, Western Australia"
2012-08-08,0.0,14.538738645362344,Merredin,"Wheatbelt, Western Australia"
2012-08-09,0.0,14.538738645362344,Merredin,"Wheatbelt, Western Australia"
2012-08-10,0.0,14.538738645362344,Merredin,"Wheatbelt, Western Australia"
2012-08-11,0.0,14.538738645362344,Merredin,"Wheatbelt, Western Australia"
2012-08-12,0.0,14.538738645362344,Merredin,"Wheatbelt, Western Australia"
2012-08-13,0.0,14.538738645362344,Merredin,"Wheatbelt, Western Australia"
2012-08-14,0.0,14.538738645362344,Merredin,"Wheatbelt, Western Australia"
2012-08-15,0.0,14.538738645362344,Merredin,"Wheatbelt, Western Australia"
2012-08-16,0.0,14.538738645362344,Merredin,"Wheatbelt, Western Australia"
2012-08-17,5.928567472221054,14.538738645362344,Merredin,"Wheatbelt, Western Australia"
2012-08-18,0.0,14.538738645362344,Merredin,"Wheatbelt, Western Australia"
2012-08-19,0.0,14.538738645362344,Merredin,"Wheatbelt, Western Australia"
2012-08-20,0.0,14.538738645362344,Merredin,"Wheatbelt, Western Australia"
2012-08-21,2.046924202661682,14.538738645362344,Merredin,"Wheatbelt, Western Australia"
2012-08-22,2.846907443252515,14.538738645362344,Merredin,"Wheatbelt, Western Australia"
2012-08-23,0.0,14.538738645362344,Merredin,"Wheatbelt, Western Australia"
2012-08-24,0.0,14.538738645362344,Merredin,"Wheatbelt, Western Australia"
2012-08-25,0.0,14.538738645362344,Merredin,"Wheatbelt, Western Australia"
2012-08-26,0.0,14.538738645362344,Merredin,"Wheatbelt, Western Australia"
2012-08-27,3.7163395272270927,14.538738645362344,Merredin,"Wheatbelt, Western Australia"
2012-08-28,0.0,14.538738645362344,Merredin,"Wheatbelt, Western Australia"
2012-08-29,0.0,14.538738645362344,Merredin,"Wheatbelt, Western Australia"
2012-08-30,0.0,14.538738645362344,Merredin,"Wheatbelt, Western Australia"
2012-08-31,0.0,14.538738645362344,Merredin,"Wheatbelt, Western Australia"
2012-09-01,6.837988166830555,16.57699864486022,Merredin,"Wheatbelt, Western Australia"
2012-09-02,0.0,16.57699864486022,Merredin,"Wheatbelt, Western Australia"
2012-09-03,0.0,16.57699864486022,Merredin,"Wheatbelt, Western Australia"
2012-09-04,0.0,16.57699864486022,Merredin,"Wheatbelt, Western Australia"
2012-09-05,0.0,16.57699864486022,Merredin,"Wheatbelt, Western Australia"
2012-09-06,0.0,16.57699864486022,Merredin,"Wheatbelt, Western Australia"
2012-09-07,0.0,16.57699864486022,Merredin,"Wheatbelt, Western Australia"
2012-09-08,0.0,16.57699864486022,Merredin,"Wheatbelt, Western Australia"
2012-09-09,0.0,16.57699864486022,Merredin,"Wheatbelt, Western Australia"
2012-09-10,0.0,16.57699864486022,Merredin,"Wheatbelt, Western Australia"
2012-09-11,0.0,16.57699864486022,Merredin,"Wheatbelt, Western Australia"
2012-09-12,0.9500078527687877,16.57699864486022,Merredin,"Wheatbelt, Western Australia"
2012-09-13,3.2093537312417713,16.57699864486022,Merredin,"Wheatbelt, Western Australia"
2012-09-14,0.7918655153176216,16.57699864486022,Merredin,"Wheatbelt, Western Australia"
2012-09-15,0.0,16.57699864486022,Merredin,"Wheatbelt, Western Australia"
2012-09-16,0.0,16.57699864486022,Merredin,"Wheatbelt, Western Australia"
2012-09-17,0.0,16.57699864486022,Merredin,"Wheatbelt, Western Australia"
2012-09-18,0.0,16.57699864486022,Merredin,"Wheatbelt, Western Australia"
2012-09-19,0.0,16.57699864486022,Merredin,"Wheatbelt, Western Australia"
2012-09-20,0.0,16.57699864486022,Merredin,"Wheatbelt, Western Australia"
2012-09-21,3.7663349955109844,16.57699864486022,Merredin,"Wheatbelt, Western Australia"
2012-09-22,0.0,16.57699864486022,Merredin,"Wheatbelt, Western Australia"
2012-09-23,1.0214483831904977,16.57699864486022,Merredin,"Wheatbelt, Western Australia"
2012-09-24,0.0,16.57699864486022,Merredin,"Wheatbelt, Western Australia"
2012-09-25,0.0,16.57699864486022,Merredin,"Wheatbelt, Western Australia"
2012-09-26,0.0,16.57699864486022,Merredin,"Wheatbelt, Western Australia"
2012-09-27,0.0,16.57699864486022,Merredin,"Wheatbelt, Western Australia"
2012-09-28,0.0,16.57699864486022,Merredin,"Wheatbelt, Western Australia"
2012-09-29,0.0,16.57699864486022,Merredin,"Wheatbelt, Western Australia"
2012-09-30,0.0,16.57699864486022,Merredin,"Wheatbelt, Western Australia"
2012-10-01,0.0,14.120625020023187,Merredin,"Wheatbelt, Western Australia"
2012-10-02,0.0,14.120625020023187,Merredin,"Wheatbelt, Western Australia"
2012-10-03,0.0,14.120625020023187,Merredin,"Wheatbelt, Western Australia"
2012-10-04,0.0,14.120625020023187,Merredin,"Wheatbelt, Western Australia"
2012-10-05,0.0,14.120625020023187,Merredin,"Wheatbelt, Western Australia"
2012-10-06,0.0,14.120625020023187,Merredin,"Wheatbelt, Western Australia"
2012-10-07,5.031235251152272,14.120625020023187,Merredin,"Wheatbelt, Western Australia"
2012-10-08,0.0,14.120625020023187,Merredin,"Wheatbelt, Western Australia"
2012-10-09,0.0,14.120625020023187,Merredin,"Wheatbelt, Western Australia"
2012-10-10,0.0,14.120625020023187,Merredin,"Wheatbelt, Western Australia"
2012-10-11,5.117163026270739,14.120625020023187,Merredin,"Wheatbelt, Western Australia"
2012-10-12,0.0,14.120625020023187,Merredin,"Wheatbelt, Western Australia"
2012-10-13,0.0,14.120625020023187,Merredin,"Wheatbelt, Western Australia"
2012-10-14,0.0,14.120625020023187,Merredin,"Wheatbelt, Western Australia"
2012-10-15,0.0,14.120625020023187,Merredin,"Wheatbelt, Western Australia"
2012-10-16,0.0,14.120625020023187,Merredin,"Wheatbelt, Western Australia"
2012-10-17,0.0,14.120625020023187,Merredin,"Wheatbelt, Western Australia"
2012-10-18,0.0,14.120625020023187,Merredin,"Wheatbelt, Western Australia"
2012-10-19,0.0,14.120625020023187,Merredin,"Wheatbelt, Western Australia"
2012-10-20,0.0,14.120625020023187,Merredin,"Wheatbelt, Western Australia"
2012-10-21,3.093618171939116,14.120625020023187,Merredin,"Wheatbelt, Western Australia"
2012-10-22,0.0,14.120625020023187,Merredin,"Wheatbelt, Western Australia"
2012-10-23,0.0,14.120625020023187,Merredin,"Wheatbelt, Western Australia"
2012-10-24,0.0,14.120625020023187,Merredin,"Wheatbelt, Western Australia"
2012-10-25,0.0,14.120625020023187,Merredin,"Wheatbelt, Western Australia"
2012-10-26,0.0,14.120625020023187,Merredin,"Wheatbelt, Western Australia"
2012-10-27,0.0,14.120625020023187,Merredin,"Wheatbelt, Western Australia"
2012-10-28,0.8786085706610596,14.120625020023187,Merredin,"Wheatbelt, Western Australia"
2012-10-29,0.0,14.120625020023187,Merredin,"Wheatbelt, Western Australia"
2012-10-30,0.0,14.120625020023187,Merredin,"Wheatbelt, Western Australia"
2012-10-31,0.0,14.120625020023187,Merredin,"Wheatbelt, Western Australia"
2012-11-01,4.303509028146148,23.684082759586477,Merredin,"Wheatbelt, Western Australia"
2012-11-02,0.0,23.684082759586477,Merredin,"Wheatbelt, Western Australia"
2012-11-03,0.0,23.684082759586477,Merredin,"Wheatbelt, Western Australia"
2012-11-04,0.0,23.684082759586477,Merredin,"Wheatbelt, Western Australia"
2012-11-05,0.0,23.684082759586477,Merredin,"Wheatbelt, Western Australia"
2012-11-06,0.0,23.684082759586477,Merredin,"Wheatbelt, Western Australia"
2012-11-07,0.0,23.684082759586477,Merredin,"Wheatbelt, Western Australia"
2012-11-08,0.0,23.684082759586477,Merredin,"Wheatbelt, Western Australia"
2012-11-09,0.0,23.684082759586477,Merredin,"Wheatbelt, Western Australia"
2012-11-10,0.0,23.684082759586477,Merredin,"Wheatbelt, Western Australia"
2012-11-11,0.0,23.684082759586477,Merredin,"Wheatbelt, Western Australia"
2012-11-12,0.0,23.684082759586477,Merredin,"Wheatbelt, Western Australia"
2012-11-13,0.0,23.684082759586477,Merredin,"Wheatbelt, Western Australia"
2012-11-14,0.0,23.684082759586477,Merredin,"Wheatbelt, Western Australia"
2012-11-15,0.0,23.684082759586477,Merredin,"Wheatbelt, Western Australia"
2012-11-16,0.0,23.684082759586477,Merredin,"Wheatbelt, Western Australia"
2012-11-17,0.0,23.684082759586477,Merredin,"Wheatbelt, Western Australia"
2012-11-18,0.0,23.684082759586477,Merredin,"Wheatbelt, Western Australia"
2012-11-19,0.0,23.684082759586477,Merredin,"Wheatbelt, Western Australia"
2012-11-20,0.0,23.684082759586477,Merredin,"Wheatbelt, Western Australia"
2012-11-21,0.0,23.684082759586477,Merredin,"Wheatbelt, Western Australia"
2012-11-22,0.0,23.684082759586477,Merredin,"Wheatbelt, Western Australia"
2012-11-23,0.0,23.684082759586477,Merredin,"Wheatbelt, Western Australia"
2012-11-24,7.931466073747333,23.684082759586477,Merredin,"Wheatbelt, Western Australia"
2012-11-25,5.008628343672577,23.684082759586477,Merredin,"Wheatbelt, Western Australia"
2012-11-26,2.6042731426506966,23.684082759586477,Merredin,"Wheatbelt, Western Australia"
2012-11-27,0.0,23.684082759586477,Merredin,"Wheatbelt, Western Australia"
2012-11-28,0.0,23.684082759586477,Merredin,"Wheatbelt, Western Australia"
2012-11-29,0.0,23.684082759586477,Merredin,"Wheatbelt, Western Australia"
2012-11-30,3.836206171369722,23.684082759586477,Merredin,"Wheatbelt, Western Australia"
2012-12-01,0.0,36.45891175278074,Merredin,"Wheatbelt, Western Australia"
2012-12-02,0.0,36.45891175278074,Merredin,"Wheatbelt, Western Australia"
2012-12-03,0.0,36.45891175278074,Merredin,"Wheatbelt, Western Australia"
2012-12-04,8.284716217645865,36.45891175278074,Merredin,"Wheatbelt, Western Australia"
2012-12-05,1.2769539827541152,36.45891175278074,Merredin,"Wheatbelt, Western Australia"
2012-12-06,7.136092939028749,36.45891175278074,Merredin,"Wheatbelt, Western Australia"
2012-12-07,1.9414855543606373,36.45891175278074,Merredin,"Wheatbelt, Western Australia"
2012-12-08,0.0,36.45891175278074,Merredin,"Wheatbelt, Western Australia"
2012-12-09,0.0,36.45891175278074,Merredin,"Wheatbelt, Western Australia"
2012-12-10,0.0,36.45891175278074,Merredin,"Wheatbelt, Western Australia"
2012-12-11,4.397864654174227,36.45891175278074,Merredin,"Wheatbelt, Western Australia"
2012-12-12,0.0,36.45891175278074,Merredin,"Wheatbelt, Western Australia"
2012-12-13,0.0,36.45891175278074,Merredin,"Wheatbelt, Western Australia"
2012-12-14,0.0,36.45891175278074,Merredin,"Wheatbelt, Western Australia"
2012-12-15,4.27076421283043,36.45891175278074,Merredin,"Wheatbelt, Western Australia"
2012-12-16,3.4998483132571874,36.45891175278074,Merredin,"Wheatbelt, Western Australia"
2012-12-17,4.821606506255188,36.45891175278074,Merredin,"Wheatbelt, Western Australia"
2012-12-18,0.0,36.45891175278074,Merredin,"Wheatbelt, Western Australia"
2012-12-19,0.0,36.45891175278074,Merredin,"Wheatbelt, Western Australia"
2012-12-20,0.0,36.45891175278074,Merredin,"Wheatbelt, Western Australia"
2012-12-21,0.0,36.45891175278074,Merredin,"Wheatbelt, Western Australia"
2012-12-22,0.0,36.45891175278074,Merredin,"Wheatbelt, Western Australia"
2012-12-23,0.8295793724743407,36.45891175278074,Merredin,"Wheatbelt, Western Australia"
2012-12-24,0.0,36.45891175278074,Merredin,"Wheatbelt, Western Australia"
2012-12-25,0.0,36.45891175278074,Merredin,"Wheatbelt, Western Australia"
2012-12-26,0.0,36.45891175278074,Merredin,"Wheatbelt, Western Australia"
2012-12-27,0.0,36.45891175278074,Merredin,"Wheatbelt, Western Australia"
2012-12-28,0.0,36.45891175278074,Merredin,"Wheatbelt, Western Australia"
2012-12-29,0.0,36.45891175278074,Merredin,"Wheatbelt, Western Australia"
2012-12-30,0.0,36.45891175278074,Merredin,"Wheatbelt, Western Australia"
2012-12-31,0.0,36.45891175278074,Merredin,"Wheatbelt, Western Australia"
2013-01-01,0.0,21.87345325503847,Merredin,"Wheatbelt, Western Australia"
2013-01-02,0.0,21.87345325503847,Merredin,"Wheatbelt, Western Australia"
2013-01-03,0.0,21.87345325503847,Merredin,"Wheatbelt, Western Australia"
2013-01-04,0.0,21.87345325503847,Merredin,"Wheatbelt, Western Australia"
2013-01-05,3.536245869273472,21.87345325503847,Merredin,"Wheatbelt, Western Australia"
2013-01-06,0.0,21.87345325503847,Merredin,"Wheatbelt, Western Australia"
2013-01-07,0.0,21.87345325503847,Merredin,"Wheatbelt, Western Australia"
2013-01-08,0.0,21.87345325503847,Merredin,"Wheatbelt, Western Australia"
2013-01-09,2.2861728346993653,21.87345325503847,Merredin,"Wheatbelt, Western Australia"
2013-01-10,0.0,21.87345325503847,Merredin,"Wheatbelt, Western Australia"
2013-01-11,0.0,21.87345325503847,Merredin,"Wheatbelt, Western Australia"
2013-01-12,1.90052000288766,21.87345325503847,Merredin,"Wheatbelt, Western Australia"
2013-01-13,0.0,21.87345325503847,Merredin,"Wheatbelt, Western Australia"
2013-01-14,0.0,21.87345325503847,Merredin,"Wheatbelt, Western Australia"
2013-01-15,0.0,21.87345325503847,Merredin,"Wheatbelt, Western Australia"
2013-01-16,0.0,21.87345325503847,Merredin,"Wheatbelt, Western Australia"
2013-01-17,0.0,21.87345325503847,Merredin,"Wheatbelt, Western Australia"
2013-01-18,2.3948574488783603,21.87345325503847,Merredin,"Wheatbelt, Western Australia"
2013-01-19,0.0,21.87345325503847,Merredin,"Wheatbelt, Western Australia"
2013-01-20,0.0,21.87345325503847,Merredin,"Wheatbelt, Western Australia"
2013-01-21,1.4920946012180765,21.87345325503847,Merredin,"Wheatbelt, Western Australia"
2013-01-22,0.0,21.87345325503847,Merredin,"Wheatbelt, Western Australia"
2013-01-23,0.0,21.87345325503847,Merredin,"Wheatbelt, Western Australia"
2013-01-24,0.0,21.87345325503847,Merredin,"Wheatbelt, Western Australia"
2013-01-25,0.0,21.87345325503847,Merredin,"Wheatbelt, Western Australia"
2013-01-26,3.565654697254853,21.87345325503847,Merredin,"Wheatbelt, Western Australia"
2013-01-27,0.0,21.87345325503847,Merredin,"Wheatbelt, Western Australia"
2013-01-28,6.697907800826683,21.87345325503847,Merredin,"Wheatbelt, Western Australia"
2013-01-29,0.0,21.87345325503847,Merredin,"Wheatbelt, Western Australia"
2013-01-30,0.0,21.87345325503847,Merredin,"Wheatbelt, Western Australia"
2013-01-31,0.0,21.87345325503847,Merredin,"Wheatbelt, Western Australia"
2013-02-01,0.0,6.4166792867370495,Merredin,"Wheatbelt, Western Australia"
2013-02-02,0.0,6.4166792867370495,Merredin,"Wheatbelt, Western Australia"
2013-02-03,0.0,6.4166792867370495,Merredin,"Wheatbelt, Western Australia"
2013-02-04,0.0,6.4166792867370495,Merredin,"Wheatbelt, Western Australia"
2013-02-05,0.0,6.4166792867370495,Merredin,"Wheatbelt, Western Australia"
2013-02-06,0.0,6.4166792867370495,Merredin,"Wheatbelt, Western Australia"
2013-02-07,0.0,6.4166792867370495,Merredin,"Wheatbelt, Western Australia"
2013-02-08,0.0,6.4166792867370495,Merredin,"Wheatbelt, Western Australia"
2013-02-09,0.0,6.4166792867370495,Merredin,"Wheatbelt, Western Australia"
2013-02-10,0.0,6.4166792867370495,Merredin,"Wheatbelt, Western Australia"
2013-02-11,0.0,6.4166792867370495,Merredin,"Wheatbelt, Western Australia"
2013-02-12,0.0,6.4166792867370495,Merredin,"Wheatbelt, Western Australia"
2013-02-13,0.3999077348994399,6.4166792867370495,Merredin,"Wheatbelt, Western Australia"
2013-02-14,0.0,6.4166792867370495,Merredin,"Wheatbelt, Western Australia"
2013-02-15,0.0,6.4166792867370495,Merredin,"Wheatbelt, Western Australia"
2013-02-16,0.0,6.4166792867370495,Merredin,"Wheatbelt, Western Australia"
2013-02-17,0.0,6.4166792867370495,Merredin,"Wheatbelt, Western Australia"
2013-02-18,0.0,6.4166792867370495,Merredin,"Wheatbelt, Western Australia"
2013-02-19,0.0,6.4166792867370495,Merredin,"Wheatbelt, Western Australia"
2013-02-20,0.0,6.4166792867370495,Merredin,"Wheatbelt, Western Australia"
2013-02-21,0.0,6.4166792867370495,Merredin,"Wheatbelt, Western Australia"
2013-02-22,6.01677155183761,6.4166792867370495,Merredin,"Wheatbelt, Western Australia"
2013-02-23,0.0,6.4166792867370495,Merredin,"Wheatbelt, Western Australia"
2013-02-24,0.0,6.4166792867370495,Merredin,"Wheatbelt, Western Australia"
2013-02-25,0.0,6.4166792867370495,Merredin,"Wheatbelt, Western Australia"
2013-02-26,0.0,6.4166792867370495,Merredin,"Wheatbelt, Western Australia"
2013-02-27,0.0,6.4166792867370495,Merredin,"Wheatbelt, Western Australia"
2013-02-28,0.0,6.4166792867370495,Merredin,"Wheatbelt, Western Australia"
2013-03-01,0.0,11.72785316588741,Merredin,"Wheatbelt, Western Australia"
2013-03-02,0.0,11.72785316588741,Merredin,"Wheatbelt, Western Australia"
2013-03-03,0.0,11.72785316588741,Merredin,"Wheatbelt, Western Australia"
2013-03-04,1.5610518644008706,11.72785316588741,Merredin,"Wheatbelt, Western Australia"
2013-03-05,5.373706864949763,11.72785316588741,Merredin,"Wheatbelt, Western Australia"
2013-03-06,0.0,11.72785316588741,Merredin,"Wheatbelt, Western Australia"
2013-03-07,0.0,11.72785316588741,Merredin,"Wheatbelt, Western Australia"
2013-03-08,0.0,11.72785316588741,Merredin,"Wheatbelt, Western Australia"
2013-03-09,0.0,11.72785316588741,Merredin,"Wheatbelt, Western Australia"
2013-03-10,0.0,11.72785316588741,Merredin,"Wheatbelt, Western Australia"
2013-03-11,0.0,11.72785316588741,Merredin,"Wheatbelt, Western Australia"
2013-03-12,1.6750256293748615,11.72785316588741,Merredin,"Wheatbelt, Western Australia"
2013-03-13,0.0,11.72785316588741,Merredin,"Wheatbelt, Western Australia"
2013-03-14,0.0,11.72785316588741,Merredin,"Wheatbelt, Western Australia"
2013-03-15,0.0,11.72785316588741,Merredin,"Wheatbelt, Western Australia"
2013-03-16,0.0,11.72785316588741,Merredin,"Wheatbelt, Western Australia"
2013-03-17,0.0,11.72785316588741,Merredin,"Wheatbelt, Western Australia"
2013-03-18,0.0,11.72785316588741,Merredin,"Wheatbelt, Western Australia"
2013-03-19,0.0,11.72785316588741,Merredin,"Wheatbelt, Western Australia"
2013-03-20,0.0,11.72785316588741,Merredin,"Wheatbelt, Western Australia"
2013-03-21,0.0,11.72785316588741,Merredin,"Wheatbelt, Western Australia"
2013-03-22,0.0,11.72785316588741,Merredin,"Wheatbelt, Western Australia"
2013-03-23,0.0,11.72785316588741,Merredin,"Wheatbelt, Western Australia"
2013-03-24,0.0,11.72785316588741,Merredin,"Wheatbelt, Western Australia"
2013-03-25,1.6524549867038414,11.72785316588741,Merredin,"Wheatbelt, Western Australia"
2013-03-26,0.0,11.72785316588741,Merredin,"Wheatbelt, Western Australia"
2013-03-27,0.0,11.72785316588741,Merredin,"Wheatbelt, Western Australia"
2013-03-28,0.0,11.72785316588741,Merredin,"Wheatbelt, Western Australia"
2013-03-29,0.0,11.72785316588741,Merredin,"Wheatbelt, Western Australia"
2013-03-30,1.4656138204580735,11.72785316588741,Merredin,"Wheatbelt, Western Australia"
2013-03-31,0.0,11.72785316588741,Merredin,"Wheatbelt, Western Australia"
2013-04-01,0.0,11.178245144656948,Merredin,"Wheatbelt, Western Australia"
2013-04-02,0.0,11.178245144656948,Merredin,"Wheatbelt, Western Australia"
2013-04-03,0.0,11.178245144656948,Merredin,"Wheatbelt, Western Australia"
2013-04-04,2.006888527754102,11.178245144656948,Merredin,"Wheatbelt, Western Australia"
2013-04-05,4.2784485522141,11.178245144656948,Merredin,"Wheatbelt, Western Australia"
2013-04-06,0.0,11.178245144656948,Merredin,"Wheatbelt, Western Australia"
2013-04-07,0.0,11.178245144656948,Merredin,"Wheatbelt, Western Australia"
2013-04-08,0.0,11.178245144656948,Merredin,"Wheatbelt, Western Australia"
2013-04-09,0.0,11.178245144656948,Merredin,"Wheatbelt, Western Australia"
2013-04-10,0.0,11.178245144656948,Merredin,"Wheatbelt, Western Australia"
2013-04-11,0.0,11.178245144656948,Merredin,"Wheatbelt, Western Australia"
2013-04-12,0.0,11.178245144656948,Merredin,"Wheatbelt, Western Australia"
2013-04-13,0.0,11.178245144656948,Merredin,"Wheatbelt, Western Australia"
2013-04-14,0.0,11.178245144656948,Merredin,"Wheatbelt, Western Australia"
2013-04-15,0.0,11.178245144656948,Merredin,"Wheatbelt, Western Australia"
2013-04-16,0.0,11.178245144656948,Merredin,"Wheatbelt, Western Australia"
2013-04-17,0.0,11.178245144656948,Merredin,"Wheatbelt, Western Australia"
2013-04-18,0.0,11.178245144656948,Merredin,"Wheatbelt, Western Australia"
2013-04-19,0.0,11.178245144656948,Merredin,"Wheatbelt, Western Australia"
2013-04-20,0.0,11.178245144656948,Merredin,"Wheatbelt, Western Australia"
2013-04-21,0.0,11.178245144656948,Merredin,"Wheatbelt, Western Australia"
2013-04-22,0.0,11.178245144656948,Merredin,"Wheatbelt, Western Australia"
2013-04-23,0.0,11.178245144656948,Merredin,"Wheatbelt, Western Australia"
2013-04-24,0.0,11.178245144656948,Merredin,"Wheatbelt, Western Australia"
2013-04-25,0.0,11.178245144656948,Merredin,"Wheatbelt, Western Australia"
2013-04-26,0.7651525356604737,11.178245144656948,Merredin,"Wheatbelt, Western Australia"
2013-04-27,2.335443164199599,11.178245144656948,Merredin,"Wheatbelt, Western Australia"
2013-04-28,1.7923123648286732,11.178245144656948,Merredin,"Wheatbelt, Western Australia"
2013-04-29,0.0,11.178245144656948,Merredin,"Wheatbelt, Western Australia"
2013-04-30,0.0,11.178245144656948,Merredin,"Wheatbelt, Western Australia"
2013-05-01,0.0,14.467342720733278,Merredin,"Wheatbelt, Western Australia"
2013-05-02,0.0,14.467342720733278,Merredin,"Wheatbelt, Western Australia"
2013-05-03,2.8993165420435103,14.467342720733278,Merredin,"Wheatbelt, Western Australia"
2013-05-04,0.0,14.467342720733278,Merredin,"Wheatbelt, Western Australia"
2013-05-05,0.0,14.467342720733278,Merredin,"Wheatbelt, Western Australia"
2013-05-06,0.0,14.467342720733278,Merredin,"Wheatbelt, Western Australia"
2013-05-07,0.0,14.467342720733278,Merredin,"Wheatbelt, Western Australia"
2013-05-08,0.0,14.467342720733278,Merredin,"Wheatbelt, Western Australia"
2013-05-09,0.0,14.467342720733278,Merredin,"Wheatbelt, Western Australia"
2013-05-10,0.0,14.467342720733278,Merredin,"Wheatbelt, Western Australia"
2013-05-11,3.3628402300876234,14.467342720733278,Merredin,"Wheatbelt, Western Australia"
2013-05-12,0.0,14.467342720733278,Merredin,"Wheatbelt, Western Australia"
2013-05-13,0.0,14.467342720733278,Merredin,"Wheatbelt, Western Australia"
2013-05-14,0.0,14.467342720733278,Merredin,"Wheatbelt, Western Australia"
2013-05-15,0.0,14.467342720733278,Merredin,"Wheatbelt, Western Australia"
2013-05-16,0.0,14.467342720733278,Merredin,"Wheatbelt, Western Australia"
2013-05-17,0.0,14.467342720733278,Merredin,"Wheatbelt, Western Australia"
2013-05-18,0.0,14.467342720733278,Merredin,"Wheatbelt, Western Australia"
2013-05-19,0.0,14.467342720733278,Merredin,"Wheatbelt, Western Australia"
2013-05-20,0.0,14.467342720733278,Merredin,"Wheatbelt, Western Australia"
2013-05-21,5.085476369794066,14.467342720733278,Merredin,"Wheatbelt, Western Australia"
2013-05-22,0.0,14.467342720733278,Merredin,"Wheatbelt, Western Australia"
2013-05-23,0.0,14.467342720733278,Merredin,"Wheatbelt, Western Australia"
2013-05-24,0.0,14.467342720733278,Merredin,"Wheatbelt, Western Australia"
2013-05-25,0.0,14.467342720733278,Merredin,"Wheatbelt, Western Australia"
2013-05-26,0.0,14.467342720733278,Merredin,"Wheatbelt, Western Australia"
2013-05-27,0.0,14.467342720733278,Merredin,"Wheatbelt, Western Australia"
2013-05-28,0.0,14.467342720733278,Merredin,"Wheatbelt, Western Australia"
2013-05-29,3.1197095788080773,14.467342720733278,Merredin,"Wheatbelt, Western Australia"
2013-05-30,0.0,14.467342720733278,Merredin,"Wheatbelt, Western Australia"
2013-05-31,0.0,14.467342720733278,Merredin,"Wheatbelt, Western Australia"
2013-06-01,0.0,25.272589843432762,Merredin,"Wheatbelt, Western Australia"
2013-06-02,0.0,25.272589843432762,Merredin,"Wheatbelt, Western Australia"
2013-06-03,0.0,25.272589843432762,Merredin,"Wheatbelt, Western Australia"
2013-06-04,0.0,25.272589843432762,Merredin,"Wheatbelt, Western Australia"
2013-06-05,2.3528535237236032,25.272589843432762,Merredin,"Wheatbelt, Western Australia"
2013-06-06,0.0,25.272589843432762,Merredin,"Wheatbelt, Western Australia"
2013-06-07,0.0,25.272589843432762,Merredin,"Wheatbelt, Western Australia"
2013-06-08,6.272062150091009,25.272589843432762,Merredin,"Wheatbelt, Western Australia"
2013-06-09,0.0,25.272589843432762,Merredin,"Wheatbelt, Western Australia"
2013-06-10,0.0,25.272589843432762,Merredin,"Wheatbelt, Western Australia"
2013-06-11,2.398124095025737,25.272589843432762,Merredin,"Wheatbelt, Western Australia"
2013-06-12,0.0,25.272589843432762,Merredin,"Wheatbelt, Western Australia"
2013-06-13,0.0,25.272589843432762,Merredin,"Wheatbelt, Western Australia"
2013-06-14,0.0,25.272589843432762,Merredin,"Wheatbelt, Western Australia"
2013-06-15,0.0,25.272589843432762,Merredin,"Wheatbelt, Western Australia"
2013-06-16,0.0,25.272589843432762,Merredin,"Wheatbelt, Western Australia"
2013-06-17,0.0,25.272589843432762,Merredin,"Wheatbelt, Western Australia"
2013-06-18,1.6527197908679574,25.272589843432762,Merredin,"Wheatbelt, Western Australia"
2013-06-19,0.0,25.272589843432762,Merredin,"Wheatbelt, Western Australia"
2013-06-20,0.0,25.272589843432762,Merredin,"Wheatbelt, Western Australia"
2013-06-21,0.0,25.272589843432762,Merredin,"Wheatbelt, Western Australia"
2013-06-22,4.841238642716256,25.272589843432762,Merredin,"Wheatbelt, Western Australia"
2013-06-23,0.0,25.272589843432762,Merredin,"Wheatbelt, Western Australia"
2013-06-24,0.0,25.272589843432762,Merredin,"Wheatbelt, Western Australia"
2013-06-25,0.0,25.272589843432762,Merredin,"Wheatbelt, Western Australia"
2013-06-26,0.0,25.272589843432762,Merredin,"Wheatbelt, Western Australia"
2013-06-27,0.0,25.272589843432762,Merredin,"Wheatbelt, Western Australia"
2013-06-28,0.0,25.272589843432762,Merredin,"Wheatbelt, Western Australia"
2013-06-29,0.03897113770777836,25.272589843432762,Merredin,"Wheatbelt, Western Australia"
2013-06-30,7.71662050330042,25.272589843432762,Merredin,"Wheatbelt, Western Australia"
2013-07-01,1.1304856522919824,14.14317915071052,Merredin,"Wheatbelt, Western Australia"
2013-07-02,4.781098804990601,14.14317915071052,Merredin,"Wheatbelt, Western Australia"
2013-07-03,0.0,14.14317915071052,Merredin,"Wheatbelt, Western Australia"
2013-07-04,0.0,14.14317915071052,Merredin,"Wheatbelt, Western Australia"
2013-07-05,0.0,14.14317915071052,Merredin,"Wheatbelt, Western Australia"
2013-07-06,2.75992093526946,14.14317915071052,Merredin,"Wheatbelt, Western Australia"
2013-07-07,0.0,14.14317915071052,Merredin,"Wheatbelt, Western Australia"
2013-07-08,0.0,14.14317915071052,Merredin,"Wheatbelt, Western Australia"
2013-07-09,0.0,14.14317915071052,Merredin,"Wheatbelt, Western Australia"
2013-07-10,0.0,14.14317915071052,Merredin,"Wheatbelt, Western Australia"
2013-07-11,0.0,14.14317915071052,Merredin,"Wheatbelt, Western Australia"
2013-07-12,0.0,14.14317915071052,Merredin,"Wheatbelt, Western Australia"
2013-07-13,0.0,14.14317915071052,Merredin,"Wheatbelt, Western Australia"
2013-07-14,0.0,14.14317915071052,Merredin,"Wheatbelt, Western Australia"
2013-07-15,0.0,14.14317915071052,Merredin,"Wheatbelt, Western Australia"
2013-07-16,1.399532432201158,14.14317915071052,Merredin,"Wheatbelt, Western Australia"
2013-07-17,0.0,14.14317915071052,Merredin,"Wheatbelt, Western Australia"
2013-07-18,0.0,14.14317915071052,Merredin,"Wheatbelt, Western Australia"
2013-07-19,0.0,14.14317915071052,Merredin,"Wheatbelt, Western Australia"
2013-07-20,0.0,14.14317915071052,Merredin,"Wheatbelt, Western Australia"
2013-07-21,0.0,14.14317915071052,Merredin,"Wheatbelt, Western Australia"
2013-07-22,0.0,14.14317915071052,Merredin,"Wheatbelt, Western Australia"
2013-07-23,1.830038476331479,14.14317915071052,Merredin,"Wheatbelt, Western Australia"
2013-07-24,0.0,14.14317915071052,Merredin,"Wheatbelt, Western Australia"
2013-07-25,0.0,14.14317915071052,Merredin,"Wheatbelt, Western Australia"
2013-07-26,2.2421028496258386,14.14317915071052,Merredin,"Wheatbelt, Western Australia"
2013-07-27,0.0,14.14317915071052,Merredin,"Wheatbelt, Western Australia"
2013-07-28,0.0,14.14317915071052,Merredin,"Wheatbelt, Western Australia"
2013-07-29,0.0,14.14317915071052,Merredin,"Wheatbelt, Western Australia"
2013-07-30,0.0,14.14317915071052,Merredin,"Wheatbelt, Western Australia"
2013-07-31,0.0,14.14317915071052,Merredin,"Wheatbelt, Western Australia"
2013-08-01,0.0,17.735227044244517,Merredin,"Wheatbelt, Western Australia"
2013-08-02,0.0,17.735227044244517,Merredin,"Wheatbelt, Western Australia"
2013-08-03,0.0,17.735227044244517,Merredin,"Wheatbelt, Western Australia"
2013-08-04,0.0,17.735227044244517,Merredin,"Wheatbelt, Western Australia"
2013-08-05,0.0,17.735227044244517,Merredin,"Wheatbelt, Western Australia"
2013-08-06,0.0,17.735227044244517,Merredin,"Wheatbelt, Western Australia"
2013-08-07,0.0,17.735227044244517,Merredin,"Wheatbelt, Western Australia"
2013-08-08,0.0,17.735227044244517,Merredin,"Wheatbelt, Western Australia"
2013-08-09,0.0,17.735227044244517,Merredin,"Wheatbelt, Western Australia"
2013-08-10,0.4435128931189021,17.735227044244517,Merredin,"Wheatbelt, Western Australia"
2013-08-11,0.0,17.735227044244517,Merredin,"Wheatbelt, Western Australia"
2013-08-12,0.0,17.735227044244517,Merredin,"Wheatbelt, Western Australia"
2013-08-13,0.0,17.735227044244517,Merredin,"Wheatbelt, Western Australia"
2013-08-14,0.0,17.735227044244517,Merredin,"Wheatbelt, Western Australia"
2013-08-15,0.0,17.735227044244517,Merredin,"Wheatbelt, Western Australia"
2013-08-16,0.0,17.735227044244517,Merredin,"Wheatbelt, Western Australia"
2013-08-17,0.0,17.735227044244517,Merredin,"Wheatbelt, Western Australia"
2013-08-18,0.0,17.735227044244517,Merredin,"Wheatbelt, Western Australia"
2013-08-19,2.5270520713341256,17.735227044244517,Merredin,"Wheatbelt, Western Australia"
2013-08-20,0.0,17.735227044244517,Merredin,"Wheatbelt, Western Australia"
2013-08-21,0.0,17.735227044244517,Merredin,"Wheatbelt, Western Australia"
2013-08-22,0.0,17.735227044244517,Merredin,"Wheatbelt, Western Australia"
2013-08-23,0.0,17.735227044244517,Merredin,"Wheatbelt, Western Australia"
2013-08-24,7.107362268731125,17.735227044244517,Merredin,"Wheatbelt, Western Australia"
2013-08-25,0.0,17.735227044244517,Merredin,"Wheatbelt, Western Australia"
2013-08-26,0.0,17.735227044244517,Merredin,"Wheatbelt, Western Australia"
2013-08-27,5.110166740719526,17.735227044244517,Merredin,"Wheatbelt, Western Australia"
2013-08-28,0.9669000899990571,17.735227044244517,Merredin,"Wheatbelt, Western Australia"
2013-08-29,0.0,17.735227044244517,Merredin,"Wheatbelt, Western Australia"
2013-08-30,1.5802329803417834,17.735227044244517,Merredin,"Wheatbelt, Western Australia"
2013-08-31,0.0,17.735227044244517,Merredin,"Wheatbelt, Western Australia"
2013-09-01,0.0,40.85071450909174,Merredin,"Wheatbelt, Western Australia"
2013-09-02,0.0,40.85071450909174,Merredin,"Wheatbelt, Western Australia"
2013-09-03,2.3491319017724894,40.85071450909174,Merredin,"Wheatbelt, Western Australia"
2013-09-04,4.2808631304561136,40.85071450909174,Merredin,"Wheatbelt, Western Australia"
2013-09-05,0.0,40.85071450909174,Merredin,"Wheatbelt, Western Australia"
2013-09-06,0.0,40.85071450909174,Merredin,"Wheatbelt, Western Australia"
2013-09-07,0.0,40.85071450909174,Merredin,"Wheatbelt, Western Australia"
2013-09-08,0.0,40.85071450909174,Merredin,"Wheatbelt, Western Australia"
2013-09-09,4.501561357316855,40.85071450909174,Merredin,"Wheatbelt, Western Australia"
2013-09-10,0.0,40.85071450909174,Merredin,"Wheatbelt, Western Australia"
2013-09-11,0.0,40.85071450909174,Merredin,"Wheatbelt, Western Australia"
2013-09-12,5.995597883650911,40.85071450909174,Merredin,"Wheatbelt, Western Australia"
2013-09-13,0.0,40.85071450909174,Merredin,"Wheatbelt, Western Australia"
2013-09-14,0.0,40.85071450909174,Merredin,"Wheatbelt, Western Australia"
2013-09-15,0.0,40.85071450909174,Merredin,"Wheatbelt, Western Australia"
2013-09-16,0.0,40.85071450909174,Merredin,"Wheatbelt, Western Australia"
2013-09-17,1.7771945459885874,40.85071450909174,Merredin,"Wheatbelt, Western Australia"
2013-09-18,0.0,40.85071450909174,Merredin,"Wheatbelt, Western Australia"
2013-09-19,0.0,40.85071450909174,Merredin,"Wheatbelt, Western Australia"
2013-09-20,9.334644397853953,40.85071450909174,Merredin,"Wheatbelt, Western Australia"
2013-09-21,6.0660903600453295,40.85071450909174,Merredin,"Wheatbelt, Western Australia"
2013-09-22,0.0,40.85071450909174,Merredin,"Wheatbelt, Western Australia"
2013-09-23,0.0,40.85071450909174,Merredin,"Wheatbelt, Western Australia"
2013-09-24,0.0,40.85071450909174,Merredin,"Wheatbelt, Western Australia"
2013-09-25,3.253805136399255,40.85071450909174,Merredin,"Wheatbelt, Western Australia"
2013-09-26,0.0,40.85071450909174,Merredin,"Wheatbelt, Western Australia"
2013-09-27,1.0917553372049231,40.85071450909174,Merredin,"Wheatbelt, Western Australia"
2013-09-28,0.0,40.85071450909174,Merredin,"Wheatbelt, Western Australia"
2013-09-29,2.200070458403322,40.85071450909174,Merredin,"Wheatbelt, Western Australia"
2013-09-30,0.0,40.85071450909174,Merredin,"Wheatbelt, Western Australia"
2013-10-01,0.0,20.680311811531226,Merredin,"Wheatbelt, Western Australia"
2013-10-02,0.0,20.680311811531226,Merredin,"Wheatbelt, Western Australia"
2013-10-03,0.0,20.680311811531226,Merredin,"Wheatbelt, Western Australia"
2013-10-04,0.0,20.680311811531226,Merredin,"Wheatbelt, Western Australia"
2013-10-05,0.6636803929624187,20.680311811531226,Merredin,"Wheatbelt, Western Australia"
2013-10-06,0.0,20.680311811531226,Merredin,"Wheatbelt, Western Australia"
2013-10-07,0.0,20.680311811531226,Merredin,"Wheatbelt, Western Australia"
2013-10-08,1.872553588056821,20.680311811531226,Merredin,"Wheatbelt, Western Australia"
2013-10-09,0.0,20.680311811531226,Merredin,"Wheatbelt, Western Australia"
2013-10-10,0.0,20.680311811531226,Merredin,"Wheatbelt, Western Australia"
2013-10-11,0.0,20.680311811531226,Merredin,"Wheatbelt, Western Australia"
2013-10-12,3.8907721465023504,20.680311811531226,Merredin,"Wheatbelt, Western Australia"
2013-10-13,0.0,20.680311811531226,Merredin,"Wheatbelt, Western Australia"
2013-10-14,0.0,20.680311811531226,Merredin,"Wheatbelt, Western Australia"
2013-10-15,0.0,20.680311811531226,Merredin,"Wheatbelt, Western Australia"
2013-10-16,2.4048996251648824,20.680311811531226,Merredin,"Wheatbelt, Western Australia"
2013-10-17,0.0,20.680311811531226,Merredin,"Wheatbelt, Western Australia"
2013-10-18,0.0,20.680311811531226,Merredin,"Wheatbelt, Western Australia"
2013-10-19,0.0,20.680311811531226,Merredin,"Wheatbelt, Western Australia"
2013-10-20,0.0,20.680311811531226,Merredin,"Wheatbelt, Western Australia"
2013-10-21,7.129112319871672,20.680311811531226,Merredin,"Wheatbelt, Western Australia"
2013-10-22,0.0,20.680311811531226,Merredin,"Wheatbelt, Western Australia"
2013-10-23,0.0,20.680311811531226,Merredin,"Wheatbelt, Western Australia"
2013-10-24,0.0,20.680311811531226,Merredin,"Wheatbelt, Western Australia"
2013-10-25,0.0,20.680311811531226,Merredin,"Wheatbelt, Western Australia"
2013-10-26,0.0,20.680311811531226,Merredin,"Wheatbelt, Western Australia"
2013-10-27,0.0,20.680311811531226,Merredin,"Wheatbelt, Western Australia"
2013-10-28,0.0,20.680311811531226,Merredin,"Wheatbelt, Western Australia"
2013-10-29,0.0,20.680311811531226,Merredin,"Wheatbelt, Western Australia"
2013-10-30,0.0,20.680311811531226,Merredin,"Wheatbelt, Western Australia"
2013-10-31,4.719293738973079,20.680311811531226,Merredin,"Wheatbelt, Western Australia"
2013-11-01,0.0,5.9478479785741785,Merredin,"Wheatbelt, Western Australia"
2013-11-02,0.0,5.9478479785741785,Merredin,"Wheatbelt, Western Australia"
2013-11-03,0.0,5.9478479785741785,Merredin,"Wheatbelt, Western Australia"
2013-11-04,0.0,5.9478479785741785,Merredin,"Wheatbelt, Western Australia"
2013-11-05,0.0,5.9478479785741785,Merredin,"Wheatbelt, Western Australia"
2013-11-06,3.6457972679464956,5.9478479785741785,Merredin,"Wheatbelt, Western Australia"
2013-11-07,0.0,5.9478479785741785,Merredin,"Wheatbelt, Western Australia"
2013-11-08,0.0,5.9478479785741785,Merredin,"Wheatbelt, Western Australia"
2013-11-09,0.0,5.9478479785741785,Merredin,"Wheatbelt, Western Australia"
2013-11-10,0.0,5.9478479785741785,Merredin,"Wheatbelt, Western Australia"
2013-11-11,0.0,5.9478479785741785,Merredin,"Wheatbelt, Western Australia"
2013-11-12,0.0,5.9478479785741785,Merredin,"Wheatbelt, Western Australia"
2013-11-13,0.0,5.9478479785741785,Merredin,"Wheatbelt, Western Australia"
2013-11-14,0.0,5.9478479785741785,Merredin,"Wheatbelt, Western Australia"
2013-11-15,0.0,5.9478479785741785,Merredin,"Wheatbelt, Western Australia"
2013-11-16,0.0,5.9478479785741785,Merredin,"Wheatbelt, Western Australia"
2013-11-17,0.0,5.9478479785741785,Merredin,"Wheatbelt, Western Australia"
2013-11-18,0.0,5.9478479785741785,Merredin,"Wheatbelt, Western Australia"
2013-11-19,0.0,5.9478479785741785,Merredin,"Wheatbelt, Western Australia"
2013-11-20,0.0,5.9478479785741785,Merredin,"Wheatbelt, Western Australia"
2013-11-21,0.0,5.9478479785741785,Merredin,"Wheatbelt, Western Australia"
2013-11-22,0.0,5.9478479785741785,Merredin,"Wheatbelt, Western Australia"
2013-11-23,0.0,5.9478479785741785,Merredin,"Wheatbelt, Western Australia"
2013-11-24,0.0,5.9478479785741785,Merredin,"Wheatbelt, Western Australia"
2013-11-25,2.302050710627683,5.9478479785741785,Merredin,"Wheatbelt, Western Australia"
2013-11-26,0.0,5.9478479785741785,Merredin,"Wheatbelt, Western Australia"
2013-11-27,0.0,5.9478479785741785,Merredin,"Wheatbelt, Western Australia"
2013-11-28,0.0,5.9478479785741785,Merredin,"Wheatbelt, Western Australia"
2013-11-29,0.0,5.9478479785741785,Merredin,"Wheatbelt, Western Australia"
2013-11-30,0.0,5.9478479785741785,Merredin,"Wheatbelt, Western Australia"
2013-12-01,0.0,33.11882480449986,Merredin,"Wheatbelt, Western Australia"
2013-12-02,0.0,33.11882480449986,Merredin,"Wheatbelt, Western Australia"
2013-12-03,0.0,33.11882480449986,Merredin,"Wheatbelt, Western Australia"
2013-12-04,0.0,33.11882480449986,Merredin,"Wheatbelt, Western Australia"
2013-12-05,3.282842590125344,33.11882480449986,Merredin,"Wheatbelt, Western Australia"
2013-12-06,0.0,33.11882480449986,Merredin,"Wheatbelt, Western Australia"
2013-12-07,0.0,33.11882480449986,Merredin,"Wheatbelt, Western Australia"
2013-12-08,0.0,33.11882480449986,Merredin,"Wheatbelt, Western Australia"
2013-12-09,0.0,33.11882480449986,Merredin,"Wheatbelt, Western Australia"
2013-12-10,5.7961139517475555,33.11882480449986,Merredin,"Wheatbelt, Western Australia"
2013-12-11,0.0,33.11882480449986,Merredin,"Wheatbelt, Western Australia"
2013-12-12,0.0,33.11882480449986,Merredin,"Wheatbelt, Western Australia"
2013-12-13,0.0,33.11882480449986,Merredin,"Wheatbelt, Western Australia"
2013-12-14,0.0,33.11882480449986,Merredin,"Wheatbelt, Western Australia"
2013-12-15,2.285452533683966,33.11882480449986,Merredin,"Wheatbelt, Western Australia"
2013-12-16,2.2676851431862817,33.11882480449986,Merredin,"Wheatbelt, Western Australia"
2013-12-17,0.0,33.11882480449986,Merredin,"Wheatbelt, Western Australia"
2013-12-18,1.2820921661146447,33.11882480449986,Merredin,"Wheatbelt, Western Australia"
2013-12-19,0.0,33.11882480449986,Merredin,"Wheatbelt, Western Australia"
2013-12-20,0.0,33.11882480449986,Merredin,"Wheatbelt, Western Australia"
2013-12-21,0.0,33.11882480449986,Merredin,"Wheatbelt, Western Australia"
2013-12-22,5.069477835085038,33.11882480449986,Merredin,"Wheatbelt, Western Australia"
2013-12-23,0.0,33.11882480449986,Merredin,"Wheatbelt, Western Australia"
2013-12-24,0.0,33.11882480449986,Merredin,"Wheatbelt, Western Australia"
2013-12-25,1.281495222974519,33.11882480449986,Merredin,"Wheatbelt, Western Australia"
2013-12-26,0.0,33.11882480449986,Merredin,"Wheatbelt, Western Australia"
2013-12-27,3.9580758542175096,33.11882480449986,Merredin,"Wheatbelt, Western Australia"
2013-12-28,0.0,33.11882480449986,Merredin,"Wheatbelt, Western Australia"
2013-12-29,0.0,33.11882480449986,Merredin,"Wheatbelt, Western Australia"
2013-12-30,7.895589507365001,33.11882480449986,Merredin,"Wheatbelt, Western Australia"
2013-12-31,0.0,33.11882480449986,Merredin,"Wheatbelt, Western Australia"
2014-01-01,0.0,32.453453661249966,Merredin,"Wheatbelt, Western Australia"
2014-01-02,0.0,32.453453661249966,Merredin,"Wheatbelt, Western Australia"
2014-01-03,0.0,32.453453661249966,Merredin,"Wheatbelt, Western Australia"
2014-01-04,2.638196899745417,32.453453661249966,Merredin,"Wheatbelt, Western Australia"
2014-01-05,0.0,32.453453661249966,Merredin,"Wheatbelt, Western Australia"
2014-01-06,0.0,32.453453661249966,Merredin,"Wheatbelt, Western Australia"
2014-01-07,0.0,32.453453661249966,Merredin,"Wheatbelt, Western Australia"
2014-01-08,0.0,32.453453661249966,Merredin,"Wheatbelt, Western Australia"
2014-01-09,0.0,32.453453661249966,Merredin,"Wheatbelt, Western Australia"
2014-01-10,2.0960344914511087,32.453453661249966,Merredin,"Wheatbelt, Western Australia"
2014-01-11,6.4292136253736984,32.453453661249966,Merredin,"Wheatbelt, Western Australia"
2014-01-12,0.0,32.453453661249966,Merredin,"Wheatbelt, Western Australia"
2014-01-13,0.0,32.453453661249966,Merredin,"Wheatbelt, Western Australia"
2014-01-14,0.0,32.453453661249966,Merredin,"Wheatbelt, Western Australia"
2014-01-15,0.0,32.453453661249966,Merredin,"Wheatbelt, Western Australia"
2014-01-16,4.745118528389683,32.453453661249966,Merredin,"Wheatbelt, Western Australia"
2014-01-17,4.477391667442688,32.453453661249966,Merredin,"Wheatbelt, Western Australia"
2014-01-18,0.0,32.453453661249966,Merredin,"Wheatbelt, Western Australia"
2014-01-19,5.837035594352683,32.453453661249966,Merredin,"Wheatbelt, Western Australia"
2014-01-20,0.0,32.453453661249966,Merredin,"Wheatbelt, Western Australia"
2014-01-21,0.0,32.453453661249966,Merredin,"Wheatbelt, Western Australia"
2014-01-22,0.0,32.453453661249966,Merredin,"Wheatbelt, Western Australia"
2014-01-23,0.0,32.453453661249966,Merredin,"Wheatbelt, Western Australia"
2014-01-24,2.123729052523746,32.453453661249966,Merredin,"Wheatbelt, Western Australia"
2014-01-25,0.0,32.453453661249966,Merredin,"Wheatbelt, Western Australia"
2014-01-26,0.0,32.453453661249966,Merredin,"Wheatbelt, Western Australia"
2014-01-27,0.0,32.453453661249966,Merredin,"Wheatbelt, Western Australia"
2014-01-28,0.0,32.453453661249966,Merredin,"Wheatbelt, Western Australia"
2014-01-29,1.1039765012672982,32.453453661249966,Merredin,"Wheatbelt, Western Australia"
2014-01-30,0.0,32.453453661249966,Merredin,"Wheatbelt, Western Australia"
2014-01-31,3.0027573007036454,32.453453661249966,Merredin,"Wheatbelt, Western Australia"
2014-02-01,0.0,11.865552553997386,Merredin,"Wheatbelt, Western Australia"
2014-02-02,0.0,11.865552553997386,Merredin,"Wheatbelt, Western Australia"
2014-02-03,0.0,11.865552553997386,Merredin,"Wheatbelt, Western Australia"
2014-02-04,0.0,11.865552553997386,Merredin,"Wheatbelt, Western Australia"
2014-02-05,0.0,11.865552553997386,Merredin,"Wheatbelt, Western Australia"
2014-02-06,0.0,11.865552553997386,Merredin,"Wheatbelt, Western Australia"
2014-02-07,0.0,11.865552553997386,Merredin,"Wheatbelt, Western Australia"
2014-02-08,0.0,11.865552553997386,Merredin,"Wheatbelt, Western Australia"
2014-02-09,0.0,11.865552553997386,Merredin,"Wheatbelt, Western Australia"
2014-02-10,3.6625025904095505,11.865552553997386,Merredin,"Wheatbelt, Western Australia"
2014-02-11,0.0,11.865552553997386,Merredin,"Wheatbelt, Western Australia"
2014-02-12,0.0,11.865552553997386,Merredin,"Wheatbelt, Western Australia"
2014-02-13,0.0,11.865552553997386,Merredin,"Wheatbelt, Western Australia"
2014-02-14,0.0,11.865552553997386,Merredin,"Wheatbelt, Western Australia"
2014-02-15,0.0,11.865552553997386,Merredin,"Wheatbelt, Western Australia"
2014-02-16,6.542924309000883,11.865552553997386,Merredin,"Wheatbelt, Western Australia"
2014-02-17,1.6601256545869532,11.865552553997386,Merredin,"Wheatbelt, Western Australia"
2014-02-18,0.0,11.865552553997386,Merredin,"Wheatbelt, Western Australia"
2014-02-19,0.0,11.865552553997386,Merredin,"Wheatbelt, Western Australia"
2014-02-20,0.0,11.865552553997386,Merredin,"Wheatbelt, Western Australia"
2014-02-21,0.0,11.865552553997386,Merredin,"Wheatbelt, Western Australia"
2014-02-22,0.0,11.865552553997386,Merredin,"Wheatbelt, Western Australia"
2014-02-23,0.0,11.865552553997386,Merredin,"Wheatbelt, Western Australia"
2014-02-24,0.0,11.865552553997386,Merredin,"Wheatbelt, Western Australia"
2014-02-25,0.0,11.865552553997386,Merredin,"Wheatbelt, Western Australia"
2014-02-26,0.0,11.865552553997386,Merredin,"Wheatbelt, Western Australia"
2014-02-27,0.0,11.865552553997386,Merredin,"Wheatbelt, Western Australia"
2014-02-28,0.0,11.865552553997386,Merredin,"Wheatbelt, Western Australia"
2014-03-01,0.0,20.355275184035946,Merredin,"Wheatbelt, Western Australia"
2014-03-02,0.0,20.355275184035946,Merredin,"Wheatbelt, Western Australia"
2014-03-03,0.0,20.355275184035946,Merredin,"Wheatbelt, Western Australia"
2014-03-04,0.0,20.355275184035946,Merredin,"Wheatbelt, Western Australia"
2014-03-05,0.0,20.355275184035946,Merredin,"Wheatbelt, Western Australia"
2014-03-06,0.0,20.355275184035946,Merredin,"Wheatbelt, Western Australia"
2014-03-07,0.0,20.355275184035946,Merredin,"Wheatbelt, Western Australia"
2014-03-08,0.0,20.355275184035946,Merredin,"Wheatbelt, Western Australia"
2014-03-09,0.0,20.355275184035946,Merredin,"Wheatbelt, Western Australia"
2014-03-10,0.0,20.355275184035946,Merredin,"Wheatbelt, Western Australia"
2014-03-11,0.0,20.355275184035946,Merredin,"Wheatbelt, Western Australia"
2014-03-12,0.0,20.355275184035946,Merredin,"Wheatbelt, Western Australia"
2014-03-13,2.887665604464587,20.355275184035946,Merredin,"Wheatbelt, Western Australia"
2014-03-14,0.0,20.355275184035946,Merredin,"Wheatbelt, Western Australia"
2014-03-15,0.0,20.355275184035946,Merredin,"Wheatbelt, Western Australia"
2014-03-16,0.0,20.355275184035946,Merredin,"Wheatbelt, Western Australia"
2014-03-17,0.0,20.355275184035946,Merredin,"Wheatbelt, Western Australia"
2014-03-18,0.0,20.355275184035946,Merredin,"Wheatbelt, Western Australia"
2014-03-19,0.0,20.355275184035946,Merredin,"Wheatbelt, Western Australia"
2014-03-20,0.0,20.355275184035946,Merredin,"Wheatbelt, Western Australia"
2014-03-21,0.0,20.355275184035946,Merredin,"Wheatbelt, Western Australia"
2014-03-22,0.0,20.355275184035946,Merredin,"Wheatbelt, Western Australia"
2014-03-23,0.0,20.355275184035946,Merredin,"Wheatbelt, Western Australia"
2014-03-24,4.6846166688179585,20.355275184035946,Merredin,"Wheatbelt, Western Australia"
2014-03-25,6.664976356493215,20.355275184035946,Merredin,"Wheatbelt, Western Australia"
2014-03-26,0.0,20.355275184035946,Merredin,"Wheatbelt, Western Australia"
2014-03-27,0.0,20.355275184035946,Merredin,"Wheatbelt, Western Australia"
2014-03-28,0.0,20.355275184035946,Merredin,"Wheatbelt, Western Australia"
2014-03-29,0.0,20.355275184035946,Merredin,"Wheatbelt, Western Australia"
2014-03-30,6.118016554260184,20.355275184035946,Merredin,"Wheatbelt, Western Australia"
2014-03-31,0.0,20.355275184035946,Merredin,"Wheatbelt, Western Australia"
2014-04-01,0.0,36.34965704836958,Merredin,"Wheatbelt, Western Australia"
2014-04-02,0.0,36.34965704836958,Merredin,"Wheatbelt, Western Australia"
2014-04-03,0.0,36.34965704836958,Merredin,"Wheatbelt, Western Australia"
2014-04-04,0.0,36.34965704836958,Merredin,"Wheatbelt, Western Australia"
2014-04-05,0.0,36.34965704836958,Merredin,"Wheatbelt, Western Australia"
2014-04-06,0.0,36.34965704836958,Merredin,"Wheatbelt, Western Australia"
2014-04-07,0.0,36.34965704836958,Merredin,"Wheatbelt, Western Australia"
2014-04-08,2.4024421121671744,36.34965704836958,Merredin,"Wheatbelt, Western Australia"
2014-04-09,0.0,36.34965704836958,Merredin,"Wheatbelt, Western Australia"
2014-04-10,4.911909297266479,36.34965704836958,Merredin,"Wheatbelt, Western Australia"
2014-04-11,0.0,36.34965704836958,Merredin,"Wheatbelt, Western Australia"
2014-04-12,0.0,36.34965704836958,Merredin,"Wheatbelt, Western Australia"
2014-04-13,3.05620967941997,36.34965704836958,Merredin,"Wheatbelt, Western Australia"
2014-04-14,0.0,36.34965704836958,Merredin,"Wheatbelt, Western Australia"
2014-04-15,0.0,36.34965704836958,Merredin,"Wheatbelt, Western Australia"
2014-04-16,0.0,36.34965704836958,Merredin,"Wheatbelt, Western Australia"
2014-04-17,2.8178095666315857,36.34965704836958,Merredin,"Wheatbelt, Western Australia"
2014-04-18,0.0,36.34965704836958,Merredin,"Wheatbelt, Western Australia"
2014-04-19,0.0,36.34965704836958,Merredin,"Wheatbelt, Western Australia"
2014-04-20,0.0,36.34965704836958,Merredin,"Wheatbelt, Western Australia"
2014-04-21,0.0,36.34965704836958,Merredin,"Wheatbelt, Western Australia"
2014-04-22,0.0,36.34965704836958,Merredin,"Wheatbelt, Western Australia"
2014-04-23,2.399950912058553,36.34965704836958,Merredin,"Wheatbelt, Western Australia"
2014-04-24,0.0,36.34965704836958,Merredin,"Wheatbelt, Western Australia"
2014-04-25,0.0,36.34965704836958,Merredin,"Wheatbelt, Western Australia"
2014-04-26,0.0,36.34965704836958,Merredin,"Wheatbelt, Western Australia"
2014-04-27,8.111897951252075,36.34965704836958,Merredin,"Wheatbelt, Western Australia"
2014-04-28,1.9468564778432806,36.34965704836958,Merredin,"Wheatbelt, Western Australia"
2014-04-29,6.951576479392028,36.34965704836958,Merredin,"Wheatbelt, Western Australia"
2014-04-30,3.75100457233843,36.34965704836958,Merredin,"Wheatbelt, Western Australia"
2014-05-01,0.0,21.788967326208343,Merredin,"Wheatbelt, Western Australia"
2014-05-02,0.0,21.788967326208343,Merredin,"Wheatbelt, Western Australia"
2014-05-03,0.0,21.788967326208343,Merredin,"Wheatbelt, Western Australia"
2014-05-04,5.089256948304356,21.788967326208343,Merredin,"Wheatbelt, Western Australia"
2014-05-05,0.0,21.788967326208343,Merredin,"Wheatbelt, Western Australia"
2014-05-06,0.0,21.788967326208343,Merredin,"Wheatbelt, Western Australia"
2014-05-07,1.2722664517608133,21.788967326208343,Merredin,"Wheatbelt, Western Australia"
2014-05-08,0.0,21.788967326208343,Merredin,"Wheatbelt, Western Australia"
2014-05-09,0.0,21.788967326208343,Merredin,"Wheatbelt, Western Australia"
2014-05-10,6.6252864487685095,21.788967326208343,Merredin,"Wheatbelt, Western Australia"
2014-05-11,1.5069655113134048,21.788967326208343,Merredin,"Wheatbelt, Western Australia"
2014-05-12,0.0,21.788967326208343,Merredin,"Wheatbelt, Western Australia"
2014-05-13,0.0,21.788967326208343,Merredin,"Wheatbelt, Western Australia"
2014-05-14,0.0,21.788967326208343,Merredin,"Wheatbelt, Western Australia"
2014-05-15,0.0,21.788967326208343,Merredin,"Wheatbelt, Western Australia"
2014-05-16,0.0,21.788967326208343,Merredin,"Wheatbelt, Western Australia"
2014-05-17,0.0,21.788967326208343,Merredin,"Wheatbelt, Western Australia"
2014-05-18,0.0,21.788967326208343,Merredin,"Wheatbelt, Western Australia"
2014-05-19,0.0,21.788967326208343,Merredin,"Wheatbelt, Western Australia"
2014-05-20,0.0,21.788967326208343,Merredin,"Wheatbelt, Western Australia"
2014-05-21,0.0,21.788967326208343,Merredin,"Wheatbelt, Western Australia"
2014-05-22,0.0,21.788967326208343,Merredin,"Wheatbelt, Western Australia"
2014-05-23,0.0,21.788967326208343,Merredin,"Wheatbelt, Western Australia"
2014-05-24,0.0,21.788967326208343,Merredin,"Wheatbelt, Western Australia"
2014-05-25,0.0,21.788967326208343,Merredin,"Wheatbelt, Western Australia"
2014-05-26,0.0,21.788967326208343,Merredin,"Wheatbelt, Western Australia"
2014-05-27,0.0,21.788967326208343,Merredin,"Wheatbelt, Western Australia"
2014-05-28,0.0,21.788967326208343,Merredin,"Wheatbelt, Western Australia"
2014-05-29,0.0,21.788967326208343,Merredin,"Wheatbelt, Western Australia"
2014-05-30,7.29519196606126,21.788967326208343,Merredin,"Wheatbelt, Western Australia"
2014-05-31,0.0,21.788967326208343,Merredin,"Wheatbelt, Western Australia"
2014-06-01,0.0,31.788374252134005,Merredin,"Wheatbelt, Western Australia"
2014-06-02,0.0,31.788374252134005,Merredin,"Wheatbelt, Western Australia"
2014-06-03,0.0,31.788374252134005,Merredin,"Wheatbelt, Western Australia"
2014-06-04,6.096794503877067,31.788374252134005,Merredin,"Wheatbelt, Western Australia"
2014-06-05,0.0,31.788374252134005,Merredin,"Wheatbelt, Western Australia"
2014-06-06,0.0,31.788374252134005,Merredin,"Wheatbelt, Western Australia"
2014-06-07,0.0,31.788374252134005,Merredin,"Wheatbelt, Western Australia"
2014-06-08,3.8287652690362393,31.788374252134005,Merredin,"Wheatbelt, Western Australia"
2014-06-09,5.902461361994584,31.788374252134005,Merredin,"Wheatbelt, Western Australia"
2014-06-10,0.0,31.788374252134005,Merredin,"Wheatbelt, Western Australia"
2014-06-11,0.0,31.788374252134005,Merredin,"Wheatbelt, Western Australia"
2014-06-12,0.0,31.788374252134005,Merredin,"Wheatbelt, Western Australia"
2014-06-13,0.0,31.788374252134005,Merredin,"Wheatbelt, Western Australia"
2014-06-14,0.0,31.788374252134005,Merredin,"Wheatbelt, Western Australia"
2014-06-15,0.0,31.788374252134005,Merredin,"Wheatbelt, Western Australia"
2014-06-16,3.48684579721727,31.788374252134005,Merredin,"Wheatbelt, Western Australia"
2014-06-17,0.0,31.788374252134005,Merredin,"Wheatbelt, Western Australia"
2014-06-18,0.0,31.788374252134005,Merredin,"Wheatbelt, Western Australia"
2014-06-19,0.0,31.788374252134005,Merredin,"Wheatbelt, Western Australia"
2014-06-20,0.0,31.788374252134005,Merredin,"Wheatbelt, Western Australia"
2014-06-21,0.0,31.788374252134005,Merredin,"Wheatbelt, Western Australia"
2014-06-22,0.0,31.788374252134005,Merredin,"Wheatbelt, Western Australia"
2014-06-23,2.5192320703188553,31.788374252134005,Merredin,"Wheatbelt, Western Australia"
2014-06-24,3.803268308732381,31.788374252134005,Merredin,"Wheatbelt, Western Australia"
2014-06-25,0.0,31.788374252134005,Merredin,"Wheatbelt, Western Australia"
2014-06-26,0.0,31.788374252134005,Merredin,"Wheatbelt, Western Australia"
2014-06-27,0.0,31.788374252134005,Merredin,"Wheatbelt, Western Australia"
2014-06-28,0.0,31.788374252134005,Merredin,"Wheatbelt, Western Australia"
2014-06-29,0.0,31.788374252134005,Merredin,"Wheatbelt, Western Australia"
2014-06-30,6.151006940957606,31.788374252134005,Merredin,"Wheatbelt, Western Australia"
2014-07-01,0.0,28.04315865747482,Merredin,"Wheatbelt, Western Australia"
2014-07-02,0.0,28.04315865747482,Merredin,"Wheatbelt, Western Australia"
2014-07-03,0.0,28.04315865747482,Merredin,"Wheatbelt, Western Australia"
2014-07-04,3.3478387454340828,28.04315865747482,Merredin,"Wheatbelt, Western Australia"
2014-07-05,0.0,28.04315865747482,Merredin,"Wheatbelt, Western Australia"
2014-07-06,0.0,28.04315865747482,Merredin,"Wheatbelt, Western Australia"
2014-07-07,0.0,28.04315865747482,Merredin,"Wheatbelt, Western Australia"
2014-07-08,0.0,28.04315865747482,Merredin,"Wheatbelt, Western Australia"
2014-07-09,0.0,28.04315865747482,Merredin,"Wheatbelt, Western Australia"
2014-07-10,2.848557010789752,28.04315865747482,Merredin,"Wheatbelt, Western Australia"
2014-07-11,2.429720207340421,28.04315865747482,Merredin,"Wheatbelt, Western Australia"
2014-07-12,0.0,28.04315865747482,Merredin,"Wheatbelt, Western Australia"
2014-07-13,0.730434812080724,28.04315865747482,Merredin,"Wheatbelt, Western Australia"
2014-07-14,0.0,28.04315865747482,Merredin,"Wheatbelt, Western Australia"
2014-07-15,0.0,28.04315865747482,Merredin,"Wheatbelt, Western Australia"
2014-07-16,5.647868125929453,28.04315865747482,Merredin,"Wheatbelt, Western Australia"
2014-07-17,0.0,28.04315865747482,Merredin,"Wheatbelt, Western Australia"
2014-07-18,0.0,28.04315865747482,Merredin,"Wheatbelt, Western Australia"
2014-07-19,0.0,28.04315865747482,Merredin,"Wheatbelt, Western Australia"
2014-07-20,0.0,28.04315865747482,Merredin,"Wheatbelt, Western Australia"
2014-07-21,0.0,28.04315865747482,Merredin,"Wheatbelt, Western Australia"
2014-07-22,0.0,28.04315865747482,Merredin,"Wheatbelt, Western Australia"
2014-07-23,0.0,28.04315865747482,Merredin,"Wheatbelt, Western Australia"
2014-07-24,0.0,28.04315865747482,Merredin,"Wheatbelt, Western Australia"
2014-07-25,0.0,28.04315865747482,Merredin,"Wheatbelt, Western Australia"
2014-07-26,2.689339302109481,28.04315865747482,Merredin,"Wheatbelt, Western Australia"
2014-07-27,4.288480057172979,28.04315865747482,Merredin,"Wheatbelt, Western Australia"
2014-07-28,0.0,28.04315865747482,Merredin,"Wheatbelt, Western Australia"
2014-07-29,0.0,28.04315865747482,Merredin,"Wheatbelt, Western Australia"
2014-07-30,1.7269809950178492,28.04315865747482,Merredin,"Wheatbelt, Western Australia"
2014-07-31,4.333939401600079,28.04315865747482,Merredin,"Wheatbelt, Western Australia"
2014-08-01,0.0,26.679056121732742,Merredin,"Wheatbelt, Western Australia"
2014-08-02,0.0,26.679056121732742,Merredin,"Wheatbelt, Western Australia"
2014-08-03,0.0,26.679056121732742,Merredin,"Wheatbelt, Western Australia"
2014-08-04,4.962354735281467,26.679056121732742,Merredin,"Wheatbelt, Western Australia"
2014-08-05,2.6658762417317656,26.679056121732742,Merredin,"Wheatbelt, Western Australia"
2014-08-06,0.0,26.679056121732742,Merredin,"Wheatbelt, Western Australia"
2014-08-07,1.2596579346249617,26.679056121732742,Merredin,"Wheatbelt, Western Australia"
2014-08-08,0.0,26.679056121732742,Merredin,"Wheatbelt, Western Australia"
2014-08-09,0.0,26.679056121732742,Merredin,"Wheatbelt, Western Australia"
2014-08-10,0.0,26.679056121732742,Merredin,"Wheatbelt, Western Australia"
2014-08-11,0.0,26.679056121732742,Merredin,"Wheatbelt, Western Australia"
2014-08-12,0.0,26.679056121732742,Merredin,"Wheatbelt, Western Australia"
2014-08-13,0.0,26.679056121732742,Merredin,"Wheatbelt, Western Australia"
2014-08-14,0.0,26.679056121732742,Merredin,"Wheatbelt, Western Australia"
2014-08-15,0.0,26.679056121732742,Merredin,"Wheatbelt, Western Australia"
2014-08-16,0.0,26.679056121732742,Merredin,"Wheatbelt, Western Australia"
2014-08-17,0.0,26.679056121732742,Merredin,"Wheatbelt, Western Australia"
2014-08-18,0.0,26.679056121732742,Merredin,"Wheatbelt, Western Australia"
2014-08-19,0.0,26.679056121732742,Merredin,"Wheatbelt, Western Australia"
2014-08-20,0.0,26.679056121732742,Merredin,"Wheatbelt, Western Australia"
2014-08-21,11.706078388640677,26.679056121732742,Merredin,"Wheatbelt, Western Australia"
2014-08-22,0.0,26.679056121732742,Merredin,"Wheatbelt, Western Australia"
2014-08-23,0.0,26.679056121732742,Merredin,"Wheatbelt, Western Australia"
2014-08-24,3.145021900706714,26.679056121732742,Merredin,"Wheatbelt, Western Australia"
2014-08-25,0.0,26.679056121732742,Merredin,"Wheatbelt, Western Australia"
2014-08-26,2.940066920747157,26.679056121732742,Merredin,"Wheatbelt, Western Australia"
2014-08-27,0.0,26.679056121732742,Merredin,"Wheatbelt, Western Australia"
2014-08-28,0.0,26.679056121732742,Merredin,"Wheatbelt, Western Australia"
2014-08-29,0.0,26.679056121732742,Merredin,"Wheatbelt, Western Australia"
2014-08-30,0.0,26.679056121732742,Merredin,"Wheatbelt, Western Australia"
2014-08-31,0.0,26.679056121732742,Merredin,"Wheatbelt, Western Australia"
2014-09-01,0.0,36.78809998466745,Merredin,"Wheatbelt, Western Australia"
2014-09-02,1.227141642567285,36.78809998466745,Merredin,"Wheatbelt, Western Australia"
2014-09-03,1.5190618226256714,36.78809998466745,Merredin,"Wheatbelt, Western Australia"
2014-09-04,0.0,36.78809998466745,Merredin,"Wheatbelt, Western Australia"
2014-09-05,0.0,36.78809998466745,Merredin,"Wheatbelt, Western Australia"
2014-09-06,0.0,36.78809998466745,Merredin,"Wheatbelt, Western Australia"
2014-09-07,3.1861450580437753,36.78809998466745,Merredin,"Wheatbelt, Western Australia"
2014-09-08,10.60080334574112,36.78809998466745,Merredin,"Wheatbelt, Western Australia"
2014-09-09,4.177837933014958,36.78809998466745,Merredin,"Wheatbelt, Western Australia"
2014-09-10,0.0,36.78809998466745,Merredin,"Wheatbelt, Western Australia"
2014-09-11,0.0,36.78809998466745,Merredin,"Wheatbelt, Western Australia"
2014-09-12,0.0,36.78809998466745,Merredin,"Wheatbelt, Western Australia"
2014-09-13,0.0,36.78809998466745,Merredin,"Wheatbelt, Western Australia"
2014-09-14,0.0,36.78809998466745,Merredin,"Wheatbelt, Western Australia"
2014-09-15,1.4658260932072615,36.78809998466745,Merredin,"Wheatbelt, Western Australia"
2014-09-16,0.0,36.78809998466745,Merredin,"Wheatbelt, Western Australia"
2014-09-17,0.0,36.78809998466745,Merredin,"Wheatbelt, Western Australia"
2014-09-18,0.0,36.78809998466745,Merredin,"Wheatbelt, Western Australia"
2014-09-19,0.0,36.78809998466745,Merredin,"Wheatbelt, Western Australia"
2014-09-20,0.0,36.78809998466745,Merredin,"Wheatbelt, Western Australia"
2014-09-21,3.242262499878802,36.78809998466745,Merredin,"Wheatbelt, Western Australia"
2014-09-22,3.7190949967034745,36.78809998466745,Merredin,"Wheatbelt, Western Australia"
2014-09-23,0.0,36.78809998466745,Merredin,"Wheatbelt, Western Australia"
2014-09-24,1.3160941123996701,36.78809998466745,Merredin,"Wheatbelt, Western Australia"
2014-09-25,4.789502978445761,36.78809998466745,Merredin,"Wheatbelt, Western Australia"
2014-09-26,1.5443295020396681,36.78809998466745,Merredin,"Wheatbelt, Western Australia"
2014-09-27,0.0,36.78809998466745,Merredin,"Wheatbelt, Western Australia"
2014-09-28,0.0,36.78809998466745,Merredin,"Wheatbelt, Western Australia"
2014-09-29,0.0,36.78809998466745,Merredin,"Wheatbelt, Western Australia"
2014-09-30,0.0,36.78809998466745,Merredin,"Wheatbelt, Western Australia"
2014-10-01,0.0,14.660609330721208,Merredin,"Wheatbelt, Western Australia"
2014-10-02,0.0,14.660609330721208,Merredin,"Wheatbelt, Western Australia"
2014-10-03,0.0,14.660609330721208,Merredin,"Wheatbelt, Western Australia"
2014-10-04,2.490828130511421,14.660609330721208,Merredin,"Wheatbelt, Western Australia"
2014-10-05,0.0,14.660609330721208,Merredin,"Wheatbelt, Western Australia"
2014-10-06,0.0,14.660609330721208,Merredin,"Wheatbelt, Western Australia"
2014-10-07,0.0,14.660609330721208,Merredin,"Wheatbelt, Western Australia"
2014-10-08,0.0,14.660609330721208,Merredin,"Wheatbelt, Western Australia"
2014-10-09,1.2280410939936586,14.660609330721208,Merredin,"Wheatbelt, Western Australia"
2014-10-10,0.0,14.660609330721208,Merredin,"Wheatbelt, Western Australia"
2014-10-11,0.0,14.660609330721208,Merredin,"Wheatbelt, Western Australia"
2014-10-12,1.396520688826251,14.660609330721208,Merredin,"Wheatbelt, Western Australia"
2014-10-13,0.0,14.660609330721208,Merredin,"Wheatbelt, Western Australia"
2014-10-14,0.0,14.660609330721208,Merredin,"Wheatbelt, Western Australia"
2014-10-15,0.0,14.660609330721208,Merredin,"Wheatbelt, Western Australia"
2014-10-16,0.0,14.660609330721208,Merredin,"Wheatbelt, Western Australia"
2014-10-17,0.0,14.660609330721208,Merredin,"Wheatbelt, Western Australia"
2014-10-18,0.0,14.660609330721208,Merredin,"Wheatbelt, Western Australia"
2014-10-19,0.0,14.660609330721208,Merredin,"Wheatbelt, Western Australia"
2014-10-20,0.4460094146039461,14.660609330721208,Merredin,"Wheatbelt, Western Australia"
2014-10-21,0.0,14.660609330721208,Merredin,"Wheatbelt, Western Australia"
2014-10-22,5.924958137319266,14.660609330721208,Merredin,"Wheatbelt, Western Australia"
2014-10-23,0.0,14.660609330721208,Merredin,"Wheatbelt, Western Australia"
2014-10-24,0.0,14.660609330721208,Merredin,"Wheatbelt, Western Australia"
2014-10-25,0.0,14.660609330721208,Merredin,"Wheatbelt, Western Australia"
2014-10-26,0.0,14.660609330721208,Merredin,"Wheatbelt, Western Australia"
2014-10-27,0.0,14.660609330721208,Merredin,"Wheatbelt, Western Australia"
2014-10-28,0.0,14.660609330721208,Merredin,"Wheatbelt, Western Australia"
2014-10-29,0.0,14.660609330721208,Merredin,"Wheatbelt, Western Australia"
2014-10-30,0.0,14.660609330721208,Merredin,"Wheatbelt, Western Australia"
2014-10-31,3.174251865466666,14.660609330721208,Merredin,"Wheatbelt, Western Australia"
2014-11-01,0.0,25.662412810389142,Merredin,"Wheatbelt, Western Australia"
2014-11-02,0.0,25.662412810389142,Merredin,"Wheatbelt, Western Australia"
2014-11-03,0.0,25.662412810389142,Merredin,"Wheatbelt, Western Australia"
2014-11-04,0.0,25.662412810389142,Merredin,"Wheatbelt, Western Australia"
2014-11-05,1.1619474565373347,25.662412810389142,Merredin,"Wheatbelt, Western Australia"
2014-11-06,0.0,25.662412810389142,Merredin,"Wheatbelt, Western Australia"
2014-11-07,0.0,25.662412810389142,Merredin,"Wheatbelt, Western Australia"
2014-11-08,0.0,25.662412810389142,Merredin,"Wheatbelt, Western Australia"
2014-11-09,5.773098425198746,25.662412810389142,Merredin,"Wheatbelt, Western Australia"
2014-11-10,1.1414944852636757,25.662412810389142,Merredin,"Wheatbelt, Western Australia"
2014-11-11,0.0,25.662412810389142,Merredin,"Wheatbelt, Western Australia"
2014-11-12,0.0,25.662412810389142,Merredin,"Wheatbelt, Western Australia"
2014-11-13,0.0,25.662412810389142,Merredin,"Wheatbelt, Western Australia"
2014-11-14,0.0,25.662412810389142,Merredin,"Wheatbelt, Western Australia"
2014-11-15,5.3414494836588196,25.662412810389142,Merredin,"Wheatbelt, Western Australia"
2014-11-16,0.0,25.662412810389142,Merredin,"Wheatbelt, Western Australia"
2014-11-17,0.0,25.662412810389142,Merredin,"Wheatbelt, Western Australia"
2014-11-18,3.5347764797633547,25.662412810389142,Merredin,"Wheatbelt, Western Australia"
2014-11-19,0.0,25.662412810389142,Merredin,"Wheatbelt, Western Australia"
2014-11-20,4.354402417501494,25.662412810389142,Merredin,"Wheatbelt, Western Australia"
2014-11-21,0.0,25.662412810389142,Merredin,"Wheatbelt, Western Australia"
2014-11-22,0.0,25.662412810389142,Merredin,"Wheatbelt, Western Australia"
2014-11-23,0.6998825548426802,25.662412810389142,Merredin,"Wheatbelt, Western Australia"
2014-11-24,0.0,25.662412810389142,Merredin,"Wheatbelt, Western Australia"
2014-11-25,0.0,25.662412810389142,Merredin,"Wheatbelt, Western Australia"
2014-11-26,0.0,25.662412810389142,Merredin,"Wheatbelt, Western Australia"
2014-11-27,0.0,25.662412810389142,Merredin,"Wheatbelt, Western Australia"
2014-11-28,3.6553615076230384,25.662412810389142,Merredin,"Wheatbelt, Western Australia"
2014-11-29,0.0,25.662412810389142,Merredin,"Wheatbelt, Western Australia"
2014-11-30,0.0,25.662412810389142,Merredin,"Wheatbelt, Western Australia"
2014-12-01,0.0,28.987173221943962,Merredin,"Wheatbelt, Western Australia"
2014-12-02,0.0,28.987173221943962,Merredin,"Wheatbelt, Western Australia"
2014-12-03,0.0,28.987173221943962,Merredin,"Wheatbelt, Western Australia"
2014-12-04,0.0,28.987173221943962,Merredin,"Wheatbelt, Western Australia"
2014-12-05,0.0,28.987173221943962,Merredin,"Wheatbelt, Western Australia"
2014-12-06,0.0,28.987173221943962,Merredin,"Wheatbelt, Western Australia"
2014-12-07,0.0,28.987173221943962,Merredin,"Wheatbelt, Western Australia"
2014-12-08,0.0,28.987173221943962,Merredin,"Wheatbelt, Western Australia"
2014-12-09,1.4199734398270896,28.987173221943962,Merredin,"Wheatbelt, Western Australia"
2014-12-10,0.0,28.987173221943962,Merredin,"Wheatbelt, Western Australia"
2014-12-11,3.483398019762502,28.987173221943962,Merredin,"Wheatbelt, Western Australia"
2014-12-12,12.06674553875835,28.987173221943962,Merredin,"Wheatbelt, Western Australia"
2014-12-13,0.0,28.987173221943962,Merredin,"Wheatbelt, Western Australia"
2014-12-14,0.0,28.987173221943962,Merredin,"Wheatbelt, Western Australia"
2014-12-15,0.0,28.987173221943962,Merredin,"Wheatbelt, Western Australia"
2014-12-16,0.0,28.987173221943962,Merredin,"Wheatbelt, Western Australia"
2014-12-17,2.9999551593337186,28.987173221943962,Merredin,"Wheatbelt, Western Australia"
2014-12-18,0.0,28.987173221943962,Merredin,"Wheatbelt, Western Australia"
2014-12-19,3.45154956335742,28.987173221943962,Merredin,"Wheatbelt, Western Australia"
2014-12-20,0.0,28.987173221943962,Merredin,"Wheatbelt, Western Australia"
2014-12-21,0.0,28.987173221943962,Merredin,"Wheatbelt, Western Australia"
2014-12-22,0.0,28.987173221943962,Merredin,"Wheatbelt, Western Australia"
2014-12-23,0.0,28.987173221943962,Merredin,"Wheatbelt, Western Australia"
2014-12-24,0.0,28.987173221943962,Merredin,"Wheatbelt, Western Australia"
2014-12-25,0.0,28.987173221943962,Merredin,"Wheatbelt, Western Australia"
2014-12-26,0.0,28.987173221943962,Merredin,"Wheatbelt, Western Australia"
2014-12-27,0.0,28.987173221943962,Merredin,"Wheatbelt, Western Australia"
2014-12-28,0.0,28.987173221943962,Merredin,"Wheatbelt, Western Australia"
2014-12-29,0.0,28.987173221943962,Merredin,"Wheatbelt, Western Australia"
2014-12-30,0.0,28.987173221943962,Merredin,"Wheatbelt, Western Australia"
2014-12-31,5.5655515009048795,28.987173221943962,Merredin,"Wheatbelt, Western Australia"
2015-01-01,0.0,32.97978702978165,Merredin,"Wheatbelt, Western Australia"
2015-01-02,2.4208495412975792,32.97978702978165,Merredin,"Wheatbelt, Western Australia"
2015-01-03,0.0,32.97978702978165,Merredin,"Wheatbelt, Western Australia"
2015-01-04,0.0,32.97978702978165,Merredin,"Wheatbelt, Western Australia"
2015-01-05,1.6930760379599563,32.97978702978165,Merredin,"Wheatbelt, Western Australia"
2015-01-06,0.0,32.97978702978165,Merredin,"Wheatbelt, Western Australia"
2015-01-07,0.0,32.97978702978165,Merredin,"Wheatbelt, Western Australia"
2015-01-08,0.0,32.97978702978165,Merredin,"Wheatbelt, Western Australia"
2015-01-09,0.0,32.97978702978165,Merredin,"Wheatbelt, Western Australia"
2015-01-10,0.0,32.97978702978165,Merredin,"Wheatbelt, Western Australia"
2015-01-11,0.0,32.97978702978165,Merredin,"Wheatbelt, Western Australia"
2015-01-12,2.084369752544754,32.97978702978165,Merredin,"Wheatbelt, Western Australia"
2015-01-13,0.0,32.97978702978165,Merredin,"Wheatbelt, Western Australia"
2015-01-14,5.2929118718071395,32.97978702978165,Merredin,"Wheatbelt, Western Australia"
2015-01-15,0.0,32.97978702978165,Merredin,"Wheatbelt, Western Australia"
2015-01-16,0.0,32.97978702978165,Merredin,"Wheatbelt, Western Australia"
2015-01-17,0.0,32.97978702978165,Merredin,"Wheatbelt, Western Australia"
2015-01-18,0.0,32.97978702978165,Merredin,"Wheatbelt, Western Australia"
2015-01-19,2.3259553116673772,32.97978702978165,Merredin,"Wheatbelt, Western Australia"
2015-01-20,0.0,32.97978702978165,Merredin,"Wheatbelt, Western Australia"
2015-01-21,0.0,32.97978702978165,Merredin,"Wheatbelt, Western Australia"
2015-01-22,2.84704596385087,32.97978702978165,Merredin,"Wheatbelt, Western Australia"
2015-01-23,3.974972255640784,32.97978702978165,Merredin,"Wheatbelt, Western Australia"
2015-01-24,2.5793612673523043,32.97978702978165,Merredin,"Wheatbelt, Western Australia"
2015-01-25,0.0,32.97978702978165,Merredin,"Wheatbelt, Western Australia"
2015-01-26,0.0,32.97978702978165,Merredin,"Wheatbelt, Western Australia"
2015-01-27,0.896267338318546,32.97978702978165,Merredin,"Wheatbelt, Western Australia"
2015-01-28,0.0,32.97978702978165,Merredin,"Wheatbelt, Western Australia"
2015-01-29,8.864977689342338,32.97978702978165,Merredin,"Wheatbelt, Western Australia"
2015-01-30,0.0,32.97978702978165,Merredin,"Wheatbelt, Western Australia"
2015-01-31,0.0,32.97978702978165,Merredin,"Wheatbelt, Western Australia"
2015-02-01,0.0,16.727484876534902,Merredin,"Wheatbelt, Western Australia"
2015-02-02,7.591305826373435,16.727484876534902,Merredin,"Wheatbelt, Western Australia"
2015-02-03,5.792580945629793,16.727484876534902,Merredin,"Wheatbelt, Western Australia"
2015-02-04,0.0,16.727484876534902,Merredin,"Wheatbelt, Western Australia"
2015-02-05,0.0,16.727484876534902,Merredin,"Wheatbelt, Western Australia"
2015-02-06,0.0,16.727484876534902,Merredin,"Wheatbelt, Western Australia"
2015-02-07,0.0,16.727484876534902,Merredin,"Wheatbelt, Western Australia"
2015-02-08,0.0,16.727484876534902,Merredin,"Wheatbelt, Western Australia"
2015-02-09,0.0,16.727484876534902,Merredin,"Wheatbelt, Western Australia"
2015-02-10,0.0,16.727484876534902,Merredin,"Wheatbelt, Western Australia"
2015-02-11,0.0,16.727484876534902,Merredin,"Wheatbelt, Western Australia"
2015-02-12,0.0,16.727484876534902,Merredin,"Wheatbelt, Western Australia"
2015-02-13,0.0,16.727484876534902,Merredin,"Wheatbelt, Western Australia"
2015-02-14,0.0,16.727484876534902,Merredin,"Wheatbelt, Western Australia"
2015-02-15,0.0,16.727484876534902,Merredin,"Wheatbelt, Western Australia"
2015-02-16,0.0,16.727484876534902,Merredin,"Wheatbelt, Western Australia"
2015-02-17,0.0,16.727484876534902,Merredin,"Wheatbelt, Western Australia"
2015-02-18,0.0,16.727484876534902,Merredin,"Wheatbelt, Western Australia"
2015-02-19,0.0,16.727484876534902,Merredin,"Wheatbelt, Western Australia"
2015-02-20,0.0,16.727484876534902,Merredin,"Wheatbelt, Western Australia"
2015-02-21,0.0,16.727484876534902,Merredin,"Wheatbelt, Western Australia"
2015-02-22,0.0,16.727484876534902,Merredin,"Wheatbelt, Western Australia"
2015-02-23,0.0,16.727484876534902,Merredin,"Wheatbelt, Western Australia"
2015-02-24,0.0,16.727484876534902,Merredin,"Wheatbelt, Western Australia"
2015-02-25,0.0,16.727484876534902,Merredin,"Wheatbelt, Western Australia"
2015-02-26,3.3435981045316727,16.727484876534902,Merredin,"Wheatbelt, Western Australia"
2015-02-27,0.0,16.727484876534902,Merredin,"Wheatbelt, Western Australia"
2015-02-28,0.0,16.727484876534902,Merredin,"Wheatbelt, Western Australia"
2015-03-01,1.1623494554835763,16.88697051302782,Merredin,"Wheatbelt, Western Australia"
2015-03-02,0.0,16.88697051302782,Merredin,"Wheatbelt, Western Australia"
2015-03-03,0.0,16.88697051302782,Merredin,"Wheatbelt, Western Australia"
2015-03-04,0.0,16.88697051302782,Merredin,"Wheatbelt, Western Australia"
2015-03-05,0.0,16.88697051302782,Merredin,"Wheatbelt, Western Australia"
2015-03-06,0.0,16.88697051302782,Merredin,"Wheatbelt, Western Australia"
2015-03-07,0.0,16.88697051302782,Merredin,"Wheatbelt, Western Australia"
2015-03-08,0.0,16.88697051302782,Merredin,"Wheatbelt, Western Australia"
2015-03-09,0.0,16.88697051302782,Merredin,"Wheatbelt, Western Australia"
2015-03-10,0.0,16.88697051302782,Merredin,"Wheatbelt, Western Australia"
2015-03-11,0.0,16.88697051302782,Merredin,"Wheatbelt, Western Australia"
2015-03-12,0.0,16.88697051302782,Merredin,"Wheatbelt, Western Australia"
2015-03-13,0.0,16.88697051302782,Merredin,"Wheatbelt, Western Australia"
2015-03-14,0.0,16.88697051302782,Merredin,"Wheatbelt, Western Australia"
2015-03-15,3.723907348881479,16.88697051302782,Merredin,"Wheatbelt, Western Australia"
2015-03-16,0.0,16.88697051302782,Merredin,"Wheatbelt, Western Australia"
2015-03-17,0.0,16.88697051302782,Merredin,"Wheatbelt, Western Australia"
2015-03-18,0.0,16.88697051302782,Merredin,"Wheatbelt, Western Australia"
2015-03-19,0.0,16.88697051302782,Merredin,"Wheatbelt, Western Australia"
2015-03-20,0.0,16.88697051302782,Merredin,"Wheatbelt, Western Australia"
2015-03-21,0.0,16.88697051302782,Merredin,"Wheatbelt, Western Australia"
2015-03-22,0.0,16.88697051302782,Merredin,"Wheatbelt, Western Australia"
2015-03-23,0.0,16.88697051302782,Merredin,"Wheatbelt, Western Australia"
2015-03-24,0.0,16.88697051302782,Merredin,"Wheatbelt, Western Australia"
2015-03-25,0.0,16.88697051302782,Merredin,"Wheatbelt, Western Australia"
2015-03-26,0.0,16.88697051302782,Merredin,"Wheatbelt, Western Australia"
2015-03-27,3.7740741641870446,16.88697051302782,Merredin,"Wheatbelt, Western Australia"
2015-03-28,0.0,16.88697051302782,Merredin,"Wheatbelt, Western Australia"
2015-03-29,7.628660880376862,16.88697051302782,Merredin,"Wheatbelt, Western Australia"
2015-03-30,0.5979786640988581,16.88697051302782,Merredin,"Wheatbelt, Western Australia"
2015-03-31,0.0,16.88697051302782,Merredin,"Wheatbelt, Western Australia"
2015-04-01,0.0,24.345020469973917,Merredin,"Wheatbelt, Western Australia"
2015-04-02,2.5391188592329534,24.345020469973917,Merredin,"Wheatbelt, Western Australia"
2015-04-03,1.5885223790959266,24.345020469973917,Merredin,"Wheatbelt, Western Australia"
2015-04-04,0.0,24.345020469973917,Merredin,"Wheatbelt, Western Australia"
2015-04-05,0.0,24.345020469973917,Merredin,"Wheatbelt, Western Australia"
2015-04-06,0.0,24.345020469973917,Merredin,"Wheatbelt, Western Australia"
2015-04-07,0.0,24.345020469973917,Merredin,"Wheatbelt, Western Australia"
2015-04-08,0.0,24.345020469973917,Merredin,"Wheatbelt, Western Australia"
2015-04-09,1.0550574630444642,24.345020469973917,Merredin,"Wheatbelt, Western Australia"
2015-04-10,0.0,24.345020469973917,Merredin,"Wheatbelt, Western Australia"
2015-04-11,0.0,24.345020469973917,Merredin,"Wheatbelt, Western Australia"
2015-04-12,0.0,24.345020469973917,Merredin,"Wheatbelt, Western Australia"
2015-04-13,0.0,24.345020469973917,Merredin,"Wheatbelt, Western Australia"
2015-04-14,0.0,24.345020469973917,Merredin,"Wheatbelt, Western Australia"
2015-04-15,7.07842870285791,24.345020469973917,Merredin,"Wheatbelt, Western Australia"
2015-04-16,0.0,24.345020469973917,Merredin,"Wheatbelt, Western Australia"
2015-04-17,0.0,24.345020469973917,Merredin,"Wheatbelt, Western Australia"
2015-04-18,0.0,24.345020469973917,Merredin,"Wheatbelt, Western Australia"
2015-04-19,0.0,24.345020469973917,Merredin,"Wheatbelt, Western Australia"
2015-04-20,0.0,24.345020469973917,Merredin,"Wheatbelt, Western Australia"
2015-04-21,0.0,24.345020469973917,Merredin,"Wheatbelt, Western Australia"
2015-04-22,0.0,24.345020469973917,Merredin,"Wheatbelt, Western Australia"
2015-04-23,0.0,24.345020469973917,Merredin,"Wheatbelt, Western Australia"
2015-04-24,4.633765356803133,24.345020469973917,Merredin,"Wheatbelt, Western Australia"
2015-04-25,0.0,24.345020469973917,Merredin,"Wheatbelt, Western Australia"
2015-04-26,4.255696244057699,24.345020469973917,Merredin,"Wheatbelt, Western Australia"
2015-04-27,0.0,24.345020469973917,Merredin,"Wheatbelt, Western Australia"
2015-04-28,3.19443146488183,24.345020469973917,Merredin,"Wheatbelt, Western Australia"
2015-04-29,0.0,24.345020469973917,Merredin,"Wheatbelt, Western Australia"
2015-04-30,0.0,24.345020469973917,Merredin,"Wheatbelt, Western Australia"
2015-05-01,0.0,12.844223397509705,Merredin,"Wheatbelt, Western Australia"
2015-05-02,0.0,12.844223397509705,Merredin,"Wheatbelt, Western Australia"
2015-05-03,0.0,12.844223397509705,Merredin,"Wheatbelt, Western Australia"
2015-05-04,0.0,12.844223397509705,Merredin,"Wheatbelt, Western Australia"
2015-05-05,0.0,12.844223397509705,Merredin,"Wheatbelt, Western Australia"
2015-05-06,0.0,12.844223397509705,Merredin,"Wheatbelt, Western Australia"
2015-05-07,0.0,12.844223397509705,Merredin,"Wheatbelt, Western Australia"
2015-05-08,0.0,12.844223397509705,Merredin,"Wheatbelt, Western Australia"
2015-05-09,0.0,12.844223397509705,Merredin,"Wheatbelt, Western Australia"
2015-05-10,0.0,12.844223397509705,Merredin,"Wheatbelt, Western Australia"
2015-05-11,4.24072906718935,12.844223397509705,Merredin,"Wheatbelt, Western Australia"
2015-05-12,0.0,12.844223397509705,Merredin,"Wheatbelt, Western Australia"
2015-05-13,0.0,12.844223397509705,Merredin,"Wheatbelt, Western Australia"
2015-05-14,0.0,12.844223397509705,Merredin,"Wheatbelt, Western Australia"
2015-05-15,0.0,12.844223397509705,Merredin,"Wheatbelt, Western Australia"
2015-05-16,0.0,12.844223397509705,Merredin,"Wheatbelt, Western Australia"
2015-05-17,0.0,12.844223397509705,Merredin,"Wheatbelt, Western Australia"
2015-05-18,0.0,12.844223397509705,Merredin,"Wheatbelt, Western Australia"
2015-05-19,0.0,12.844223397509705,Merredin,"Wheatbelt, Western Australia"
2015-05-20,0.0,12.844223397509705,Merredin,"Wheatbelt, Western Australia"
2015-05-21,0.0,12.844223397509705,Merredin,"Wheatbelt, Western Australia"
2015-05-22,0.0,12.844223397509705,Merredin,"Wheatbelt, Western Australia"
2015-05-23,0.0,12.844223397509705,Merredin,"Wheatbelt, Western Australia"
2015-05-24,0.0,12.844223397509705,Merredin,"Wheatbelt, Western Australia"
2015-05-25,5.685311242031087,12.844223397509705,Merredin,"Wheatbelt, Western Australia"
2015-05-26,0.0,12.844223397509705,Merredin,"Wheatbelt, Western Australia"
2015-05-27,0.0,12.844223397509705,Merredin,"Wheatbelt, Western Australia"
2015-05-28,0.0,12.844223397509705,Merredin,"Wheatbelt, Western Australia"
2015-05-29,0.0,12.844223397509705,Merredin,"Wheatbelt, Western Australia"
2015-05-30,0.0,12.844223397509705,Merredin,"Wheatbelt, Western Australia"
2015-05-31,2.9181830882892683,12.844223397509705,Merredin,"Wheatbelt, Western Australia"
2015-06-01,0.0,12.794502652884844,Merredin,"Wheatbelt, Western Australia"
2015-06-02,0.0,12.794502652884844,Merredin,"Wheatbelt, Western Australia"
2015-06-03,0.0,12.794502652884844,Merredin,"Wheatbelt, Western Australia"
2015-06-04,0.0,12.794502652884844,Merredin,"Wheatbelt, Western Australia"
2015-06-05,0.0,12.794502652884844,Merredin,"Wheatbelt, Western Australia"
2015-06-06,0.0,12.794502652884844,Merredin,"Wheatbelt, Western Australia"
2015-06-07,0.0,12.794502652884844,Merredin,"Wheatbelt, Western Australia"
2015-06-08,0.0,12.794502652884844,Merredin,"Wheatbelt, Western Australia"
2015-06-09,2.1102520398651854,12.794502652884844,Merredin,"Wheatbelt, Western Australia"
2015-06-10,0.0,12.794502652884844,Merredin,"Wheatbelt, Western Australia"
2015-06-11,3.030055350333426,12.794502652884844,Merredin,"Wheatbelt, Western Australia"
2015-06-12,0.0,12.794502652884844,Merredin,"Wheatbelt, Western Australia"
2015-06-13,0.0,12.794502652884844,Merredin,"Wheatbelt, Western Australia"
2015-06-14,0.0,12.794502652884844,Merredin,"Wheatbelt, Western Australia"
2015-06-15,0.0,12.794502652884844,Merredin,"Wheatbelt, Western Australia"
2015-06-16,0.0,12.794502652884844,Merredin,"Wheatbelt, Western Australia"
2015-06-17,0.0,12.794502652884844,Merredin,"Wheatbelt, Western Australia"
2015-06-18,0.0,12.794502652884844,Merredin,"Wheatbelt, Western Australia"
2015-06-19,0.0,12.794502652884844,Merredin,"Wheatbelt, Western Australia"
2015-06-20,0.0,12.794502652884844,Merredin,"Wheatbelt, Western Australia"
2015-06-21,0.0,12.794502652884844,Merredin,"Wheatbelt, Western Australia"
2015-06-22,0.0,12.794502652884844,Merredin,"Wheatbelt, Western Australia"
2015-06-23,3.1500997456623208,12.794502652884844,Merredin,"Wheatbelt, Western Australia"
2015-06-24,0.0,12.794502652884844,Merredin,"Wheatbelt, Western Australia"
2015-06-25,0.0,12.794502652884844,Merredin,"Wheatbelt, Western Australia"
2015-06-26,4.504095517023912,12.794502652884844,Merredin,"Wheatbelt, Western Australia"
2015-06-27,0.0,12.794502652884844,Merredin,"Wheatbelt, Western Australia"
2015-06-28,0.0,12.794502652884844,Merredin,"Wheatbelt, Western Australia"
2015-06-29,0.0,12.794502652884844,Merredin,"Wheatbelt, Western Australia"
2015-06-30,0.0,12.794502652884844,Merredin,"Wheatbelt, Western Australia"
2015-07-01,0.0,19.45286882182465,Merredin,"Wheatbelt, Western Australia"
2015-07-02,3.572042061039101,19.45286882182465,Merredin,"Wheatbelt, Western Australia"
2015-07-03,0.0,19.45286882182465,Merredin,"Wheatbelt, Western Australia"
2015-07-04,0.0,19.45286882182465,Merredin,"Wheatbelt, Western Australia"
2015-07-05,0.0,19.45286882182465,Merredin,"Wheatbelt, Western Australia"
2015-07-06,0.0,19.45286882182465,Merredin,"Wheatbelt, Western Australia"
2015-07-07,0.0,19.45286882182465,Merredin,"Wheatbelt, Western Australia"
2015-07-08,1.571104318049571,19.45286882182465,Merredin,"Wheatbelt, Western Australia"
2015-07-09,0.0,19.45286882182465,Merredin,"Wheatbelt, Western Australia"
2015-07-10,9.325415595885358,19.45286882182465,Merredin,"Wheatbelt, Western Australia"
2015-07-11,2.161604493940394,19.45286882182465,Merredin,"Wheatbelt, Western Australia"
2015-07-12,0.0,19.45286882182465,Merredin,"Wheatbelt, Western Australia"
2015-07-13,0.0,19.45286882182465,Merredin,"Wheatbelt, Western Australia"
2015-07-14,0.0,19.45286882182465,Merredin,"Wheatbelt, Western Australia"
2015-07-15,2.8227023529102273,19.45286882182465,Merredin,"Wheatbelt, Western Australia"
2015-07-16,0.0,19.45286882182465,Merredin,"Wheatbelt, Western Australia"
2015-07-17,0.0,19.45286882182465,Merredin,"Wheatbelt, Western Australia"
2015-07-18,0.0,19.45286882182465,Merredin,"Wheatbelt, Western Australia"
2015-07-19,0.0,19.45286882182465,Merredin,"Wheatbelt, Western Australia"
2015-07-20,0.0,19.45286882182465,Merredin,"Wheatbelt, Western Australia"
2015-07-21,0.0,19.45286882182465,Merredin,"Wheatbelt, Western Australia"
2015-07-22,0.0,19.45286882182465,Merredin,"Wheatbelt, Western Australia"
2015-07-23,0.0,19.45286882182465,Merredin,"Wheatbelt, Western Australia"
2015-07-24,0.0,19.45286882182465,Merredin,"Wheatbelt, Western Australia"
2015-07-25,0.0,19.45286882182465,Merredin,"Wheatbelt, Western Australia"
2015-07-26,0.0,19.45286882182465,Merredin,"Wheatbelt, Western Australia"
2015-07-27,0.0,19.45286882182465,Merredin,"Wheatbelt, Western Australia"
2015-07-28,0.0,19.45286882182465,Merredin,"Wheatbelt, Western Australia"
2015-07-29,0.0,19.45286882182465,Merredin,"Wheatbelt, Western Australia"
2015-07-30,0.0,19.45286882182465,Merredin,"Wheatbelt, Western Australia"
2015-07-31,0.0,19.45286882182465,Merredin,"Wheatbelt, Western Australia"
2015-08-01,0.0,19.69425399304345,Merredin,"Wheatbelt, Western Australia"
2015-08-02,0.0,19.69425399304345,Merredin,"Wheatbelt, Western Australia"
2015-08-03,0.4435866359758303,19.69425399304345,Merredin,"Wheatbelt, Western Australia"
2015-08-04,0.0,19.69425399304345,Merredin,"Wheatbelt, Western Australia"
2015-08-05,4.812785829100192,19.69425399304345,Merredin,"Wheatbelt, Western Australia"
2015-08-06,0.0,19.69425399304345,Merredin,"Wheatbelt, Western Australia"
2015-08-07,0.0,19.69425399304345,Merredin,"Wheatbelt, Western Australia"
2015-08-08,0.0,19.69425399304345,Merredin,"Wheatbelt, Western Australia"
2015-08-09,0.0,19.69425399304345,Merredin,"Wheatbelt, Western Australia"
2015-08-10,0.0,19.69425399304345,Merredin,"Wheatbelt, Western Australia"
2015-08-11,0.0,19.69425399304345,Merredin,"Wheatbelt, Western Australia"
2015-08-12,0.0,19.69425399304345,Merredin,"Wheatbelt, Western Australia"
2015-08-13,0.0,19.69425399304345,Merredin,"Wheatbelt, Western Australia"
2015-08-14,0.0,19.69425399304345,Merredin,"Wheatbelt, Western Australia"
2015-08-15,0.0,19.69425399304345,Merredin,"Wheatbelt, Western Australia"
2015-08-16,0.0,19.69425399304345,Merredin,"Wheatbelt, Western Australia"
2015-08-17,0.0,19.69425399304345,Merredin,"Wheatbelt, Western Australia"
2015-08-18,0.0,19.69425399304345,Merredin,"Wheatbelt, Western Australia"
2015-08-19,0.0,19.69425399304345,Merredin,"Wheatbelt, Western Australia"
2015-08-20,0.0,19.69425399304345,Merredin,"Wheatbelt, Western Australia"
2015-08-21,1.5741198940066568,19.69425399304345,Merredin,"Wheatbelt, Western Australia"
2015-08-22,3.7359479599257983,19.69425399304345,Merredin,"Wheatbelt, Western Australia"
2015-08-23,0.0,19.69425399304345,Merredin,"Wheatbelt, Western Australia"
2015-08-24,0.0,19.69425399304345,Merredin,"Wheatbelt, Western Australia"
2015-08-25,0.0,19.69425399304345,Merredin,"Wheatbelt, Western Australia"
2015-08-26,0.0,19.69425399304345,Merredin,"Wheatbelt, Western Australia"
2015-08-27,8.891190867808326,19.69425399304345,Merredin,"Wheatbelt, Western Australia"
2015-08-28,0.0,19.69425399304345,Merredin,"Wheatbelt, Western Australia"
2015-08-29,0.0,19.69425399304345,Merredin,"Wheatbelt, Western Australia"
2015-08-30,0.0,19.69425399304345,Merredin,"Wheatbelt, Western Australia"
2015-08-31,0.23662280622664814,19.69425399304345,Merredin,"Wheatbelt, Western Australia"
2015-09-01,0.0,32.73829931349927,Merredin,"Wheatbelt, Western Australia"
2015-09-02,0.0,32.73829931349927,Merredin,"Wheatbelt, Western Australia"
2015-09-03,0.0,32.73829931349927,Merredin,"Wheatbelt, Western Australia"
2015-09-04,10.531063700829636,32.73829931349927,Merredin,"Wheatbelt, Western Australia"
2015-09-05,0.0,32.73829931349927,Merredin,"Wheatbelt, Western Australia"
2015-09-06,0.0,32.73829931349927,Merredin,"Wheatbelt, Western Australia"
2015-09-07,0.0,32.73829931349927,Merredin,"Wheatbelt, Western Australia"
2015-09-08,8.26127603207057,32.73829931349927,Merredin,"Wheatbelt, Western Australia"
2015-09-09,0.0,32.73829931349927,Merredin,"Wheatbelt, Western Australia"
2015-09-10,0.0,32.73829931349927,Merredin,"Wheatbelt, Western Australia"
2015-09-11,0.0,32.73829931349927,Merredin,"Wheatbelt, Western Australia"
2015-09-12,0.0,32.73829931349927,Merredin,"Wheatbelt, Western Australia"
2015-09-13,0.0,32.73829931349927,Merredin,"Wheatbelt, Western Australia"
2015-09-14,0.0,32.73829931349927,Merredin,"Wheatbelt, Western Australia"
2015-09-15,4.0730142755917695,32.73829931349927,Merredin,"Wheatbelt, Western Australia"
2015-09-16,0.0,32.73829931349927,Merredin,"Wheatbelt, Western Australia"
2015-09-17,0.0,32.73829931349927,Merredin,"Wheatbelt, Western Australia"
2015-09-18,0.0,32.73829931349927,Merredin,"Wheatbelt, Western Australia"
2015-09-19,0.0,32.73829931349927,Merredin,"Wheatbelt, Western Australia"
2015-09-20,0.0,32.73829931349927,Merredin,"Wheatbelt, Western Australia"
2015-09-21,0.0,32.73829931349927,Merredin,"Wheatbelt, Western Australia"
2015-09-22,5.578948839539165,32.73829931349927,Merredin,"Wheatbelt, Western Australia"
2015-09-23,0.0,32.73829931349927,Merredin,"Wheatbelt, Western Australia"
2015-09-24,4.293996465468128,32.73829931349927,Merredin,"Wheatbelt, Western Australia"
2015-09-25,0.0,32.73829931349927,Merredin,"Wheatbelt, Western Australia"
2015-09-26,0.0,32.73829931349927,Merredin,"Wheatbelt, Western Australia"
2015-09-27,0.0,32.73829931349927,Merredin,"Wheatbelt, Western Australia"
2015-09-28,0.0,32.73829931349927,Merredin,"Wheatbelt, Western Australia"
2015-09-29,0.0,32.73829931349927,Merredin,"Wheatbelt, Western Australia"
2015-09-30,0.0,32.73829931349927,Merredin,"Wheatbelt, Western Australia"
2015-10-01,0.0,11.633285404961532,Merredin,"Wheatbelt, Western Australia"
2015-10-02,0.0,11.633285404961532,Merredin,"Wheatbelt, Western Australia"
2015-10-03,0.0,11.633285404961532,Merredin,"Wheatbelt, Western Australia"
2015-10-04,0.0,11.633285404961532,Merredin,"Wheatbelt, Western Australia"
2015-10-05,2.706133413875203,11.633285404961532,Merredin,"Wheatbelt, Western Australia"
2015-10-06,0.0,11.633285404961532,Merredin,"Wheatbelt, Western Australia"
2015-10-07,0.0,11.633285404961532,Merredin,"Wheatbelt, Western Australia"
2015-10-08,0.42922820182307553,11.633285404961532,Merredin,"Wheatbelt, Western Australia"
2015-10-09,0.0,11.633285404961532,Merredin,"Wheatbelt, Western Australia"
2015-10-10,0.0,11.633285404961532,Merredin,"Wheatbelt, Western Australia"
2015-10-11,0.0,11.633285404961532,Merredin,"Wheatbelt, Western Australia"
2015-10-12,0.0,11.633285404961532,Merredin,"Wheatbelt, Western Australia"
2015-10-13,0.0,11.633285404961532,Merredin,"Wheatbelt, Western Australia"
2015-10-14,0.0,11.633285404961532,Merredin,"Wheatbelt, Western Australia"
2015-10-15,0.0,11.633285404961532,Merredin,"Wheatbelt, Western Australia"
2015-10-16,0.0,11.633285404961532,Merredin,"Wheatbelt, Western Australia"
2015-10-17,0.0,11.633285404961532,Merredin,"Wheatbelt, Western Australia"
2015-10-18,7.784634897277051,11.633285404961532,Merredin,"Wheatbelt, Western Australia"
2015-10-19,0.0,11.633285404961532,Merredin,"Wheatbelt, Western Australia"
2015-10-20,0.0,11.633285404961532,Merredin,"Wheatbelt, Western Australia"
2015-10-21,0.0,11.633285404961532,Merredin,"Wheatbelt, Western Australia"
2015-10-22,0.0,11.633285404961532,Merredin,"Wheatbelt, Western Australia"
2015-10-23,0.0,11.633285404961532,Merredin,"Wheatbelt, Western Australia"
2015-10-24,0.0,11.633285404961532,Merredin,"Wheatbelt, Western Australia"
2015-10-25,0.0,11.633285404961532,Merredin,"Wheatbelt, Western Australia"
2015-10-26,0.7132888919862015,11.633285404961532,Merredin,"Wheatbelt, Western Australia"
2015-10-27,0.0,11.633285404961532,Merredin,"Wheatbelt, Western Australia"
2015-10-28,0.0,11.633285404961532,Merredin,"Wheatbelt, Western Australia"
2015-10-29,0.0,11.633285404961532,Merredin,"Wheatbelt, Western Australia"
2015-10-30,0.0,11.633285404961532,Merredin,"Wheatbelt, Western Australia"
2015-10-31,0.0,11.633285404961532,Merredin,"Wheatbelt, Western Australia"
2015-11-01,0.0,31.093297980136178,Merredin,"Wheatbelt, Western Australia"
2015-11-02,12.001279229674832,31.093297980136178,Merredin,"Wheatbelt, Western Australia"
2015-11-03,0.0,31.093297980136178,Merredin,"Wheatbelt, Western Australia"
2015-11-04,0.0,31.093297980136178,Merredin,"Wheatbelt, Western Australia"
2015-11-05,0.0,31.093297980136178,Merredin,"Wheatbelt, Western Australia"
2015-11-06,0.0,31.093297980136178,Merredin,"Wheatbelt, Western Australia"
2015-11-07,0.0,31.093297980136178,Merredin,"Wheatbelt, Western Australia"
2015-11-08,0.0,31.093297980136178,Merredin,"Wheatbelt, Western Australia"
2015-11-09,1.213470805038278,31.093297980136178,Merredin,"Wheatbelt, Western Australia"
2015-11-10,0.0,31.093297980136178,Merredin,"Wheatbelt, Western Australia"
2015-11-11,0.0,31.093297980136178,Merredin,"Wheatbelt, Western Australia"
2015-11-12,4.874620358777259,31.093297980136178,Merredin,"Wheatbelt, Western Australia"
2015-11-13,1.6461525687484724,31.093297980136178,Merredin,"Wheatbelt, Western Australia"
2015-11-14,0.0,31.093297980136178,Merredin,"Wheatbelt, Western Australia"
2015-11-15,0.0,31.093297980136178,Merredin,"Wheatbelt, Western Australia"
2015-11-16,0.0,31.093297980136178,Merredin,"Wheatbelt, Western Australia"
2015-11-17,1.8628935713907095,31.093297980136178,Merredin,"Wheatbelt, Western Australia"
2015-11-18,0.0,31.093297980136178,Merredin,"Wheatbelt, Western Australia"
2015-11-19,2.6594928883202944,31.093297980136178,Merredin,"Wheatbelt, Western Australia"
2015-11-20,3.467447910345191,31.093297980136178,Merredin,"Wheatbelt, Western Australia"
2015-11-21,0.0,31.093297980136178,Merredin,"Wheatbelt, Western Australia"
2015-11-22,0.0,31.093297980136178,Merredin,"Wheatbelt, Western Australia"
2015-11-23,0.0,31.093297980136178,Merredin,"Wheatbelt, Western Australia"
2015-11-24,0.0,31.093297980136178,Merredin,"Wheatbelt, Western Australia"
2015-11-25,3.367940647841142,31.093297980136178,Merredin,"Wheatbelt, Western Australia"
2015-11-26,0.0,31.093297980136178,Merredin,"Wheatbelt, Western Australia"
2015-11-27,0.0,31.093297980136178,Merredin,"Wheatbelt, Western Australia"
2015-11-28,0.0,31.093297980136178,Merredin,"Wheatbelt, Western Australia"
2015-11-29,0.0,31.093297980136178,Merredin,"Wheatbelt, Western Australia"
2015-11-30,0.0,31.093297980136178,Merredin,"Wheatbelt, Western Australia"
2015-12-01,0.0,14.293451499113292,Merredin,"Wheatbelt, Western Australia"
2015-12-02,0.0,14.293451499113292,Merredin,"Wheatbelt, Western Australia"
2015-12-03,0.0,14.293451499113292,Merredin,"Wheatbelt, Western Australia"
2015-12-04,0.0,14.293451499113292,Merredin,"Wheatbelt, Western Australia"
2015-12-05,3.9247616889121284,14.293451499113292,Merredin,"Wheatbelt, Western Australia"
2015-12-06,2.233363923550426,14.293451499113292,Merredin,"Wheatbelt, Western Australia"
2015-12-07,0.0,14.293451499113292,Merredin,"Wheatbelt, Western Australia"
2015-12-08,2.1800364898409548,14.293451499113292,Merredin,"Wheatbelt, Western Australia"
2015-12-09,2.1868383630113026,14.293451499113292,Merredin,"Wheatbelt, Western Australia"
2015-12-10,0.0,14.293451499113292,Merredin,"Wheatbelt, Western Australia"
2015-12-11,0.0,14.293451499113292,Merredin,"Wheatbelt, Western Australia"
2015-12-12,0.0,14.293451499113292,Merredin,"Wheatbelt, Western Australia"
2015-12-13,0.0,14.293451499113292,Merredin,"Wheatbelt, Western Australia"
2015-12-14,0.0,14.293451499113292,Merredin,"Wheatbelt, Western Australia"
2015-12-15,0.0,14.293451499113292,Merredin,"Wheatbelt, Western Australia"
2015-12-16,0.0,14.293451499113292,Merredin,"Wheatbelt, Western Australia"
2015-12-17,0.0,14.293451499113292,Merredin,"Wheatbelt, Western Australia"
2015-12-18,0.0,14.293451499113292,Merredin,"Wheatbelt, Western Australia"
2015-12-19,0.0,14.293451499113292,Merredin,"Wheatbelt, Western Australia"
2015-12-20,0.0,14.293451499113292,Merredin,"Wheatbelt, Western Australia"
2015-12-21,0.0,14.293451499113292,Merredin,"Wheatbelt, Western Australia"
2015-12-22,0.0,14.293451499113292,Merredin,"Wheatbelt, Western Australia"
2015-12-23,3.283091414939785,14.293451499113292,Merredin,"Wheatbelt, Western Australia"
2015-12-24,0.48535961885869616,14.293451499113292,Merredin,"Wheatbelt, Western Australia"
2015-12-25,0.0,14.293451499113292,Merredin,"Wheatbelt, Western Australia"
2015-12-26,0.0,14.293451499113292,Merredin,"Wheatbelt, Western Australia"
2015-12-27,0.0,14.293451499113292,Merredin,"Wheatbelt, Western Australia"
2015-12-28,0.0,14.293451499113292,Merredin,"Wheatbelt, Western Australia"
2015-12-29,0.0,14.293451499113292,Merredin,"Wheatbelt, Western Australia"
2015-12-30,0.0,14.293451499113292,Merredin,"Wheatbelt, Western Australia"
2015-12-31,0.0,14.293451499113292,Merredin,"Wheatbelt, Western Australia"
2016-01-01,0.0,17.308573511372558,Merredin,"Wheatbelt, Western Australia"
2016-01-02,0.0,17.308573511372558,Merredin,"Wheatbelt, Western Australia"
2016-01-03,0.8833102773040038,17.308573511372558,Merredin,"Wheatbelt, Western Australia"
2016-01-04,0.0,17.308573511372558,Merredin,"Wheatbelt, Western Australia"
2016-01-05,7.650638667490388,17.308573511372558,Merredin,"Wheatbelt, Western Australia"
2016-01-06,0.0,17.308573511372558,Merredin,"Wheatbelt, Western Australia"
2016-01-07,3.9998835065836533,17.308573511372558,Merredin,"Wheatbelt, Western Australia"
2016-01-08,0.0,17.308573511372558,Merredin,"Wheatbelt, Western Australia"
2016-01-09,0.0,17.308573511372558,Merredin,"Wheatbelt, Western Australia"
2016-01-10,0.0,17.308573511372558,Merredin,"Wheatbelt, Western Australia"
2016-01-11,0.0,17.308573511372558,Merredin,"Wheatbelt, Western Australia"
2016-01-12,0.0,17.308573511372558,Merredin,"Wheatbelt, Western Australia"
2016-01-13,0.0,17.308573511372558,Merredin,"Wheatbelt, Western Australia"
2016-01-14,0.0,17.308573511372558,Merredin,"Wheatbelt, Western Australia"
2016-01-15,0.0,17.308573511372558,Merredin,"Wheatbelt, Western Australia"
2016-01-16,0.0,17.308573511372558,Merredin,"Wheatbelt, Western Australia"
2016-01-17,0.0,17.308573511372558,Merredin,"Wheatbelt, Western Australia"
2016-01-18,0.0,17.308573511372558,Merredin,"Wheatbelt, Western Australia"
2016-01-19,0.0,17.308573511372558,Merredin,"Wheatbelt, Western Australia"
2016-01-20,0.0,17.308573511372558,Merredin,"Wheatbelt, Western Australia"
2016-01-21,0.0,17.308573511372558,Merredin,"Wheatbelt, Western Australia"
2016-01-22,0.0,17.308573511372558,Merredin,"Wheatbelt, Western Australia"
2016-01-23,0.0,17.308573511372558,Merredin,"Wheatbelt, Western Australia"
2016-01-24,0.0,17.308573511372558,Merredin,"Wheatbelt, Western Australia"
2016-01-25,0.0,17.308573511372558,Merredin,"Wheatbelt, Western Australia"
2016-01-26,0.0,17.308573511372558,Merredin,"Wheatbelt, Western Australia"
2016-01-27,0.0,17.308573511372558,Merredin,"Wheatbelt, Western Australia"
2016-01-28,0.633849822967633,17.308573511372558,Merredin,"Wheatbelt, Western Australia"
2016-01-29,4.14089123702688,17.308573511372558,Merredin,"Wheatbelt, Western Australia"
2016-01-30,0.0,17.308573511372558,Merredin,"Wheatbelt, Western Australia"
2016-01-31,0.0,17.308573511372558,Merredin,"Wheatbelt, Western Australia"
2016-02-01,0.0,22.937523017435936,Merredin,"Wheatbelt, Western Australia"
2016-02-02,0.0,22.937523017435936,Merredin,"Wheatbelt, Western Australia"
2016-02-03,0.0,22.937523017435936,Merredin,"Wheatbelt, Western Australia"
2016-02-04,0.0,22.937523017435936,Merredin,"Wheatbelt, Western Australia"
2016-02-05,0.0,22.937523017435936,Merredin,"Wheatbelt, Western Australia"
2016-02-06,0.9704615674403054,22.937523017435936,Merredin,"Wheatbelt, Western Australia"
2016-02-07,0.0,22.937523017435936,Merredin,"Wheatbelt, Western Australia"
2016-02-08,0.0,22.937523017435936,Merredin,"Wheatbelt, Western Australia"
2016-02-09,0.0,22.937523017435936,Merredin,"Wheatbelt, Western Australia"
2016-02-10,0.0,22.937523017435936,Merredin,"Wheatbelt, Western Australia"
2016-02-11,0.0,22.937523017435936,Merredin,"Wheatbelt, Western Australia"
2016-02-12,0.0,22.937523017435936,Merredin,"Wheatbelt, Western Australia"
2016-02-13,0.0,22.937523017435936,Merredin,"Wheatbelt, Western Australia"
2016-02-14,6.3490342590583495,22.937523017435936,Merredin,"Wheatbelt, Western Australia"
2016-02-15,0.0,22.937523017435936,Merredin,"Wheatbelt, Western Australia"
2016-02-16,0.0,22.937523017435936,Merredin,"Wheatbelt, Western Australia"
2016-02-17,2.642974304351364,22.937523017435936,Merredin,"Wheatbelt, Western Australia"
2016-02-18,0.0,22.937523017435936,Merredin,"Wheatbelt, Western Australia"
2016-02-19,4.305856100302733,22.937523017435936,Merredin,"Wheatbelt, Western Australia"
2016-02-20,0.0,22.937523017435936,Merredin,"Wheatbelt, Western Australia"
2016-02-21,3.9911114542310053,22.937523017435936,Merredin,"Wheatbelt, Western Australia"
2016-02-22,0.0,22.937523017435936,Merredin,"Wheatbelt, Western Australia"
2016-02-23,0.0,22.937523017435936,Merredin,"Wheatbelt, Western Australia"
2016-02-24,0.0,22.937523017435936,Merredin,"Wheatbelt, Western Australia"
2016-02-25,0.0,22.937523017435936,Merredin,"Wheatbelt, Western Australia"
2016-02-26,0.0,22.937523017435936,Merredin,"Wheatbelt, Western Australia"
2016-02-27,0.0,22.937523017435936,Merredin,"Wheatbelt, Western Australia"
2016-02-28,0.0,22.937523017435936,Merredin,"Wheatbelt, Western Australia"
2016-02-29,4.678085332052178,22.937523017435936,Merredin,"Wheatbelt, Western Australia"
2016-03-01,0.0,3.7325853524478108,Merredin,"Wheatbelt, Western Australia"
2016-03-02,0.0,3.7325853524478108,Merredin,"Wheatbelt, Western Australia"
2016-03-03,0.0,3.7325853524478108,Merredin,"Wheatbelt, Western Australia"
2016-03-04,0.0,3.7325853524478108,Merredin,"Wheatbelt, Western Australia"
2016-03-05,1.0481451427258166,3.7325853524478108,Merredin,"Wheatbelt, Western Australia"
2016-03-06,0.0,3.7325853524478108,Merredin,"Wheatbelt, Western Australia"
2016-03-07,0.0,3.7325853524478108,Merredin,"Wheatbelt, Western Australia"
2016-03-08,0.0,3.7325853524478108,Merredin,"Wheatbelt, Western Australia"
2016-03-09,0.0,3.7325853524478108,Merredin,"Wheatbelt, Western Australia"
2016-03-10,0.0,3.7325853524478108,Merredin,"Wheatbelt, Western Australia"
2016-03-11,0.0,3.7325853524478108,Merredin,"Wheatbelt, Western Australia"
2016-03-12,0.0,3.7325853524478108,Merredin,"Wheatbelt, Western Australia"
2016-03-13,0.0,3.7325853524478108,Merredin,"Wheatbelt, Western Australia"
2016-03-14,0.0,3.7325853524478108,Merredin,"Wheatbelt, Western Australia"
2016-03-15,0.0,3.7325853524478108,Merredin,"Wheatbelt, Western Australia"
2016-03-16,0.0,3.7325853524478108,Merredin,"Wheatbelt, Western Australia"
2016-03-17,0.0,3.7325853524478108,Merredin,"Wheatbelt, Western Australia"
2016-03-18,1.6153440081545156,3.7325853524478108,Merredin,"Wheatbelt, Western Australia"
2016-03-19,1.0690962015674785,3.7325853524478108,Merredin,"Wheatbelt, Western Australia"
2016-03-20,0.0,3.7325853524478108,Merredin,"Wheatbelt, Western Australia"
2016-03-21,0.0,3.7325853524478108,Merredin,"Wheatbelt, Western Australia"
2016-03-22,0.0,3.7325853524478108,Merredin,"Wheatbelt, Western Australia"
2016-03-23,0.0,3.7325853524478108,Merredin,"Wheatbelt, Western Australia"
2016-03-24,0.0,3.7325853524478108,Merredin,"Wheatbelt, Western Australia"
2016-03-25,0.0,3.7325853524478108,Merredin,"Wheatbelt, Western Australia"
2016-03-26,0.0,3.7325853524478108,Merredin,"Wheatbelt, Western Australia"
2016-03-27,0.0,3.7325853524478108,Merredin,"Wheatbelt, Western Australia"
2016-03-28,0.0,3.7325853524478108,Merredin,"Wheatbelt, Western Australia"
2016-03-29,0.0,3.7325853524478108,Merredin,"Wheatbelt, Western Australia"
2016-03-30,0.0,3.7325853524478108,Merredin,"Wheatbelt, Western Australia"
2016-03-31,0.0,3.7325853524478108,Merredin,"Wheatbelt, Western Australia"
2016-04-01,5.333922165278974,13.507920288236473,Merredin,"Wheatbelt, Western Australia"
2016-04-02,0.0,13.507920288236473,Merredin,"Wheatbelt, Western Australia"
2016-04-03,0.0,13.507920288236473,Merredin,"Wheatbelt, Western Australia"
2016-04-04,0.0,13.507920288236473,Merredin,"Wheatbelt, Western Australia"
2016-04-05,0.0,13.507920288236473,Merredin,"Wheatbelt, Western Australia"
2016-04-06,1.1599017676245043,13.507920288236473,Merredin,"Wheatbelt, Western Australia"
2016-04-07,0.0,13.507920288236473,Merredin,"Wheatbelt, Western Australia"
2016-04-08,0.8643307467310173,13.507920288236473,Merredin,"Wheatbelt, Western Australia"
2016-04-09,0.0,13.507920288236473,Merredin,"Wheatbelt, Western Australia"
2016-04-10,1.1492619410511267,13.507920288236473,Merredin,"Wheatbelt, Western Australia"
2016-04-11,0.0,13.507920288236473,Merredin,"Wheatbelt, Western Australia"
2016-04-12,0.0,13.507920288236473,Merredin,"Wheatbelt, Western Australia"
2016-04-13,0.0,13.507920288236473,Merredin,"Wheatbelt, Western Australia"
2016-04-14,1.9979302108057193,13.507920288236473,Merredin,"Wheatbelt, Western Australia"
2016-04-15,0.0,13.507920288236473,Merredin,"Wheatbelt, Western Australia"
2016-04-16,0.0,13.507920288236473,Merredin,"Wheatbelt, Western Australia"
2016-04-17,0.0,13.507920288236473,Merredin,"Wheatbelt, Western Australia"
2016-04-18,0.0,13.507920288236473,Merredin,"Wheatbelt, Western Australia"
2016-04-19,0.0,13.507920288236473,Merredin,"Wheatbelt, Western Australia"
2016-04-20,0.7785446894290503,13.507920288236473,Merredin,"Wheatbelt, Western Australia"
2016-04-21,0.0,13.507920288236473,Merredin,"Wheatbelt, Western Australia"
2016-04-22,0.0,13.507920288236473,Merredin,"Wheatbelt, Western Australia"
2016-04-23,0.0,13.507920288236473,Merredin,"Wheatbelt, Western Australia"
2016-04-24,0.0,13.507920288236473,Merredin,"Wheatbelt, Western Australia"
2016-04-25,0.0,13.507920288236473,Merredin,"Wheatbelt, Western Australia"
2016-04-26,0.0,13.507920288236473,Merredin,"Wheatbelt, Western Australia"
2016-04-27,0.0,13.507920288236473,Merredin,"Wheatbelt, Western Australia"
2016-04-28,2.2240287673160806,13.507920288236473,Merredin,"Wheatbelt, Western Australia"
2016-04-29,0.0,13.507920288236473,Merredin,"Wheatbelt, Western Australia"
2016-04-30,0.0,13.507920288236473,Merredin,"Wheatbelt, Western Australia"
2016-05-01,0.0,25.236120595613333,Merredin,"Wheatbelt, Western Australia"
2016-05-02,0.0,25.236120595613333,Merredin,"Wheatbelt, Western Australia"
2016-05-03,0.0,25.236120595613333,Merredin,"Wheatbelt, Western Australia"
2016-05-04,4.040669131420654,25.236120595613333,Merredin,"Wheatbelt, Western Australia"
2016-05-05,0.0,25.236120595613333,Merredin,"Wheatbelt, Western Australia"
2016-05-06,0.0,25.236120595613333,Merredin,"Wheatbelt, Western Australia"
2016-05-07,0.0,25.236120595613333,Merredin,"Wheatbelt, Western Australia"
2016-05-08,0.0,25.236120595613333,Merredin,"Wheatbelt, Western Australia"
2016-05-09,0.0,25.236120595613333,Merredin,"Wheatbelt, Western Australia"
2016-05-10,0.0,25.236120595613333,Merredin,"Wheatbelt, Western Australia"
2016-05-11,0.0,25.236120595613333,Merredin,"Wheatbelt, Western Australia"
2016-05-12,0.0,25.236120595613333,Merredin,"Wheatbelt, Western Australia"
2016-05-13,0.0,25.236120595613333,Merredin,"Wheatbelt, Western Australia"
2016-05-14,0.0,25.236120595613333,Merredin,"Wheatbelt, Western Australia"
2016-05-15,8.158963017767247,25.236120595613333,Merredin,"Wheatbelt, Western Australia"
2016-05-16,0.0,25.236120595613333,Merredin,"Wheatbelt, Western Australia"
2016-05-17,0.0,25.236120595613333,Merredin,"Wheatbelt, Western Australia"
2016-05-18,0.0,25.236120595613333,Merredin,"Wheatbelt, Western Australia"
2016-05-19,3.292595927858751,25.236120595613333,Merredin,"Wheatbelt, Western Australia"
2016-05-20,1.879497261302644,25.236120595613333,Merredin,"Wheatbelt, Western Australia"
2016-05-21,0.0,25.236120595613333,Merredin,"Wheatbelt, Western Australia"
2016-05-22,1.4500572648664052,25.236120595613333,Merredin,"Wheatbelt, Western Australia"
2016-05-23,0.0,25.236120595613333,Merredin,"Wheatbelt, Western Australia"
2016-05-24,5.037542301332506,25.236120595613333,Merredin,"Wheatbelt, Western Australia"
2016-05-25,0.0,25.236120595613333,Merredin,"Wheatbelt, Western Australia"
2016-05-26,1.376795691065125,25.236120595613333,Merredin,"Wheatbelt, Western Australia"
2016-05-27,0.0,25.236120595613333,Merredin,"Wheatbelt, Western Australia"
2016-05-28,0.0,25.236120595613333,Merredin,"Wheatbelt, Western Australia"
2016-05-29,0.0,25.236120595613333,Merredin,"Wheatbelt, Western Australia"
2016-05-30,0.0,25.236120595613333,Merredin,"Wheatbelt, Western Australia"
2016-05-31,0.0,25.236120595613333,Merredin,"Wheatbelt, Western Australia"
2016-06-01,0.0,30.300019818415844,Merredin,"Wheatbelt, Western Australia"
2016-06-02,10.711914070914782,30.300019818415844,Merredin,"Wheatbelt, Western Australia"
2016-06-03,0.0,30.300019818415844,Merredin,"Wheatbelt, Western Australia"
2016-06-04,0.0,30.300019818415844,Merredin,"Wheatbelt, Western Australia"
2016-06-05,0.0,30.300019818415844,Merredin,"Wheatbelt, Western Australia"
2016-06-06,0.0,30.300019818415844,Merredin,"Wheatbelt, Western Australia"
2016-06-07,0.0,30.300019818415844,Merredin,"Wheatbelt, Western Australia"
2016-06-08,0.0,30.300019818415844,Merredin,"Wheatbelt, Western Australia"
2016-06-09,0.0,30.300019818415844,Merredin,"Wheatbelt, Western Australia"
2016-06-10,0.0,30.300019818415844,Merredin,"Wheatbelt, Western Australia"
2016-06-11,0.0,30.300019818415844,Merredin,"Wheatbelt, Western Australia"
2016-06-12,0.0,30.300019818415844,Merredin,"Wheatbelt, Western Australia"
2016-06-13,0.0,30.300019818415844,Merredin,"Wheatbelt, Western Australia"
2016-06-14,0.0,30.300019818415844,Merredin,"Wheatbelt, Western Australia"
2016-06-15,0.0,30.300019818415844,Merredin,"Wheatbelt, Western Australia"
2016-06-16,0.0,30.300019818415844,Merredin,"Wheatbelt, Western Australia"
2016-06-17,0.0,30.300019818415844,Merredin,"Wheatbelt, Western Australia"
2016-06-18,2.9735479491054146,30.300019818415844,Merredin,"Wheatbelt, Western Australia"
2016-06-19,0.0,30.300019818415844,Merredin,"Wheatbelt, Western Australia"
2016-06-20,1.3688719340836177,30.300019818415844,Merredin,"Wheatbelt, Western Australia"
2016-06-21,6.572074502368866,30.300019818415844,Merredin,"Wheatbelt, Western Australia"
2016-06-22,3.8434847190334174,30.300019818415844,Merredin,"Wheatbelt, Western Australia"
2016-06-23,0.0,30.300019818415844,Merredin,"Wheatbelt, Western Australia"
2016-06-24,0.0,30.300019818415844,Merredin,"Wheatbelt, Western Australia"
2016-06-25,0.0,30.300019818415844,Merredin,"Wheatbelt, Western Australia"
2016-06-26,0.0,30.300019818415844,Merredin,"Wheatbelt, Western Australia"
2016-06-27,4.830126642909747,30.300019818415844,Merredin,"Wheatbelt, Western Australia"
2016-06-28,0.0,30.300019818415844,Merredin,"Wheatbelt, Western Australia"
2016-06-29,0.0,30.300019818415844,Merredin,"Wheatbelt, Western Australia"
2016-06-30,0.0,30.300019818415844,Merredin,"Wheatbelt, Western Australia"
2016-07-01,0.0,46.0015913175042,Merredin,"Wheatbelt, Western Australia"
2016-07-02,0.0,46.0015913175042,Merredin,"Wheatbelt, Western Australia"
2016-07-03,0.0,46.0015913175042,Merredin,"Wheatbelt, Western Australia"
2016-07-04,0.0,46.0015913175042,Merredin,"Wheatbelt, Western Australia"
2016-07-05,6.861289935598104,46.0015913175042,Merredin,"Wheatbelt, Western Australia"
2016-07-06,3.663678530971851,46.0015913175042,Merredin,"Wheatbelt, Western Australia"
2016-07-07,2.007210795684393,46.0015913175042,Merredin,"Wheatbelt, Western Australia"
2016-07-08,0.0,46.0015913175042,Merredin,"Wheatbelt, Western Australia"
2016-07-09,5.150146150310928,46.0015913175042,Merredin,"Wheatbelt, Western Australia"
2016-07-10,0.0,46.0015913175042,Merredin,"Wheatbelt, Western Australia"
2016-07-11,0.0,46.0015913175042,Merredin,"Wheatbelt, Western Australia"
2016-07-12,0.0,46.0015913175042,Merredin,"Wheatbelt, Western Australia"
2016-07-13,15.603292891684205,46.0015913175042,Merredin,"Wheatbelt, Western Australia"
2016-07-14,3.373229156834432,46.0015913175042,Merredin,"Wheatbelt, Western Australia"
2016-07-15,0.0,46.0015913175042,Merredin,"Wheatbelt, Western Australia"
2016-07-16,0.0,46.0015913175042,Merredin,"Wheatbelt, Western Australia"
2016-07-17,0.0,46.0015913175042,Merredin,"Wheatbelt, Western Australia"
2016-07-18,0.0,46.0015913175042,Merredin,"Wheatbelt, Western Australia"
2016-07-19,0.0,46.0015913175042,Merredin,"Wheatbelt, Western Australia"
2016-07-20,0.0,46.0015913175042,Merredin,"Wheatbelt, Western Australia"
2016-07-21,0.0,46.0015913175042,Merredin,"Wheatbelt, Western Australia"
2016-07-22,4.971051891801248,46.0015913175042,Merredin,"Wheatbelt, Western Australia"
2016-07-23,0.0,46.0015913175042,Merredin,"Wheatbelt, Western Australia"
2016-07-24,0.0,46.0015913175042,Merredin,"Wheatbelt, Western Australia"
2016-07-25,0.0,46.0015913175042,Merredin,"Wheatbelt, Western Australia"
2016-07-26,0.0,46.0015913175042,Merredin,"Wheatbelt, Western Australia"
2016-07-27,0.0,46.0015913175042,Merredin,"Wheatbelt, Western Australia"
2016-07-28,0.0,46.0015913175042,Merredin,"Wheatbelt, Western Australia"
2016-07-29,4.371691964619039,46.0015913175042,Merredin,"Wheatbelt, Western Australia"
2016-07-30,0.0,46.0015913175042,Merredin,"Wheatbelt, Western Australia"
2016-07-31,0.0,46.0015913175042,Merredin,"Wheatbelt, Western Australia"
2016-08-01,0.0,49.44173665686826,Merredin,"Wheatbelt, Western Australia"
2016-08-02,3.701040900850938,49.44173665686826,Merredin,"Wheatbelt, Western Australia"
2016-08-03,0.0,49.44173665686826,Merredin,"Wheatbelt, Western Australia"
2016-08-04,0.0,49.44173665686826,Merredin,"Wheatbelt, Western Australia"
2016-08-05,0.0,49.44173665686826,Merredin,"Wheatbelt, Western Australia"
2016-08-06,2.4870979357187464,49.44173665686826,Merredin,"Wheatbelt, Western Australia"
2016-08-07,0.0,49.44173665686826,Merredin,"Wheatbelt, Western Australia"
2016-08-08,5.299160193573326,49.44173665686826,Merredin,"Wheatbelt, Western Australia"
2016-08-09,0.0,49.44173665686826,Merredin,"Wheatbelt, Western Australia"
2016-08-10,0.0,49.44173665686826,Merredin,"Wheatbelt, Western Australia"
2016-08-11,6.210384994030044,49.44173665686826,Merredin,"Wheatbelt, Western Australia"
2016-08-12,0.0,49.44173665686826,Merredin,"Wheatbelt, Western Australia"
2016-08-13,0.0,49.44173665686826,Merredin,"Wheatbelt, Western Australia"
2016-08-14,0.0,49.44173665686826,Merredin,"Wheatbelt, Western Australia"
2016-08-15,0.0,49.44173665686826,Merredin,"Wheatbelt, Western Australia"
2016-08-16,0.0,49.44173665686826,Merredin,"Wheatbelt, Western Australia"
2016-08-17,0.0,49.44173665686826,Merredin,"Wheatbelt, Western Australia"
2016-08-18,0.0,49.44173665686826,Merredin,"Wheatbelt, Western Australia"
2016-08-19,0.0,49.44173665686826,Merredin,"Wheatbelt, Western Australia"
2016-08-20,3.009102880632035,49.44173665686826,Merredin,"Wheatbelt, Western Australia"
2016-08-21,12.427176290396032,49.44173665686826,Merredin,"Wheatbelt, Western Australia"
2016-08-22,6.50388492961381,49.44173665686826,Merredin,"Wheatbelt, Western Australia"
2016-08-23,0.0,49.44173665686826,Merredin,"Wheatbelt, Western Australia"
2016-08-24,6.763854206847467,49.44173665686826,Merredin,"Wheatbelt, Western Australia"
2016-08-25,3.040034325205862,49.44173665686826,Merredin,"Wheatbelt, Western Australia"
2016-08-26,0.0,49.44173665686826,Merredin,"Wheatbelt, Western Australia"
2016-08-27,0.0,49.44173665686826,Merredin,"Wheatbelt, Western Australia"
2016-08-28,0.0,49.44173665686826,Merredin,"Wheatbelt, Western Australia"
2016-08-29,0.0,49.44173665686826,Merredin,"Wheatbelt, Western Australia"
2016-08-30,0.0,49.44173665686826,Merredin,"Wheatbelt, Western Australia"
2016-08-31,0.0,49.44173665686826,Merredin,"Wheatbelt, Western Australia"
2016-09-01,0.0,23.284242936251047,Merredin,"Wheatbelt, Western Australia"
2016-09-02,0.0,23.284242936251047,Merredin,"Wheatbelt, Western Australia"
2016-09-03,0.0,23.284242936251047,Merredin,"Wheatbelt, Western Australia"
2016-09-04,0.0,23.284242936251047,Merredin,"Wheatbelt, Western Australia"
2016-09-05,1.1539618119964175,23.284242936251047,Merredin,"Wheatbelt, Western Australia"
2016-09-06,0.0,23.284242936251047,Merredin,"Wheatbelt, Western Australia"
2016-09-07,0.0,23.284242936251047,Merredin,"Wheatbelt, Western Australia"
2016-09-08,0.0,23.284242936251047,Merredin,"Wheatbelt, Western Australia"
2016-09-09,13.810216088587225,23.284242936251047,Merredin,"Wheatbelt, Western Australia"
2016-09-10,0.0,23.284242936251047,Merredin,"Wheatbelt, Western Australia"
2016-09-11,0.0,23.284242936251047,Merredin,"Wheatbelt, Western Australia"
2016-09-12,0.0,23.284242936251047,Merredin,"Wheatbelt, Western Australia"
2016-09-13,0.0,23.284242936251047,Merredin,"Wheatbelt, Western Australia"
2016-09-14,0.0,23.284242936251047,Merredin,"Wheatbelt, Western Australia"
2016-09-15,0.0,23.284242936251047,Merredin,"Wheatbelt, Western Australia"
2016-09-16,0.0,23.284242936251047,Merredin,"Wheatbelt, Western Australia"
2016-09-17,0.0,23.284242936251047,Merredin,"Wheatbelt, Western Australia"
2016-09-18,5.148343820977942,23.284242936251047,Merredin,"Wheatbelt, Western Australia"
2016-09-19,0.0,23.284242936251047,Merredin,"Wheatbelt, Western Australia"
2016-09-20,0.0,23.284242936251047,Merredin,"Wheatbelt, Western Australia"
2016-09-21,0.0,23.284242936251047,Merredin,"Wheatbelt, Western Australia"
2016-09-22,0.0,23.284242936251047,Merredin,"Wheatbelt, Western Australia"
2016-09-23,0.0,23.284242936251047,Merredin,"Wheatbelt, Western Australia"
2016-09-24,3.171721214689463,23.284242936251047,Merredin,"Wheatbelt, Western Australia"
2016-09-25,0.0,23.284242936251047,Merredin,"Wheatbelt, Western Australia"
2016-09-26,0.0,23.284242936251047,Merredin,"Wheatbelt, Western Australia"
2016-09-27,0.0,23.284242936251047,Merredin,"Wheatbelt, Western Australia"
2016-09-28,0.0,23.284242936251047,Merredin,"Wheatbelt, Western Australia"
2016-09-29,0.0,23.284242936251047,Merredin,"Wheatbelt, Western Australia"
2016-09-30,0.0,23.284242936251047,Merredin,"Wheatbelt, Western Australia"
2016-10-01,4.441783708310986,23.564783397470293,Merredin,"Wheatbelt, Western Australia"
2016-10-02,0.0,23.564783397470293,Merredin,"Wheatbelt, Western Australia"
2016-10-03,0.0,23.564783397470293,Merredin,"Wheatbelt, Western Australia"
2016-10-04,0.0,23.564783397470293,Merredin,"Wheatbelt, Western Australia"
2016-10-05,0.0,23.564783397470293,Merredin,"Wheatbelt, Western Australia"
2016-10-06,0.0,23.564783397470293,Merredin,"Wheatbelt, Western Australia"
2016-10-07,2.691189127308812,23.564783397470293,Merredin,"Wheatbelt, Western Australia"
2016-10-08,0.0,23.564783397470293,Merredin,"Wheatbelt, Western Australia"
2016-10-09,0.0,23.564783397470293,Merredin,"Wheatbelt, Western Australia"
2016-10-10,0.31435155509405227,23.564783397470293,Merredin,"Wheatbelt, Western Australia"
2016-10-11,0.0,23.564783397470293,Merredin,"Wheatbelt, Western Australia"
2016-10-12,0.0,23.564783397470293,Merredin,"Wheatbelt, Western Australia"
2016-10-13,0.0,23.564783397470293,Merredin,"Wheatbelt, Western Australia"
2016-10-14,0.0,23.564783397470293,Merredin,"Wheatbelt, Western Australia"
2016-10-15,0.0,23.564783397470293,Merredin,"Wheatbelt, Western Australia"
2016-10-16,0.0,23.564783397470293,Merredin,"Wheatbelt, Western Australia"
2016-10-17,3.1767918333262353,23.564783397470293,Merredin,"Wheatbelt, Western Australia"
2016-10-18,2.8141521056664516,23.564783397470293,Merredin,"Wheatbelt, Western Australia"
2016-10-19,0.0,23.564783397470293,Merredin,"Wheatbelt, Western Australia"
2016-10-20,0.0,23.564783397470293,Merredin,"Wheatbelt, Western Australia"
2016-10-21,4.533344294406382,23.564783397470293,Merredin,"Wheatbelt, Western Australia"
2016-10-22,0.0,23.564783397470293,Merredin,"Wheatbelt, Western Australia"
2016-10-23,0.0,23.564783397470293,Merredin,"Wheatbelt, Western Australia"
2016-10-24,0.0,23.564783397470293,Merredin,"Wheatbelt, Western Australia"
2016-10-25,0.0,23.564783397470293,Merredin,"Wheatbelt, Western Australia"
2016-10-26,0.0,23.564783397470293,Merredin,"Wheatbelt, Western Australia"
2016-10-27,5.593170773357373,23.564783397470293,Merredin,"Wheatbelt, Western Australia"
2016-10-28,0.0,23.564783397470293,Merredin,"Wheatbelt, Western Australia"
2016-10-29,0.0,23.564783397470293,Merredin,"Wheatbelt, Western Australia"
2016-10-30,0.0,23.564783397470293,Merredin,"Wheatbelt, Western Australia"
2016-10-31,0.0,23.564783397470293,Merredin,"Wheatbelt, Western Australia"
2016-11-01,0.6998137963907598,18.44694583463096,Merredin,"Wheatbelt, Western Australia"
2016-11-02,0.0,18.44694583463096,Merredin,"Wheatbelt, Western Australia"
2016-11-03,0.0,18.44694583463096,Merredin,"Wheatbelt, Western Australia"
2016-11-04,0.0,18.44694583463096,Merredin,"Wheatbelt, Western Australia"
2016-11-05,0.0,18.44694583463096,Merredin,"Wheatbelt, Western Australia"
2016-11-06,0.0,18.44694583463096,Merredin,"Wheatbelt, Western Australia"
2016-11-07,0.0,18.44694583463096,Merredin,"Wheatbelt, Western Australia"
2016-11-08,0.0,18.44694583463096,Merredin,"Wheatbelt, Western Australia"
2016-11-09,0.0,18.44694583463096,Merredin,"Wheatbelt, Western Australia"
2016-11-10,0.0,18.44694583463096,Merredin,"Wheatbelt, Western Australia"
2016-11-11,0.0,18.44694583463096,Merredin,"Wheatbelt, Western Australia"
2016-11-12,1.4151113776374915,18.44694583463096,Merredin,"Wheatbelt, Western Australia"
2016-11-13,0.0,18.44694583463096,Merredin,"Wheatbelt, Western Australia"
2016-11-14,0.0,18.44694583463096,Merredin,"Wheatbelt, Western Australia"
2016-11-15,0.0,18.44694583463096,Merredin,"Wheatbelt, Western Australia"
2016-11-16,0.0,18.44694583463096,Merredin,"Wheatbelt, Western Australia"
2016-11-17,0.0,18.44694583463096,Merredin,"Wheatbelt, Western Australia"
2016-11-18,4.93579823569957,18.44694583463096,Merredin,"Wheatbelt, Western Australia"
2016-11-19,0.0,18.44694583463096,Merredin,"Wheatbelt, Western Australia"
2016-11-20,0.0,18.44694583463096,Merredin,"Wheatbelt, Western Australia"
2016-11-21,5.753856738675182,18.44694583463096,Merredin,"Wheatbelt, Western Australia"
2016-11-22,0.0,18.44694583463096,Merredin,"Wheatbelt, Western Australia"
2016-11-23,0.0,18.44694583463096,Merredin,"Wheatbelt, Western Australia"
2016-11-24,2.1982201160814037,18.44694583463096,Merredin,"Wheatbelt, Western Australia"
2016-11-25,0.0,18.44694583463096,Merredin,"Wheatbelt, Western Australia"
2016-11-26,3.4441455701465507,18.44694583463096,Merredin,"Wheatbelt, Western Australia"
2016-11-27,0.0,18.44694583463096,Merredin,"Wheatbelt, Western Australia"
2016-11-28,0.0,18.44694583463096,Merredin,"Wheatbelt, Western Australia"
2016-11-29,0.0,18.44694583463096,Merredin,"Wheatbelt, Western Australia"
2016-11-30,0.0,18.44694583463096,Merredin,"Wheatbelt, Western Australia"
2016-12-01,0.0,20.077867488674535,Merredin,"Wheatbelt, Western Australia"
2016-12-02,0.0,20.077867488674535,Merredin,"Wheatbelt, Western Australia"
2016-12-03,0.0,20.077867488674535,Merredin,"Wheatbelt, Western Australia"
2016-12-04,0.0,20.077867488674535,Merredin,"Wheatbelt, Western Australia"
2016-12-05,0.7863511352434032,20.077867488674535,Merredin,"Wheatbelt, Western Australia"
2016-12-06,7.81865027350181,20.077867488674535,Merredin,"Wheatbelt, Western Australia"
2016-12-07,0.0,20.077867488674535,Merredin,"Wheatbelt, Western Australia"
2016-12-08,5.671763797328129,20.077867488674535,Merredin,"Wheatbelt, Western Australia"
2016-12-09,0.0,20.077867488674535,Merredin,"Wheatbelt, Western Australia"
2016-12-10,0.0,20.077867488674535,Merredin,"Wheatbelt, Western Australia"
2016-12-11,0.0,20.077867488674535,Merredin,"Wheatbelt, Western Australia"
2016-12-12,0.0,20.077867488674535,Merredin,"Wheatbelt, Western Australia"
2016-12-13,0.0,20.077867488674535,Merredin,"Wheatbelt, Western Australia"
2016-12-14,3.235233399467005,20.077867488674535,Merredin,"Wheatbelt, Western Australia"
2016-12-15,0.0,20.077867488674535,Merredin,"Wheatbelt, Western Australia"
2016-12-16,0.0,20.077867488674535,Merredin,"Wheatbelt, Western Australia"
2016-12-17,0.0,20.077867488674535,Merredin,"Wheatbelt, Western Australia"
2016-12-18,0.0,20.077867488674535,Merredin,"Wheatbelt, Western Australia"
2016-12-19,0.0,20.077867488674535,Merredin,"Wheatbelt, Western Australia"
2016-12-20,0.0,20.077867488674535,Merredin,"Wheatbelt, Western Australia"
2016-12-21,0.0,20.077867488674535,Merredin,"Wheatbelt, Western Australia"
2016-12-22,0.0,20.077867488674535,Merredin,"Wheatbelt, Western Australia"
2016-12-23,0.0,20.077867488674535,Merredin,"Wheatbelt, Western Australia"
2016-12-24,0.0,20.077867488674535,Merredin,"Wheatbelt, Western Australia"
2016-12-25,0.0,20.077867488674535,Merredin,"Wheatbelt, Western Australia"
2016-12-26,0.0,20.077867488674535,Merredin,"Wheatbelt, Western Australia"
2016-12-27,0.0,20.077867488674535,Merredin,"Wheatbelt, Western Australia"
2016-12-28,0.0,20.077867488674535,Merredin,"Wheatbelt, Western Australia"
2016-12-29,0.0,20.077867488674535,Merredin,"Wheatbelt, Western Australia"
2016-12-30,0.0,20.077867488674535,Merredin,"Wheatbelt, Western Australia"
2016-12-31,2.5658688831341876,20.077867488674535,Merredin,"Wheatbelt, Western Australia"
2017-01-01,0.0,14.409150403371235,Merredin,"Wheatbelt, Western Australia"
2017-01-02,0.0,14.409150403371235,Merredin,"Wheatbelt, Western Australia"
2017-01-03,0.0,14.409150403371235,Merredin,"Wheatbelt, Western Australia"
2017-01-04,0.0,14.409150403371235,Merredin,"Wheatbelt, Western Australia"
2017-01-05,0.0,14.409150403371235,Merredin,"Wheatbelt, Western Australia"
2017-01-06,0.0,14.409150403371235,Merredin,"Wheatbelt, Western Australia"
2017-01-07,0.0,14.409150403371235,Merredin,"Wheatbelt, Western Australia"
2017-01-08,0.0,14.409150403371235,Merredin,"Wheatbelt, Western Australia"
2017-01-09,0.0,14.409150403371235,Merredin,"Wheatbelt, Western Australia"
2017-01-10,0.0,14.409150403371235,Merredin,"Wheatbelt, Western Australia"
2017-01-11,2.071328988724854,14.409150403371235,Merredin,"Wheatbelt, Western Australia"
2017-01-12,0.0,14.409150403371235,Merredin,"Wheatbelt, Western Australia"
2017-01-13,0.0,14.409150403371235,Merredin,"Wheatbelt, Western Australia"
2017-01-14,3.98154375685814,14.409150403371235,Merredin,"Wheatbelt, Western Australia"
2017-01-15,0.0,14.409150403371235,Merredin,"Wheatbelt, Western Australia"
2017-01-16,0.0,14.409150403371235,Merredin,"Wheatbelt, Western Australia"
2017-01-17,0.0,14.409150403371235,Merredin,"Wheatbelt, Western Australia"
2017-01-18,0.0,14.409150403371235,Merredin,"Wheatbelt, Western Australia"
2017-01-19,0.0,14.409150403371235,Merredin,"Wheatbelt, Western Australia"
2017-01-20,0.0,14.409150403371235,Merredin,"Wheatbelt, Western Australia"
2017-01-21,0.0,14.409150403371235,Merredin,"Wheatbelt, Western Australia"
2017-01-22,2.8895243493451868,14.409150403371235,Merredin,"Wheatbelt, Western Australia"
2017-01-23,0.0,14.409150403371235,Merredin,"Wheatbelt, Western Australia"
2017-01-24,0.0,14.409150403371235,Merredin,"Wheatbelt, Western Australia"
2017-01-25,0.0,14.409150403371235,Merredin,"Wheatbelt, Western Australia"
2017-01-26,4.688168324675565,14.409150403371235,Merredin,"Wheatbelt, Western Australia"
2017-01-27,0.0,14.409150403371235,Merredin,"Wheatbelt, Western Australia"
2017-01-28,0.0,14.409150403371235,Merredin,"Wheatbelt, Western Australia"
2017-01-29,0.0,14.409150403371235,Merredin,"Wheatbelt, Western Australia"
2017-01-30,0.0,14.409150403371235,Merredin,"Wheatbelt, Western Australia"
2017-01-31,0.7785849837674904,14.409150403371235,Merredin,"Wheatbelt, Western Australia"
2017-02-01,0.0,17.28149513746686,Merredin,"Wheatbelt, Western Australia"
2017-02-02,0.0,17.28149513746686,Merredin,"Wheatbelt, Western Australia"
2017-02-03,0.0,17.28149513746686,Merredin,"Wheatbelt, Western Australia"
2017-02-04,0.0,17.28149513746686,Merredin,"Wheatbelt, Western Australia"
2017-02-05,0.0,17.28149513746686,Merredin,"Wheatbelt, Western Australia"
2017-02-06,0.0,17.28149513746686,Merredin,"Wheatbelt, Western Australia"
2017-02-07,0.0,17.28149513746686,Merredin,"Wheatbelt, Western Australia"
2017-02-08,0.0,17.28149513746686,Merredin,"Wheatbelt, Western Australia"
2017-02-09,3.5800215058153695,17.28149513746686,Merredin,"Wheatbelt, Western Australia"
2017-02-10,0.0,17.28149513746686,Merredin,"Wheatbelt, Western Australia"
2017-02-11,0.0,17.28149513746686,Merredin,"Wheatbelt, Western Australia"
2017-02-12,2.349499271735846,17.28149513746686,Merredin,"Wheatbelt, Western Australia"
2017-02-13,0.0,17.28149513746686,Merredin,"Wheatbelt, Western Australia"
2017-02-14,5.108380624054719,17.28149513746686,Merredin,"Wheatbelt, Western Australia"
2017-02-15,0.0,17.28149513746686,Merredin,"Wheatbelt, Western Australia"
2017-02-16,0.30417232169983927,17.28149513746686,Merredin,"Wheatbelt, Western Australia"
2017-02-17,1.8139618707110732,17.28149513746686,Merredin,"Wheatbelt, Western Australia"
2017-02-18,0.0,17.28149513746686,Merredin,"Wheatbelt, Western Australia"
2017-02-19,0.0,17.28149513746686,Merredin,"Wheatbelt, Western Australia"
2017-02-20,0.0,17.28149513746686,Merredin,"Wheatbelt, Western Australia"
2017-02-21,0.0,17.28149513746686,Merredin,"Wheatbelt, Western Australia"
2017-02-22,0.0,17.28149513746686,Merredin,"Wheatbelt, Western Australia"
2017-02-23,0.0,17.28149513746686,Merredin,"Wheatbelt, Western Australia"
2017-02-24,0.0,17.28149513746686,Merredin,"Wheatbelt, Western Australia"
2017-02-25,0.0,17.28149513746686,Merredin,"Wheatbelt, Western Australia"
2017-02-26,4.125459543450012,17.28149513746686,Merredin,"Wheatbelt, Western Australia"
2017-02-27,0.0,17.28149513746686,Merredin,"Wheatbelt, Western Australia"
2017-02-28,0.0,17.28149513746686,Merredin,"Wheatbelt, Western Australia"
2017-03-01,0.0,29.941118868830344,Merredin,"Wheatbelt, Western Australia"
2017-03-02,0.0,29.941118868830344,Merredin,"Wheatbelt, Western Australia"
2017-03-03,0.0,29.941118868830344,Merredin,"Wheatbelt, Western Australia"
2017-03-04,0.0,29.941118868830344,Merredin,"Wheatbelt, Western Australia"
2017-03-05,4.799904037861269,29.941118868830344,Merredin,"Wheatbelt, Western Australia"
2017-03-06,0.0,29.941118868830344,Merredin,"Wheatbelt, Western Australia"
2017-03-07,0.8656105301699707,29.941118868830344,Merredin,"Wheatbelt, Western Australia"
2017-03-08,0.0,29.941118868830344,Merredin,"Wheatbelt, Western Australia"
2017-03-09,0.0,29.941118868830344,Merredin,"Wheatbelt, Western Australia"
2017-03-10,2.687534246374507,29.941118868830344,Merredin,"Wheatbelt, Western Australia"
2017-03-11,0.0,29.941118868830344,Merredin,"Wheatbelt, Western Australia"
2017-03-12,0.0,29.941118868830344,Merredin,"Wheatbelt, Western Australia"
2017-03-13,3.647200383369251,29.941118868830344,Merredin,"Wheatbelt, Western Australia"
2017-03-14,3.299053874026737,29.941118868830344,Merredin,"Wheatbelt, Western Australia"
2017-03-15,3.348886083818867,29.941118868830344,Merredin,"Wheatbelt, Western Australia"
2017-03-16,0.0,29.941118868830344,Merredin,"Wheatbelt, Western Australia"
2017-03-17,0.0,29.941118868830344,Merredin,"Wheatbelt, Western Australia"
2017-03-18,0.0,29.941118868830344,Merredin,"Wheatbelt, Western Australia"
2017-03-19,0.0,29.941118868830344,Merredin,"Wheatbelt, Western Australia"
2017-03-20,2.4738506198176053,29.941118868830344,Merredin,"Wheatbelt, Western Australia"
2017-03-21,0.0,29.941118868830344,Merredin,"Wheatbelt, Western Australia"
2017-03-22,0.0,29.941118868830344,Merredin,"Wheatbelt, Western Australia"
2017-03-23,1.0826801500331518,29.941118868830344,Merredin,"Wheatbelt, Western Australia"
2017-03-24,0.0,29.941118868830344,Merredin,"Wheatbelt, Western Australia"
2017-03-25,0.0,29.941118868830344,Merredin,"Wheatbelt, Western Australia"
2017-03-26,0.0,29.941118868830344,Merredin,"Wheatbelt, Western Australia"
2017-03-27,7.094143976899223,29.941118868830344,Merredin,"Wheatbelt, Western Australia"
2017-03-28,0.0,29.941118868830344,Merredin,"Wheatbelt, Western Australia"
2017-03-29,0.0,29.941118868830344,Merredin,"Wheatbelt, Western Australia"
2017-03-30,0.0,29.941118868830344,Merredin,"Wheatbelt, Western Australia"
2017-03-31,0.642254966459763,29.941118868830344,Merredin,"Wheatbelt, Western Australia"
2017-04-01,4.857767737145752,11.694736791723372,Merredin,"Wheatbelt, Western Australia"
2017-04-02,0.0,11.694736791723372,Merredin,"Wheatbelt, Western Australia"
2017-04-03,2.4617926941690373,11.694736791723372,Merredin,"Wheatbelt, Western Australia"
2017-04-04,0.0,11.694736791723372,Merredin,"Wheatbelt, Western Australia"
2017-04-05,0.0,11.694736791723372,Merredin,"Wheatbelt, Western Australia"
2017-04-06,0.0,11.694736791723372,Merredin,"Wheatbelt, Western Australia"
2017-04-07,2.209813103216595,11.694736791723372,Merredin,"Wheatbelt, Western Australia"
2017-04-08,0.0,11.694736791723372,Merredin,"Wheatbelt, Western Australia"
2017-04-09,0.0,11.694736791723372,Merredin,"Wheatbelt, Western Australia"
2017-04-10,0.0,11.694736791723372,Merredin,"Wheatbelt, Western Australia"
2017-04-11,0.0,11.694736791723372,Merredin,"Wheatbelt, Western Australia"
2017-04-12,0.0,11.694736791723372,Merredin,"Wheatbelt, Western Australia"
2017-04-13,0.0,11.694736791723372,Merredin,"Wheatbelt, Western Australia"
2017-04-14,0.0,11.694736791723372,Merredin,"Wheatbelt, Western Australia"
2017-04-15,0.0,11.694736791723372,Merredin,"Wheatbelt, Western Australia"
2017-04-16,1.005075631233169,11.694736791723372,Merredin,"Wheatbelt, Western Australia"
2017-04-17,0.0,11.694736791723372,Merredin,"Wheatbelt, Western Australia"
2017-04-18,0.0,11.694736791723372,Merredin,"Wheatbelt, Western Australia"
2017-04-19,0.0,11.694736791723372,Merredin,"Wheatbelt, Western Australia"
2017-04-20,0.0,11.694736791723372,Merredin,"Wheatbelt, Western Australia"
2017-04-21,0.0,11.694736791723372,Merredin,"Wheatbelt, Western Australia"
2017-04-22,0.0,11.694736791723372,Merredin,"Wheatbelt, Western Australia"
2017-04-23,0.0,11.694736791723372,Merredin,"Wheatbelt, Western Australia"
2017-04-24,0.0,11.694736791723372,Merredin,"Wheatbelt, Western Australia"
2017-04-25,0.0,11.694736791723372,Merredin,"Wheatbelt, Western Australia"
2017-04-26,0.0,11.694736791723372,Merredin,"Wheatbelt, Western Australia"
2017-04-27,0.0,11.694736791723372,Merredin,"Wheatbelt, Western Australia"
2017-04-28,0.0,11.694736791723372,Merredin,"Wheatbelt, Western Australia"
2017-04-29,1.1602876259588177,11.694736791723372,Merredin,"Wheatbelt, Western Australia"
2017-04-30,0.0,11.694736791723372,Merredin,"Wheatbelt, Western Australia"
2017-05-01,0.0,19.628418753007157,Merredin,"Wheatbelt, Western Australia"
2017-05-02,0.0,19.628418753007157,Merredin,"Wheatbelt, Western Australia"
2017-05-03,0.0,19.628418753007157,Merredin,"Wheatbelt, Western Australia"
2017-05-04,0.0,19.628418753007157,Merredin,"Wheatbelt, Western Australia"
2017-05-05,0.0,19.628418753007157,Merredin,"Wheatbelt, Western Australia"
2017-05-06,0.0,19.628418753007157,Merredin,"Wheatbelt, Western Australia"
2017-05-07,0.3937887974828546,19.628418753007157,Merredin,"Wheatbelt, Western Australia"
2017-05-08,0.0,19.628418753007157,Merredin,"Wheatbelt, Western Australia"
2017-05-09,0.0,19.628418753007157,Merredin,"Wheatbelt, Western Australia"
2017-05-10,0.0,19.628418753007157,Merredin,"Wheatbelt, Western Australia"
2017-05-11,0.0,19.628418753007157,Merredin,"Wheatbelt, Western Australia"
2017-05-12,0.0,19.628418753007157,Merredin,"Wheatbelt, Western Australia"
2017-05-13,6.8602897250000145,19.628418753007157,Merredin,"Wheatbelt, Western Australia"
2017-05-14,2.1612585165155047,19.628418753007157,Merredin,"Wheatbelt, Western Australia"
2017-05-15,0.0,19.628418753007157,Merredin,"Wheatbelt, Western Australia"
2017-05-16,1.8431483037240797,19.628418753007157,Merredin,"Wheatbelt, Western Australia"
2017-05-17,0.0,19.628418753007157,Merredin,"Wheatbelt, Western Australia"
2017-05-18,0.0,19.628418753007157,Merredin,"Wheatbelt, Western Australia"
2017-05-19,0.0,19.628418753007157,Merredin,"Wheatbelt, Western Australia"
2017-05-20,0.0,19.628418753007157,Merredin,"Wheatbelt, Western Australia"
2017-05-21,0.0,19.628418753007157,Merredin,"Wheatbelt, Western Australia"
2017-05-22,0.0,19.628418753007157,Merredin,"Wheatbelt, Western Australia"
2017-05-23,0.0,19.628418753007157,Merredin,"Wheatbelt, Western Australia"
2017-05-24,0.0,19.628418753007157,Merredin,"Wheatbelt, Western Australia"
2017-05-25,0.0,19.628418753007157,Merredin,"Wheatbelt, Western Australia"
2017-05-26,0.0,19.628418753007157,Merredin,"Wheatbelt, Western Australia"
2017-05-27,0.0,19.628418753007157,Merredin,"Wheatbelt, Western Australia"
2017-05-28,0.0,19.628418753007157,Merredin,"Wheatbelt, Western Australia"
2017-05-29,3.255909492878125,19.628418753007157,Merredin,"Wheatbelt, Western Australia"
2017-05-30,0.0,19.628418753007157,Merredin,"Wheatbelt, Western Australia"
2017-05-31,5.114023917406579,19.628418753007157,Merredin,"Wheatbelt, Western Australia"
2017-06-01,0.0,36.53129282287621,Merredin,"Wheatbelt, Western Australia"
2017-06-02,0.0,36.53129282287621,Merredin,"Wheatbelt, Western Australia"
2017-06-03,1.164001016335956,36.53129282287621,Merredin,"Wheatbelt, Western Australia"
2017-06-04,0.0,36.53129282287621,Merredin,"Wheatbelt, Western Australia"
2017-06-05,0.0,36.53129282287621,Merredin,"Wheatbelt, Western Australia"
2017-06-06,0.0,36.53129282287621,Merredin,"Wheatbelt, Western Australia"
2017-06-07,0.0,36.53129282287621,Merredin,"Wheatbelt, Western Australia"
2017-06-08,2.8503270589415917,36.53129282287621,Merredin,"Wheatbelt, Western Australia"
2017-06-09,3.363844705673827,36.53129282287621,Merredin,"Wheatbelt, Western Australia"
2017-06-10,0.0,36.53129282287621,Merredin,"Wheatbelt, Western Australia"
2017-06-11,0.0,36.53129282287621,Merredin,"Wheatbelt, Western Australia"
2017-06-12,5.73995686982964,36.53129282287621,Merredin,"Wheatbelt, Western Australia"
2017-06-13,0.0,36.53129282287621,Merredin,"Wheatbelt, Western Australia"
2017-06-14,1.507380440764526,36.53129282287621,Merredin,"Wheatbelt, Western Australia"
2017-06-15,2.7607706797417655,36.53129282287621,Merredin,"Wheatbelt, Western Australia"
2017-06-16,0.0,36.53129282287621,Merredin,"Wheatbelt, Western Australia"
2017-06-17,4.956814001774006,36.53129282287621,Merredin,"Wheatbelt, Western Australia"
2017-06-18,0.0,36.53129282287621,Merredin,"Wheatbelt, Western Australia"
2017-06-19,0.0,36.53129282287621,Merredin,"Wheatbelt, Western Australia"
2017-06-20,0.0,36.53129282287621,Merredin,"Wheatbelt, Western Australia"
2017-06-21,3.2144762019059634,36.53129282287621,Merredin,"Wheatbelt, Western Australia"
2017-06-22,0.0,36.53129282287621,Merredin,"Wheatbelt, Western Australia"
2017-06-23,2.6912310109449025,36.53129282287621,Merredin,"Wheatbelt, Western Australia"
2017-06-24,4.685614053360776,36.53129282287621,Merredin,"Wheatbelt, Western Australia"
2017-06-25,0.0,36.53129282287621,Merredin,"Wheatbelt, Western Australia"
2017-06-26,0.0,36.53129282287621,Merredin,"Wheatbelt, Western Australia"
2017-06-27,0.0,36.53129282287621,Merredin,"Wheatbelt, Western Australia"
2017-06-28,0.0,36.53129282287621,Merredin,"Wheatbelt, Western Australia"
2017-06-29,1.7499944833680185,36.53129282287621,Merredin,"Wheatbelt, Western Australia"
2017-06-30,1.846882300235235,36.53129282287621,Merredin,"Wheatbelt, Western Australia"
2017-07-01,0.0,22.913163477058966,Merredin,"Wheatbelt, Western Australia"
2017-07-02,0.0,22.913163477058966,Merredin,"Wheatbelt, Western Australia"
2017-07-03,0.0,22.913163477058966,Merredin,"Wheatbelt, Western Australia"
2017-07-04,0.0,22.913163477058966,Merredin,"Wheatbelt, Western Australia"
2017-07-05,0.0,22.913163477058966,Merredin,"Wheatbelt, Western Australia"
2017-07-06,3.177796527102021,22.913163477058966,Merredin,"Wheatbelt, Western Australia"
2017-07-07,0.0,22.913163477058966,Merredin,"Wheatbelt, Western Australia"
2017-07-08,0.0,22.913163477058966,Merredin,"Wheatbelt, Western Australia"
2017-07-09,0.0,22.913163477058966,Merredin,"Wheatbelt, Western Australia"
2017-07-10,0.0,22.913163477058966,Merredin,"Wheatbelt, Western Australia"
2017-07-11,0.0,22.913163477058966,Merredin,"Wheatbelt, Western Australia"
2017-07-12,0.0,22.913163477058966,Merredin,"Wheatbelt, Western Australia"
2017-07-13,2.6490363304165494,22.913163477058966,Merredin,"Wheatbelt, Western Australia"
2017-07-14,0.0,22.913163477058966,Merredin,"Wheatbelt, Western Australia"
2017-07-15,0.4453276962950964,22.913163477058966,Merredin,"Wheatbelt, Western Australia"
2017-07-16,0.0,22.913163477058966,Merredin,"Wheatbelt, Western Australia"
2017-07-17,6.452038205387817,22.913163477058966,Merredin,"Wheatbelt, Western Australia"
2017-07-18,0.0,22.913163477058966,Merredin,"Wheatbelt, Western Australia"
2017-07-19,0.0,22.913163477058966,Merredin,"Wheatbelt, Western Australia"
2017-07-20,0.0,22.913163477058966,Merredin,"Wheatbelt, Western Australia"
2017-07-21,0.0,22.913163477058966,Merredin,"Wheatbelt, Western Australia"
2017-07-22,0.0,22.913163477058966,Merredin,"Wheatbelt, Western Australia"
2017-07-23,0.0,22.913163477058966,Merredin,"Wheatbelt, Western Australia"
2017-07-24,0.0,22.913163477058966,Merredin,"Wheatbelt, Western Australia"
2017-07-25,0.0,22.913163477058966,Merredin,"Wheatbelt, Western Australia"
2017-07-26,1.9934966645919148,22.913163477058966,Merredin,"Wheatbelt, Western Australia"
2017-07-27,0.0,22.913163477058966,Merredin,"Wheatbelt, Western Australia"
2017-07-28,0.0,22.913163477058966,Merredin,"Wheatbelt, Western Australia"
2017-07-29,0.0,22.913163477058966,Merredin,"Wheatbelt, Western Australia"
2017-07-30,8.195468053265568,22.913163477058966,Merredin,"Wheatbelt, Western Australia"
2017-07-31,0.0,22.913163477058966,Merredin,"Wheatbelt, Western Australia"
2017-08-01,0.0,40.183076499656686,Merredin,"Wheatbelt, Western Australia"
2017-08-02,0.0,40.183076499656686,Merredin,"Wheatbelt, Western Australia"
2017-08-03,0.0,40.183076499656686,Merredin,"Wheatbelt, Western Australia"
2017-08-04,0.0,40.183076499656686,Merredin,"Wheatbelt, Western Australia"
2017-08-05,9.697108210864414,40.183076499656686,Merredin,"Wheatbelt, Western Australia"
2017-08-06,0.0,40.183076499656686,Merredin,"Wheatbelt, Western Australia"
2017-08-07,0.0,40.183076499656686,Merredin,"Wheatbelt, Western Australia"
2017-08-08,0.0,40.183076499656686,Merredin,"Wheatbelt, Western Australia"
2017-08-09,0.0,40.183076499656686,Merredin,"Wheatbelt, Western Australia"
2017-08-10,0.0,40.183076499656686,Merredin,"Wheatbelt, Western Australia"
2017-08-11,0.0,40.183076499656686,Merredin,"Wheatbelt, Western Australia"
2017-08-12,0.0,40.183076499656686,Merredin,"Wheatbelt, Western Australia"
2017-08-13,0.0,40.183076499656686,Merredin,"Wheatbelt, Western Australia"
2017-08-14,0.0,40.183076499656686,Merredin,"Wheatbelt, Western Australia"
2017-08-15,7.230644959113659,40.183076499656686,Merredin,"Wheatbelt, Western Australia"
2017-08-16,2.5760678817769826,40.183076499656686,Merredin,"Wheatbelt, Western Australia"
2017-08-17,0.0,40.183076499656686,Merredin,"Wheatbelt, Western Australia"
2017-08-18,0.0,40.183076499656686,Merredin,"Wheatbelt, Western Australia"
2017-08-19,6.500344829479357,40.183076499656686,Merredin,"Wheatbelt, Western Australia"
2017-08-20,0.0,40.183076499656686,Merredin,"Wheatbelt, Western Australia"
2017-08-21,0.0,40.183076499656686,Merredin,"Wheatbelt, Western Australia"
2017-08-22,1.4015306115467245,40.183076499656686,Merredin,"Wheatbelt, Western Australia"
2017-08-23,0.9464394044812879,40.183076499656686,Merredin,"Wheatbelt, Western Australia"
2017-08-24,0.0,40.183076499656686,Merredin,"Wheatbelt, Western Australia"
2017-08-25,0.0,40.183076499656686,Merredin,"Wheatbelt, Western Australia"
2017-08-26,0.0,40.183076499656686,Merredin,"Wheatbelt, Western Australia"
2017-08-27,2.2368981134192873,40.183076499656686,Merredin,"Wheatbelt, Western Australia"
2017-08-28,0.0,40.183076499656686,Merredin,"Wheatbelt, Western Australia"
2017-08-29,0.0,40.183076499656686,Merredin,"Wheatbelt, Western Australia"
2017-08-30,0.0,40.183076499656686,Merredin,"Wheatbelt, Western Australia"
2017-08-31,9.594042488974972,40.183076499656686,Merredin,"Wheatbelt, Western Australia"
2017-09-01,0.0,19.66295904943381,Merredin,"Wheatbelt, Western Australia"
2017-09-02,0.0,19.66295904943381,Merredin,"Wheatbelt, Western Australia"
2017-09-03,1.4943392032510192,19.66295904943381,Merredin,"Wheatbelt, Western Australia"
2017-09-04,0.0,19.66295904943381,Merredin,"Wheatbelt, Western Australia"
2017-09-05,0.0,19.66295904943381,Merredin,"Wheatbelt, Western Australia"
2017-09-06,0.0,19.66295904943381,Merredin,"Wheatbelt, Western Australia"
2017-09-07,0.0,19.66295904943381,Merredin,"Wheatbelt, Western Australia"
2017-09-08,0.0,19.66295904943381,Merredin,"Wheatbelt, Western Australia"
2017-09-09,0.0,19.66295904943381,Merredin,"Wheatbelt, Western Australia"
2017-09-10,0.0,19.66295904943381,Merredin,"Wheatbelt, Western Australia"
2017-09-11,4.68868475615376,19.66295904943381,Merredin,"Wheatbelt, Western Australia"
2017-09-12,0.0,19.66295904943381,Merredin,"Wheatbelt, Western Australia"
2017-09-13,0.0,19.66295904943381,Merredin,"Wheatbelt, Western Australia"
2017-09-14,0.0,19.66295904943381,Merredin,"Wheatbelt, Western Australia"
2017-09-15,0.5502145478530904,19.66295904943381,Merredin,"Wheatbelt, Western Australia"
2017-09-16,0.0,19.66295904943381,Merredin,"Wheatbelt, Western Australia"
2017-09-17,0.0,19.66295904943381,Merredin,"Wheatbelt, Western Australia"
2017-09-18,2.333234539642352,19.66295904943381,Merredin,"Wheatbelt, Western Australia"
2017-09-19,0.0,19.66295904943381,Merredin,"Wheatbelt, Western Australia"
2017-09-20,0.0,19.66295904943381,Merredin,"Wheatbelt, Western Australia"
2017-09-21,0.9530255615740789,19.66295904943381,Merredin,"Wheatbelt, Western Australia"
2017-09-22,0.0,19.66295904943381,Merredin,"Wheatbelt, Western Australia"
2017-09-23,0.0,19.66295904943381,Merredin,"Wheatbelt, Western Australia"
2017-09-24,6.772398110065669,19.66295904943381,Merredin,"Wheatbelt, Western Australia"
2017-09-25,0.0,19.66295904943381,Merredin,"Wheatbelt, Western Australia"
2017-09-26,0.0,19.66295904943381,Merredin,"Wheatbelt, Western Australia"
2017-09-27,0.0,19.66295904943381,Merredin,"Wheatbelt, Western Australia"
2017-09-28,0.0,19.66295904943381,Merredin,"Wheatbelt, Western Australia"
2017-09-29,2.8710623308938374,19.66295904943381,Merredin,"Wheatbelt, Western Australia"
2017-09-30,0.0,19.66295904943381,Merredin,"Wheatbelt, Western Australia"
2017-10-01,0.0,16.323899156384186,Merredin,"Wheatbelt, Western Australia"
2017-10-02,0.0,16.323899156384186,Merredin,"Wheatbelt, Western Australia"
2017-10-03,0.0,16.323899156384186,Merredin,"Wheatbelt, Western Australia"
2017-10-04,0.0,16.323899156384186,Merredin,"Wheatbelt, Western Australia"
2017-10-05,0.0,16.323899156384186,Merredin,"Wheatbelt, Western Australia"
2017-10-06,0.0,16.323899156384186,Merredin,"Wheatbelt, Western Australia"
2017-10-07,0.0,16.323899156384186,Merredin,"Wheatbelt, Western Australia"
2017-10-08,0.0,16.323899156384186,Merredin,"Wheatbelt, Western Australia"
2017-10-09,0.0,16.323899156384186,Merredin,"Wheatbelt, Western Australia"
2017-10-10,0.0,16.323899156384186,Merredin,"Wheatbelt, Western Australia"
2017-10-11,1.277359337578013,16.323899156384186,Merredin,"Wheatbelt, Western Australia"
2017-10-12,0.0,16.323899156384186,Merredin,"Wheatbelt, Western Australia"
2017-10-13,0.0,16.323899156384186,Merredin,"Wheatbelt, Western Australia"
2017-10-14,0.0,16.323899156384186,Merredin,"Wheatbelt, Western Australia"
2017-10-15,0.0,16.323899156384186,Merredin,"Wheatbelt, Western Australia"
2017-10-16,0.0,16.323899156384186,Merredin,"Wheatbelt, Western Australia"
2017-10-17,0.0,16.323899156384186,Merredin,"Wheatbelt, Western Australia"
2017-10-18,0.0,16.323899156384186,Merredin,"Wheatbelt, Western Australia"
2017-10-19,1.7440610821006202,16.323899156384186,Merredin,"Wheatbelt, Western Australia"
2017-10-20,0.0,16.323899156384186,Merredin,"Wheatbelt, Western Australia"
2017-10-21,0.0,16.323899156384186,Merredin,"Wheatbelt, Western Australia"
2017-10-22,0.0,16.323899156384186,Merredin,"Wheatbelt, Western Australia"
2017-10-23,4.803699040669468,16.323899156384186,Merredin,"Wheatbelt, Western Australia"
2017-10-24,5.231917009182726,16.323899156384186,Merredin,"Wheatbelt, Western Australia"
2017-10-25,3.266862686853359,16.323899156384186,Merredin,"Wheatbelt, Western Australia"
2017-10-26,0.0,16.323899156384186,Merredin,"Wheatbelt, Western Australia"
2017-10-27,0.0,16.323899156384186,Merredin,"Wheatbelt, Western Australia"
2017-10-28,0.0,16.323899156384186,Merredin,"Wheatbelt, Western Australia"
2017-10-29,0.0,16.323899156384186,Merredin,"Wheatbelt, Western Australia"
2017-10-30,0.0,16.323899156384186,Merredin,"Wheatbelt, Western Australia"
2017-10-31,0.0,16.323899156384186,Merredin,"Wheatbelt, Western Australia"
2017-11-01,2.345257937449788,21.02010307615228,Merredin,"Wheatbelt, Western Australia"
2017-11-02,0.0,21.02010307615228,Merredin,"Wheatbelt, Western Australia"
2017-11-03,0.0,21.02010307615228,Merredin,"Wheatbelt, Western Australia"
2017-11-04,0.0,21.02010307615228,Merredin,"Wheatbelt, Western Australia"
2017-11-05,0.0,21.02010307615228,Merredin,"Wheatbelt, Western Australia"
2017-11-06,0.0,21.02010307615228,Merredin,"Wheatbelt, Western Australia"
2017-11-07,2.4353718334642203,21.02010307615228,Merredin,"Wheatbelt, Western Australia"
2017-11-08,0.0,21.02010307615228,Merredin,"Wheatbelt, Western Australia"
2017-11-09,0.0,21.02010307615228,Merredin,"Wheatbelt, Western Australia"
2017-11-10,0.0,21.02010307615228,Merredin,"Wheatbelt, Western Australia"
2017-11-11,0.0,21.02010307615228,Merredin,"Wheatbelt, Western Australia"
2017-11-12,0.0,21.02010307615228,Merredin,"Wheatbelt, Western Australia"
2017-11-13,0.0,21.02010307615228,Merredin,"Wheatbelt, Western Australia"
2017-11-14,0.0,21.02010307615228,Merredin,"Wheatbelt, Western Australia"
2017-11-15,0.0,21.02010307615228,Merredin,"Wheatbelt, Western Australia"
2017-11-16,0.0,21.02010307615228,Merredin,"Wheatbelt, Western Australia"
2017-11-17,0.0,21.02010307615228,Merredin,"Wheatbelt, Western Australia"
2017-11-18,0.0,21.02010307615228,Merredin,"Wheatbelt, Western Australia"
2017-11-19,0.0,21.02010307615228,Merredin,"Wheatbelt, Western Australia"
2017-11-20,5.402473833039373,21.02010307615228,Merredin,"Wheatbelt, Western Australia"
2017-11-21,0.0,21.02010307615228,Merredin,"Wheatbelt, Western Australia"
2017-11-22,0.0,21.02010307615228,Merredin,"Wheatbelt, Western Australia"
2017-11-23,0.0,21.02010307615228,Merredin,"Wheatbelt, Western Australia"
2017-11-24,0.0,21.02010307615228,Merredin,"Wheatbelt, Western Australia"
2017-11-25,5.523418408788092,21.02010307615228,Merredin,"Wheatbelt, Western Australia"
2017-11-26,0.0,21.02010307615228,Merredin,"Wheatbelt, Western Australia"
2017-11-27,0.0,21.02010307615228,Merredin,"Wheatbelt, Western Australia"
2017-11-28,5.313581063410807,21.02010307615228,Merredin,"Wheatbelt, Western Australia"
2017-11-29,0.0,21.02010307615228,Merredin,"Wheatbelt, Western Australia"
2017-11-30,0.0,21.02010307615228,Merredin,"Wheatbelt, Western Australia"
2017-12-01,7.090253900829756,17.804863997743606,Merredin,"Wheatbelt, Western Australia"
2017-12-02,0.0,17.804863997743606,Merredin,"Wheatbelt, Western Australia"
2017-12-03,0.0,17.804863997743606,Merredin,"Wheatbelt, Western Australia"
2017-12-04,0.0,17.804863997743606,Merredin,"Wheatbelt, Western Australia"
2017-12-05,0.0,17.804863997743606,Merredin,"Wheatbelt, Western Australia"
2017-12-06,0.0,17.804863997743606,Merredin,"Wheatbelt, Western Australia"
2017-12-07,0.0,17.804863997743606,Merredin,"Wheatbelt, Western Australia"
2017-12-08,0.0,17.804863997743606,Merredin,"Wheatbelt, Western Australia"
2017-12-09,0.0,17.804863997743606,Merredin,"Wheatbelt, Western Australia"
2017-12-10,0.0,17.804863997743606,Merredin,"Wheatbelt, Western Australia"
2017-12-11,0.0,17.804863997743606,Merredin,"Wheatbelt, Western Australia"
2017-12-12,3.9240418641620773,17.804863997743606,Merredin,"Wheatbelt, Western Australia"
2017-12-13,1.4815684377616296,17.804863997743606,Merredin,"Wheatbelt, Western Australia"
2017-12-14,0.0,17.804863997743606,Merredin,"Wheatbelt, Western Australia"
2017-12-15,0.0,17.804863997743606,Merredin,"Wheatbelt, Western Australia"
2017-12-16,0.0,17.804863997743606,Merredin,"Wheatbelt, Western Australia"
2017-12-17,0.0,17.804863997743606,Merredin,"Wheatbelt, Western Australia"
2017-12-18,0.0,17.804863997743606,Merredin,"Wheatbelt, Western Australia"
2017-12-19,0.0,17.804863997743606,Merredin,"Wheatbelt, Western Australia"
2017-12-20,0.0,17.804863997743606,Merredin,"Wheatbelt, Western Australia"
2017-12-21,0.0,17.804863997743606,Merredin,"Wheatbelt, Western Australia"
2017-12-22,0.0,17.804863997743606,Merredin,"Wheatbelt, Western Australia"
2017-12-23,0.0,17.804863997743606,Merredin,"Wheatbelt, Western Australia"
2017-12-24,1.5387011949072196,17.804863997743606,Merredin,"Wheatbelt, Western Australia"
2017-12-25,0.0,17.804863997743606,Merredin,"Wheatbelt, Western Australia"
2017-12-26,3.770298600082922,17.804863997743606,Merredin,"Wheatbelt, Western Australia"
2017-12-27,0.0,17.804863997743606,Merredin,"Wheatbelt, Western Australia"
2017-12-28,0.0,17.804863997743606,Merredin,"Wheatbelt, Western Australia"
2017-12-29,0.0,17.804863997743606,Merredin,"Wheatbelt, Western Australia"
2017-12-30,0.0,17.804863997743606,Merredin,"Wheatbelt, Western Australia"
2017-12-31,0.0,17.804863997743606,Merredin,"Wheatbelt, Western Australia"
2018-01-01,0.0,14.860357589150414,Merredin,"Wheatbelt, Western Australia"
2018-01-02,0.0,14.860357589150414,Merredin,"Wheatbelt, Western Australia"
2018-01-03,0.0,14.860357589150414,Merredin,"Wheatbelt, Western Australia"
2018-01-04,0.0,14.860357589150414,Merredin,"Wheatbelt, Western Australia"
2018-01-05,0.0,14.860357589150414,Merredin,"Wheatbelt, Western Australia"
2018-01-06,0.0,14.860357589150414,Merredin,"Wheatbelt, Western Australia"
2018-01-07,0.0,14.860357589150414,Merredin,"Wheatbelt, Western Australia"
2018-01-08,0.0,14.860357589150414,Merredin,"Wheatbelt, Western Australia"
2018-01-09,0.0,14.860357589150414,Merredin,"Wheatbelt, Western Australia"
2018-01-10,0.0,14.860357589150414,Merredin,"Wheatbelt, Western Australia"
2018-01-11,0.0,14.860357589150414,Merredin,"Wheatbelt, Western Australia"
2018-01-12,0.3091326057050542,14.860357589150414,Merredin,"Wheatbelt, Western Australia"
2018-01-13,6.101905081856776,14.860357589150414,Merredin,"Wheatbelt, Western Australia"
2018-01-14,0.0,14.860357589150414,Merredin,"Wheatbelt, Western Australia"
2018-01-15,0.0,14.860357589150414,Merredin,"Wheatbelt, Western Australia"
2018-01-16,6.077761389584427,14.860357589150414,Merredin,"Wheatbelt, Western Australia"
2018-01-17,0.0,14.860357589150414,Merredin,"Wheatbelt, Western Australia"
2018-01-18,0.0,14.860357589150414,Merredin,"Wheatbelt, Western Australia"
2018-01-19,0.0,14.860357589150414,Merredin,"Wheatbelt, Western Australia"
2018-01-20,0.0,14.860357589150414,Merredin,"Wheatbelt, Western Australia"
2018-01-21,0.0,14.860357589150414,Merredin,"Wheatbelt, Western Australia"
2018-01-22,0.0,14.860357589150414,Merredin,"Wheatbelt, Western Australia"
2018-01-23,0.0,14.860357589150414,Merredin,"Wheatbelt, Western Australia"
2018-01-24,0.0,14.860357589150414,Merredin,"Wheatbelt, Western Australia"
2018-01-25,2.3715585120041576,14.860357589150414,Merredin,"Wheatbelt, Western Australia"
2018-01-26,0.0,14.860357589150414,Merredin,"Wheatbelt, Western Australia"
2018-01-27,0.0,14.860357589150414,Merredin,"Wheatbelt, Western Australia"
2018-01-28,0.0,14.860357589150414,Merredin,"Wheatbelt, Western Australia"
2018-01-29,0.0,14.860357589150414,Merredin,"Wheatbelt, Western Australia"
2018-01-30,0.0,14.860357589150414,Merredin,"Wheatbelt, Western Australia"
2018-01-31,0.0,14.860357589150414,Merredin,"Wheatbelt, Western Australia"
2018-02-01,0.0,21.062747097803364,Merredin,"Wheatbelt, Western Australia"
2018-02-02,0.0,21.062747097803364,Merredin,"Wheatbelt, Western Australia"
2018-02-03,0.8166109160821937,21.062747097803364,Merredin,"Wheatbelt, Western Australia"
2018-02-04,0.0,21.062747097803364,Merredin,"Wheatbelt, Western Australia"
2018-02-05,4.253273807795298,21.062747097803364,Merredin,"Wheatbelt, Western Australia"
2018-02-06,0.0,21.062747097803364,Merredin,"Wheatbelt, Western Australia"
2018-02-07,0.0,21.062747097803364,Merredin,"Wheatbelt, Western Australia"
2018-02-08,0.0,21.062747097803364,Merredin,"Wheatbelt, Western Australia"
2018-02-09,0.0,21.062747097803364,Merredin,"Wheatbelt, Western Australia"
2018-02-10,0.0,21.062747097803364,Merredin,"Wheatbelt, Western Australia"
2018-02-11,0.0,21.062747097803364,Merredin,"Wheatbelt, Western Australia"
2018-02-12,1.2813213658588318,21.062747097803364,Merredin,"Wheatbelt, Western Australia"
2018-02-13,0.5971572677747151,21.062747097803364,Merredin,"Wheatbelt, Western Australia"
2018-02-14,0.0,21.062747097803364,Merredin,"Wheatbelt, Western Australia"
2018-02-15,0.0,21.062747097803364,Merredin,"Wheatbelt, Western Australia"
2018-02-16,0.0,21.062747097803364,Merredin,"Wheatbelt, Western Australia"
2018-02-17,0.0,21.062747097803364,Merredin,"Wheatbelt, Western Australia"
2018-02-18,0.0,21.062747097803364,Merredin,"Wheatbelt, Western Australia"
2018-02-19,3.2293186595283196,21.062747097803364,Merredin,"Wheatbelt, Western Australia"
2018-02-20,0.0,21.062747097803364,Merredin,"Wheatbelt, Western Australia"
2018-02-21,0.0,21.062747097803364,Merredin,"Wheatbelt, Western Australia"
2018-02-22,0.0,21.062747097803364,Merredin,"Wheatbelt, Western Australia"
2018-02-23,0.0,21.062747097803364,Merredin,"Wheatbelt, Western Australia"
2018-02-24,3.711692127636037,21.062747097803364,Merredin,"Wheatbelt, Western Australia"
2018-02-25,7.173372953127967,21.062747097803364,Merredin,"Wheatbelt, Western Australia"
2018-02-26,0.0,21.062747097803364,Merredin,"Wheatbelt, Western Australia"
2018-02-27,0.0,21.062747097803364,Merredin,"Wheatbelt, Western Australia"
2018-02-28,0.0,21.062747097803364,Merredin,"Wheatbelt, Western Australia"
2018-03-01,0.0,29.64433271573633,Merredin,"Wheatbelt, Western Australia"
2018-03-02,0.0,29.64433271573633,Merredin,"Wheatbelt, Western Australia"
2018-03-03,0.0,29.64433271573633,Merredin,"Wheatbelt, Western Australia"
2018-03-04,1.1053524038883153,29.64433271573633,Merredin,"Wheatbelt, Western Australia"
2018-03-05,8.978126298393809,29.64433271573633,Merredin,"Wheatbelt, Western Australia"
2018-03-06,0.0,29.64433271573633,Merredin,"Wheatbelt, Western Australia"
2018-03-07,9.162165377020548,29.64433271573633,Merredin,"Wheatbelt, Western Australia"
2018-03-08,2.240768805847941,29.64433271573633,Merredin,"Wheatbelt, Western Australia"
2018-03-09,3.940609381368358,29.64433271573633,Merredin,"Wheatbelt, Western Australia"
2018-03-10,0.0,29.64433271573633,Merredin,"Wheatbelt, Western Australia"
2018-03-11,0.0,29.64433271573633,Merredin,"Wheatbelt, Western Australia"
2018-03-12,0.0,29.64433271573633,Merredin,"Wheatbelt, Western Australia"
2018-03-13,0.0,29.64433271573633,Merredin,"Wheatbelt, Western Australia"
2018-03-14,0.0,29.64433271573633,Merredin,"Wheatbelt, Western Australia"
2018-03-15,0.0,29.64433271573633,Merredin,"Wheatbelt, Western Australia"
2018-03-16,2.189608491410298,29.64433271573633,Merredin,"Wheatbelt, Western Australia"
2018-03-17,0.0,29.64433271573633,Merredin,"Wheatbelt, Western Australia"
2018-03-18,0.0,29.64433271573633,Merredin,"Wheatbelt, Western Australia"
2018-03-19,0.0,29.64433271573633,Merredin,"Wheatbelt, Western Australia"
2018-03-20,0.0,29.64433271573633,Merredin,"Wheatbelt, Western Australia"
2018-03-21,0.0,29.64433271573633,Merredin,"Wheatbelt, Western Australia"
2018-03-22,0.0,29.64433271573633,Merredin,"Wheatbelt, Western Australia"
2018-03-23,0.0,29.64433271573633,Merredin,"Wheatbelt, Western Australia"
2018-03-24,0.0,29.64433271573633,Merredin,"Wheatbelt, Western Australia"
2018-03-25,0.0,29.64433271573633,Merredin,"Wheatbelt, Western Australia"
2018-03-26,0.0,29.64433271573633,Merredin,"Wheatbelt, Western Australia"
2018-03-27,0.0,29.64433271573633,Merredin,"Wheatbelt, Western Australia"
2018-03-28,0.0,29.64433271573633,Merredin,"Wheatbelt, Western Australia"
2018-03-29,0.0,29.64433271573633,Merredin,"Wheatbelt, Western Australia"
2018-03-30,2.02770195780706,29.64433271573633,Merredin,"Wheatbelt, Western Australia"
2018-03-31,0.0,29.64433271573633,Merredin,"Wheatbelt, Western Australia"
2018-04-01,0.0,27.484077862565258,Merredin,"Wheatbelt, Western Australia"
2018-04-02,1.6730215917598694,27.484077862565258,Merredin,"Wheatbelt, Western Australia"
2018-04-03,8.385513986704416,27.484077862565258,Merredin,"Wheatbelt, Western Australia"
2018-04-04,0.0,27.484077862565258,Merredin,"Wheatbelt, Western Australia"
2018-04-05,0.0,27.484077862565258,Merredin,"Wheatbelt, Western Australia"
2018-04-06,0.0,27.484077862565258,Merredin,"Wheatbelt, Western Australia"
2018-04-07,0.0,27.484077862565258,Merredin,"Wheatbelt, Western Australia"
2018-04-08,0.0,27.484077862565258,Merredin,"Wheatbelt, Western Australia"
2018-04-09,0.0,27.484077862565258,Merredin,"Wheatbelt, Western Australia"
2018-04-10,0.0,27.484077862565258,Merredin,"Wheatbelt, Western Australia"
2018-04-11,0.0,27.484077862565258,Merredin,"Wheatbelt, Western Australia"
2018-04-12,1.2746811762973385,27.484077862565258,Merredin,"Wheatbelt, Western Australia"
2018-04-13,8.431540996394528,27.484077862565258,Merredin,"Wheatbelt, Western Australia"
2018-04-14,0.0,27.484077862565258,Merredin,"Wheatbelt, Western Australia"
2018-04-15,3.1732306137190753,27.484077862565258,Merredin,"Wheatbelt, Western Australia"
2018-04-16,0.0,27.484077862565258,Merredin,"Wheatbelt, Western Australia"
2018-04-17,2.170567652095074,27.484077862565258,Merredin,"Wheatbelt, Western Australia"
2018-04-18,0.0,27.484077862565258,Merredin,"Wheatbelt, Western Australia"
2018-04-19,0.0,27.484077862565258,Merredin,"Wheatbelt, Western Australia"
2018-04-20,0.0,27.484077862565258,Merredin,"Wheatbelt, Western Australia"
2018-04-21,2.3755218455949576,27.484077862565258,Merredin,"Wheatbelt, Western Australia"
2018-04-22,0.0,27.484077862565258,Merredin,"Wheatbelt, Western Australia"
2018-04-23,0.0,27.484077862565258,Merredin,"Wheatbelt, Western Australia"
2018-04-24,0.0,27.484077862565258,Merredin,"Wheatbelt, Western Australia"
2018-04-25,0.0,27.484077862565258,Merredin,"Wheatbelt, Western Australia"
2018-04-26,0.0,27.484077862565258,Merredin,"Wheatbelt, Western Australia"
2018-04-27,0.0,27.484077862565258,Merredin,"Wheatbelt, Western Australia"
2018-04-28,0.0,27.484077862565258,Merredin,"Wheatbelt, Western Australia"
2018-04-29,0.0,27.484077862565258,Merredin,"Wheatbelt, Western Australia"
2018-04-30,0.0,27.484077862565258,Merredin,"Wheatbelt, Western Australia"
2018-05-01,4.165263509436157,22.344935206466413,Merredin,"Wheatbelt, Western Australia"
2018-05-02,0.0,22.344935206466413,Merredin,"Wheatbelt, Western Australia"
2018-05-03,0.0,22.344935206466413,Merredin,"Wheatbelt, Western Australia"
2018-05-04,0.0,22.344935206466413,Merredin,"Wheatbelt, Western Australia"
2018-05-05,0.0,22.344935206466413,Merredin,"Wheatbelt, Western Australia"
2018-05-06,1.1880101989949692,22.344935206466413,Merredin,"Wheatbelt, Western Australia"
2018-05-07,0.0,22.344935206466413,Merredin,"Wheatbelt, Western Australia"
2018-05-08,0.0,22.344935206466413,Merredin,"Wheatbelt, Western Australia"
2018-05-09,0.0,22.344935206466413,Merredin,"Wheatbelt, Western Australia"
2018-05-10,0.0,22.344935206466413,Merredin,"Wheatbelt, Western Australia"
2018-05-11,0.0,22.344935206466413,Merredin,"Wheatbelt, Western Australia"
2018-05-12,0.0,22.344935206466413,Merredin,"Wheatbelt, Western Australia"
2018-05-13,3.8286530666127994,22.344935206466413,Merredin,"Wheatbelt, Western Australia"
2018-05-14,0.0,22.344935206466413,Merredin,"Wheatbelt, Western Australia"
2018-05-15,0.0,22.344935206466413,Merredin,"Wheatbelt, Western Australia"
2018-05-16,0.0,22.344935206466413,Merredin,"Wheatbelt, Western Australia"
2018-05-17,3.958516718198981,22.344935206466413,Merredin,"Wheatbelt, Western Australia"
2018-05-18,0.0,22.344935206466413,Merredin,"Wheatbelt, Western Australia"
2018-05-19,0.0,22.344935206466413,Merredin,"Wheatbelt, Western Australia"
2018-05-20,0.0,22.344935206466413,Merredin,"Wheatbelt, Western Australia"
2018-05-21,0.0,22.344935206466413,Merredin,"Wheatbelt, Western Australia"
2018-05-22,0.0,22.344935206466413,Merredin,"Wheatbelt, Western Australia"
2018-05-23,0.0,22.344935206466413,Merredin,"Wheatbelt, Western Australia"
2018-05-24,0.0,22.344935206466413,Merredin,"Wheatbelt, Western Australia"
2018-05-25,5.331490083418542,22.344935206466413,Merredin,"Wheatbelt, Western Australia"
2018-05-26,0.0,22.344935206466413,Merredin,"Wheatbelt, Western Australia"
2018-05-27,0.0,22.344935206466413,Merredin,"Wheatbelt, Western Australia"
2018-05-28,0.0,22.344935206466413,Merredin,"Wheatbelt, Western Australia"
2018-05-29,0.0,22.344935206466413,Merredin,"Wheatbelt, Western Australia"
2018-05-30,3.8730016298049637,22.344935206466413,Merredin,"Wheatbelt, Western Australia"
2018-05-31,0.0,22.344935206466413,Merredin,"Wheatbelt, Western Australia"
2018-06-01,5.499131664657772,42.520013231695444,Merredin,"Wheatbelt, Western Australia"
2018-06-02,0.0,42.520013231695444,Merredin,"Wheatbelt, Western Australia"
2018-06-03,9.22878733072225,42.520013231695444,Merredin,"Wheatbelt, Western Australia"
2018-06-04,0.0,42.520013231695444,Merredin,"Wheatbelt, Western Australia"
2018-06-05,1.3020334887567995,42.520013231695444,Merredin,"Wheatbelt, Western Australia"
2018-06-06,0.0,42.520013231695444,Merredin,"Wheatbelt, Western Australia"
2018-06-07,0.0,42.520013231695444,Merredin,"Wheatbelt, Western Australia"
2018-06-08,0.0,42.520013231695444,Merredin,"Wheatbelt, Western Australia"
2018-06-09,0.0,42.520013231695444,Merredin,"Wheatbelt, Western Australia"
2018-06-10,0.0,42.520013231695444,Merredin,"Wheatbelt, Western Australia"
2018-06-11,0.0,42.520013231695444,Merredin,"Wheatbelt, Western Australia"
2018-06-12,0.0,42.520013231695444,Merredin,"Wheatbelt, Western Australia"
2018-06-13,1.4585446626746417,42.520013231695444,Merredin,"Wheatbelt, Western Australia"
2018-06-14,1.1605065807754937,42.520013231695444,Merredin,"Wheatbelt, Western Australia"
2018-06-15,0.0,42.520013231695444,Merredin,"Wheatbelt, Western Australia"
2018-06-16,0.0,42.520013231695444,Merredin,"Wheatbelt, Western Australia"
2018-06-17,0.0,42.520013231695444,Merredin,"Wheatbelt, Western Australia"
2018-06-18,0.0,42.520013231695444,Merredin,"Wheatbelt, Western Australia"
2018-06-19,3.1515885441268017,42.520013231695444,Merredin,"Wheatbelt, Western Australia"
2018-06-20,0.0,42.520013231695444,Merredin,"Wheatbelt, Western Australia"
2018-06-21,0.0,42.520013231695444,Merredin,"Wheatbelt, Western Australia"
2018-06-22,5.1179431545681195,42.520013231695444,Merredin,"Wheatbelt, Western Australia"
2018-06-23,7.69130325986546,42.520013231695444,Merredin,"Wheatbelt, Western Australia"
2018-06-24,0.0,42.520013231695444,Merredin,"Wheatbelt, Western Australia"
2018-06-25,7.910174545548105,42.520013231695444,Merredin,"Wheatbelt, Western Australia"
2018-06-26,0.0,42.520013231695444,Merredin,"Wheatbelt, Western Australia"
2018-06-27,0.0,42.520013231695444,Merredin,"Wheatbelt, Western Australia"
2018-06-28,0.0,42.520013231695444,Merredin,"Wheatbelt, Western Australia"
2018-06-29,0.0,42.520013231695444,Merredin,"Wheatbelt, Western Australia"
2018-06-30,0.0,42.520013231695444,Merredin,"Wheatbelt, Western Australia"
2018-07-01,9.229668539063667,23.305448316654125,Merredin,"Wheatbelt, Western Australia"
2018-07-02,0.0,23.305448316654125,Merredin,"Wheatbelt, Western Australia"
2018-07-03,0.0,23.305448316654125,Merredin,"Wheatbelt, Western Australia"
2018-07-04,0.0,23.305448316654125,Merredin,"Wheatbelt, Western Australia"
2018-07-05,0.0,23.305448316654125,Merredin,"Wheatbelt, Western Australia"
2018-07-06,5.970411745564758,23.305448316654125,Merredin,"Wheatbelt, Western Australia"
2018-07-07,0.0,23.305448316654125,Merredin,"Wheatbelt, Western Australia"
2018-07-08,0.0,23.305448316654125,Merredin,"Wheatbelt, Western Australia"
2018-07-09,0.0,23.305448316654125,Merredin,"Wheatbelt, Western Australia"
2018-07-10,4.436440403579325,23.305448316654125,Merredin,"Wheatbelt, Western Australia"
2018-07-11,0.0,23.305448316654125,Merredin,"Wheatbelt, Western Australia"
2018-07-12,0.0,23.305448316654125,Merredin,"Wheatbelt, Western Australia"
2018-07-13,2.9910970194669204,23.305448316654125,Merredin,"Wheatbelt, Western Australia"
2018-07-14,0.0,23.305448316654125,Merredin,"Wheatbelt, Western Australia"
2018-07-15,0.0,23.305448316654125,Merredin,"Wheatbelt, Western Australia"
2018-07-16,0.0,23.305448316654125,Merredin,"Wheatbelt, Western Australia"
2018-07-17,0.0,23.305448316654125,Merredin,"Wheatbelt, Western Australia"
2018-07-18,0.0,23.305448316654125,Merredin,"Wheatbelt, Western Australia"
2018-07-19,0.0,23.305448316654125,Merredin,"Wheatbelt, Western Australia"
2018-07-20,0.0,23.305448316654125,Merredin,"Wheatbelt, Western Australia"
2018-07-21,0.0,23.305448316654125,Merredin,"Wheatbelt, Western Australia"
2018-07-22,0.6778306089794556,23.305448316654125,Merredin,"Wheatbelt, Western Australia"
2018-07-23,0.0,23.305448316654125,Merredin,"Wheatbelt, Western Australia"
2018-07-24,0.0,23.305448316654125,Merredin,"Wheatbelt, Western Australia"
2018-07-25,0.0,23.305448316654125,Merredin,"Wheatbelt, Western Australia"
2018-07-26,0.0,23.305448316654125,Merredin,"Wheatbelt, Western Australia"
2018-07-27,0.0,23.305448316654125,Merredin,"Wheatbelt, Western Australia"
2018-07-28,0.0,23.305448316654125,Merredin,"Wheatbelt, Western Australia"
2018-07-29,0.0,23.305448316654125,Merredin,"Wheatbelt, Western Australia"
2018-07-30,0.0,23.305448316654125,Merredin,"Wheatbelt, Western Australia"
2018-07-31,0.0,23.305448316654125,Merredin,"Wheatbelt, Western Australia"
2018-08-01,0.0,10.702173572935587,Merredin,"Wheatbelt, Western Australia"
2018-08-02,0.0,10.702173572935587,Merredin,"Wheatbelt, Western Australia"
2018-08-03,0.0,10.702173572935587,Merredin,"Wheatbelt, Western Australia"
2018-08-04,0.0,10.702173572935587,Merredin,"Wheatbelt, Western Australia"
2018-08-05,0.0,10.702173572935587,Merredin,"Wheatbelt, Western Australia"
2018-08-06,0.0,10.702173572935587,Merredin,"Wheatbelt, Western Australia"
2018-08-07,2.2023927277217648,10.702173572935587,Merredin,"Wheatbelt, Western Australia"
2018-08-08,0.0,10.702173572935587,Merredin,"Wheatbelt, Western Australia"
2018-08-09,0.0,10.702173572935587,Merredin,"Wheatbelt, Western Australia"
2018-08-10,1.3350049728607354,10.702173572935587,Merredin,"Wheatbelt, Western Australia"
2018-08-11,0.49066041837129926,10.702173572935587,Merredin,"Wheatbelt, Western Australia"
2018-08-12,0.0,10.702173572935587,Merredin,"Wheatbelt, Western Australia"
2018-08-13,0.0,10.702173572935587,Merredin,"Wheatbelt, Western Australia"
2018-08-14,0.0,10.702173572935587,Merredin,"Wheatbelt, Western Australia"
2018-08-15,4.342194477318871,10.702173572935587,Merredin,"Wheatbelt, Western Australia"
2018-08-16,0.0,10.702173572935587,Merredin,"Wheatbelt, Western Australia"
2018-08-17,0.0,10.702173572935587,Merredin,"Wheatbelt, Western Australia"
2018-08-18,0.0,10.702173572935587,Merredin,"Wheatbelt, Western Australia"
2018-08-19,0.0,10.702173572935587,Merredin,"Wheatbelt, Western Australia"
2018-08-20,0.0,10.702173572935587,Merredin,"Wheatbelt, Western Australia"
2018-08-21,0.0,10.702173572935587,Merredin,"Wheatbelt, Western Australia"
2018-08-22,0.0,10.702173572935587,Merredin,"Wheatbelt, Western Australia"
2018-08-23,0.0,10.702173572935587,Merredin,"Wheatbelt, Western Australia"
2018-08-24,0.0,10.702173572935587,Merredin,"Wheatbelt, Western Australia"
2018-08-25,2.3319209766629174,10.702173572935587,Merredin,"Wheatbelt, Western Australia"
2018-08-26,0.0,10.702173572935587,Merredin,"Wheatbelt, Western Australia"
2018-08-27,0.0,10.702173572935587,Merredin,"Wheatbelt, Western Australia"
2018-08-28,0.0,10.702173572935587,Merredin,"Wheatbelt, Western Australia"
2018-08-29,0.0,10.702173572935587,Merredin,"Wheatbelt, Western Australia"
2018-08-30,0.0,10.702173572935587,Merredin,"Wheatbelt, Western Australia"
2018-08-31,0.0,10.702173572935587,Merredin,"Wheatbelt, Western Australia"
2018-09-01,0.0,23.152477860687846,Merredin,"Wheatbelt, Western Australia"
2018-09-02,0.0,23.152477860687846,Merredin,"Wheatbelt, Western Australia"
2018-09-03,0.0,23.152477860687846,Merredin,"Wheatbelt, Western Australia"
2018-09-04,0.0,23.152477860687846,Merredin,"Wheatbelt, Western Australia"
2018-09-05,0.0,23.152477860687846,Merredin,"Wheatbelt, Western Australia"
2018-09-06,0.0,23.152477860687846,Merredin,"Wheatbelt, Western Australia"
2018-09-07,0.0,23.152477860687846,Merredin,"Wheatbelt, Western Australia"
2018-09-08,0.0,23.152477860687846,Merredin,"Wheatbelt, Western Australia"
2018-09-09,0.0,23.152477860687846,Merredin,"Wheatbelt, Western Australia"
2018-09-10,0.0,23.152477860687846,Merredin,"Wheatbelt, Western Australia"
2018-09-11,0.0,23.152477860687846,Merredin,"Wheatbelt, Western Australia"
2018-09-12,0.0,23.152477860687846,Merredin,"Wheatbelt, Western Australia"
2018-09-13,0.0,23.152477860687846,Merredin,"Wheatbelt, Western Australia"
2018-09-14,0.0,23.152477860687846,Merredin,"Wheatbelt, Western Australia"
2018-09-15,0.0,23.152477860687846,Merredin,"Wheatbelt, Western Australia"
2018-09-16,2.6659952091910313,23.152477860687846,Merredin,"Wheatbelt, Western Australia"
2018-09-17,4.569554830813732,23.152477860687846,Merredin,"Wheatbelt, Western Australia"
2018-09-18,0.0,23.152477860687846,Merredin,"Wheatbelt, Western Australia"
2018-09-19,0.0,23.152477860687846,Merredin,"Wheatbelt, Western Australia"
2018-09-20,3.5888423954916315,23.152477860687846,Merredin,"Wheatbelt, Western Australia"
2018-09-21,0.0,23.152477860687846,Merredin,"Wheatbelt, Western Australia"
2018-09-22,0.0,23.152477860687846,Merredin,"Wheatbelt, Western Australia"
2018-09-23,4.749886304739044,23.152477860687846,Merredin,"Wheatbelt, Western Australia"
2018-09-24,0.0,23.152477860687846,Merredin,"Wheatbelt, Western Australia"
2018-09-25,0.0,23.152477860687846,Merredin,"Wheatbelt, Western Australia"
2018-09-26,0.0,23.152477860687846,Merredin,"Wheatbelt, Western Australia"
2018-09-27,0.0,23.152477860687846,Merredin,"Wheatbelt, Western Australia"
2018-09-28,7.578199120452409,23.152477860687846,Merredin,"Wheatbelt, Western Australia"
2018-09-29,0.0,23.152477860687846,Merredin,"Wheatbelt, Western Australia"
2018-09-30,0.0,23.152477860687846,Merredin,"Wheatbelt, Western Australia"
2018-10-01,0.0,22.286181744378624,Merredin,"Wheatbelt, Western Australia"
2018-10-02,0.0,22.286181744378624,Merredin,"Wheatbelt, Western Australia"
2018-10-03,0.0,22.286181744378624,Merredin,"Wheatbelt, Western Australia"
2018-10-04,3.568473024311974,22.286181744378624,Merredin,"Wheatbelt, Western Australia"
2018-10-05,0.34582085582086847,22.286181744378624,Merredin,"Wheatbelt, Western Australia"
2018-10-06,0.0,22.286181744378624,Merredin,"Wheatbelt, Western Australia"
2018-10-07,0.0,22.286181744378624,Merredin,"Wheatbelt, Western Australia"
2018-10-08,0.0,22.286181744378624,Merredin,"Wheatbelt, Western Australia"
2018-10-09,0.0,22.286181744378624,Merredin,"Wheatbelt, Western Australia"
2018-10-10,2.445081171726057,22.286181744378624,Merredin,"Wheatbelt, Western Australia"
2018-10-11,0.0,22.286181744378624,Merredin,"Wheatbelt, Western Australia"
2018-10-12,0.0,22.286181744378624,Merredin,"Wheatbelt, Western Australia"
2018-10-13,0.0,22.286181744378624,Merredin,"Wheatbelt, Western Australia"
2018-10-14,0.0,22.286181744378624,Merredin,"Wheatbelt, Western Australia"
2018-10-15,2.183461690782948,22.286181744378624,Merredin,"Wheatbelt, Western Australia"
2018-10-16,0.0,22.286181744378624,Merredin,"Wheatbelt, Western Australia"
2018-10-17,0.0,22.286181744378624,Merredin,"Wheatbelt, Western Australia"
2018-10-18,0.0,22.286181744378624,Merredin,"Wheatbelt, Western Australia"
2018-10-19,0.0,22.286181744378624,Merredin,"Wheatbelt, Western Australia"
2018-10-20,0.0,22.286181744378624,Merredin,"Wheatbelt, Western Australia"
2018-10-21,0.0,22.286181744378624,Merredin,"Wheatbelt, Western Australia"
2018-10-22,0.0,22.286181744378624,Merredin,"Wheatbelt, Western Australia"
2018-10-23,4.611085095147572,22.286181744378624,Merredin,"Wheatbelt, Western Australia"
2018-10-24,3.019863550068089,22.286181744378624,Merredin,"Wheatbelt, Western Australia"
2018-10-25,0.0,22.286181744378624,Merredin,"Wheatbelt, Western Australia"
2018-10-26,0.0,22.286181744378624,Merredin,"Wheatbelt, Western Australia"
2018-10-27,0.0,22.286181744378624,Merredin,"Wheatbelt, Western Australia"
2018-10-28,0.0,22.286181744378624,Merredin,"Wheatbelt, Western Australia"
2018-10-29,6.112396356521116,22.286181744378624,Merredin,"Wheatbelt, Western Australia"
2018-10-30,0.0,22.286181744378624,Merredin,"Wheatbelt, Western Australia"
2018-10-31,0.0,22.286181744378624,Merredin,"Wheatbelt, Western Australia"
2018-11-01,3.414096086811322,17.823672637544067,Merredin,"Wheatbelt, Western Australia"
2018-11-02,0.0,17.823672637544067,Merredin,"Wheatbelt, Western Australia"
2018-11-03,0.0,17.823672637544067,Merredin,"Wheatbelt, Western Australia"
2018-11-04,4.0052483382808814,17.823672637544067,Merredin,"Wheatbelt, Western Australia"
2018-11-05,2.534486851981005,17.823672637544067,Merredin,"Wheatbelt, Western Australia"
2018-11-06,0.0,17.823672637544067,Merredin,"Wheatbelt, Western Australia"
2018-11-07,0.0,17.823672637544067,Merredin,"Wheatbelt, Western Australia"
2018-11-08,0.0,17.823672637544067,Merredin,"Wheatbelt, Western Australia"
2018-11-09,0.0,17.823672637544067,Merredin,"Wheatbelt, Western Australia"
2018-11-10,0.0,17.823672637544067,Merredin,"Wheatbelt, Western Australia"
2018-11-11,0.0,17.823672637544067,Merredin,"Wheatbelt, Western Australia"
2018-11-12,0.0,17.823672637544067,Merredin,"Wheatbelt, Western Australia"
2018-11-13,0.0,17.823672637544067,Merredin,"Wheatbelt, Western Australia"
2018-11-14,0.0,17.823672637544067,Merredin,"Wheatbelt, Western Australia"
2018-11-15,0.0,17.823672637544067,Merredin,"Wheatbelt, Western Australia"
2018-11-16,0.0,17.823672637544067,Merredin,"Wheatbelt, Western Australia"
2018-11-17,0.0,17.823672637544067,Merredin,"Wheatbelt, Western Australia"
2018-11-18,0.0,17.823672637544067,Merredin,"Wheatbelt, Western Australia"
2018-11-19,0.0,17.823672637544067,Merredin,"Wheatbelt, Western Australia"
2018-11-20,0.0,17.823672637544067,Merredin,"Wheatbelt, Western Australia"
2018-11-21,0.0,17.823672637544067,Merredin,"Wheatbelt, Western Australia"
2018-11-22,0.0,17.823672637544067,Merredin,"Wheatbelt, Western Australia"
2018-11-23,0.0,17.823672637544067,Merredin,"Wheatbelt, Western Australia"
2018-11-24,0.0,17.823672637544067,Merredin,"Wheatbelt, Western Australia"
2018-11-25,0.0,17.823672637544067,Merredin,"Wheatbelt, Western Australia"
2018-11-26,0.0,17.823672637544067,Merredin,"Wheatbelt, Western Australia"
2018-11-27,0.0,17.823672637544067,Merredin,"Wheatbelt, Western Australia"
2018-11-28,0.0,17.823672637544067,Merredin,"Wheatbelt, Western Australia"
2018-11-29,1.3915458816070316,17.823672637544067,Merredin,"Wheatbelt, Western Australia"
2018-11-30,6.478295478863829,17.823672637544067,Merredin,"Wheatbelt, Western Australia"
2018-12-01,0.0,22.982270000855138,Merredin,"Wheatbelt, Western Australia"
2018-12-02,0.0,22.982270000855138,Merredin,"Wheatbelt, Western Australia"
2018-12-03,0.0,22.982270000855138,Merredin,"Wheatbelt, Western Australia"
2018-12-04,0.0,22.982270000855138,Merredin,"Wheatbelt, Western Australia"
2018-12-05,4.520645846517308,22.982270000855138,Merredin,"Wheatbelt, Western Australia"
2018-12-06,0.0,22.982270000855138,Merredin,"Wheatbelt, Western Australia"
2018-12-07,0.0,22.982270000855138,Merredin,"Wheatbelt, Western Australia"
2018-12-08,0.0,22.982270000855138,Merredin,"Wheatbelt, Western Australia"
2018-12-09,3.6931625770958285,22.982270000855138,Merredin,"Wheatbelt, Western Australia"
2018-12-10,0.0,22.982270000855138,Merredin,"Wheatbelt, Western Australia"
2018-12-11,0.0,22.982270000855138,Merredin,"Wheatbelt, Western Australia"
2018-12-12,0.0,22.982270000855138,Merredin,"Wheatbelt, Western Australia"
2018-12-13,0.0,22.982270000855138,Merredin,"Wheatbelt, Western Australia"
2018-12-14,0.0,22.982270000855138,Merredin,"Wheatbelt, Western Australia"
2018-12-15,0.0,22.982270000855138,Merredin,"Wheatbelt, Western Australia"
2018-12-16,0.0,22.982270000855138,Merredin,"Wheatbelt, Western Australia"
2018-12-17,2.108559806498134,22.982270000855138,Merredin,"Wheatbelt, Western Australia"
2018-12-18,7.413888028801479,22.982270000855138,Merredin,"Wheatbelt, Western Australia"
2018-12-19,0.0,22.982270000855138,Merredin,"Wheatbelt, Western Australia"
2018-12-20,0.0,22.982270000855138,Merredin,"Wheatbelt, Western Australia"
2018-12-21,0.0,22.982270000855138,Merredin,"Wheatbelt, Western Australia"
2018-12-22,0.0,22.982270000855138,Merredin,"Wheatbelt, Western Australia"
2018-12-23,0.0,22.982270000855138,Merredin,"Wheatbelt, Western Australia"
2018-12-24,0.0,22.982270000855138,Merredin,"Wheatbelt, Western Australia"
2018-12-25,0.0,22.982270000855138,Merredin,"Wheatbelt, Western Australia"
2018-12-26,0.0,22.982270000855138,Merredin,"Wheatbelt, Western Australia"
2018-12-27,0.0,22.982270000855138,Merredin,"Wheatbelt, Western Australia"
2018-12-28,0.0,22.982270000855138,Merredin,"Wheatbelt, Western Australia"
2018-12-29,2.350068389032844,22.982270000855138,Merredin,"Wheatbelt, Western Australia"
2018-12-30,2.8959453529095436,22.982270000855138,Merredin,"Wheatbelt, Western Australia"
2018-12-31,0.0,22.982270000855138,Merredin,"Wheatbelt, Western Australia"
2019-01-01,0.0,39.4740032084617,Merredin,"Wheatbelt, Western Australia"
2019-01-02,0.0,39.4740032084617,Merredin,"Wheatbelt, Western Australia"
2019-01-03,0.0,39.4740032084617,Merredin,"Wheatbelt, Western Australia"
2019-01-04,0.0,39.4740032084617,Merredin,"Wheatbelt, Western Australia"
2019-01-05,4.416829293049495,39.4740032084617,Merredin,"Wheatbelt, Western Australia"
2019-01-06,0.0,39.4740032084617,Merredin,"Wheatbelt, Western Australia"
2019-01-07,0.0,39.4740032084617,Merredin,"Wheatbelt, Western Australia"
2019-01-08,0.0,39.4740032084617,Merredin,"Wheatbelt, Western Australia"
2019-01-09,0.0,39.4740032084617,Merredin,"Wheatbelt, Western Australia"
2019-01-10,0.0,39.4740032084617,Merredin,"Wheatbelt, Western Australia"
2019-01-11,0.0,39.4740032084617,Merredin,"Wheatbelt, Western Australia"
2019-01-12,0.0,39.4740032084617,Merredin,"Wheatbelt, Western Australia"
2019-01-13,0.0,39.4740032084617,Merredin,"Wheatbelt, Western Australia"
2019-01-14,0.0,39.4740032084617,Merredin,"Wheatbelt, Western Australia"
2019-01-15,0.0,39.4740032084617,Merredin,"Wheatbelt, Western Australia"
2019-01-16,0.0,39.4740032084617,Merredin,"Wheatbelt, Western Australia"
2019-01-17,0.0,39.4740032084617,Merredin,"Wheatbelt, Western Australia"
2019-01-18,0.0,39.4740032084617,Merredin,"Wheatbelt, Western Australia"
2019-01-19,0.0,39.4740032084617,Merredin,"Wheatbelt, Western Australia"
2019-01-20,0.0,39.4740032084617,Merredin,"Wheatbelt, Western Australia"
2019-01-21,0.0,39.4740032084617,Merredin,"Wheatbelt, Western Australia"
2019-01-22,15.175524883632423,39.4740032084617,Merredin,"Wheatbelt, Western Australia"
2019-01-23,0.0,39.4740032084617,Merredin,"Wheatbelt, Western Australia"
2019-01-24,2.36536837623389,39.4740032084617,Merredin,"Wheatbelt, Western Australia"
2019-01-25,2.86926926933573,39.4740032084617,Merredin,"Wheatbelt, Western Australia"
2019-01-26,0.0,39.4740032084617,Merredin,"Wheatbelt, Western Australia"
2019-01-27,4.779051478254557,39.4740032084617,Merredin,"Wheatbelt, Western Australia"
2019-01-28,0.0,39.4740032084617,Merredin,"Wheatbelt, Western Australia"
2019-01-29,5.646766018399275,39.4740032084617,Merredin,"Wheatbelt, Western Australia"
2019-01-30,0.0,39.4740032084617,Merredin,"Wheatbelt, Western Australia"
2019-01-31,4.2211938895563295,39.4740032084617,Merredin,"Wheatbelt, Western Australia"
2019-02-01,0.0,41.45563260007179,Merredin,"Wheatbelt, Western Australia"
2019-02-02,4.081548673633963,41.45563260007179,Merredin,"Wheatbelt, Western Australia"
2019-02-03,7.079553456016745,41.45563260007179,Merredin,"Wheatbelt, Western Australia"
2019-02-04,0.0,41.45563260007179,Merredin,"Wheatbelt, Western Australia"
2019-02-05,0.0,41.45563260007179,Merredin,"Wheatbelt, Western Australia"
2019-02-06,0.0,41.45563260007179,Merredin,"Wheatbelt, Western Australia"
2019-02-07,0.0,41.45563260007179,Merredin,"Wheatbelt, Western Australia"
2019-02-08,0.0,41.45563260007179,Merredin,"Wheatbelt, Western Australia"
2019-02-09,0.0,41.45563260007179,Merredin,"Wheatbelt, Western Australia"
2019-02-10,0.0,41.45563260007179,Merredin,"Wheatbelt, Western Australia"
2019-02-11,6.06358966471867,41.45563260007179,Merredin,"Wheatbelt, Western Australia"
2019-02-12,10.948358990797933,41.45563260007179,Merredin,"Wheatbelt, Western Australia"
2019-02-13,0.0,41.45563260007179,Merredin,"Wheatbelt, Western Australia"
2019-02-14,0.0,41.45563260007179,Merredin,"Wheatbelt, Western Australia"
2019-02-15,0.0,41.45563260007179,Merredin,"Wheatbelt, Western Australia"
2019-02-16,0.0,41.45563260007179,Merredin,"Wheatbelt, Western Australia"
2019-02-17,3.6731411838897685,41.45563260007179,Merredin,"Wheatbelt, Western Australia"
2019-02-18,2.0798139644210436,41.45563260007179,Merredin,"Wheatbelt, Western Australia"
2019-02-19,0.0,41.45563260007179,Merredin,"Wheatbelt, Western Australia"
2019-02-20,3.1819220084615703,41.45563260007179,Merredin,"Wheatbelt, Western Australia"
2019-02-21,3.084054260884013,41.45563260007179,Merredin,"Wheatbelt, Western Australia"
2019-02-22,0.0,41.45563260007179,Merredin,"Wheatbelt, Western Australia"
2019-02-23,1.2636503972480797,41.45563260007179,Merredin,"Wheatbelt, Western Australia"
2019-02-24,0.0,41.45563260007179,Merredin,"Wheatbelt, Western Australia"
2019-02-25,0.0,41.45563260007179,Merredin,"Wheatbelt, Western Australia"
2019-02-26,0.0,41.45563260007179,Merredin,"Wheatbelt, Western Australia"
2019-02-27,0.0,41.45563260007179,Merredin,"Wheatbelt, Western Australia"
2019-02-28,0.0,41.45563260007179,Merredin,"Wheatbelt, Western Australia"
2019-03-01,5.197483846535337,36.46504628866011,Merredin,"Wheatbelt, Western Australia"
2019-03-02,5.8317274334494895,36.46504628866011,Merredin,"Wheatbelt, Western Australia"
2019-03-03,0.0,36.46504628866011,Merredin,"Wheatbelt, Western Australia"
2019-03-04,3.6335675410502994,36.46504628866011,Merredin,"Wheatbelt, Western Australia"
2019-03-05,0.0,36.46504628866011,Merredin,"Wheatbelt, Western Australia"
2019-03-06,0.0,36.46504628866011,Merredin,"Wheatbelt, Western Australia"
2019-03-07,0.0,36.46504628866011,Merredin,"Wheatbelt, Western Australia"
2019-03-08,0.0,36.46504628866011,Merredin,"Wheatbelt, Western Australia"
2019-03-09,0.0,36.46504628866011,Merredin,"Wheatbelt, Western Australia"
2019-03-10,0.0,36.46504628866011,Merredin,"Wheatbelt, Western Australia"
2019-03-11,0.0,36.46504628866011,Merredin,"Wheatbelt, Western Australia"
2019-03-12,0.0,36.46504628866011,Merredin,"Wheatbelt, Western Australia"
2019-03-13,0.0,36.46504628866011,Merredin,"Wheatbelt, Western Australia"
2019-03-14,0.0,36.46504628866011,Merredin,"Wheatbelt, Western Australia"
2019-03-15,2.461931479299415,36.46504628866011,Merredin,"Wheatbelt, Western Australia"
2019-03-16,0.0,36.46504628866011,Merredin,"Wheatbelt, Western Australia"
2019-03-17,0.0,36.46504628866011,Merredin,"Wheatbelt, Western Australia"
2019-03-18,0.9891062148049647,36.46504628866011,Merredin,"Wheatbelt, Western Australia"
2019-03-19,0.0,36.46504628866011,Merredin,"Wheatbelt, Western Australia"
2019-03-20,0.0,36.46504628866011,Merredin,"Wheatbelt, Western Australia"
2019-03-21,0.0,36.46504628866011,Merredin,"Wheatbelt, Western Australia"
2019-03-22,4.108919783983916,36.46504628866011,Merredin,"Wheatbelt, Western Australia"
2019-03-23,4.2525569719404555,36.46504628866011,Merredin,"Wheatbelt, Western Australia"
2019-03-24,0.0,36.46504628866011,Merredin,"Wheatbelt, Western Australia"
2019-03-25,4.883333449081981,36.46504628866011,Merredin,"Wheatbelt, Western Australia"
2019-03-26,0.0,36.46504628866011,Merredin,"Wheatbelt, Western Australia"
2019-03-27,2.7854069521111793,36.46504628866011,Merredin,"Wheatbelt, Western Australia"
2019-03-28,2.321012616403077,36.46504628866011,Merredin,"Wheatbelt, Western Australia"
2019-03-29,0.0,36.46504628866011,Merredin,"Wheatbelt, Western Australia"
2019-03-30,0.0,36.46504628866011,Merredin,"Wheatbelt, Western Australia"
2019-03-31,0.0,36.46504628866011,Merredin,"Wheatbelt, Western Australia"
2019-04-01,0.0,36.552156313025385,Merredin,"Wheatbelt, Western Australia"
2019-04-02,0.0,36.552156313025385,Merredin,"Wheatbelt, Western Australia"
2019-04-03,0.0,36.552156313025385,Merredin,"Wheatbelt, Western Australia"
2019-04-04,0.0,36.552156313025385,Merredin,"Wheatbelt, Western Australia"
2019-04-05,4.334938601458546,36.552156313025385,Merredin,"Wheatbelt, Western Australia"
2019-04-06,7.277493149548819,36.552156313025385,Merredin,"Wheatbelt, Western Australia"
2019-04-07,0.0,36.552156313025385,Merredin,"Wheatbelt, Western Australia"
2019-04-08,0.0,36.552156313025385,Merredin,"Wheatbelt, Western Australia"
2019-04-09,0.0,36.552156313025385,Merredin,"Wheatbelt, Western Australia"
2019-04-10,0.0,36.552156313025385,Merredin,"Wheatbelt, Western Australia"
2019-04-11,3.886999287619481,36.552156313025385,Merredin,"Wheatbelt, Western Australia"
2019-04-12,0.0,36.552156313025385,Merredin,"Wheatbelt, Western Australia"
2019-04-13,0.0,36.552156313025385,Merredin,"Wheatbelt, Western Australia"
2019-04-14,0.0,36.552156313025385,Merredin,"Wheatbelt, Western Australia"
2019-04-15,2.14798487011935,36.552156313025385,Merredin,"Wheatbelt, Western Australia"
2019-04-16,0.0,36.552156313025385,Merredin,"Wheatbelt, Western Australia"
2019-04-17,0.0,36.552156313025385,Merredin,"Wheatbelt, Western Australia"
2019-04-18,0.0,36.552156313025385,Merredin,"Wheatbelt, Western Australia"
2019-04-19,0.0,36.552156313025385,Merredin,"Wheatbelt, Western Australia"
2019-04-20,0.0,36.552156313025385,Merredin,"Wheatbelt, Western Australia"
2019-04-21,0.0,36.552156313025385,Merredin,"Wheatbelt, Western Australia"
2019-04-22,0.0,36.552156313025385,Merredin,"Wheatbelt, Western Australia"
2019-04-23,4.636399190899033,36.552156313025385,Merredin,"Wheatbelt, Western Australia"
2019-04-24,7.794131297225501,36.552156313025385,Merredin,"Wheatbelt, Western Australia"
2019-04-25,0.0,36.552156313025385,Merredin,"Wheatbelt, Western Australia"
2019-04-26,4.672063975066171,36.552156313025385,Merredin,"Wheatbelt, Western Australia"
2019-04-27,0.0,36.552156313025385,Merredin,"Wheatbelt, Western Australia"
2019-04-28,0.0,36.552156313025385,Merredin,"Wheatbelt, Western Australia"
2019-04-29,1.802145941088483,36.552156313025385,Merredin,"Wheatbelt, Western Australia"
2019-04-30,0.0,36.552156313025385,Merredin,"Wheatbelt, Western Australia"
2019-05-01,0.0,15.02206018436988,Merredin,"Wheatbelt, Western Australia"
2019-05-02,0.0,15.02206018436988,Merredin,"Wheatbelt, Western Australia"
2019-05-03,0.0,15.02206018436988,Merredin,"Wheatbelt, Western Australia"
2019-05-04,0.7832327284839357,15.02206018436988,Merredin,"Wheatbelt, Western Australia"
2019-05-05,0.0,15.02206018436988,Merredin,"Wheatbelt, Western Australia"
2019-05-06,0.0,15.02206018436988,Merredin,"Wheatbelt, Western Australia"
2019-05-07,0.0,15.02206018436988,Merredin,"Wheatbelt, Western Australia"
2019-05-08,2.2037091499320383,15.02206018436988,Merredin,"Wheatbelt, Western Australia"
2019-05-09,7.053407857538853,15.02206018436988,Merredin,"Wheatbelt, Western Australia"
2019-05-10,0.0,15.02206018436988,Merredin,"Wheatbelt, Western Australia"
2019-05-11,0.0,15.02206018436988,Merredin,"Wheatbelt, Western Australia"
2019-05-12,0.0,15.02206018436988,Merredin,"Wheatbelt, Western Australia"
2019-05-13,0.0,15.02206018436988,Merredin,"Wheatbelt, Western Australia"
2019-05-14,0.0,15.02206018436988,Merredin,"Wheatbelt, Western Australia"
2019-05-15,2.714077956087175,15.02206018436988,Merredin,"Wheatbelt, Western Australia"
2019-05-16,2.267632492327879,15.02206018436988,Merredin,"Wheatbelt, Western Australia"
2019-05-17,0.0,15.02206018436988,Merredin,"Wheatbelt, Western Australia"
2019-05-18,0.0,15.02206018436988,Merredin,"Wheatbelt, Western Australia"
2019-05-19,0.0,15.02206018436988,Merredin,"Wheatbelt, Western Australia"
2019-05-20,0.0,15.02206018436988,Merredin,"Wheatbelt, Western Australia"
2019-05-21,0.0,15.02206018436988,Merredin,"Wheatbelt, Western Australia"
2019-05-22,0.0,15.02206018436988,Merredin,"Wheatbelt, Western Australia"
2019-05-23,0.0,15.02206018436988,Merredin,"Wheatbelt, Western Australia"
2019-05-24,0.0,15.02206018436988,Merredin,"Wheatbelt, Western Australia"
2019-05-25,0.0,15.02206018436988,Merredin,"Wheatbelt, Western Australia"
2019-05-26,0.0,15.02206018436988,Merredin,"Wheatbelt, Western Australia"
2019-05-27,0.0,15.02206018436988,Merredin,"Wheatbelt, Western Australia"
2019-05-28,0.0,15.02206018436988,Merredin,"Wheatbelt, Western Australia"
2019-05-29,0.0,15.02206018436988,Merredin,"Wheatbelt, Western Australia"
2019-05-30,0.0,15.02206018436988,Merredin,"Wheatbelt, Western Australia"
2019-05-31,0.0,15.02206018436988,Merredin,"Wheatbelt, Western Australia"
2019-06-01,0.0,38.41909207297683,Merredin,"Wheatbelt, Western Australia"
2019-06-02,0.0,38.41909207297683,Merredin,"Wheatbelt, Western Australia"
2019-06-03,0.0,38.41909207297683,Merredin,"Wheatbelt, Western Australia"
2019-06-04,0.0,38.41909207297683,Merredin,"Wheatbelt, Western Australia"
2019-06-05,4.160708328107224,38.41909207297683,Merredin,"Wheatbelt, Western Australia"
2019-06-06,0.0,38.41909207297683,Merredin,"Wheatbelt, Western Australia"
2019-06-07,0.0,38.41909207297683,Merredin,"Wheatbelt, Western Australia"
2019-06-08,6.1571297048603695,38.41909207297683,Merredin,"Wheatbelt, Western Australia"
2019-06-09,0.0,38.41909207297683,Merredin,"Wheatbelt, Western Australia"
2019-06-10,3.2946858588441343,38.41909207297683,Merredin,"Wheatbelt, Western Australia"
2019-06-11,0.0,38.41909207297683,Merredin,"Wheatbelt, Western Australia"
2019-06-12,0.0,38.41909207297683,Merredin,"Wheatbelt, Western Australia"
2019-06-13,0.0,38.41909207297683,Merredin,"Wheatbelt, Western Australia"
2019-06-14,1.505545641750987,38.41909207297683,Merredin,"Wheatbelt, Western Australia"
2019-06-15,0.0,38.41909207297683,Merredin,"Wheatbelt, Western Australia"
2019-06-16,0.0,38.41909207297683,Merredin,"Wheatbelt, Western Australia"
2019-06-17,0.0,38.41909207297683,Merredin,"Wheatbelt, Western Australia"
2019-06-18,0.0,38.41909207297683,Merredin,"Wheatbelt, Western Australia"
2019-06-19,0.0,38.41909207297683,Merredin,"Wheatbelt, Western Australia"
2019-06-20,0.0,38.41909207297683,Merredin,"Wheatbelt, Western Australia"
2019-06-21,8.855779446534514,38.41909207297683,Merredin,"Wheatbelt, Western Australia"
2019-06-22,0.0,38.41909207297683,Merredin,"Wheatbelt, Western Australia"
2019-06-23,0.0,38.41909207297683,Merredin,"Wheatbelt, Western Australia"
2019-06-24,0.0,38.41909207297683,Merredin,"Wheatbelt, Western Australia"
2019-06-25,0.0,38.41909207297683,Merredin,"Wheatbelt, Western Australia"
2019-06-26,8.014775474531719,38.41909207297683,Merredin,"Wheatbelt, Western Australia"
2019-06-27,0.0,38.41909207297683,Merredin,"Wheatbelt, Western Australia"
2019-06-28,4.775289002763142,38.41909207297683,Merredin,"Wheatbelt, Western Australia"
2019-06-29,1.6551786155847406,38.41909207297683,Merredin,"Wheatbelt, Western Australia"
2019-06-30,0.0,38.41909207297683,Merredin,"Wheatbelt, Western Australia"
2019-07-01,0.0,13.167901867175232,Merredin,"Wheatbelt, Western Australia"
2019-07-02,0.0,13.167901867175232,Merredin,"Wheatbelt, Western Australia"
2019-07-03,0.0,13.167901867175232,Merredin,"Wheatbelt, Western Australia"
2019-07-04,0.0,13.167901867175232,Merredin,"Wheatbelt, Western Australia"
2019-07-05,0.0,13.167901867175232,Merredin,"Wheatbelt, Western Australia"
2019-07-06,0.0,13.167901867175232,Merredin,"Wheatbelt, Western Australia"
2019-07-07,0.0,13.167901867175232,Merredin,"Wheatbelt, Western Australia"
2019-07-08,0.0,13.167901867175232,Merredin,"Wheatbelt, Western Australia"
2019-07-09,0.0,13.167901867175232,Merredin,"Wheatbelt, Western Australia"
2019-07-10,0.0,13.167901867175232,Merredin,"Wheatbelt, Western Australia"
2019-07-11,0.0,13.167901867175232,Merredin,"Wheatbelt, Western Australia"
2019-07-12,0.0,13.167901867175232,Merredin,"Wheatbelt, Western Australia"
2019-07-13,0.0,13.167901867175232,Merredin,"Wheatbelt, Western Australia"
2019-07-14,0.0,13.167901867175232,Merredin,"Wheatbelt, Western Australia"
2019-07-15,0.0,13.167901867175232,Merredin,"Wheatbelt, Western Australia"
2019-07-16,0.0,13.167901867175232,Merredin,"Wheatbelt, Western Australia"
2019-07-17,0.0,13.167901867175232,Merredin,"Wheatbelt, Western Australia"
2019-07-18,0.0,13.167901867175232,Merredin,"Wheatbelt, Western Australia"
2019-07-19,8.139757951705546,13.167901867175232,Merredin,"Wheatbelt, Western Australia"
2019-07-20,0.0,13.167901867175232,Merredin,"Wheatbelt, Western Australia"
2019-07-21,0.0,13.167901867175232,Merredin,"Wheatbelt, Western Australia"
2019-07-22,0.0,13.167901867175232,Merredin,"Wheatbelt, Western Australia"
2019-07-23,0.0,13.167901867175232,Merredin,"Wheatbelt, Western Australia"
2019-07-24,1.7971014130192917,13.167901867175232,Merredin,"Wheatbelt, Western Australia"
2019-07-25,0.0,13.167901867175232,Merredin,"Wheatbelt, Western Australia"
2019-07-26,0.0,13.167901867175232,Merredin,"Wheatbelt, Western Australia"
2019-07-27,0.0,13.167901867175232,Merredin,"Wheatbelt, Western Australia"
2019-07-28,3.2310425024503946,13.167901867175232,Merredin,"Wheatbelt, Western Australia"
2019-07-29,0.0,13.167901867175232,Merredin,"Wheatbelt, Western Australia"
2019-07-30,0.0,13.167901867175232,Merredin,"Wheatbelt, Western Australia"
2019-07-31,0.0,13.167901867175232,Merredin,"Wheatbelt, Western Australia"
2019-08-01,6.641911129402703,32.42827510649576,Merredin,"Wheatbelt, Western Australia"
2019-08-02,0.0,32.42827510649576,Merredin,"Wheatbelt, Western Australia"
2019-08-03,0.0,32.42827510649576,Merredin,"Wheatbelt, Western Australia"
2019-08-04,0.0,32.42827510649576,Merredin,"Wheatbelt, Western Australia"
2019-08-05,0.0,32.42827510649576,Merredin,"Wheatbelt, Western Australia"
2019-08-06,0.0,32.42827510649576,Merredin,"Wheatbelt, Western Australia"
2019-08-07,0.0,32.42827510649576,Merredin,"Wheatbelt, Western Australia"
2019-08-08,3.688062715185978,32.42827510649576,Merredin,"Wheatbelt, Western Australia"
2019-08-09,0.0,32.42827510649576,Merredin,"Wheatbelt, Western Australia"
2019-08-10,1.218783278788509,32.42827510649576,Merredin,"Wheatbelt, Western Australia"
2019-08-11,0.0,32.42827510649576,Merredin,"Wheatbelt, Western Australia"
2019-08-12,0.0,32.42827510649576,Merredin,"Wheatbelt, Western Australia"
2019-08-13,4.398293041798448,32.42827510649576,Merredin,"Wheatbelt, Western Australia"
2019-08-14,0.0,32.42827510649576,Merredin,"Wheatbelt, Western Australia"
2019-08-15,2.932609531947155,32.42827510649576,Merredin,"Wheatbelt, Western Australia"
2019-08-16,0.0,32.42827510649576,Merredin,"Wheatbelt, Western Australia"
2019-08-17,0.0,32.42827510649576,Merredin,"Wheatbelt, Western Australia"
2019-08-18,0.0,32.42827510649576,Merredin,"Wheatbelt, Western Australia"
2019-08-19,3.5850618464778203,32.42827510649576,Merredin,"Wheatbelt, Western Australia"
2019-08-20,0.0,32.42827510649576,Merredin,"Wheatbelt, Western Australia"
2019-08-21,0.0,32.42827510649576,Merredin,"Wheatbelt, Western Australia"
2019-08-22,0.0,32.42827510649576,Merredin,"Wheatbelt, Western Australia"
2019-08-23,0.846208570764495,32.42827510649576,Merredin,"Wheatbelt, Western Australia"
2019-08-24,2.3357194683120377,32.42827510649576,Merredin,"Wheatbelt, Western Australia"
2019-08-25,0.0,32.42827510649576,Merredin,"Wheatbelt, Western Australia"
2019-08-26,0.0,32.42827510649576,Merredin,"Wheatbelt, Western Australia"
2019-08-27,3.572621593817531,32.42827510649576,Merredin,"Wheatbelt, Western Australia"
2019-08-28,3.209003930001085,32.42827510649576,Merredin,"Wheatbelt, Western Australia"
2019-08-29,0.0,32.42827510649576,Merredin,"Wheatbelt, Western Australia"
2019-08-30,0.0,32.42827510649576,Merredin,"Wheatbelt, Western Australia"
2019-08-31,0.0,32.42827510649576,Merredin,"Wheatbelt, Western Australia"
2019-09-01,0.0,31.31530011681299,Merredin,"Wheatbelt, Western Australia"
2019-09-02,0.0,31.31530011681299,Merredin,"Wheatbelt, Western Australia"
2019-09-03,4.391870371086487,31.31530011681299,Merredin,"Wheatbelt, Western Australia"
2019-09-04,2.450702323481281,31.31530011681299,Merredin,"Wheatbelt, Western Australia"
2019-09-05,0.0,31.31530011681299,Merredin,"Wheatbelt, Western Australia"
2019-09-06,0.0,31.31530011681299,Merredin,"Wheatbelt, Western Australia"
2019-09-07,0.0,31.31530011681299,Merredin,"Wheatbelt, Western Australia"
2019-09-08,1.5543202985492104,31.31530011681299,Merredin,"Wheatbelt, Western Australia"
2019-09-09,0.0,31.31530011681299,Merredin,"Wheatbelt, Western Australia"
2019-09-10,0.0,31.31530011681299,Merredin,"Wheatbelt, Western Australia"
2019-09-11,0.0,31.31530011681299,Merredin,"Wheatbelt, Western Australia"
2019-09-12,3.4315342291531112,31.31530011681299,Merredin,"Wheatbelt, Western Australia"
2019-09-13,0.7553164681260401,31.31530011681299,Merredin,"Wheatbelt, Western Australia"
2019-09-14,0.0,31.31530011681299,Merredin,"Wheatbelt, Western Australia"
2019-09-15,0.0,31.31530011681299,Merredin,"Wheatbelt, Western Australia"
2019-09-16,0.0,31.31530011681299,Merredin,"Wheatbelt, Western Australia"
2019-09-17,0.0,31.31530011681299,Merredin,"Wheatbelt, Western Australia"
2019-09-18,3.111250229026836,31.31530011681299,Merredin,"Wheatbelt, Western Australia"
2019-09-19,5.175329942195145,31.31530011681299,Merredin,"Wheatbelt, Western Australia"
2019-09-20,0.0,31.31530011681299,Merredin,"Wheatbelt, Western Australia"
2019-09-21,0.0,31.31530011681299,Merredin,"Wheatbelt, Western Australia"
2019-09-22,0.0,31.31530011681299,Merredin,"Wheatbelt, Western Australia"
2019-09-23,0.0,31.31530011681299,Merredin,"Wheatbelt, Western Australia"
2019-09-24,0.0,31.31530011681299,Merredin,"Wheatbelt, Western Australia"
2019-09-25,0.0,31.31530011681299,Merredin,"Wheatbelt, Western Australia"
2019-09-26,0.0,31.31530011681299,Merredin,"Wheatbelt, Western Australia"
2019-09-27,0.0,31.31530011681299,Merredin,"Wheatbelt, Western Australia"
2019-09-28,0.0,31.31530011681299,Merredin,"Wheatbelt, Western Australia"
2019-09-29,0.0,31.31530011681299,Merredin,"Wheatbelt, Western Australia"
2019-09-30,10.444976255194877,31.31530011681299,Merredin,"Wheatbelt, Western Australia"
2019-10-01,1.2456995650407858,22.845403830110246,Merredin,"Wheatbelt, Western Australia"
2019-10-02,0.0,22.845403830110246,Merredin,"Wheatbelt, Western Australia"
2019-10-03,0.7276855149248712,22.845403830110246,Merredin,"Wheatbelt, Western Australia"
2019-10-04,0.0,22.845403830110246,Merredin,"Wheatbelt, Western Australia"
2019-10-05,8.505226451912817,22.845403830110246,Merredin,"Wheatbelt, Western Australia"
2019-10-06,0.0,22.845403830110246,Merredin,"Wheatbelt, Western Australia"
2019-10-07,0.0,22.845403830110246,Merredin,"Wheatbelt, Western Australia"
2019-10-08,0.0,22.845403830110246,Merredin,"Wheatbelt, Western Australia"
2019-10-09,0.0,22.845403830110246,Merredin,"Wheatbelt, Western Australia"
2019-10-10,0.0,22.845403830110246,Merredin,"Wheatbelt, Western Australia"
2019-10-11,0.0,22.845403830110246,Merredin,"Wheatbelt, Western Australia"
2019-10-12,0.0,22.845403830110246,Merredin,"Wheatbelt, Western Australia"
2019-10-13,0.0,22.845403830110246,Merredin,"Wheatbelt, Western Australia"
2019-10-14,0.0,22.845403830110246,Merredin,"Wheatbelt, Western Australia"
2019-10-15,0.0,22.845403830110246,Merredin,"Wheatbelt, Western Australia"
2019-10-16,0.0,22.845403830110246,Merredin,"Wheatbelt, Western Australia"
2019-10-17,6.536353746820936,22.845403830110246,Merredin,"Wheatbelt, Western Australia"
2019-10-18,0.0,22.845403830110246,Merredin,"Wheatbelt, Western Australia"
2019-10-19,0.0,22.845403830110246,Merredin,"Wheatbelt, Western Australia"
2019-10-20,0.0,22.845403830110246,Merredin,"Wheatbelt, Western Australia"
2019-10-21,0.0,22.845403830110246,Merredin,"Wheatbelt, Western Australia"
2019-10-22,5.830438551410837,22.845403830110246,Merredin,"Wheatbelt, Western Australia"
2019-10-23,0.0,22.845403830110246,Merredin,"Wheatbelt, Western Australia"
2019-10-24,0.0,22.845403830110246,Merredin,"Wheatbelt, Western Australia"
2019-10-25,0.0,22.845403830110246,Merredin,"Wheatbelt, Western Australia"
2019-10-26,0.0,22.845403830110246,Merredin,"Wheatbelt, Western Australia"
2019-10-27,0.0,22.845403830110246,Merredin,"Wheatbelt, Western Australia"
2019-10-28,0.0,22.845403830110246,Merredin,"Wheatbelt, Western Australia"
2019-10-29,0.0,22.845403830110246,Merredin,"Wheatbelt, Western Australia"
2019-10-30,0.0,22.845403830110246,Merredin,"Wheatbelt, Western Australia"
2019-10-31,0.0,22.845403830110246,Merredin,"Wheatbelt, Western Australia"
2019-11-01,0.0,28.1560728326145,Merredin,"Wheatbelt, Western Australia"
2019-11-02,0.8880079818201048,28.1560728326145,Merredin,"Wheatbelt, Western Australia"
2019-11-03,3.193513301756239,28.1560728326145,Merredin,"Wheatbelt, Western Australia"
2019-11-04,4.579174367595668,28.1560728326145,Merredin,"Wheatbelt, Western Australia"
2019-11-05,6.20006282299435,28.1560728326145,Merredin,"Wheatbelt, Western Australia"
2019-11-06,0.0,28.1560728326145,Merredin,"Wheatbelt, Western Australia"
2019-11-07,0.0,28.1560728326145,Merredin,"Wheatbelt, Western Australia"
2019-11-08,0.0,28.1560728326145,Merredin,"Wheatbelt, Western Australia"
2019-11-09,0.0,28.1560728326145,Merredin,"Wheatbelt, Western Australia"
2019-11-10,0.0,28.1560728326145,Merredin,"Wheatbelt, Western Australia"
2019-11-11,0.0,28.1560728326145,Merredin,"Wheatbelt, Western Australia"
2019-11-12,3.7942716835358326,28.1560728326145,Merredin,"Wheatbelt, Western Australia"
2019-11-13,5.430135471450898,28.1560728326145,Merredin,"Wheatbelt, Western Australia"
2019-11-14,0.0,28.1560728326145,Merredin,"Wheatbelt, Western Australia"
2019-11-15,0.0,28.1560728326145,Merredin,"Wheatbelt, Western Australia"
2019-11-16,0.0,28.1560728326145,Merredin,"Wheatbelt, Western Australia"
2019-11-17,0.0,28.1560728326145,Merredin,"Wheatbelt, Western Australia"
2019-11-18,0.0,28.1560728326145,Merredin,"Wheatbelt, Western Australia"
2019-11-19,0.0,28.1560728326145,Merredin,"Wheatbelt, Western Australia"
2019-11-20,0.0,28.1560728326145,Merredin,"Wheatbelt, Western Australia"
2019-11-21,0.0,28.1560728326145,Merredin,"Wheatbelt, Western Australia"
2019-11-22,0.0,28.1560728326145,Merredin,"Wheatbelt, Western Australia"
2019-11-23,0.0,28.1560728326145,Merredin,"Wheatbelt, Western Australia"
2019-11-24,0.0,28.1560728326145,Merredin,"Wheatbelt, Western Australia"
2019-11-25,0.0,28.1560728326145,Merredin,"Wheatbelt, Western Australia"
2019-11-26,3.2399965992933786,28.1560728326145,Merredin,"Wheatbelt, Western Australia"
2019-11-27,0.0,28.1560728326145,Merredin,"Wheatbelt, Western Australia"
2019-11-28,0.0,28.1560728326145,Merredin,"Wheatbelt, Western Australia"
2019-11-29,0.8309106041680266,28.1560728326145,Merredin,"Wheatbelt, Western Australia"
2019-11-30,0.0,28.1560728326145,Merredin,"Wheatbelt, Western Australia"
2019-12-01,0.0,16.291109878320896,Merredin,"Wheatbelt, Western Australia"
2019-12-02,0.0,16.291109878320896,Merredin,"Wheatbelt, Western Australia"
2019-12-03,0.0,16.291109878320896,Merredin,"Wheatbelt, Western Australia"
2019-12-04,0.0,16.291109878320896,Merredin,"Wheatbelt, Western Australia"
2019-12-05,0.0,16.291109878320896,Merredin,"Wheatbelt, Western Australia"
2019-12-06,0.0,16.291109878320896,Merredin,"Wheatbelt, Western Australia"
2019-12-07,2.737562432759396,16.291109878320896,Merredin,"Wheatbelt, Western Australia"
2019-12-08,0.0,16.291109878320896,Merredin,"Wheatbelt, Western Australia"
2019-12-09,4.394118138433972,16.291109878320896,Merredin,"Wheatbelt, Western Australia"
2019-12-10,0.0,16.291109878320896,Merredin,"Wheatbelt, Western Australia"
2019-12-11,0.0,16.291109878320896,Merredin,"Wheatbelt, Western Australia"
2019-12-12,0.0,16.291109878320896,Merredin,"Wheatbelt, Western Australia"
2019-12-13,0.0,16.291109878320896,Merredin,"Wheatbelt, Western Australia"
2019-12-14,0.0,16.291109878320896,Merredin,"Wheatbelt, Western Australia"
2019-12-15,0.0,16.291109878320896,Merredin,"Wheatbelt, Western Australia"
2019-12-16,0.0,16.291109878320896,Merredin,"Wheatbelt, Western Australia"
2019-12-17,0.0,16.291109878320896,Merredin,"Wheatbelt, Western Australia"
2019-12-18,0.0,16.291109878320896,Merredin,"Wheatbelt, Western Australia"
2019-12-19,1.2441768343040784,16.291109878320896,Merredin,"Wheatbelt, Western Australia"
2019-12-20,0.0,16.291109878320896,Merredin,"Wheatbelt, Western Australia"
2019-12-21,3.3951738789548367,16.291109878320896,Merredin,"Wheatbelt, Western Australia"
2019-12-22,0.0,16.291109878320896,Merredin,"Wheatbelt, Western Australia"
2019-12-23,0.0,16.291109878320896,Merredin,"Wheatbelt, Western Australia"
2019-12-24,0.0,16.291109878320896,Merredin,"Wheatbelt, Western Australia"
2019-12-25,0.0,16.291109878320896,Merredin,"Wheatbelt, Western Australia"
2019-12-26,0.0,16.291109878320896,Merredin,"Wheatbelt, Western Australia"
2019-12-27,1.1586915779393767,16.291109878320896,Merredin,"Wheatbelt, Western Australia"
2019-12-28,0.4252187652442131,16.291109878320896,Merredin,"Wheatbelt, Western Australia"
2019-12-29,2.9361682506850233,16.291109878320896,Merredin,"Wheatbelt, Western Australia"
2019-12-30,0.0,16.291109878320896,Merredin,"Wheatbelt, Western Australia"
2019-12-31,0.0,16.291109878320896,Merredin,"Wheatbelt, Western Australia"
2020-01-01,1.890451827466879,24.049609544415357,Merredin,"Wheatbelt, Western Australia"
2020-01-02,4.249448804613566,24.049609544415357,Merredin,"Wheatbelt, Western Australia"
2020-01-03,4.201917666321826,24.049609544415357,Merredin,"Wheatbelt, Western Australia"
2020-01-04,0.0,24.049609544415357,Merredin,"Wheatbelt, Western Australia"
2020-01-05,0.0,24.049609544415357,Merredin,"Wheatbelt, Western Australia"
2020-01-06,0.0,24.049609544415357,Merredin,"Wheatbelt, Western Australia"
2020-01-07,0.0,24.049609544415357,Merredin,"Wheatbelt, Western Australia"
2020-01-08,6.289795971897498,24.049609544415357,Merredin,"Wheatbelt, Western Australia"
2020-01-09,0.0,24.049609544415357,Merredin,"Wheatbelt, Western Australia"
2020-01-10,0.0,24.049609544415357,Merredin,"Wheatbelt, Western Australia"
2020-01-11,1.3550878120883374,24.049609544415357,Merredin,"Wheatbelt, Western Australia"
2020-01-12,0.0,24.049609544415357,Merredin,"Wheatbelt, Western Australia"
2020-01-13,0.0,24.049609544415357,Merredin,"Wheatbelt, Western Australia"
2020-01-14,0.0,24.049609544415357,Merredin,"Wheatbelt, Western Australia"
2020-01-15,0.0,24.049609544415357,Merredin,"Wheatbelt, Western Australia"
2020-01-16,0.0,24.049609544415357,Merredin,"Wheatbelt, Western Australia"
2020-01-17,0.0,24.049609544415357,Merredin,"Wheatbelt, Western Australia"
2020-01-18,0.0,24.049609544415357,Merredin,"Wheatbelt, Western Australia"
2020-01-19,1.2111523396509083,24.049609544415357,Merredin,"Wheatbelt, Western Australia"
2020-01-20,0.0,24.049609544415357,Merredin,"Wheatbelt, Western Australia"
2020-01-21,0.0,24.049609544415357,Merredin,"Wheatbelt, Western Australia"
2020-01-22,2.1671631087980683,24.049609544415357,Merredin,"Wheatbelt, Western Australia"
2020-01-23,0.0,24.049609544415357,Merredin,"Wheatbelt, Western Australia"
2020-01-24,0.0,24.049609544415357,Merredin,"Wheatbelt, Western Australia"
2020-01-25,0.0,24.049609544415357,Merredin,"Wheatbelt, Western Australia"
2020-01-26,0.0,24.049609544415357,Merredin,"Wheatbelt, Western Australia"
2020-01-27,2.6845920135782757,24.049609544415357,Merredin,"Wheatbelt, Western Australia"
2020-01-28,0.0,24.049609544415357,Merredin,"Wheatbelt, Western Australia"
2020-01-29,0.0,24.049609544415357,Merredin,"Wheatbelt, Western Australia"
2020-01-30,0.0,24.049609544415357,Merredin,"Wheatbelt, Western Australia"
2020-01-31,0.0,24.049609544415357,Merredin,"Wheatbelt, Western Australia"
2020-02-01,0.0,23.5314788799487,Merredin,"Wheatbelt, Western Australia"
2020-02-02,0.0,23.5314788799487,Merredin,"Wheatbelt, Western Australia"
2020-02-03,0.0,23.5314788799487,Merredin,"Wheatbelt, Western Australia"
2020-02-04,2.733979646599273,23.5314788799487,Merredin,"Wheatbelt, Western Australia"
2020-02-05,6.430110307474685,23.5314788799487,Merredin,"Wheatbelt, Western Australia"
2020-02-06,0.0,23.5314788799487,Merredin,"Wheatbelt, Western Australia"
2020-02-07,0.0,23.5314788799487,Merredin,"Wheatbelt, Western Australia"
2020-02-08,0.0,23.5314788799487,Merredin,"Wheatbelt, Western Australia"
2020-02-09,3.661396388578786,23.5314788799487,Merredin,"Wheatbelt, Western Australia"
2020-02-10,0.0,23.5314788799487,Merredin,"Wheatbelt, Western Australia"
2020-02-11,1.1687364651333718,23.5314788799487,Merredin,"Wheatbelt, Western Australia"
2020-02-12,0.0,23.5314788799487,Merredin,"Wheatbelt, Western Australia"
2020-02-13,0.0,23.5314788799487,Merredin,"Wheatbelt, Western Australia"
2020-02-14,0.0,23.5314788799487,Merredin,"Wheatbelt, Western Australia"
2020-02-15,0.0,23.5314788799487,Merredin,"Wheatbelt, Western Australia"
2020-02-16,0.0,23.5314788799487,Merredin,"Wheatbelt, Western Australia"
2020-02-17,0.0,23.5314788799487,Merredin,"Wheatbelt, Western Australia"
2020-02-18,0.0,23.5314788799487,Merredin,"Wheatbelt, Western Australia"
2020-02-19,0.0,23.5314788799487,Merredin,"Wheatbelt, Western Australia"
2020-02-20,0.0,23.5314788799487,Merredin,"Wheatbelt, Western Australia"
2020-02-21,2.9879079187445785,23.5314788799487,Merredin,"Wheatbelt, Western Australia"
2020-02-22,0.0,23.5314788799487,Merredin,"Wheatbelt, Western Australia"
2020-02-23,0.0,23.5314788799487,Merredin,"Wheatbelt, Western Australia"
2020-02-24,0.0,23.5314788799487,Merredin,"Wheatbelt, Western Australia"
2020-02-25,0.0,23.5314788799487,Merredin,"Wheatbelt, Western Australia"
2020-02-26,0.0,23.5314788799487,Merredin,"Wheatbelt, Western Australia"
2020-02-27,6.549348153418004,23.5314788799487,Merredin,"Wheatbelt, Western Australia"
2020-02-28,0.0,23.5314788799487,Merredin,"Wheatbelt, Western Australia"
2020-02-29,0.0,23.5314788799487,Merredin,"Wheatbelt, Western Australia"
2020-03-01,0.0,11.455667712766779,Merredin,"Wheatbelt, Western Australia"
2020-03-02,0.0,11.455667712766779,Merredin,"Wheatbelt, Western Australia"
2020-03-03,0.0,11.455667712766779,Merredin,"Wheatbelt, Western Australia"
2020-03-04,0.0,11.455667712766779,Merredin,"Wheatbelt, Western Australia"
2020-03-05,0.0,11.455667712766779,Merredin,"Wheatbelt, Western Australia"
2020-03-06,0.0,11.455667712766779,Merredin,"Wheatbelt, Western Australia"
2020-03-07,0.0,11.455667712766779,Merredin,"Wheatbelt, Western Australia"
2020-03-08,0.0,11.455667712766779,Merredin,"Wheatbelt, Western Australia"
2020-03-09,0.0,11.455667712766779,Merredin,"Wheatbelt, Western Australia"
2020-03-10,0.0,11.455667712766779,Merredin,"Wheatbelt, Western Australia"
2020-03-11,0.0,11.455667712766779,Merredin,"Wheatbelt, Western Australia"
2020-03-12,0.0,11.455667712766779,Merredin,"Wheatbelt, Western Australia"
2020-03-13,0.0,11.455667712766779,Merredin,"Wheatbelt, Western Australia"
2020-03-14,0.0,11.455667712766779,Merredin,"Wheatbelt, Western Australia"
2020-03-15,0.0,11.455667712766779,Merredin,"Wheatbelt, Western Australia"
2020-03-16,0.0,11.455667712766779,Merredin,"Wheatbelt, Western Australia"
2020-03-17,0.0,11.455667712766779,Merredin,"Wheatbelt, Western Australia"
2020-03-18,0.0,11.455667712766779,Merredin,"Wheatbelt, Western Australia"
2020-03-19,5.92332714487639,11.455667712766779,Merredin,"Wheatbelt, Western Australia"
2020-03-20,0.0,11.455667712766779,Merredin,"Wheatbelt, Western Australia"
2020-03-21,0.0,11.455667712766779,Merredin,"Wheatbelt, Western Australia"
2020-03-22,0.0,11.455667712766779,Merredin,"Wheatbelt, Western Australia"
2020-03-23,0.0,11.455667712766779,Merredin,"Wheatbelt, Western Australia"
2020-03-24,0.0,11.455667712766779,Merredin,"Wheatbelt, Western Australia"
2020-03-25,2.750148458705045,11.455667712766779,Merredin,"Wheatbelt, Western Australia"
2020-03-26,0.0,11.455667712766779,Merredin,"Wheatbelt, Western Australia"
2020-03-27,0.0,11.455667712766779,Merredin,"Wheatbelt, Western Australia"
2020-03-28,0.0,11.455667712766779,Merredin,"Wheatbelt, Western Australia"
2020-03-29,0.0,11.455667712766779,Merredin,"Wheatbelt, Western Australia"
2020-03-30,0.0,11.455667712766779,Merredin,"Wheatbelt, Western Australia"
2020-03-31,2.7821921091853445,11.455667712766779,Merredin,"Wheatbelt, Western Australia"
2020-04-01,0.0,23.997809885893858,Merredin,"Wheatbelt, Western Australia"
2020-04-02,0.0,23.997809885893858,Merredin,"Wheatbelt, Western Australia"
2020-04-03,0.0,23.997809885893858,Merredin,"Wheatbelt, Western Australia"
2020-04-04,0.0,23.997809885893858,Merredin,"Wheatbelt, Western Australia"
2020-04-05,0.0,23.997809885893858,Merredin,"Wheatbelt, Western Australia"
2020-04-06,0.0,23.997809885893858,Merredin,"Wheatbelt, Western Australia"
2020-04-07,0.0,23.997809885893858,Merredin,"Wheatbelt, Western Australia"
2020-04-08,0.0,23.997809885893858,Merredin,"Wheatbelt, Western Australia"
2020-04-09,3.253815813018981,23.997809885893858,Merredin,"Wheatbelt, Western Australia"
2020-04-10,0.0,23.997809885893858,Merredin,"Wheatbelt, Western Australia"
2020-04-11,0.0,23.997809885893858,Merredin,"Wheatbelt, Western Australia"
2020-04-12,3.4468345132864986,23.997809885893858,Merredin,"Wheatbelt, Western Australia"
2020-04-13,0.0,23.997809885893858,Merredin,"Wheatbelt, Western Australia"
2020-04-14,0.0,23.997809885893858,Merredin,"Wheatbelt, Western Australia"
2020-04-15,0.0,23.997809885893858,Merredin,"Wheatbelt, Western Australia"
2020-04-16,0.0,23.997809885893858,Merredin,"Wheatbelt, Western Australia"
2020-04-17,0.0,23.997809885893858,Merredin,"Wheatbelt, Western Australia"
2020-04-18,0.0,23.997809885893858,Merredin,"Wheatbelt, Western Australia"
2020-04-19,0.0,23.997809885893858,Merredin,"Wheatbelt, Western Australia"
2020-04-20,0.0,23.997809885893858,Merredin,"Wheatbelt, Western Australia"
2020-04-21,4.961364832761857,23.997809885893858,Merredin,"Wheatbelt, Western Australia"
2020-04-22,0.0,23.997809885893858,Merredin,"Wheatbelt, Western Australia"
2020-04-23,0.0,23.997809885893858,Merredin,"Wheatbelt, Western Australia"
2020-04-24,0.0,23.997809885893858,Merredin,"Wheatbelt, Western Australia"
2020-04-25,0.0,23.997809885893858,Merredin,"Wheatbelt, Western Australia"
2020-04-26,4.410763543282296,23.997809885893858,Merredin,"Wheatbelt, Western Australia"
2020-04-27,0.0,23.997809885893858,Merredin,"Wheatbelt, Western Australia"
2020-04-28,0.0,23.997809885893858,Merredin,"Wheatbelt, Western Australia"
2020-04-29,0.0,23.997809885893858,Merredin,"Wheatbelt, Western Australia"
2020-04-30,7.925031183544226,23.997809885893858,Merredin,"Wheatbelt, Western Australia"
2020-05-01,0.0,10.38583819209634,Merredin,"Wheatbelt, Western Australia"
2020-05-02,0.0,10.38583819209634,Merredin,"Wheatbelt, Western Australia"
2020-05-03,0.0,10.38583819209634,Merredin,"Wheatbelt, Western Australia"
2020-05-04,0.0,10.38583819209634,Merredin,"Wheatbelt, Western Australia"
2020-05-05,0.0,10.38583819209634,Merredin,"Wheatbelt, Western Australia"
2020-05-06,1.2987428155979388,10.38583819209634,Merredin,"Wheatbelt, Western Australia"
2020-05-07,0.0,10.38583819209634,Merredin,"Wheatbelt, Western Australia"
2020-05-08,0.0,10.38583819209634,Merredin,"Wheatbelt, Western Australia"
2020-05-09,0.0,10.38583819209634,Merredin,"Wheatbelt, Western Australia"
2020-05-10,7.323374363012069,10.38583819209634,Merredin,"Wheatbelt, Western Australia"
2020-05-11,0.0,10.38583819209634,Merredin,"Wheatbelt, Western Australia"
2020-05-12,0.0,10.38583819209634,Merredin,"Wheatbelt, Western Australia"
2020-05-13,0.0,10.38583819209634,Merredin,"Wheatbelt, Western Australia"
2020-05-14,0.0,10.38583819209634,Merredin,"Wheatbelt, Western Australia"
2020-05-15,0.0,10.38583819209634,Merredin,"Wheatbelt, Western Australia"
2020-05-16,0.0,10.38583819209634,Merredin,"Wheatbelt, Western Australia"
2020-05-17,0.0,10.38583819209634,Merredin,"Wheatbelt, Western Australia"
2020-05-18,0.0,10.38583819209634,Merredin,"Wheatbelt, Western Australia"
2020-05-19,0.0,10.38583819209634,Merredin,"Wheatbelt, Western Australia"
2020-05-20,0.0,10.38583819209634,Merredin,"Wheatbelt, Western Australia"
2020-05-21,0.0,10.38583819209634,Merredin,"Wheatbelt, Western Australia"
2020-05-22,0.0,10.38583819209634,Merredin,"Wheatbelt, Western Australia"
2020-05-23,0.0,10.38583819209634,Merredin,"Wheatbelt, Western Australia"
2020-05-24,0.0,10.38583819209634,Merredin,"Wheatbelt, Western Australia"
2020-05-25,0.0,10.38583819209634,Merredin,"Wheatbelt, Western Australia"
2020-05-26,0.0,10.38583819209634,Merredin,"Wheatbelt, Western Australia"
2020-05-27,0.0,10.38583819209634,Merredin,"Wheatbelt, Western Australia"
2020-05-28,0.0,10.38583819209634,Merredin,"Wheatbelt, Western Australia"
2020-05-29,0.0,10.38583819209634,Merredin,"Wheatbelt, Western Australia"
2020-05-30,1.763721013486334,10.38583819209634,Merredin,"Wheatbelt, Western Australia"
2020-05-31,0.0,10.38583819209634,Merredin,"Wheatbelt, Western Australia"
2020-06-01,0.0,37.795556771647846,Merredin,"Wheatbelt, Western Australia"
2020-06-02,0.0,37.795556771647846,Merredin,"Wheatbelt, Western Australia"
2020-06-03,0.0,37.795556771647846,Merredin,"Wheatbelt, Western Australia"
2020-06-04,0.0,37.795556771647846,Merredin,"Wheatbelt, Western Australia"
2020-06-05,7.967818170623864,37.795556771647846,Merredin,"Wheatbelt, Western Australia"
2020-06-06,0.0,37.795556771647846,Merredin,"Wheatbelt, Western Australia"
2020-06-07,0.5763536467975071,37.795556771647846,Merredin,"Wheatbelt, Western Australia"
2020-06-08,0.0,37.795556771647846,Merredin,"Wheatbelt, Western Australia"
2020-06-09,4.352658408205423,37.795556771647846,Merredin,"Wheatbelt, Western Australia"
2020-06-10,0.0,37.795556771647846,Merredin,"Wheatbelt, Western Australia"
2020-06-11,0.0,37.795556771647846,Merredin,"Wheatbelt, Western Australia"
2020-06-12,0.0,37.795556771647846,Merredin,"Wheatbelt, Western Australia"
2020-06-13,0.0,37.795556771647846,Merredin,"Wheatbelt, Western Australia"
2020-06-14,0.0,37.795556771647846,Merredin,"Wheatbelt, Western Australia"
2020-06-15,3.986133218762753,37.795556771647846,Merredin,"Wheatbelt, Western Australia"
2020-06-16,0.0,37.795556771647846,Merredin,"Wheatbelt, Western Australia"
2020-06-17,0.0,37.795556771647846,Merredin,"Wheatbelt, Western Australia"
2020-06-18,2.195439114161328,37.795556771647846,Merredin,"Wheatbelt, Western Australia"
2020-06-19,6.351860123870842,37.795556771647846,Merredin,"Wheatbelt, Western Australia"
2020-06-20,7.6002410961417946,37.795556771647846,Merredin,"Wheatbelt, Western Australia"
2020-06-21,0.9801237356328312,37.795556771647846,Merredin,"Wheatbelt, Western Australia"
2020-06-22,0.0,37.795556771647846,Merredin,"Wheatbelt, Western Australia"
2020-06-23,0.0,37.795556771647846,Merredin,"Wheatbelt, Western Australia"
2020-06-24,0.0,37.795556771647846,Merredin,"Wheatbelt, Western Australia"
2020-06-25,3.7849292574515023,37.795556771647846,Merredin,"Wheatbelt, Western Australia"
2020-06-26,0.0,37.795556771647846,Merredin,"Wheatbelt, Western Australia"
2020-06-27,0.0,37.795556771647846,Merredin,"Wheatbelt, Western Australia"
2020-06-28,0.0,37.795556771647846,Merredin,"Wheatbelt, Western Australia"
2020-06-29,0.0,37.795556771647846,Merredin,"Wheatbelt, Western Australia"
2020-06-30,0.0,37.795556771647846,Merredin,"Wheatbelt, Western Australia"
2020-07-01,6.930298704764326,22.595793546964703,Merredin,"Wheatbelt, Western Australia"
2020-07-02,0.0,22.595793546964703,Merredin,"Wheatbelt, Western Australia"
2020-07-03,0.0,22.595793546964703,Merredin,"Wheatbelt, Western Australia"
2020-07-04,0.662249777156476,22.595793546964703,Merredin,"Wheatbelt, Western Australia"
2020-07-05,0.0,22.595793546964703,Merredin,"Wheatbelt, Western Australia"
2020-07-06,0.0,22.595793546964703,Merredin,"Wheatbelt, Western Australia"
2020-07-07,0.0,22.595793546964703,Merredin,"Wheatbelt, Western Australia"
2020-07-08,0.0,22.595793546964703,Merredin,"Wheatbelt, Western Australia"
2020-07-09,0.0,22.595793546964703,Merredin,"Wheatbelt, Western Australia"
2020-07-10,1.966676049712575,22.595793546964703,Merredin,"Wheatbelt, Western Australia"
2020-07-11,0.0,22.595793546964703,Merredin,"Wheatbelt, Western Australia"
2020-07-12,0.0,22.595793546964703,Merredin,"Wheatbelt, Western Australia"
2020-07-13,0.0,22.595793546964703,Merredin,"Wheatbelt, Western Australia"
2020-07-14,0.0,22.595793546964703,Merredin,"Wheatbelt, Western Australia"
2020-07-15,0.0,22.595793546964703,Merredin,"Wheatbelt, Western Australia"
2020-07-16,2.2830470614558496,22.595793546964703,Merredin,"Wheatbelt, Western Australia"
2020-07-17,0.0,22.595793546964703,Merredin,"Wheatbelt, Western Australia"
2020-07-18,0.0,22.595793546964703,Merredin,"Wheatbelt, Western Australia"
2020-07-19,0.0,22.595793546964703,Merredin,"Wheatbelt, Western Australia"
2020-07-20,2.558950405793348,22.595793546964703,Merredin,"Wheatbelt, Western Australia"
2020-07-21,2.189508913314161,22.595793546964703,Merredin,"Wheatbelt, Western Australia"
2020-07-22,0.0,22.595793546964703,Merredin,"Wheatbelt, Western Australia"
2020-07-23,0.0,22.595793546964703,Merredin,"Wheatbelt, Western Australia"
2020-07-24,0.0,22.595793546964703,Merredin,"Wheatbelt, Western Australia"
2020-07-25,6.005062634767968,22.595793546964703,Merredin,"Wheatbelt, Western Australia"
2020-07-26,0.0,22.595793546964703,Merredin,"Wheatbelt, Western Australia"
2020-07-27,0.0,22.595793546964703,Merredin,"Wheatbelt, Western Australia"
2020-07-28,0.0,22.595793546964703,Merredin,"Wheatbelt, Western Australia"
2020-07-29,0.0,22.595793546964703,Merredin,"Wheatbelt, Western Australia"
2020-07-30,0.0,22.595793546964703,Merredin,"Wheatbelt, Western Australia"
2020-07-31,0.0,22.595793546964703,Merredin,"Wheatbelt, Western Australia"
2020-08-01,0.0,19.773946029476242,Merredin,"Wheatbelt, Western Australia"
2020-08-02,0.0,19.773946029476242,Merredin,"Wheatbelt, Western Australia"
2020-08-03,0.0,19.773946029476242,Merredin,"Wheatbelt, Western Australia"
2020-08-04,0.0,19.773946029476242,Merredin,"Wheatbelt, Western Australia"
2020-08-05,0.0,19.773946029476242,Merredin,"Wheatbelt, Western Australia"
2020-08-06,0.0,19.773946029476242,Merredin,"Wheatbelt, Western Australia"
2020-08-07,0.0,19.773946029476242,Merredin,"Wheatbelt, Western Australia"
2020-08-08,6.7427819346828235,19.773946029476242,Merredin,"Wheatbelt, Western Australia"
2020-08-09,0.0,19.773946029476242,Merredin,"Wheatbelt, Western Australia"
2020-08-10,0.0,19.773946029476242,Merredin,"Wheatbelt, Western Australia"
2020-08-11,0.0,19.773946029476242,Merredin,"Wheatbelt, Western Australia"
2020-08-12,4.381722327167452,19.773946029476242,Merredin,"Wheatbelt, Western Australia"
2020-08-13,0.0,19.773946029476242,Merredin,"Wheatbelt, Western Australia"
2020-08-14,0.0,19.773946029476242,Merredin,"Wheatbelt, Western Australia"
2020-08-15,0.0,19.773946029476242,Merredin,"Wheatbelt, Western Australia"
2020-08-16,0.0,19.773946029476242,Merredin,"Wheatbelt, Western Australia"
2020-08-17,0.0,19.773946029476242,Merredin,"Wheatbelt, Western Australia"
2020-08-18,0.0,19.773946029476242,Merredin,"Wheatbelt, Western Australia"
2020-08-19,0.0,19.773946029476242,Merredin,"Wheatbelt, Western Australia"
2020-08-20,0.0,19.773946029476242,Merredin,"Wheatbelt, Western Australia"
2020-08-21,0.0,19.773946029476242,Merredin,"Wheatbelt, Western Australia"
2020-08-22,0.0,19.773946029476242,Merredin,"Wheatbelt, Western Australia"
2020-08-23,0.0,19.773946029476242,Merredin,"Wheatbelt, Western Australia"
2020-08-24,4.154247845588646,19.773946029476242,Merredin,"Wheatbelt, Western Australia"
2020-08-25,0.0,19.773946029476242,Merredin,"Wheatbelt, Western Australia"
2020-08-26,4.495193922037322,19.773946029476242,Merredin,"Wheatbelt, Western Australia"
2020-08-27,0.0,19.773946029476242,Merredin,"Wheatbelt, Western Australia"
2020-08-28,0.0,19.773946029476242,Merredin,"Wheatbelt, Western Australia"
2020-08-29,0.0,19.773946029476242,Merredin,"Wheatbelt, Western Australia"
2020-08-30,0.0,19.773946029476242,Merredin,"Wheatbelt, Western Australia"
2020-08-31,0.0,19.773946029476242,Merredin,"Wheatbelt, Western Australia"
2020-09-01,0.0,20.363533644915513,Merredin,"Wheatbelt, Western Australia"
2020-09-02,0.0,20.363533644915513,Merredin,"Wheatbelt, Western Australia"
2020-09-03,0.0,20.363533644915513,Merredin,"Wheatbelt, Western Australia"
2020-09-04,0.0,20.363533644915513,Merredin,"Wheatbelt, Western Australia"
2020-09-05,0.0,20.363533644915513,Merredin,"Wheatbelt, Western Australia"
2020-09-06,0.0,20.363533644915513,Merredin,"Wheatbelt, Western Australia"
2020-09-07,12.411520813946703,20.363533644915513,Merredin,"Wheatbelt, Western Australia"
2020-09-08,0.0,20.363533644915513,Merredin,"Wheatbelt, Western Australia"
2020-09-09,0.0,20.363533644915513,Merredin,"Wheatbelt, Western Australia"
2020-09-10,0.0,20.363533644915513,Merredin,"Wheatbelt, Western Australia"
2020-09-11,0.0,20.363533644915513,Merredin,"Wheatbelt, Western Australia"
2020-09-12,0.0,20.363533644915513,Merredin,"Wheatbelt, Western Australia"
2020-09-13,0.0,20.363533644915513,Merredin,"Wheatbelt, Western Australia"
2020-09-14,0.0,20.363533644915513,Merredin,"Wheatbelt, Western Australia"
2020-09-15,0.0,20.363533644915513,Merredin,"Wheatbelt, Western Australia"
2020-09-16,0.0,20.363533644915513,Merredin,"Wheatbelt, Western Australia"
2020-09-17,0.0,20.363533644915513,Merredin,"Wheatbelt, Western Australia"
2020-09-18,0.0,20.363533644915513,Merredin,"Wheatbelt, Western Australia"
2020-09-19,0.0,20.363533644915513,Merredin,"Wheatbelt, Western Australia"
2020-09-20,0.0,20.363533644915513,Merredin,"Wheatbelt, Western Australia"
2020-09-21,0.0,20.363533644915513,Merredin,"Wheatbelt, Western Australia"
2020-09-22,0.0,20.363533644915513,Merredin,"Wheatbelt, Western Australia"
2020-09-23,0.0,20.363533644915513,Merredin,"Wheatbelt, Western Australia"
2020-09-24,1.7667010321824765,20.363533644915513,Merredin,"Wheatbelt, Western Australia"
2020-09-25,0.0,20.363533644915513,Merredin,"Wheatbelt, Western Australia"
2020-09-26,6.185311798786334,20.363533644915513,Merredin,"Wheatbelt, Western Australia"
2020-09-27,0.0,20.363533644915513,Merredin,"Wheatbelt, Western Australia"
2020-09-28,0.0,20.363533644915513,Merredin,"Wheatbelt, Western Australia"
2020-09-29,0.0,20.363533644915513,Merredin,"Wheatbelt, Western Australia"
2020-09-30,0.0,20.363533644915513,Merredin,"Wheatbelt, Western Australia"
2020-10-01,5.911625483628281,35.30777716461532,Merredin,"Wheatbelt, Western Australia"
2020-10-02,0.0,35.30777716461532,Merredin,"Wheatbelt, Western Australia"
2020-10-03,4.419812066501257,35.30777716461532,Merredin,"Wheatbelt, Western Australia"
2020-10-04,0.0,35.30777716461532,Merredin,"Wheatbelt, Western Australia"
2020-10-05,4.314940830143406,35.30777716461532,Merredin,"Wheatbelt, Western Australia"
2020-10-06,3.3537336376294467,35.30777716461532,Merredin,"Wheatbelt, Western Australia"
2020-10-07,0.0,35.30777716461532,Merredin,"Wheatbelt, Western Australia"
2020-10-08,0.0,35.30777716461532,Merredin,"Wheatbelt, Western Australia"
2020-10-09,0.0,35.30777716461532,Merredin,"Wheatbelt, Western Australia"
2020-10-10,0.0,35.30777716461532,Merredin,"Wheatbelt, Western Australia"
2020-10-11,0.0,35.30777716461532,Merredin,"Wheatbelt, Western Australia"
2020-10-12,0.0,35.30777716461532,Merredin,"Wheatbelt, Western Australia"
2020-10-13,0.0,35.30777716461532,Merredin,"Wheatbelt, Western Australia"
2020-10-14,10.568962716307615,35.30777716461532,Merredin,"Wheatbelt, Western Australia"
2020-10-15,0.0,35.30777716461532,Merredin,"Wheatbelt, Western Australia"
2020-10-16,0.0,35.30777716461532,Merredin,"Wheatbelt, Western Australia"
2020-10-17,0.0,35.30777716461532,Merredin,"Wheatbelt, Western Australia"
2020-10-18,0.0,35.30777716461532,Merredin,"Wheatbelt, Western Australia"
2020-10-19,0.0,35.30777716461532,Merredin,"Wheatbelt, Western Australia"
2020-10-20,0.0,35.30777716461532,Merredin,"Wheatbelt, Western Australia"
2020-10-21,0.0,35.30777716461532,Merredin,"Wheatbelt, Western Australia"
2020-10-22,0.0,35.30777716461532,Merredin,"Wheatbelt, Western Australia"
2020-10-23,0.0,35.30777716461532,Merredin,"Wheatbelt, Western Australia"
2020-10-24,1.5954325558715121,35.30777716461532,Merredin,"Wheatbelt, Western Australia"
2020-10-25,1.9913132940667215,35.30777716461532,Merredin,"Wheatbelt, Western Australia"
2020-10-26,0.0,35.30777716461532,Merredin,"Wheatbelt, Western Australia"
2020-10-27,0.0,35.30777716461532,Merredin,"Wheatbelt, Western Australia"
2020-10-28,0.0,35.30777716461532,Merredin,"Wheatbelt, Western Australia"
2020-10-29,0.0,35.30777716461532,Merredin,"Wheatbelt, Western Australia"
2020-10-30,0.0,35.30777716461532,Merredin,"Wheatbelt, Western Australia"
2020-10-31,3.1519565804670755,35.30777716461532,Merredin,"Wheatbelt, Western Australia"
2020-11-01,0.0,22.522606960291352,Merredin,"Wheatbelt, Western Australia"
2020-11-02,4.824492054054869,22.522606960291352,Merredin,"Wheatbelt, Western Australia"
2020-11-03,0.0,22.522606960291352,Merredin,"Wheatbelt, Western Australia"
2020-11-04,0.0,22.522606960291352,Merredin,"Wheatbelt, Western Australia"
2020-11-05,0.0,22.522606960291352,Merredin,"Wheatbelt, Western Australia"
2020-11-06,0.0,22.522606960291352,Merredin,"Wheatbelt, Western Australia"
2020-11-07,0.0,22.522606960291352,Merredin,"Wheatbelt, Western Australia"
2020-11-08,0.0,22.522606960291352,Merredin,"Wheatbelt, Western Australia"
2020-11-09,0.0,22.522606960291352,Merredin,"Wheatbelt, Western Australia"
2020-11-10,1.5221078670778068,22.522606960291352,Merredin,"Wheatbelt, Western Australia"
2020-11-11,5.643679786044386,22.522606960291352,Merredin,"Wheatbelt, Western Australia"
2020-11-12,0.0,22.522606960291352,Merredin,"Wheatbelt, Western Australia"
2020-11-13,0.6072007231465179,22.522606960291352,Merredin,"Wheatbelt, Western Australia"
2020-11-14,6.348074947635131,22.522606960291352,Merredin,"Wheatbelt, Western Australia"
2020-11-15,0.0,22.522606960291352,Merredin,"Wheatbelt, Western Australia"
2020-11-16,1.6108831257984098,22.522606960291352,Merredin,"Wheatbelt, Western Australia"
2020-11-17,0.0,22.522606960291352,Merredin,"Wheatbelt, Western Australia"
2020-11-18,0.0,22.522606960291352,Merredin,"Wheatbelt, Western Australia"
2020-11-19,0.0,22.522606960291352,Merredin,"Wheatbelt, Western Australia"
2020-11-20,0.0,22.522606960291352,Merredin,"Wheatbelt, Western Australia"
2020-11-21,0.0,22.522606960291352,Merredin,"Wheatbelt, Western Australia"
2020-11-22,0.0,22.522606960291352,Merredin,"Wheatbelt, Western Australia"
2020-11-23,0.0,22.522606960291352,Merredin,"Wheatbelt, Western Australia"
2020-11-24,0.0,22.522606960291352,Merredin,"Wheatbelt, Western Australia"
2020-11-25,0.0,22.522606960291352,Merredin,"Wheatbelt, Western Australia"
2020-11-26,0.0,22.522606960291352,Merredin,"Wheatbelt, Western Australia"
2020-11-27,0.0,22.522606960291352,Merredin,"Wheatbelt, Western Australia"
2020-11-28,0.0,22.522606960291352,Merredin,"Wheatbelt, Western Australia"
2020-11-29,1.9661684565342323,22.522606960291352,Merredin,"Wheatbelt, Western Australia"
2020-11-30,0.0,22.522606960291352,Merredin,"Wheatbelt, Western Australia"
2020-12-01,0.0,41.37631446258855,Merredin,"Wheatbelt, Western Australia"
2020-12-02,4.102534220264788,41.37631446258855,Merredin,"Wheatbelt, Western Australia"
2020-12-03,0.0,41.37631446258855,Merredin,"Wheatbelt, Western Australia"
2020-12-04,0.0,41.37631446258855,Merredin,"Wheatbelt, Western Australia"
2020-12-05,0.0,41.37631446258855,Merredin,"Wheatbelt, Western Australia"
2020-12-06,0.0,41.37631446258855,Merredin,"Wheatbelt, Western Australia"
2020-12-07,3.110270439586598,41.37631446258855,Merredin,"Wheatbelt, Western Australia"
2020-12-08,0.0,41.37631446258855,Merredin,"Wheatbelt, Western Australia"
2020-12-09,3.924137433227919,41.37631446258855,Merredin,"Wheatbelt, Western Australia"
2020-12-10,0.0,41.37631446258855,Merredin,"Wheatbelt, Western Australia"
2020-12-11,0.0,41.37631446258855,Merredin,"Wheatbelt, Western Australia"
2020-12-12,0.0,41.37631446258855,Merredin,"Wheatbelt, Western Australia"
2020-12-13,0.0,41.37631446258855,Merredin,"Wheatbelt, Western Australia"
2020-12-14,0.0,41.37631446258855,Merredin,"Wheatbelt, Western Australia"
2020-12-15,0.0,41.37631446258855,Merredin,"Wheatbelt, Western Australia"
2020-12-16,0.0,41.37631446258855,Merredin,"Wheatbelt, Western Australia"
2020-12-17,0.0,41.37631446258855,Merredin,"Wheatbelt, Western Australia"
2020-12-18,0.0,41.37631446258855,Merredin,"Wheatbelt, Western Australia"
2020-12-19,0.0,41.37631446258855,Merredin,"Wheatbelt, Western Australia"
2020-12-20,0.0,41.37631446258855,Merredin,"Wheatbelt, Western Australia"
2020-12-21,0.0,41.37631446258855,Merredin,"Wheatbelt, Western Australia"
2020-12-22,9.78284436830456,41.37631446258855,Merredin,"Wheatbelt, Western Australia"
2020-12-23,0.0,41.37631446258855,Merredin,"Wheatbelt, Western Australia"
2020-12-24,15.699798642696823,41.37631446258855,Merredin,"Wheatbelt, Western Australia"
2020-12-25,0.0,41.37631446258855,Merredin,"Wheatbelt, Western Australia"
2020-12-26,0.0,41.37631446258855,Merredin,"Wheatbelt, Western Australia"
2020-12-27,0.0,41.37631446258855,Merredin,"Wheatbelt, Western Australia"
2020-12-28,0.0,41.37631446258855,Merredin,"Wheatbelt, Western Australia"
2020-12-29,4.756729358507863,41.37631446258855,Merredin,"Wheatbelt, Western Australia"
2020-12-30,0.0,41.37631446258855,Merredin,"Wheatbelt, Western Australia"
2020-12-31,0.0,41.37631446258855,Merredin,"Wheatbelt, Western Australia"
2021-01-01,0.0,21.78397933030872,Merredin,"Wheatbelt, Western Australia"
2021-01-02,0.0,21.78397933030872,Merredin,"Wheatbelt, Western Australia"
2021-01-03,4.743876359738958,21.78397933030872,Merredin,"Wheatbelt, Western Australia"
2021-01-04,0.0,21.78397933030872,Merredin,"Wheatbelt, Western Australia"
2021-01-05,0.0,21.78397933030872,Merredin,"Wheatbelt, Western Australia"
2021-01-06,0.0,21.78397933030872,Merredin,"Wheatbelt, Western Australia"
2021-01-07,0.0,21.78397933030872,Merredin,"Wheatbelt, Western Australia"
2021-01-08,0.0,21.78397933030872,Merredin,"Wheatbelt, Western Australia"
2021-01-09,4.599026390911575,21.78397933030872,Merredin,"Wheatbelt, Western Australia"
2021-01-10,9.28695572674131,21.78397933030872,Merredin,"Wheatbelt, Western Australia"
2021-01-11,0.0,21.78397933030872,Merredin,"Wheatbelt, Western Australia"
2021-01-12,0.0,21.78397933030872,Merredin,"Wheatbelt, Western Australia"
2021-01-13,0.0,21.78397933030872,Merredin,"Wheatbelt, Western Australia"
2021-01-14,0.0,21.78397933030872,Merredin,"Wheatbelt, Western Australia"
2021-01-15,0.0,21.78397933030872,Merredin,"Wheatbelt, Western Australia"
2021-01-16,0.0,21.78397933030872,Merredin,"Wheatbelt, Western Australia"
2021-01-17,0.0,21.78397933030872,Merredin,"Wheatbelt, Western Australia"
2021-01-18,0.0,21.78397933030872,Merredin,"Wheatbelt, Western Australia"
2021-01-19,0.0,21.78397933030872,Merredin,"Wheatbelt, Western Australia"
2021-01-20,0.0,21.78397933030872,Merredin,"Wheatbelt, Western Australia"
2021-01-21,0.0,21.78397933030872,Merredin,"Wheatbelt, Western Australia"
2021-01-22,1.939425061700547,21.78397933030872,Merredin,"Wheatbelt, Western Australia"
2021-01-23,0.0,21.78397933030872,Merredin,"Wheatbelt, Western Australia"
2021-01-24,0.0,21.78397933030872,Merredin,"Wheatbelt, Western Australia"
2021-01-25,0.0,21.78397933030872,Merredin,"Wheatbelt, Western Australia"
2021-01-26,0.0,21.78397933030872,Merredin,"Wheatbelt, Western Australia"
2021-01-27,0.0,21.78397933030872,Merredin,"Wheatbelt, Western Australia"
2021-01-28,0.0,21.78397933030872,Merredin,"Wheatbelt, Western Australia"
2021-01-29,0.3228368634405654,21.78397933030872,Merredin,"Wheatbelt, Western Australia"
2021-01-30,0.8918589277757665,21.78397933030872,Merredin,"Wheatbelt, Western Australia"
2021-01-31,0.0,21.78397933030872,Merredin,"Wheatbelt, Western Australia"
2021-02-01,7.830266321459297,30.967265376166605,Merredin,"Wheatbelt, Western Australia"
2021-02-02,0.0,30.967265376166605,Merredin,"Wheatbelt, Western Australia"
2021-02-03,0.0,30.967265376166605,Merredin,"Wheatbelt, Western Australia"
2021-02-04,0.0,30.967265376166605,Merredin,"Wheatbelt, Western Australia"
2021-02-05,8.576106967029254,30.967265376166605,Merredin,"Wheatbelt, Western Australia"
2021-02-06,0.0,30.967265376166605,Merredin,"Wheatbelt, Western Australia"
2021-02-07,0.6383451701152187,30.967265376166605,Merredin,"Wheatbelt, Western Australia"
2021-02-08,0.0,30.967265376166605,Merredin,"Wheatbelt, Western Australia"
2021-02-09,7.704667560927134,30.967265376166605,Merredin,"Wheatbelt, Western Australia"
2021-02-10,0.0,30.967265376166605,Merredin,"Wheatbelt, Western Australia"
2021-02-11,0.0,30.967265376166605,Merredin,"Wheatbelt, Western Australia"
2021-02-12,0.0,30.967265376166605,Merredin,"Wheatbelt, Western Australia"
2021-02-13,0.0,30.967265376166605,Merredin,"Wheatbelt, Western Australia"
2021-02-14,0.0,30.967265376166605,Merredin,"Wheatbelt, Western Australia"
2021-02-15,0.0,30.967265376166605,Merredin,"Wheatbelt, Western Australia"
2021-02-16,0.0,30.967265376166605,Merredin,"Wheatbelt, Western Australia"
2021-02-17,0.0,30.967265376166605,Merredin,"Wheatbelt, Western Australia"
2021-02-18,0.0,30.967265376166605,Merredin,"Wheatbelt, Western Australia"
2021-02-19,0.0,30.967265376166605,Merredin,"Wheatbelt, Western Australia"
2021-02-20,3.8338307585892446,30.967265376166605,Merredin,"Wheatbelt, Western Australia"
2021-02-21,0.0,30.967265376166605,Merredin,"Wheatbelt, Western Australia"
2021-02-22,0.0,30.967265376166605,Merredin,"Wheatbelt, Western Australia"
2021-02-23,0.0,30.967265376166605,Merredin,"Wheatbelt, Western Australia"
2021-02-24,0.0,30.967265376166605,Merredin,"Wheatbelt, Western Australia"
2021-02-25,0.0,30.967265376166605,Merredin,"Wheatbelt, Western Australia"
2021-02-26,0.0,30.967265376166605,Merredin,"Wheatbelt, Western Australia"
2021-02-27,2.3840485980464563,30.967265376166605,Merredin,"Wheatbelt, Western Australia"
2021-02-28,0.0,30.967265376166605,Merredin,"Wheatbelt, Western Australia"
2021-03-01,0.0,28.649524921226437,Merredin,"Wheatbelt, Western Australia"
2021-03-02,0.0,28.649524921226437,Merredin,"Wheatbelt, Western Australia"
2021-03-03,0.0,28.649524921226437,Merredin,"Wheatbelt, Western Australia"
2021-03-04,0.0,28.649524921226437,Merredin,"Wheatbelt, Western Australia"
2021-03-05,3.455160786014322,28.649524921226437,Merredin,"Wheatbelt, Western Australia"
2021-03-06,0.0,28.649524921226437,Merredin,"Wheatbelt, Western Australia"
2021-03-07,0.0,28.649524921226437,Merredin,"Wheatbelt, Western Australia"
2021-03-08,0.0,28.649524921226437,Merredin,"Wheatbelt, Western Australia"
2021-03-09,9.187224569633067,28.649524921226437,Merredin,"Wheatbelt, Western Australia"
2021-03-10,0.0,28.649524921226437,Merredin,"Wheatbelt, Western Australia"
2021-03-11,0.0,28.649524921226437,Merredin,"Wheatbelt, Western Australia"
2021-03-12,2.9691298303346754,28.649524921226437,Merredin,"Wheatbelt, Western Australia"
2021-03-13,3.4169867262198768,28.649524921226437,Merredin,"Wheatbelt, Western Australia"
2021-03-14,0.0,28.649524921226437,Merredin,"Wheatbelt, Western Australia"
2021-03-15,0.0,28.649524921226437,Merredin,"Wheatbelt, Western Australia"
2021-03-16,0.0,28.649524921226437,Merredin,"Wheatbelt, Western Australia"
2021-03-17,0.0,28.649524921226437,Merredin,"Wheatbelt, Western Australia"
2021-03-18,0.0,28.649524921226437,Merredin,"Wheatbelt, Western Australia"
2021-03-19,0.0,28.649524921226437,Merredin,"Wheatbelt, Western Australia"
2021-03-20,0.0,28.649524921226437,Merredin,"Wheatbelt, Western Australia"
2021-03-21,0.0,28.649524921226437,Merredin,"Wheatbelt, Western Australia"
2021-03-22,0.0,28.649524921226437,Merredin,"Wheatbelt, Western Australia"
2021-03-23,0.0,28.649524921226437,Merredin,"Wheatbelt, Western Australia"
2021-03-24,0.0,28.649524921226437,Merredin,"Wheatbelt, Western Australia"
2021-03-25,0.0,28.649524921226437,Merredin,"Wheatbelt, Western Australia"
2021-03-26,4.400368193310481,28.649524921226437,Merredin,"Wheatbelt, Western Australia"
2021-03-27,2.471363859634265,28.649524921226437,Merredin,"Wheatbelt, Western Australia"
2021-03-28,0.0,28.649524921226437,Merredin,"Wheatbelt, Western Australia"
2021-03-29,2.749290956079752,28.649524921226437,Merredin,"Wheatbelt, Western Australia"
2021-03-30,0.0,28.649524921226437,Merredin,"Wheatbelt, Western Australia"
2021-03-31,0.0,28.649524921226437,Merredin,"Wheatbelt, Western Australia"
2021-04-01,11.623749033954216,25.179373918847844,Merredin,"Wheatbelt, Western Australia"
2021-04-02,0.0,25.179373918847844,Merredin,"Wheatbelt, Western Australia"
2021-04-03,0.0,25.179373918847844,Merredin,"Wheatbelt, Western Australia"
2021-04-04,0.0,25.179373918847844,Merredin,"Wheatbelt, Western Australia"
2021-04-05,0.0,25.179373918847844,Merredin,"Wheatbelt, Western Australia"
2021-04-06,0.0,25.179373918847844,Merredin,"Wheatbelt, Western Australia"
2021-04-07,4.230163250817085,25.179373918847844,Merredin,"Wheatbelt, Western Australia"
2021-04-08,0.0,25.179373918847844,Merredin,"Wheatbelt, Western Australia"
2021-04-09,0.0,25.179373918847844,Merredin,"Wheatbelt, Western Australia"
2021-04-10,0.0,25.179373918847844,Merredin,"Wheatbelt, Western Australia"
2021-04-11,0.0,25.179373918847844,Merredin,"Wheatbelt, Western Australia"
2021-04-12,0.6346959947437771,25.179373918847844,Merredin,"Wheatbelt, Western Australia"
2021-04-13,0.0,25.179373918847844,Merredin,"Wheatbelt, Western Australia"
2021-04-14,0.0,25.179373918847844,Merredin,"Wheatbelt, Western Australia"
2021-04-15,2.542378978623267,25.179373918847844,Merredin,"Wheatbelt, Western Australia"
2021-04-16,0.0,25.179373918847844,Merredin,"Wheatbelt, Western Australia"
2021-04-17,0.0,25.179373918847844,Merredin,"Wheatbelt, Western Australia"
2021-04-18,0.0,25.179373918847844,Merredin,"Wheatbelt, Western Australia"
2021-04-19,3.128573952104376,25.179373918847844,Merredin,"Wheatbelt, Western Australia"
2021-04-20,3.0198127086051234,25.179373918847844,Merredin,"Wheatbelt, Western Australia"
2021-04-21,0.0,25.179373918847844,Merredin,"Wheatbelt, Western Australia"
2021-04-22,0.0,25.179373918847844,Merredin,"Wheatbelt, Western Australia"
2021-04-23,0.0,25.179373918847844,Merredin,"Wheatbelt, Western Australia"
2021-04-24,0.0,25.179373918847844,Merredin,"Wheatbelt, Western Australia"
2021-04-25,0.0,25.179373918847844,Merredin,"Wheatbelt, Western Australia"
2021-04-26,0.0,25.179373918847844,Merredin,"Wheatbelt, Western Australia"
2021-04-27,0.0,25.179373918847844,Merredin,"Wheatbelt, Western Australia"
2021-04-28,0.0,25.179373918847844,Merredin,"Wheatbelt, Western Australia"
2021-04-29,0.0,25.179373918847844,Merredin,"Wheatbelt, Western Australia"
2021-04-30,0.0,25.179373918847844,Merredin,"Wheatbelt, Western Australia"
2021-05-01,0.0,21.126633570450043,Merredin,"Wheatbelt, Western Australia"
2021-05-02,3.340875366817342,21.126633570450043,Merredin,"Wheatbelt, Western Australia"
2021-05-03,0.0,21.126633570450043,Merredin,"Wheatbelt, Western Australia"
2021-05-04,0.0,21.126633570450043,Merredin,"Wheatbelt, Western Australia"
2021-05-05,0.0,21.126633570450043,Merredin,"Wheatbelt, Western Australia"
2021-05-06,0.0,21.126633570450043,Merredin,"Wheatbelt, Western Australia"
2021-05-07,0.0,21.126633570450043,Merredin,"Wheatbelt, Western Australia"
2021-05-08,0.0,21.126633570450043,Merredin,"Wheatbelt, Western Australia"
2021-05-09,0.0,21.126633570450043,Merredin,"Wheatbelt, Western Australia"
2021-05-10,0.0,21.126633570450043,Merredin,"Wheatbelt, Western Australia"
2021-05-11,1.2799662316977263,21.126633570450043,Merredin,"Wheatbelt, Western Australia"
2021-05-12,0.0,21.126633570450043,Merredin,"Wheatbelt, Western Australia"
2021-05-13,0.0,21.126633570450043,Merredin,"Wheatbelt, Western Australia"
2021-05-14,0.0,21.126633570450043,Merredin,"Wheatbelt, Western Australia"
2021-05-15,1.6187915869152882,21.126633570450043,Merredin,"Wheatbelt, Western Australia"
2021-05-16,0.0,21.126633570450043,Merredin,"Wheatbelt, Western Australia"
2021-05-17,2.9161910432674625,21.126633570450043,Merredin,"Wheatbelt, Western Australia"
2021-05-18,1.2253418756085304,21.126633570450043,Merredin,"Wheatbelt, Western Australia"
2021-05-19,0.0,21.126633570450043,Merredin,"Wheatbelt, Western Australia"
2021-05-20,0.0,21.126633570450043,Merredin,"Wheatbelt, Western Australia"
2021-05-21,2.357581182595464,21.126633570450043,Merredin,"Wheatbelt, Western Australia"
2021-05-22,0.0,21.126633570450043,Merredin,"Wheatbelt, Western Australia"
2021-05-23,0.0,21.126633570450043,Merredin,"Wheatbelt, Western Australia"
2021-05-24,0.0,21.126633570450043,Merredin,"Wheatbelt, Western Australia"
2021-05-25,0.0,21.126633570450043,Merredin,"Wheatbelt, Western Australia"
2021-05-26,0.0,21.126633570450043,Merredin,"Wheatbelt, Western Australia"
2021-05-27,0.0,21.126633570450043,Merredin,"Wheatbelt, Western Australia"
2021-05-28,4.659752067675776,21.126633570450043,Merredin,"Wheatbelt, Western Australia"
2021-05-29,2.091005365393701,21.126633570450043,Merredin,"Wheatbelt, Western Australia"
2021-05-30,1.6371288504787507,21.126633570450043,Merredin,"Wheatbelt, Western Australia"
2021-05-31,0.0,21.126633570450043,Merredin,"Wheatbelt, Western Australia"
2021-06-01,0.0,39.16640946354156,Merredin,"Wheatbelt, Western Australia"
2021-06-02,0.0,39.16640946354156,Merredin,"Wheatbelt, Western Australia"
2021-06-03,0.0,39.16640946354156,Merredin,"Wheatbelt, Western Australia"
2021-06-04,0.0,39.16640946354156,Merredin,"Wheatbelt, Western Australia"
2021-06-05,0.0,39.16640946354156,Merredin,"Wheatbelt, Western Australia"
2021-06-06,0.0,39.16640946354156,Merredin,"Wheatbelt, Western Australia"
2021-06-07,0.0,39.16640946354156,Merredin,"Wheatbelt, Western Australia"
2021-06-08,0.0,39.16640946354156,Merredin,"Wheatbelt, Western Australia"
2021-06-09,0.0,39.16640946354156,Merredin,"Wheatbelt, Western Australia"
2021-06-10,0.0,39.16640946354156,Merredin,"Wheatbelt, Western Australia"
2021-06-11,1.4908975411912315,39.16640946354156,Merredin,"Wheatbelt, Western Australia"
2021-06-12,0.0,39.16640946354156,Merredin,"Wheatbelt, Western Australia"
2021-06-13,0.0,39.16640946354156,Merredin,"Wheatbelt, Western Australia"
2021-06-14,0.0,39.16640946354156,Merredin,"Wheatbelt, Western Australia"
2021-06-15,0.0,39.16640946354156,Merredin,"Wheatbelt, Western Australia"
2021-06-16,0.0,39.16640946354156,Merredin,"Wheatbelt, Western Australia"
2021-06-17,0.0,39.16640946354156,Merredin,"Wheatbelt, Western Australia"
2021-06-18,0.0,39.16640946354156,Merredin,"Wheatbelt, Western Australia"
2021-06-19,2.788055704835564,39.16640946354156,Merredin,"Wheatbelt, Western Australia"
2021-06-20,3.973853827875807,39.16640946354156,Merredin,"Wheatbelt, Western Australia"
2021-06-21,2.154533405568043,39.16640946354156,Merredin,"Wheatbelt, Western Australia"
2021-06-22,1.039599505818435,39.16640946354156,Merredin,"Wheatbelt, Western Australia"
2021-06-23,0.0,39.16640946354156,Merredin,"Wheatbelt, Western Australia"
2021-06-24,0.0,39.16640946354156,Merredin,"Wheatbelt, Western Australia"
2021-06-25,5.006580405665902,39.16640946354156,Merredin,"Wheatbelt, Western Australia"
2021-06-26,8.112368268954702,39.16640946354156,Merredin,"Wheatbelt, Western Australia"
2021-06-27,0.0,39.16640946354156,Merredin,"Wheatbelt, Western Australia"
2021-06-28,10.452568192146389,39.16640946354156,Merredin,"Wheatbelt, Western Australia"
2021-06-29,4.147952611485487,39.16640946354156,Merredin,"Wheatbelt, Western Australia"
2021-06-30,0.0,39.16640946354156,Merredin,"Wheatbelt, Western Australia"
2021-07-01,0.0,12.585404485121117,Merredin,"Wheatbelt, Western Australia"
2021-07-02,0.0,12.585404485121117,Merredin,"Wheatbelt, Western Australia"
2021-07-03,0.0,12.585404485121117,Merredin,"Wheatbelt, Western Australia"
2021-07-04,0.0,12.585404485121117,Merredin,"Wheatbelt, Western Australia"
2021-07-05,0.0,12.585404485121117,Merredin,"Wheatbelt, Western Australia"
2021-07-06,0.0,12.585404485121117,Merredin,"Wheatbelt, Western Australia"
2021-07-07,0.0,12.585404485121117,Merredin,"Wheatbelt, Western Australia"
2021-07-08,1.3249649463613455,12.585404485121117,Merredin,"Wheatbelt, Western Australia"
2021-07-09,3.5930877218919774,12.585404485121117,Merredin,"Wheatbelt, Western Australia"
2021-07-10,0.0,12.585404485121117,Merredin,"Wheatbelt, Western Australia"
2021-07-11,0.0,12.585404485121117,Merredin,"Wheatbelt, Western Australia"
2021-07-12,0.0,12.585404485121117,Merredin,"Wheatbelt, Western Australia"
2021-07-13,0.0,12.585404485121117,Merredin,"Wheatbelt, Western Australia"
2021-07-14,3.97794988298602,12.585404485121117,Merredin,"Wheatbelt, Western Australia"
2021-07-15,0.0,12.585404485121117,Merredin,"Wheatbelt, Western Australia"
2021-07-16,0.0,12.585404485121117,Merredin,"Wheatbelt, Western Australia"
2021-07-17,0.0,12.585404485121117,Merredin,"Wheatbelt, Western Australia"
2021-07-18,0.0,12.585404485121117,Merredin,"Wheatbelt, Western Australia"
2021-07-19,0.0,12.585404485121117,Merredin,"Wheatbelt, Western Australia"
2021-07-20,2.9382052435337145,12.585404485121117,Merredin,"Wheatbelt, Western Australia"
2021-07-21,0.0,12.585404485121117,Merredin,"Wheatbelt, Western Australia"
2021-07-22,0.0,12.585404485121117,Merredin,"Wheatbelt, Western Australia"
2021-07-23,0.0,12.585404485121117,Merredin,"Wheatbelt, Western Australia"
2021-07-24,0.0,12.585404485121117,Merredin,"Wheatbelt, Western Australia"
2021-07-25,0.0,12.585404485121117,Merredin,"Wheatbelt, Western Australia"
2021-07-26,0.7511966903480605,12.585404485121117,Merredin,"Wheatbelt, Western Australia"
2021-07-27,0.0,12.585404485121117,Merredin,"Wheatbelt, Western Australia"
2021-07-28,0.0,12.585404485121117,Merredin,"Wheatbelt, Western Australia"
2021-07-29,0.0,12.585404485121117,Merredin,"Wheatbelt, Western Australia"
2021-07-30,0.0,12.585404485121117,Merredin,"Wheatbelt, Western Australia"
2021-07-31,0.0,12.585404485121117,Merredin,"Wheatbelt, Western Australia"
2021-08-01,0.0,38.66045675290435,Merredin,"Wheatbelt, Western Australia"
2021-08-02,6.771113180369337,38.66045675290435,Merredin,"Wheatbelt, Western Australia"
2021-08-03,0.0,38.66045675290435,Merredin,"Wheatbelt, Western Australia"
2021-08-04,0.0,38.66045675290435,Merredin,"Wheatbelt, Western Australia"
2021-08-05,0.0,38.66045675290435,Merredin,"Wheatbelt, Western Australia"
2021-08-06,0.0,38.66045675290435,Merredin,"Wheatbelt, Western Australia"
2021-08-07,1.3655872329351124,38.66045675290435,Merredin,"Wheatbelt, Western Australia"
2021-08-08,0.0,38.66045675290435,Merredin,"Wheatbelt, Western Australia"
2021-08-09,0.0,38.66045675290435,Merredin,"Wheatbelt, Western Australia"
2021-08-10,3.4724370510899103,38.66045675290435,Merredin,"Wheatbelt, Western Australia"
2021-08-11,0.0,38.66045675290435,Merredin,"Wheatbelt, Western Australia"
2021-08-12,0.0,38.66045675290435,Merredin,"Wheatbelt, Western Australia"
2021-08-13,0.0,38.66045675290435,Merredin,"Wheatbelt, Western Australia"
2021-08-14,8.005060405038678,38.66045675290435,Merredin,"Wheatbelt, Western Australia"
2021-08-15,0.0,38.66045675290435,Merredin,"Wheatbelt, Western Australia"
2021-08-16,2.939360206133816,38.66045675290435,Merredin,"Wheatbelt, Western Australia"
2021-08-17,0.0,38.66045675290435,Merredin,"Wheatbelt, Western Australia"
2021-08-18,0.0,38.66045675290435,Merredin,"Wheatbelt, Western Australia"
2021-08-19,0.0,38.66045675290435,Merredin,"Wheatbelt, Western Australia"
2021-08-20,4.736495591740927,38.66045675290435,Merredin,"Wheatbelt, Western Australia"
2021-08-21,0.0,38.66045675290435,Merredin,"Wheatbelt, Western Australia"
2021-08-22,0.0,38.66045675290435,Merredin,"Wheatbelt, Western Australia"
2021-08-23,0.0,38.66045675290435,Merredin,"Wheatbelt, Western Australia"
2021-08-24,3.361860032391399,38.66045675290435,Merredin,"Wheatbelt, Western Australia"
2021-08-25,0.0,38.66045675290435,Merredin,"Wheatbelt, Western Australia"
2021-08-26,0.0,38.66045675290435,Merredin,"Wheatbelt, Western Australia"
2021-08-27,0.0,38.66045675290435,Merredin,"Wheatbelt, Western Australia"
2021-08-28,0.0,38.66045675290435,Merredin,"Wheatbelt, Western Australia"
2021-08-29,0.0,38.66045675290435,Merredin,"Wheatbelt, Western Australia"
2021-08-30,0.0,38.66045675290435,Merredin,"Wheatbelt, Western Australia"
2021-08-31,8.008543053205173,38.66045675290435,Merredin,"Wheatbelt, Western Australia"
2021-09-01,0.0,19.42771774188561,Merredin,"Wheatbelt, Western Australia"
2021-09-02,0.0,19.42771774188561,Merredin,"Wheatbelt, Western Australia"
2021-09-03,0.0,19.42771774188561,Merredin,"Wheatbelt, Western Australia"
2021-09-04,0.0,19.42771774188561,Merredin,"Wheatbelt, Western Australia"
2021-09-05,0.0,19.42771774188561,Merredin,"Wheatbelt, Western Australia"
2021-09-06,0.0,19.42771774188561,Merredin,"Wheatbelt, Western Australia"
2021-09-07,0.0,19.42771774188561,Merredin,"Wheatbelt, Western Australia"
2021-09-08,4.343209955076551,19.42771774188561,Merredin,"Wheatbelt, Western Australia"
2021-09-09,0.0,19.42771774188561,Merredin,"Wheatbelt, Western Australia"
2021-09-10,0.0,19.42771774188561,Merredin,"Wheatbelt, Western Australia"
2021-09-11,7.449901628061424,19.42771774188561,Merredin,"Wheatbelt, Western Australia"
2021-09-12,0.0,19.42771774188561,Merredin,"Wheatbelt, Western Australia"
2021-09-13,0.0,19.42771774188561,Merredin,"Wheatbelt, Western Australia"
2021-09-14,0.0,19.42771774188561,Merredin,"Wheatbelt, Western Australia"
2021-09-15,4.925548248254942,19.42771774188561,Merredin,"Wheatbelt, Western Australia"
2021-09-16,0.0,19.42771774188561,Merredin,"Wheatbelt, Western Australia"
2021-09-17,0.0,19.42771774188561,Merredin,"Wheatbelt, Western Australia"
2021-09-18,0.0,19.42771774188561,Merredin,"Wheatbelt, Western Australia"
2021-09-19,0.0,19.42771774188561,Merredin,"Wheatbelt, Western Australia"
2021-09-20,1.32795874129849,19.42771774188561,Merredin,"Wheatbelt, Western Australia"
2021-09-21,0.0,19.42771774188561,Merredin,"Wheatbelt, Western Australia"
2021-09-22,0.0,19.42771774188561,Merredin,"Wheatbelt, Western Australia"
2021-09-23,0.0,19.42771774188561,Merredin,"Wheatbelt, Western Australia"
2021-09-24,1.381099169194203,19.42771774188561,Merredin,"Wheatbelt, Western Australia"
2021-09-25,0.0,19.42771774188561,Merredin,"Wheatbelt, Western Australia"
2021-09-26,0.0,19.42771774188561,Merredin,"Wheatbelt, Western Australia"
2021-09-27,0.0,19.42771774188561,Merredin,"Wheatbelt, Western Australia"
2021-09-28,0.0,19.42771774188561,Merredin,"Wheatbelt, Western Australia"
2021-09-29,0.0,19.42771774188561,Merredin,"Wheatbelt, Western Australia"
2021-09-30,0.0,19.42771774188561,Merredin,"Wheatbelt, Western Australia"
2021-10-01,0.0,43.19421568245568,Merredin,"Wheatbelt, Western Australia"
2021-10-02,1.5759280495084413,43.19421568245568,Merredin,"Wheatbelt, Western Australia"
2021-10-03,6.823543445583997,43.19421568245568,Merredin,"Wheatbelt, Western Australia"
2021-10-04,0.0,43.19421568245568,Merredin,"Wheatbelt, Western Australia"
2021-10-05,0.0,43.19421568245568,Merredin,"Wheatbelt, Western Australia"
2021-10-06,2.7117805917898603,43.19421568245568,Merredin,"Wheatbelt, Western Australia"
2021-10-07,0.0,43.19421568245568,Merredin,"Wheatbelt, Western Australia"
2021-10-08,0.0,43.19421568245568,Merredin,"Wheatbelt, Western Australia"
2021-10-09,0.0,43.19421568245568,Merredin,"Wheatbelt, Western Australia"
2021-10-10,0.0,43.19421568245568,Merredin,"Wheatbelt, Western Australia"
2021-10-11,0.0,43.19421568245568,Merredin,"Wheatbelt, Western Australia"
2021-10-12,0.0,43.19421568245568,Merredin,"Wheatbelt, Western Australia"
2021-10-13,0.0,43.19421568245568,Merredin,"Wheatbelt, Western Australia"
2021-10-14,8.0341258161421,43.19421568245568,Merredin,"Wheatbelt, Western Australia"
2021-10-15,0.0,43.19421568245568,Merredin,"Wheatbelt, Western Australia"
2021-10-16,0.0,43.19421568245568,Merredin,"Wheatbelt, Western Australia"
2021-10-17,0.0,43.19421568245568,Merredin,"Wheatbelt, Western Australia"
2021-10-18,0.0,43.19421568245568,Merredin,"Wheatbelt, Western Australia"
2021-10-19,0.0,43.19421568245568,Merredin,"Wheatbelt, Western Australia"
2021-10-20,0.0,43.19421568245568,Merredin,"Wheatbelt, Western Australia"
2021-10-21,0.0,43.19421568245568,Merredin,"Wheatbelt, Western Australia"
2021-10-22,0.0,43.19421568245568,Merredin,"Wheatbelt, Western Australia"
2021-10-23,0.0,43.19421568245568,Merredin,"Wheatbelt, Western Australia"
2021-10-24,0.0,43.19421568245568,Merredin,"Wheatbelt, Western Australia"
2021-10-25,8.203749257511838,43.19421568245568,Merredin,"Wheatbelt, Western Australia"
2021-10-26,0.0,43.19421568245568,Merredin,"Wheatbelt, Western Australia"
2021-10-27,0.0,43.19421568245568,Merredin,"Wheatbelt, Western Australia"
2021-10-28,0.0,43.19421568245568,Merredin,"Wheatbelt, Western Australia"
2021-10-29,6.405850232569834,43.19421568245568,Merredin,"Wheatbelt, Western Australia"
2021-10-30,9.43923828934961,43.19421568245568,Merredin,"Wheatbelt, Western Australia"
2021-10-31,0.0,43.19421568245568,Merredin,"Wheatbelt, Western Australia"
2021-11-01,0.0,22.63899509401583,Merredin,"Wheatbelt, Western Australia"
2021-11-02,0.0,22.63899509401583,Merredin,"Wheatbelt, Western Australia"
2021-11-03,0.0,22.63899509401583,Merredin,"Wheatbelt, Western Australia"
2021-11-04,0.0,22.63899509401583,Merredin,"Wheatbelt, Western Australia"
2021-11-05,0.0,22.63899509401583,Merredin,"Wheatbelt, Western Australia"
2021-11-06,0.0,22.63899509401583,Merredin,"Wheatbelt, Western Australia"
2021-11-07,0.0,22.63899509401583,Merredin,"Wheatbelt, Western Australia"
2021-11-08,0.26431068243946526,22.63899509401583,Merredin,"Wheatbelt, Western Australia"
2021-11-09,0.0,22.63899509401583,Merredin,"Wheatbelt, Western Australia"
2021-11-10,0.0,22.63899509401583,Merredin,"Wheatbelt, Western Australia"
2021-11-11,0.0,22.63899509401583,Merredin,"Wheatbelt, Western Australia"
2021-11-12,12.369457497533048,22.63899509401583,Merredin,"Wheatbelt, Western Australia"
2021-11-13,0.0,22.63899509401583,Merredin,"Wheatbelt, Western Australia"
2021-11-14,0.0,22.63899509401583,Merredin,"Wheatbelt, Western Australia"
2021-11-15,0.0,22.63899509401583,Merredin,"Wheatbelt, Western Australia"
2021-11-16,1.9015872795589062,22.63899509401583,Merredin,"Wheatbelt, Western Australia"
2021-11-17,0.0,22.63899509401583,Merredin,"Wheatbelt, Western Australia"
2021-11-18,0.0,22.63899509401583,Merredin,"Wheatbelt, Western Australia"
2021-11-19,0.0,22.63899509401583,Merredin,"Wheatbelt, Western Australia"
2021-11-20,0.0,22.63899509401583,Merredin,"Wheatbelt, Western Australia"
2021-11-21,0.0,22.63899509401583,Merredin,"Wheatbelt, Western Australia"
2021-11-22,0.0,22.63899509401583,Merredin,"Wheatbelt, Western Australia"
2021-11-23,0.0,22.63899509401583,Merredin,"Wheatbelt, Western Australia"
2021-11-24,0.0,22.63899509401583,Merredin,"Wheatbelt, Western Australia"
2021-11-25,2.7360958691542634,22.63899509401583,Merredin,"Wheatbelt, Western Australia"
2021-11-26,0.0,22.63899509401583,Merredin,"Wheatbelt, Western Australia"
2021-11-27,0.0,22.63899509401583,Merredin,"Wheatbelt, Western Australia"
2021-11-28,5.367543765330146,22.63899509401583,Merredin,"Wheatbelt, Western Australia"
2021-11-29,0.0,22.63899509401583,Merredin,"Wheatbelt, Western Australia"
2021-11-30,0.0,22.63899509401583,Merredin,"Wheatbelt, Western Australia"
2021-12-01,0.0,12.992040859322758,Merredin,"Wheatbelt, Western Australia"
2021-12-02,0.0,12.992040859322758,Merredin,"Wheatbelt, Western Australia"
2021-12-03,0.0,12.992040859322758,Merredin,"Wheatbelt, Western Australia"
2021-12-04,0.0,12.992040859322758,Merredin,"Wheatbelt, Western Australia"
2021-12-05,0.0,12.992040859322758,Merredin,"Wheatbelt, Western Australia"
2021-12-06,5.062441397340537,12.992040859322758,Merredin,"Wheatbelt, Western Australia"
2021-12-07,0.0,12.992040859322758,Merredin,"Wheatbelt, Western Australia"
2021-12-08,0.0,12.992040859322758,Merredin,"Wheatbelt, Western Australia"
2021-12-09,0.0,12.992040859322758,Merredin,"Wheatbelt, Western Australia"
2021-12-10,0.0,12.992040859322758,Merredin,"Wheatbelt, Western Australia"
2021-12-11,0.0,12.992040859322758,Merredin,"Wheatbelt, Western Australia"
2021-12-12,0.0,12.992040859322758,Merredin,"Wheatbelt, Western Australia"
2021-12-13,0.0,12.992040859322758,Merredin,"Wheatbelt, Western Australia"
2021-12-14,0.0,12.992040859322758,Merredin,"Wheatbelt, Western Australia"
2021-12-15,0.0,12.992040859322758,Merredin,"Wheatbelt, Western Australia"
2021-12-16,0.0,12.992040859322758,Merredin,"Wheatbelt, Western Australia"
2021-12-17,2.5160352771125742,12.992040859322758,Merredin,"Wheatbelt, Western Australia"
2021-12-18,0.0,12.992040859322758,Merredin,"Wheatbelt, Western Australia"
2021-12-19,1.2055077858914507,12.992040859322758,Merredin,"Wheatbelt, Western Australia"
2021-12-20,2.1402274058979565,12.992040859322758,Merredin,"Wheatbelt, Western Australia"
2021-12-21,0.402499614346643,12.992040859322758,Merredin,"Wheatbelt, Western Australia"
2021-12-22,0.0,12.992040859322758,Merredin,"Wheatbelt, Western Australia"
2021-12-23,0.0,12.992040859322758,Merredin,"Wheatbelt, Western Australia"
2021-12-24,0.0,12.992040859322758,Merredin,"Wheatbelt, Western Australia"
2021-12-25,0.0,12.992040859322758,Merredin,"Wheatbelt, Western Australia"
2021-12-26,0.0,12.992040859322758,Merredin,"Wheatbelt, Western Australia"
2021-12-27,0.0,12.992040859322758,Merredin,"Wheatbelt, Western Australia"
2021-12-28,0.0,12.992040859322758,Merredin,"Wheatbelt, Western Australia"
2021-12-29,0.0,12.992040859322758,Merredin,"Wheatbelt, Western Australia"
2021-12-30,1.665329378733596,12.992040859322758,Merredin,"Wheatbelt, Western Australia"
2021-12-31,0.0,12.992040859322758,Merredin,"Wheatbelt, Western Australia"
2022-01-01,0.0,18.970866655324684,Merredin,"Wheatbelt, Western Australia"
2022-01-02,0.0,18.970866655324684,Merredin,"Wheatbelt, Western Australia"
2022-01-03,0.0,18.970866655324684,Merredin,"Wheatbelt, Western Australia"
2022-01-04,2.9722040917996715,18.970866655324684,Merredin,"Wheatbelt, Western Australia"
2022-01-05,0.0,18.970866655324684,Merredin,"Wheatbelt, Western Australia"
2022-01-06,0.0,18.970866655324684,Merredin,"Wheatbelt, Western Australia"
2022-01-07,3.225103783961926,18.970866655324684,Merredin,"Wheatbelt, Western Australia"
2022-01-08,0.0,18.970866655324684,Merredin,"Wheatbelt, Western Australia"
2022-01-09,0.0,18.970866655324684,Merredin,"Wheatbelt, Western Australia"
2022-01-10,0.0,18.970866655324684,Merredin,"Wheatbelt, Western Australia"
2022-01-11,0.0,18.970866655324684,Merredin,"Wheatbelt, Western Australia"
2022-01-12,0.0,18.970866655324684,Merredin,"Wheatbelt, Western Australia"
2022-01-13,0.0,18.970866655324684,Merredin,"Wheatbelt, Western Australia"
2022-01-14,0.0,18.970866655324684,Merredin,"Wheatbelt, Western Australia"
2022-01-15,0.0,18.970866655324684,Merredin,"Wheatbelt, Western Australia"
2022-01-16,0.0,18.970866655324684,Merredin,"Wheatbelt, Western Australia"
2022-01-17,0.0,18.970866655324684,Merredin,"Wheatbelt, Western Australia"
2022-01-18,0.0,18.970866655324684,Merredin,"Wheatbelt, Western Australia"
2022-01-19,2.446600108038652,18.970866655324684,Merredin,"Wheatbelt, Western Australia"
2022-01-20,0.0,18.970866655324684,Merredin,"Wheatbelt, Western Australia"
2022-01-21,0.0,18.970866655324684,Merredin,"Wheatbelt, Western Australia"
2022-01-22,4.727952011609316,18.970866655324684,Merredin,"Wheatbelt, Western Australia"
2022-01-23,0.0,18.970866655324684,Merredin,"Wheatbelt, Western Australia"
2022-01-24,0.0,18.970866655324684,Merredin,"Wheatbelt, Western Australia"
2022-01-25,0.0,18.970866655324684,Merredin,"Wheatbelt, Western Australia"
2022-01-26,0.0,18.970866655324684,Merredin,"Wheatbelt, Western Australia"
2022-01-27,0.0,18.970866655324684,Merredin,"Wheatbelt, Western Australia"
2022-01-28,5.599006659915119,18.970866655324684,Merredin,"Wheatbelt, Western Australia"
2022-01-29,0.0,18.970866655324684,Merredin,"Wheatbelt, Western Australia"
2022-01-30,0.0,18.970866655324684,Merredin,"Wheatbelt, Western Australia"
2022-01-31,0.0,18.970866655324684,Merredin,"Wheatbelt, Western Australia"
2022-02-01,0.0,13.26466974710701,Merredin,"Wheatbelt, Western Australia"
2022-02-02,7.887178718093653,13.26466974710701,Merredin,"Wheatbelt, Western Australia"
2022-02-03,0.0,13.26466974710701,Merredin,"Wheatbelt, Western Australia"
2022-02-04,0.0,13.26466974710701,Merredin,"Wheatbelt, Western Australia"
2022-02-05,0.0,13.26466974710701,Merredin,"Wheatbelt, Western Australia"
2022-02-06,0.0,13.26466974710701,Merredin,"Wheatbelt, Western Australia"
2022-02-07,0.0,13.26466974710701,Merredin,"Wheatbelt, Western Australia"
2022-02-08,0.0,13.26466974710701,Merredin,"Wheatbelt, Western Australia"
2022-02-09,0.0,13.26466974710701,Merredin,"Wheatbelt, Western Australia"
2022-02-10,0.0,13.26466974710701,Merredin,"Wheatbelt, Western Australia"
2022-02-11,0.0,13.26466974710701,Merredin,"Wheatbelt, Western Australia"
2022-02-12,0.0,13.26466974710701,Merredin,"Wheatbelt, Western Australia"
2022-02-13,0.0,13.26466974710701,Merredin,"Wheatbelt, Western Australia"
2022-02-14,4.2733152555209735,13.26466974710701,Merredin,"Wheatbelt, Western Australia"
2022-02-15,1.104175773492385,13.26466974710701,Merredin,"Wheatbelt, Western Australia"
2022-02-16,0.0,13.26466974710701,Merredin,"Wheatbelt, Western Australia"
2022-02-17,0.0,13.26466974710701,Merredin,"Wheatbelt, Western Australia"
2022-02-18,0.0,13.26466974710701,Merredin,"Wheatbelt, Western Australia"
2022-02-19,0.0,13.26466974710701,Merredin,"Wheatbelt, Western Australia"
2022-02-20,0.0,13.26466974710701,Merredin,"Wheatbelt, Western Australia"
2022-02-21,0.0,13.26466974710701,Merredin,"Wheatbelt, Western Australia"
2022-02-22,0.0,13.26466974710701,Merredin,"Wheatbelt, Western Australia"
2022-02-23,0.0,13.26466974710701,Merredin,"Wheatbelt, Western Australia"
2022-02-24,0.0,13.26466974710701,Merredin,"Wheatbelt, Western Australia"
2022-02-25,0.0,13.26466974710701,Merredin,"Wheatbelt, Western Australia"
2022-02-26,0.0,13.26466974710701,Merredin,"Wheatbelt, Western Australia"
2022-02-27,0.0,13.26466974710701,Merredin,"Wheatbelt, Western Australia"
2022-02-28,0.0,13.26466974710701,Merredin,"Wheatbelt, Western Australia"
2022-03-01,0.0,26.502124759398328,Merredin,"Wheatbelt, Western Australia"
2022-03-02,0.0,26.502124759398328,Merredin,"Wheatbelt, Western Australia"
2022-03-03,3.4511631807896093,26.502124759398328,Merredin,"Wheatbelt, Western Australia"
2022-03-04,0.0,26.502124759398328,Merredin,"Wheatbelt, Western Australia"
2022-03-05,0.0,26.502124759398328,Merredin,"Wheatbelt, Western Australia"
2022-03-06,0.0,26.502124759398328,Merredin,"Wheatbelt, Western Australia"
2022-03-07,0.0,26.502124759398328,Merredin,"Wheatbelt, Western Australia"
2022-03-08,0.0,26.502124759398328,Merredin,"Wheatbelt, Western Australia"
2022-03-09,0.0,26.502124759398328,Merredin,"Wheatbelt, Western Australia"
2022-03-10,0.0,26.502124759398328,Merredin,"Wheatbelt, Western Australia"
2022-03-11,0.0,26.502124759398328,Merredin,"Wheatbelt, Western Australia"
2022-03-12,1.810945689852823,26.502124759398328,Merredin,"Wheatbelt, Western Australia"
2022-03-13,0.0,26.502124759398328,Merredin,"Wheatbelt, Western Australia"
2022-03-14,0.0,26.502124759398328,Merredin,"Wheatbelt, Western Australia"
2022-03-15,0.0,26.502124759398328,Merredin,"Wheatbelt, Western Australia"
2022-03-16,0.0,26.502124759398328,Merredin,"Wheatbelt, Western Australia"
2022-03-17,9.78918416465306,26.502124759398328,Merredin,"Wheatbelt, Western Australia"
2022-03-18,4.175310884255644,26.502124759398328,Merredin,"Wheatbelt, Western Australia"
2022-03-19,0.0,26.502124759398328,Merredin,"Wheatbelt, Western Australia"
2022-03-20,2.7479298096612195,26.502124759398328,Merredin,"Wheatbelt, Western Australia"
2022-03-21,0.0,26.502124759398328,Merredin,"Wheatbelt, Western Australia"
2022-03-22,0.0,26.502124759398328,Merredin,"Wheatbelt, Western Australia"
2022-03-23,4.527591030185974,26.502124759398328,Merredin,"Wheatbelt, Western Australia"
2022-03-24,0.0,26.502124759398328,Merredin,"Wheatbelt, Western Australia"
2022-03-25,0.0,26.502124759398328,Merredin,"Wheatbelt, Western Australia"
2022-03-26,0.0,26.502124759398328,Merredin,"Wheatbelt, Western Australia"
2022-03-27,0.0,26.502124759398328,Merredin,"Wheatbelt, Western Australia"
2022-03-28,0.0,26.502124759398328,Merredin,"Wheatbelt, Western Australia"
2022-03-29,0.0,26.502124759398328,Merredin,"Wheatbelt, Western Australia"
2022-03-30,0.0,26.502124759398328,Merredin,"Wheatbelt, Western Australia"
2022-03-31,0.0,26.502124759398328,Merredin,"Wheatbelt, Western Australia"
2022-04-01,0.0,10.69813996502194,Merredin,"Wheatbelt, Western Australia"
2022-04-02,0.0,10.69813996502194,Merredin,"Wheatbelt, Western Australia"
2022-04-03,0.0,10.69813996502194,Merredin,"Wheatbelt, Western Australia"
2022-04-04,0.0,10.69813996502194,Merredin,"Wheatbelt, Western Australia"
2022-04-05,0.0,10.69813996502194,Merredin,"Wheatbelt, Western Australia"
2022-04-06,0.0,10.69813996502194,Merredin,"Wheatbelt, Western Australia"
2022-04-07,0.0,10.69813996502194,Merredin,"Wheatbelt, Western Australia"
2022-04-08,0.0,10.69813996502194,Merredin,"Wheatbelt, Western Australia"
2022-04-09,0.0,10.69813996502194,Merredin,"Wheatbelt, Western Australia"
2022-04-10,0.0,10.69813996502194,Merredin,"Wheatbelt, Western Australia"
2022-04-11,0.0,10.69813996502194,Merredin,"Wheatbelt, Western Australia"
2022-04-12,0.0,10.69813996502194,Merredin,"Wheatbelt, Western Australia"
2022-04-13,0.0,10.69813996502194,Merredin,"Wheatbelt, Western Australia"
2022-04-14,4.9360696583956445,10.69813996502194,Merredin,"Wheatbelt, Western Australia"
2022-04-15,0.0,10.69813996502194,Merredin,"Wheatbelt, Western Australia"
2022-04-16,0.0,10.69813996502194,Merredin,"Wheatbelt, Western Australia"
2022-04-17,3.5355743780619853,10.69813996502194,Merredin,"Wheatbelt, Western Australia"
2022-04-18,2.2264959285643102,10.69813996502194,Merredin,"Wheatbelt, Western Australia"
2022-04-19,0.0,10.69813996502194,Merredin,"Wheatbelt, Western Australia"
2022-04-20,0.0,10.69813996502194,Merredin,"Wheatbelt, Western Australia"
2022-04-21,0.0,10.69813996502194,Merredin,"Wheatbelt, Western Australia"
2022-04-22,0.0,10.69813996502194,Merredin,"Wheatbelt, Western Australia"
2022-04-23,0.0,10.69813996502194,Merredin,"Wheatbelt, Western Australia"
2022-04-24,0.0,10.69813996502194,Merredin,"Wheatbelt, Western Australia"
2022-04-25,0.0,10.69813996502194,Merredin,"Wheatbelt, Western Australia"
2022-04-26,0.0,10.69813996502194,Merredin,"Wheatbelt, Western Australia"
2022-04-27,0.0,10.69813996502194,Merredin,"Wheatbelt, Western Australia"
2022-04-28,0.0,10.69813996502194,Merredin,"Wheatbelt, Western Australia"
2022-04-29,0.0,10.69813996502194,Merredin,"Wheatbelt, Western Australia"
2022-04-30,0.0,10.69813996502194,Merredin,"Wheatbelt, Western Australia"
2022-05-01,0.0,35.30019277254039,Merredin,"Wheatbelt, Western Australia"
2022-05-02,2.988366365496343,35.30019277254039,Merredin,"Wheatbelt, Western Australia"
2022-05-03,3.1212841520854417,35.30019277254039,Merredin,"Wheatbelt, Western Australia"
2022-05-04,3.451553052342969,35.30019277254039,Merredin,"Wheatbelt, Western Australia"
2022-05-05,0.0,35.30019277254039,Merredin,"Wheatbelt, Western Australia"
2022-05-06,0.0,35.30019277254039,Merredin,"Wheatbelt, Western Australia"
2022-05-07,0.0,35.30019277254039,Merredin,"Wheatbelt, Western Australia"
2022-05-08,0.0,35.30019277254039,Merredin,"Wheatbelt, Western Australia"
2022-05-09,4.07291909299455,35.30019277254039,Merredin,"Wheatbelt, Western Australia"
2022-05-10,0.0,35.30019277254039,Merredin,"Wheatbelt, Western Australia"
2022-05-11,0.0,35.30019277254039,Merredin,"Wheatbelt, Western Australia"
2022-05-12,2.966141193380362,35.30019277254039,Merredin,"Wheatbelt, Western Australia"
2022-05-13,0.0,35.30019277254039,Merredin,"Wheatbelt, Western Australia"
2022-05-14,6.482957163249872,35.30019277254039,Merredin,"Wheatbelt, Western Australia"
2022-05-15,0.0,35.30019277254039,Merredin,"Wheatbelt, Western Australia"
2022-05-16,0.0,35.30019277254039,Merredin,"Wheatbelt, Western Australia"
2022-05-17,0.0,35.30019277254039,Merredin,"Wheatbelt, Western Australia"
2022-05-18,0.0,35.30019277254039,Merredin,"Wheatbelt, Western Australia"
2022-05-19,12.216971752990853,35.30019277254039,Merredin,"Wheatbelt, Western Australia"
2022-05-20,0.0,35.30019277254039,Merredin,"Wheatbelt, Western Australia"
2022-05-21,0.0,35.30019277254039,Merredin,"Wheatbelt, Western Australia"
2022-05-22,0.0,35.30019277254039,Merredin,"Wheatbelt, Western Australia"
2022-05-23,0.0,35.30019277254039,Merredin,"Wheatbelt, Western Australia"
2022-05-24,0.0,35.30019277254039,Merredin,"Wheatbelt, Western Australia"
2022-05-25,0.0,35.30019277254039,Merredin,"Wheatbelt, Western Australia"
2022-05-26,0.0,35.30019277254039,Merredin,"Wheatbelt, Western Australia"
2022-05-27,0.0,35.30019277254039,Merredin,"Wheatbelt, Western Australia"
2022-05-28,0.0,35.30019277254039,Merredin,"Wheatbelt, Western Australia"
2022-05-29,0.0,35.30019277254039,Merredin,"Wheatbelt, Western Australia"
2022-05-30,0.0,35.30019277254039,Merredin,"Wheatbelt, Western Australia"
2022-05-31,0.0,35.30019277254039,Merredin,"Wheatbelt, Western Australia"
2022-06-01,0.0,16.42607349960974,Merredin,"Wheatbelt, Western Australia"
2022-06-02,0.0,16.42607349960974,Merredin,"Wheatbelt, Western Australia"
2022-06-03,0.0,16.42607349960974,Merredin,"Wheatbelt, Western Australia"
2022-06-04,0.0,16.42607349960974,Merredin,"Wheatbelt, Western Australia"
2022-06-05,0.0,16.42607349960974,Merredin,"Wheatbelt, Western Australia"
2022-06-06,0.0,16.42607349960974,Merredin,"Wheatbelt, Western Australia"
2022-06-07,0.0,16.42607349960974,Merredin,"Wheatbelt, Western Australia"
2022-06-08,0.0,16.42607349960974,Merredin,"Wheatbelt, Western Australia"
2022-06-09,0.0,16.42607349960974,Merredin,"Wheatbelt, Western Australia"
2022-06-10,0.0,16.42607349960974,Merredin,"Wheatbelt, Western Australia"
2022-06-11,0.0,16.42607349960974,Merredin,"Wheatbelt, Western Australia"
2022-06-12,0.0,16.42607349960974,Merredin,"Wheatbelt, Western Australia"
2022-06-13,3.6223855327196883,16.42607349960974,Merredin,"Wheatbelt, Western Australia"
2022-06-14,0.0,16.42607349960974,Merredin,"Wheatbelt, Western Australia"
2022-06-15,0.0,16.42607349960974,Merredin,"Wheatbelt, Western Australia"
2022-06-16,0.0,16.42607349960974,Merredin,"Wheatbelt, Western Australia"
2022-06-17,0.0,16.42607349960974,Merredin,"Wheatbelt, Western Australia"
2022-06-18,0.0,16.42607349960974,Merredin,"Wheatbelt, Western Australia"
2022-06-19,0.0,16.42607349960974,Merredin,"Wheatbelt, Western Australia"
2022-06-20,0.0,16.42607349960974,Merredin,"Wheatbelt, Western Australia"
2022-06-21,0.0,16.42607349960974,Merredin,"Wheatbelt, Western Australia"
2022-06-22,0.9035976586198873,16.42607349960974,Merredin,"Wheatbelt, Western Australia"
2022-06-23,0.0,16.42607349960974,Merredin,"Wheatbelt, Western Australia"
2022-06-24,6.78828096981547,16.42607349960974,Merredin,"Wheatbelt, Western Australia"
2022-06-25,0.0,16.42607349960974,Merredin,"Wheatbelt, Western Australia"
2022-06-26,0.0,16.42607349960974,Merredin,"Wheatbelt, Western Australia"
2022-06-27,0.0,16.42607349960974,Merredin,"Wheatbelt, Western Australia"
2022-06-28,5.111809338454693,16.42607349960974,Merredin,"Wheatbelt, Western Australia"
2022-06-29,0.0,16.42607349960974,Merredin,"Wheatbelt, Western Australia"
2022-06-30,0.0,16.42607349960974,Merredin,"Wheatbelt, Western Australia"
2022-07-01,0.0,27.933151829221757,Merredin,"Wheatbelt, Western Australia"
2022-07-02,4.129520816907185,27.933151829221757,Merredin,"Wheatbelt, Western Australia"
2022-07-03,0.0,27.933151829221757,Merredin,"Wheatbelt, Western Australia"
2022-07-04,0.0,27.933151829221757,Merredin,"Wheatbelt, Western Australia"
2022-07-05,4.778025365222342,27.933151829221757,Merredin,"Wheatbelt, Western Australia"
2022-07-06,0.0,27.933151829221757,Merredin,"Wheatbelt, Western Australia"
2022-07-07,0.0,27.933151829221757,Merredin,"Wheatbelt, Western Australia"
2022-07-08,0.0,27.933151829221757,Merredin,"Wheatbelt, Western Australia"
2022-07-09,0.0,27.933151829221757,Merredin,"Wheatbelt, Western Australia"
2022-07-10,2.3337021696225757,27.933151829221757,Merredin,"Wheatbelt, Western Australia"
2022-07-11,0.0,27.933151829221757,Merredin,"Wheatbelt, Western Australia"
2022-07-12,0.0,27.933151829221757,Merredin,"Wheatbelt, Western Australia"
2022-07-13,1.4083159381923798,27.933151829221757,Merredin,"Wheatbelt, Western Australia"
2022-07-14,0.0,27.933151829221757,Merredin,"Wheatbelt, Western Australia"
2022-07-15,0.0,27.933151829221757,Merredin,"Wheatbelt, Western Australia"
2022-07-16,4.7568401684260575,27.933151829221757,Merredin,"Wheatbelt, Western Australia"
2022-07-17,0.0,27.933151829221757,Merredin,"Wheatbelt, Western Australia"
2022-07-18,1.1579323143094664,27.933151829221757,Merredin,"Wheatbelt, Western Australia"
2022-07-19,0.0,27.933151829221757,Merredin,"Wheatbelt, Western Australia"
2022-07-20,0.0,27.933151829221757,Merredin,"Wheatbelt, Western Australia"
2022-07-21,0.0,27.933151829221757,Merredin,"Wheatbelt, Western Australia"
2022-07-22,0.0,27.933151829221757,Merredin,"Wheatbelt, Western Australia"
2022-07-23,4.180706134369774,27.933151829221757,Merredin,"Wheatbelt, Western Australia"
2022-07-24,0.0,27.933151829221757,Merredin,"Wheatbelt, Western Australia"
2022-07-25,0.0,27.933151829221757,Merredin,"Wheatbelt, Western Australia"
2022-07-26,3.916381218301298,27.933151829221757,Merredin,"Wheatbelt, Western Australia"
2022-07-27,0.0,27.933151829221757,Merredin,"Wheatbelt, Western Australia"
2022-07-28,0.0,27.933151829221757,Merredin,"Wheatbelt, Western Australia"
2022-07-29,1.2717277038706774,27.933151829221757,Merredin,"Wheatbelt, Western Australia"
2022-07-30,0.0,27.933151829221757,Merredin,"Wheatbelt, Western Australia"
2022-07-31,0.0,27.933151829221757,Merredin,"Wheatbelt, Western Australia"
2022-08-01,0.0,23.264382250374954,Merredin,"Wheatbelt, Western Australia"
2022-08-02,0.0,23.264382250374954,Merredin,"Wheatbelt, Western Australia"
2022-08-03,5.366996265278928,23.264382250374954,Merredin,"Wheatbelt, Western Australia"
2022-08-04,0.0,23.264382250374954,Merredin,"Wheatbelt, Western Australia"
2022-08-05,0.0,23.264382250374954,Merredin,"Wheatbelt, Western Australia"
2022-08-06,0.0,23.264382250374954,Merredin,"Wheatbelt, Western Australia"
2022-08-07,0.0,23.264382250374954,Merredin,"Wheatbelt, Western Australia"
2022-08-08,1.7742040772818195,23.264382250374954,Merredin,"Wheatbelt, Western Australia"
2022-08-09,0.0,23.264382250374954,Merredin,"Wheatbelt, Western Australia"
2022-08-10,0.0,23.264382250374954,Merredin,"Wheatbelt, Western Australia"
2022-08-11,4.8551930499915885,23.264382250374954,Merredin,"Wheatbelt, Western Australia"
2022-08-12,0.0,23.264382250374954,Merredin,"Wheatbelt, Western Australia"
2022-08-13,0.0,23.264382250374954,Merredin,"Wheatbelt, Western Australia"
2022-08-14,0.0,23.264382250374954,Merredin,"Wheatbelt, Western Australia"
2022-08-15,0.0,23.264382250374954,Merredin,"Wheatbelt, Western Australia"
2022-08-16,0.0,23.264382250374954,Merredin,"Wheatbelt, Western Australia"
2022-08-17,0.0,23.264382250374954,Merredin,"Wheatbelt, Western Australia"
2022-08-18,0.0,23.264382250374954,Merredin,"Wheatbelt, Western Australia"
2022-08-19,0.6145723448827107,23.264382250374954,Merredin,"Wheatbelt, Western Australia"
2022-08-20,1.3550614715043956,23.264382250374954,Merredin,"Wheatbelt, Western Australia"
2022-08-21,0.0,23.264382250374954,Merredin,"Wheatbelt, Western Australia"
2022-08-22,3.2187090131527865,23.264382250374954,Merredin,"Wheatbelt, Western Australia"
2022-08-23,2.0905267447902967,23.264382250374954,Merredin,"Wheatbelt, Western Australia"
2022-08-24,0.0,23.264382250374954,Merredin,"Wheatbelt, Western Australia"
2022-08-25,0.0,23.264382250374954,Merredin,"Wheatbelt, Western Australia"
2022-08-26,3.989119283492429,23.264382250374954,Merredin,"Wheatbelt, Western Australia"
2022-08-27,0.0,23.264382250374954,Merredin,"Wheatbelt, Western Australia"
2022-08-28,0.0,23.264382250374954,Merredin,"Wheatbelt, Western Australia"
2022-08-29,0.0,23.264382250374954,Merredin,"Wheatbelt, Western Australia"
2022-08-30,0.0,23.264382250374954,Merredin,"Wheatbelt, Western Australia"
2022-08-31,0.0,23.264382250374954,Merredin,"Wheatbelt, Western Australia"
2022-09-01,0.0,25.75182704398359,Merredin,"Wheatbelt, Western Australia"
2022-09-02,0.0,25.75182704398359,Merredin,"Wheatbelt, Western Australia"
2022-09-03,0.0,25.75182704398359,Merredin,"Wheatbelt, Western Australia"
2022-09-04,0.0,25.75182704398359,Merredin,"Wheatbelt, Western Australia"
2022-09-05,0.0,25.75182704398359,Merredin,"Wheatbelt, Western Australia"
2022-09-06,0.0,25.75182704398359,Merredin,"Wheatbelt, Western Australia"
2022-09-07,0.0,25.75182704398359,Merredin,"Wheatbelt, Western Australia"
2022-09-08,0.0,25.75182704398359,Merredin,"Wheatbelt, Western Australia"
2022-09-09,0.0,25.75182704398359,Merredin,"Wheatbelt, Western Australia"
2022-09-10,0.0,25.75182704398359,Merredin,"Wheatbelt, Western Australia"
2022-09-11,1.6658559946601972,25.75182704398359,Merredin,"Wheatbelt, Western Australia"
2022-09-12,0.0,25.75182704398359,Merredin,"Wheatbelt, Western Australia"
2022-09-13,0.0,25.75182704398359,Merredin,"Wheatbelt, Western Australia"
2022-09-14,2.92339136104214,25.75182704398359,Merredin,"Wheatbelt, Western Australia"
2022-09-15,0.0,25.75182704398359,Merredin,"Wheatbelt, Western Australia"
2022-09-16,9.625436019702759,25.75182704398359,Merredin,"Wheatbelt, Western Australia"
2022-09-17,2.1420837844913487,25.75182704398359,Merredin,"Wheatbelt, Western Australia"
2022-09-18,0.0,25.75182704398359,Merredin,"Wheatbelt, Western Australia"
2022-09-19,0.0,25.75182704398359,Merredin,"Wheatbelt, Western Australia"
2022-09-20,0.0,25.75182704398359,Merredin,"Wheatbelt, Western Australia"
2022-09-21,1.2012611107296087,25.75182704398359,Merredin,"Wheatbelt, Western Australia"
2022-09-22,8.193798773357534,25.75182704398359,Merredin,"Wheatbelt, Western Australia"
2022-09-23,0.0,25.75182704398359,Merredin,"Wheatbelt, Western Australia"
2022-09-24,0.0,25.75182704398359,Merredin,"Wheatbelt, Western Australia"
2022-09-25,0.0,25.75182704398359,Merredin,"Wheatbelt, Western Australia"
2022-09-26,0.0,25.75182704398359,Merredin,"Wheatbelt, Western Australia"
2022-09-27,0.0,25.75182704398359,Merredin,"Wheatbelt, Western Australia"
2022-09-28,0.0,25.75182704398359,Merredin,"Wheatbelt, Western Australia"
2022-09-29,0.0,25.75182704398359,Merredin,"Wheatbelt, Western Australia"
2022-09-30,0.0,25.75182704398359,Merredin,"Wheatbelt, Western Australia"
2022-10-01,6.547115374480938,34.243674150423274,Merredin,"Wheatbelt, Western Australia"
2022-10-02,0.0,34.243674150423274,Merredin,"Wheatbelt, Western Australia"
2022-10-03,0.0,34.243674150423274,Merredin,"Wheatbelt, Western Australia"
2022-10-04,0.0,34.243674150423274,Merredin,"Wheatbelt, Western Australia"
2022-10-05,1.4262876251106877,34.243674150423274,Merredin,"Wheatbelt, Western Australia"
2022-10-06,0.0,34.243674150423274,Merredin,"Wheatbelt, Western Australia"
2022-10-07,3.4424573064269026,34.243674150423274,Merredin,"Wheatbelt, Western Australia"
2022-10-08,3.006508550596721,34.243674150423274,Merredin,"Wheatbelt, Western Australia"
2022-10-09,0.0,34.243674150423274,Merredin,"Wheatbelt, Western Australia"
2022-10-10,0.0,34.243674150423274,Merredin,"Wheatbelt, Western Australia"
2022-10-11,7.314226416839675,34.243674150423274,Merredin,"Wheatbelt, Western Australia"
2022-10-12,0.0,34.243674150423274,Merredin,"Wheatbelt, Western Australia"
2022-10-13,0.0,34.243674150423274,Merredin,"Wheatbelt, Western Australia"
2022-10-14,0.0,34.243674150423274,Merredin,"Wheatbelt, Western Australia"
2022-10-15,0.0,34.243674150423274,Merredin,"Wheatbelt, Western Australia"
2022-10-16,0.0,34.243674150423274,Merredin,"Wheatbelt, Western Australia"
2022-10-17,0.0,34.243674150423274,Merredin,"Wheatbelt, Western Australia"
2022-10-18,0.0,34.243674150423274,Merredin,"Wheatbelt, Western Australia"
2022-10-19,0.0,34.243674150423274,Merredin,"Wheatbelt, Western Australia"
2022-10-20,0.0,34.243674150423274,Merredin,"Wheatbelt, Western Australia"
2022-10-21,0.0,34.243674150423274,Merredin,"Wheatbelt, Western Australia"
2022-10-22,0.0,34.243674150423274,Merredin,"Wheatbelt, Western Australia"
2022-10-23,0.0,34.243674150423274,Merredin,"Wheatbelt, Western Australia"
2022-10-24,1.9754754835244985,34.243674150423274,Merredin,"Wheatbelt, Western Australia"
2022-10-25,5.378892403536038,34.243674150423274,Merredin,"Wheatbelt, Western Australia"
2022-10-26,0.0,34.243674150423274,Merredin,"Wheatbelt, Western Australia"
2022-10-27,0.0,34.243674150423274,Merredin,"Wheatbelt, Western Australia"
2022-10-28,5.152710989907813,34.243674150423274,Merredin,"Wheatbelt, Western Australia"
2022-10-29,0.0,34.243674150423274,Merredin,"Wheatbelt, Western Australia"
2022-10-30,0.0,34.243674150423274,Merredin,"Wheatbelt, Western Australia"
2022-10-31,0.0,34.243674150423274,Merredin,"Wheatbelt, Western Australia"
2022-11-01,0.0,13.986616755967967,Merredin,"Wheatbelt, Western Australia"
2022-11-02,0.0,13.986616755967967,Merredin,"Wheatbelt, Western Australia"
2022-11-03,0.0,13.986616755967967,Merredin,"Wheatbelt, Western Australia"
2022-11-04,0.0,13.986616755967967,Merredin,"Wheatbelt, Western Australia"
2022-11-05,0.0,13.986616755967967,Merredin,"Wheatbelt, Western Australia"
2022-11-06,0.0,13.986616755967967,Merredin,"Wheatbelt, Western Australia"
2022-11-07,0.0,13.986616755967967,Merredin,"Wheatbelt, Western Australia"
2022-11-08,0.0,13.986616755967967,Merredin,"Wheatbelt, Western Australia"
2022-11-09,0.0,13.986616755967967,Merredin,"Wheatbelt, Western Australia"
2022-11-10,0.0,13.986616755967967,Merredin,"Wheatbelt, Western Australia"
2022-11-11,0.0,13.986616755967967,Merredin,"Wheatbelt, Western Australia"
2022-11-12,0.0,13.986616755967967,Merredin,"Wheatbelt, Western Australia"
2022-11-13,0.0,13.986616755967967,Merredin,"Wheatbelt, Western Australia"
2022-11-14,0.0,13.986616755967967,Merredin,"Wheatbelt, Western Australia"
2022-11-15,0.0,13.986616755967967,Merredin,"Wheatbelt, Western Australia"
2022-11-16,1.175079479564397,13.986616755967967,Merredin,"Wheatbelt, Western Australia"
2022-11-17,0.0,13.986616755967967,Merredin,"Wheatbelt, Western Australia"
2022-11-18,0.0,13.986616755967967,Merredin,"Wheatbelt, Western Australia"
2022-11-19,0.0,13.986616755967967,Merredin,"Wheatbelt, Western Australia"
2022-11-20,0.0,13.986616755967967,Merredin,"Wheatbelt, Western Australia"
2022-11-21,8.540836498080713,13.986616755967967,Merredin,"Wheatbelt, Western Australia"
2022-11-22,0.0,13.986616755967967,Merredin,"Wheatbelt, Western Australia"
2022-11-23,0.0,13.986616755967967,Merredin,"Wheatbelt, Western Australia"
2022-11-24,0.0,13.986616755967967,Merredin,"Wheatbelt, Western Australia"
2022-11-25,0.0,13.986616755967967,Merredin,"Wheatbelt, Western Australia"
2022-11-26,0.0,13.986616755967967,Merredin,"Wheatbelt, Western Australia"
2022-11-27,4.2707007783228566,13.986616755967967,Merredin,"Wheatbelt, Western Australia"
2022-11-28,0.0,13.986616755967967,Merredin,"Wheatbelt, Western Australia"
2022-11-29,0.0,13.986616755967967,Merredin,"Wheatbelt, Western Australia"
2022-11-30,0.0,13.986616755967967,Merredin,"Wheatbelt, Western Australia"
2022-12-01,0.0,9.665765307656917,Merredin,"Wheatbelt, Western Australia"
2022-12-02,0.0,9.665765307656917,Merredin,"Wheatbelt, Western Australia"
2022-12-03,0.0,9.665765307656917,Merredin,"Wheatbelt, Western Australia"
2022-12-04,0.0,9.665765307656917,Merredin,"Wheatbelt, Western Australia"
2022-12-05,0.0,9.665765307656917,Merredin,"Wheatbelt, Western Australia"
2022-12-06,0.0,9.665765307656917,Merredin,"Wheatbelt, Western Australia"
2022-12-07,0.0,9.665765307656917,Merredin,"Wheatbelt, Western Australia"
2022-12-08,3.4085011462472314,9.665765307656917,Merredin,"Wheatbelt, Western Australia"
2022-12-09,0.0,9.665765307656917,Merredin,"Wheatbelt, Western Australia"
2022-12-10,0.0,9.665765307656917,Merredin,"Wheatbelt, Western Australia"
2022-12-11,0.0,9.665765307656917,Merredin,"Wheatbelt, Western Australia"
2022-12-12,0.0,9.665765307656917,Merredin,"Wheatbelt, Western Australia"
2022-12-13,0.0,9.665765307656917,Merredin,"Wheatbelt, Western Australia"
2022-12-14,0.0,9.665765307656917,Merredin,"Wheatbelt, Western Australia"
2022-12-15,0.0,9.665765307656917,Merredin,"Wheatbelt, Western Australia"
2022-12-16,0.0,9.665765307656917,Merredin,"Wheatbelt, Western Australia"
2022-12-17,0.0,9.665765307656917,Merredin,"Wheatbelt, Western Australia"
2022-12-18,0.0,9.665765307656917,Merredin,"Wheatbelt, Western Australia"
2022-12-19,0.0,9.665765307656917,Merredin,"Wheatbelt, Western Australia"
2022-12-20,0.0,9.665765307656917,Merredin,"Wheatbelt, Western Australia"
2022-12-21,0.0,9.665765307656917,Merredin,"Wheatbelt, Western Australia"
2022-12-22,2.159956984184561,9.665765307656917,Merredin,"Wheatbelt, Western Australia"
2022-12-23,0.0,9.665765307656917,Merredin,"Wheatbelt, Western Australia"
2022-12-24,0.0,9.665765307656917,Merredin,"Wheatbelt, Western Australia"
2022-12-25,2.1331940173994357,9.665765307656917,Merredin,"Wheatbelt, Western Australia"
2022-12-26,1.9641131598256893,9.665765307656917,Merredin,"Wheatbelt, Western Australia"
2022-12-27,0.0,9.665765307656917,Merredin,"Wheatbelt, Western Australia"
2022-12-28,0.0,9.665765307656917,Merredin,"Wheatbelt, Western Australia"
2022-12-29,0.0,9.665765307656917,Merredin,"Wheatbelt, Western Australia"
2022-12-30,0.0,9.665765307656917,Merredin,"Wheatbelt, Western Australia"
2022-12-31,0.0,9.665765307656917,Merredin,"Wheatbelt, Western Australia"
2023-01-01,0.0,45.430788778046725,Merredin,"Wheatbelt, Western Australia"
2023-01-02,0.0,45.430788778046725,Merredin,"Wheatbelt, Western Australia"
2023-01-03,7.63568855293307,45.430788778046725,Merredin,"Wheatbelt, Western Australia"
2023-01-04,2.7061320204578774,45.430788778046725,Merredin,"Wheatbelt, Western Australia"
2023-01-05,0.0,45.430788778046725,Merredin,"Wheatbelt, Western Australia"
2023-01-06,0.0,45.430788778046725,Merredin,"Wheatbelt, Western Australia"
2023-01-07,7.127231245122158,45.430788778046725,Merredin,"Wheatbelt, Western Australia"
2023-01-08,0.0,45.430788778046725,Merredin,"Wheatbelt, Western Australia"
2023-01-09,3.2671388730708735,45.430788778046725,Merredin,"Wheatbelt, Western Australia"
2023-01-10,5.9395074246558295,45.430788778046725,Merredin,"Wheatbelt, Western Australia"
2023-01-11,0.0,45.430788778046725,Merredin,"Wheatbelt, Western Australia"
2023-01-12,0.0,45.430788778046725,Merredin,"Wheatbelt, Western Australia"
2023-01-13,0.0,45.430788778046725,Merredin,"Wheatbelt, Western Australia"
2023-01-14,0.0,45.430788778046725,Merredin,"Wheatbelt, Western Australia"
2023-01-15,0.0,45.430788778046725,Merredin,"Wheatbelt, Western Australia"
2023-01-16,0.5008048619406784,45.430788778046725,Merredin,"Wheatbelt, Western Australia"
2023-01-17,0.0,45.430788778046725,Merredin,"Wheatbelt, Western Australia"
2023-01-18,0.0,45.430788778046725,Merredin,"Wheatbelt, Western Australia"
2023-01-19,3.9717057070865365,45.430788778046725,Merredin,"Wheatbelt, Western Australia"
2023-01-20,0.0,45.430788778046725,Merredin,"Wheatbelt, Western Australia"
2023-01-21,0.0,45.430788778046725,Merredin,"Wheatbelt, Western Australia"
2023-01-22,0.0,45.430788778046725,Merredin,"Wheatbelt, Western Australia"
2023-01-23,0.0,45.430788778046725,Merredin,"Wheatbelt, Western Australia"
2023-01-24,0.0,45.430788778046725,Merredin,"Wheatbelt, Western Australia"
2023-01-25,0.0,45.430788778046725,Merredin,"Wheatbelt, Western Australia"
2023-01-26,0.0,45.430788778046725,Merredin,"Wheatbelt, Western Australia"
2023-01-27,5.301743844287582,45.430788778046725,Merredin,"Wheatbelt, Western Australia"
2023-01-28,0.0,45.430788778046725,Merredin,"Wheatbelt, Western Australia"
2023-01-29,4.654510134810966,45.430788778046725,Merredin,"Wheatbelt, Western Australia"
2023-01-30,0.0,45.430788778046725,Merredin,"Wheatbelt, Western Australia"
2023-01-31,4.326326113681155,45.430788778046725,Merredin,"Wheatbelt, Western Australia"
2023-02-01,0.0,29.599766364782376,Merredin,"Wheatbelt, Western Australia"
2023-02-02,3.207576634482852,29.599766364782376,Merredin,"Wheatbelt, Western Australia"
2023-02-03,0.0,29.599766364782376,Merredin,"Wheatbelt, Western Australia"
2023-02-04,0.0,29.599766364782376,Merredin,"Wheatbelt, Western Australia"
2023-02-05,0.0,29.599766364782376,Merredin,"Wheatbelt, Western Australia"
2023-02-06,0.0,29.599766364782376,Merredin,"Wheatbelt, Western Australia"
2023-02-07,0.0,29.599766364782376,Merredin,"Wheatbelt, Western Australia"
2023-02-08,0.0,29.599766364782376,Merredin,"Wheatbelt, Western Australia"
2023-02-09,0.0,29.599766364782376,Merredin,"Wheatbelt, Western Australia"
2023-02-10,0.0,29.599766364782376,Merredin,"Wheatbelt, Western Australia"
2023-02-11,0.0,29.599766364782376,Merredin,"Wheatbelt, Western Australia"
2023-02-12,0.0,29.599766364782376,Merredin,"Wheatbelt, Western Australia"
2023-02-13,2.5180629182138694,29.599766364782376,Merredin,"Wheatbelt, Western Australia"
2023-02-14,3.056557054266711,29.599766364782376,Merredin,"Wheatbelt, Western Australia"
2023-02-15,4.274687315932311,29.599766364782376,Merredin,"Wheatbelt, Western Australia"
2023-02-16,0.0,29.599766364782376,Merredin,"Wheatbelt, Western Australia"
2023-02-17,5.569118124999399,29.599766364782376,Merredin,"Wheatbelt, Western Australia"
2023-02-18,0.0,29.599766364782376,Merredin,"Wheatbelt, Western Australia"
2023-02-19,0.0,29.599766364782376,Merredin,"Wheatbelt, Western Australia"
2023-02-20,0.0,29.599766364782376,Merredin,"Wheatbelt, Western Australia"
2023-02-21,3.571265970552499,29.599766364782376,Merredin,"Wheatbelt, Western Australia"
2023-02-22,0.0,29.599766364782376,Merredin,"Wheatbelt, Western Australia"
2023-02-23,0.0,29.599766364782376,Merredin,"Wheatbelt, Western Australia"
2023-02-24,0.0,29.599766364782376,Merredin,"Wheatbelt, Western Australia"
2023-02-25,0.0,29.599766364782376,Merredin,"Wheatbelt, Western Australia"
2023-02-26,0.0,29.599766364782376,Merredin,"Wheatbelt, Western Australia"
2023-02-27,7.402498346334733,29.599766364782376,Merredin,"Wheatbelt, Western Australia"
2023-02-28,0.0,29.599766364782376,Merredin,"Wheatbelt, Western Australia"
2023-03-01,0.0,36.237965457662526,Merredin,"Wheatbelt, Western Australia"
2023-03-02,0.0,36.237965457662526,Merredin,"Wheatbelt, Western Australia"
2023-03-03,2.393867684334232,36.237965457662526,Merredin,"Wheatbelt, Western Australia"
2023-03-04,0.0,36.237965457662526,Merredin,"Wheatbelt, Western Australia"
2023-03-05,0.0,36.237965457662526,Merredin,"Wheatbelt, Western Australia"
2023-03-06,8.199909845914817,36.237965457662526,Merredin,"Wheatbelt, Western Australia"
2023-03-07,0.0,36.237965457662526,Merredin,"Wheatbelt, Western Australia"
2023-03-08,7.2426139135578405,36.237965457662526,Merredin,"Wheatbelt, Western Australia"
2023-03-09,0.0,36.237965457662526,Merredin,"Wheatbelt, Western Australia"
2023-03-10,0.0,36.237965457662526,Merredin,"Wheatbelt, Western Australia"
2023-03-11,4.020358818820828,36.237965457662526,Merredin,"Wheatbelt, Western Australia"
2023-03-12,0.0,36.237965457662526,Merredin,"Wheatbelt, Western Australia"
2023-03-13,0.0,36.237965457662526,Merredin,"Wheatbelt, Western Australia"
2023-03-14,2.407371452355478,36.237965457662526,Merredin,"Wheatbelt, Western Australia"
2023-03-15,0.0,36.237965457662526,Merredin,"Wheatbelt, Western Australia"
2023-03-16,0.0,36.237965457662526,Merredin,"Wheatbelt, Western Australia"
2023-03-17,0.0,36.237965457662526,Merredin,"Wheatbelt, Western Australia"
2023-03-18,0.0,36.237965457662526,Merredin,"Wheatbelt, Western Australia"
2023-03-19,0.0,36.237965457662526,Merredin,"Wheatbelt, Western Australia"
2023-03-20,0.0,36.237965457662526,Merredin,"Wheatbelt, Western Australia"
2023-03-21,0.0,36.237965457662526,Merredin,"Wheatbelt, Western Australia"
2023-03-22,0.0,36.237965457662526,Merredin,"Wheatbelt, Western Australia"
2023-03-23,0.0,36.237965457662526,Merredin,"Wheatbelt, Western Australia"
2023-03-24,0.0,36.237965457662526,Merredin,"Wheatbelt, Western Australia"
2023-03-25,4.665828237148152,36.237965457662526,Merredin,"Wheatbelt, Western Australia"
2023-03-26,0.0,36.237965457662526,Merredin,"Wheatbelt, Western Australia"
2023-03-27,0.0,36.237965457662526,Merredin,"Wheatbelt, Western Australia"
2023-03-28,0.0,36.237965457662526,Merredin,"Wheatbelt, Western Australia"
2023-03-29,0.0,36.237965457662526,Merredin,"Wheatbelt, Western Australia"
2023-03-30,7.3080155055311815,36.237965457662526,Merredin,"Wheatbelt, Western Australia"
2023-03-31,0.0,36.237965457662526,Merredin,"Wheatbelt, Western Australia"
2023-04-01,0.0,36.89881953052984,Merredin,"Wheatbelt, Western Australia"
2023-04-02,0.0,36.89881953052984,Merredin,"Wheatbelt, Western Australia"
2023-04-03,0.0,36.89881953052984,Merredin,"Wheatbelt, Western Australia"
2023-04-04,0.0,36.89881953052984,Merredin,"Wheatbelt, Western Australia"
2023-04-05,0.0,36.89881953052984,Merredin,"Wheatbelt, Western Australia"
2023-04-06,4.122915320096971,36.89881953052984,Merredin,"Wheatbelt, Western Australia"
2023-04-07,3.1145814235294944,36.89881953052984,Merredin,"Wheatbelt, Western Australia"
2023-04-08,9.115973339037748,36.89881953052984,Merredin,"Wheatbelt, Western Australia"
2023-04-09,0.0,36.89881953052984,Merredin,"Wheatbelt, Western Australia"
2023-04-10,0.0,36.89881953052984,Merredin,"Wheatbelt, Western Australia"
2023-04-11,0.0,36.89881953052984,Merredin,"Wheatbelt, Western Australia"
2023-04-12,0.0,36.89881953052984,Merredin,"Wheatbelt, Western Australia"
2023-04-13,0.0,36.89881953052984,Merredin,"Wheatbelt, Western Australia"
2023-04-14,0.0,36.89881953052984,Merredin,"Wheatbelt, Western Australia"
2023-04-15,0.0,36.89881953052984,Merredin,"Wheatbelt, Western Australia"
2023-04-16,5.778304430169359,36.89881953052984,Merredin,"Wheatbelt, Western Australia"
2023-04-17,0.0,36.89881953052984,Merredin,"Wheatbelt, Western Australia"
2023-04-18,8.415913633697933,36.89881953052984,Merredin,"Wheatbelt, Western Australia"
2023-04-19,0.0,36.89881953052984,Merredin,"Wheatbelt, Western Australia"
2023-04-20,0.0,36.89881953052984,Merredin,"Wheatbelt, Western Australia"
2023-04-21,1.6666093143898861,36.89881953052984,Merredin,"Wheatbelt, Western Australia"
2023-04-22,0.0,36.89881953052984,Merredin,"Wheatbelt, Western Australia"
2023-04-23,0.0,36.89881953052984,Merredin,"Wheatbelt, Western Australia"
2023-04-24,0.0,36.89881953052984,Merredin,"Wheatbelt, Western Australia"
2023-04-25,4.684522069608447,36.89881953052984,Merredin,"Wheatbelt, Western Australia"
2023-04-26,0.0,36.89881953052984,Merredin,"Wheatbelt, Western Australia"
2023-04-27,0.0,36.89881953052984,Merredin,"Wheatbelt, Western Australia"
2023-04-28,0.0,36.89881953052984,Merredin,"Wheatbelt, Western Australia"
2023-04-29,0.0,36.89881953052984,Merredin,"Wheatbelt, Western Australia"
2023-04-30,0.0,36.89881953052984,Merredin,"Wheatbelt, Western Australia"
2023-05-01,1.2770345880239473,49.32317889550962,Merredin,"Wheatbelt, Western Australia"
2023-05-02,0.0,49.32317889550962,Merredin,"Wheatbelt, Western Australia"
2023-05-03,0.0,49.32317889550962,Merredin,"Wheatbelt, Western Australia"
2023-05-04,0.0,49.32317889550962,Merredin,"Wheatbelt, Western Australia"
2023-05-05,0.0,49.32317889550962,Merredin,"Wheatbelt, Western Australia"
2023-05-06,0.0,49.32317889550962,Merredin,"Wheatbelt, Western Australia"
2023-05-07,0.0,49.32317889550962,Merredin,"Wheatbelt, Western Australia"
2023-05-08,0.0,49.32317889550962,Merredin,"Wheatbelt, Western Australia"
2023-05-09,0.0,49.32317889550962,Merredin,"Wheatbelt, Western Australia"
2023-05-10,0.0,49.32317889550962,Merredin,"Wheatbelt, Western Australia"
2023-05-11,0.0,49.32317889550962,Merredin,"Wheatbelt, Western Australia"
2023-05-12,0.0,49.32317889550962,Merredin,"Wheatbelt, Western Australia"
2023-05-13,0.0,49.32317889550962,Merredin,"Wheatbelt, Western Australia"
2023-05-14,0.0,49.32317889550962,Merredin,"Wheatbelt, Western Australia"
2023-05-15,0.0,49.32317889550962,Merredin,"Wheatbelt, Western Australia"
2023-05-16,3.0386805965891956,49.32317889550962,Merredin,"Wheatbelt, Western Australia"
2023-05-17,1.8169674646293796,49.32317889550962,Merredin,"Wheatbelt, Western Australia"
2023-05-18,0.0,49.32317889550962,Merredin,"Wheatbelt, Western Australia"
2023-05-19,0.0,49.32317889550962,Merredin,"Wheatbelt, Western Australia"
2023-05-20,0.0,49.32317889550962,Merredin,"Wheatbelt, Western Australia"
2023-05-21,0.0,49.32317889550962,Merredin,"Wheatbelt, Western Australia"
2023-05-22,5.877665071969518,49.32317889550962,Merredin,"Wheatbelt, Western Australia"
2023-05-23,9.328337853051636,49.32317889550962,Merredin,"Wheatbelt, Western Australia"
2023-05-24,0.0,49.32317889550962,Merredin,"Wheatbelt, Western Australia"
2023-05-25,0.0,49.32317889550962,Merredin,"Wheatbelt, Western Australia"
2023-05-26,3.8932520669191804,49.32317889550962,Merredin,"Wheatbelt, Western Australia"
2023-05-27,0.0,49.32317889550962,Merredin,"Wheatbelt, Western Australia"
2023-05-28,7.746258384934158,49.32317889550962,Merredin,"Wheatbelt, Western Australia"
2023-05-29,0.0,49.32317889550962,Merredin,"Wheatbelt, Western Australia"
2023-05-30,16.344982869392606,49.32317889550962,Merredin,"Wheatbelt, Western Australia"
2023-05-31,0.0,49.32317889550962,Merredin,"Wheatbelt, Western Australia"
2023-06-01,1.5705932571300758,39.79413172565447,Merredin,"Wheatbelt, Western Australia"
2023-06-02,0.0,39.79413172565447,Merredin,"Wheatbelt, Western Australia"
2023-06-03,0.0,39.79413172565447,Merredin,"Wheatbelt, Western Australia"
2023-06-04,0.0,39.79413172565447,Merredin,"Wheatbelt, Western Australia"
2023-06-05,4.237818261293196,39.79413172565447,Merredin,"Wheatbelt, Western Australia"
2023-06-06,0.0,39.79413172565447,Merredin,"Wheatbelt, Western Australia"
2023-06-07,2.746368785992955,39.79413172565447,Merredin,"Wheatbelt, Western Australia"
2023-06-08,0.0,39.79413172565447,Merredin,"Wheatbelt, Western Australia"
2023-06-09,6.453177841393436,39.79413172565447,Merredin,"Wheatbelt, Western Australia"
2023-06-10,4.922809149962638,39.79413172565447,Merredin,"Wheatbelt, Western Australia"
2023-06-11,0.0,39.79413172565447,Merredin,"Wheatbelt, Western Australia"
2023-06-12,0.0,39.79413172565447,Merredin,"Wheatbelt, Western Australia"
2023-06-13,3.7152200430623514,39.79413172565447,Merredin,"Wheatbelt, Western Australia"
2023-06-14,0.0,39.79413172565447,Merredin,"Wheatbelt, Western Australia"
2023-06-15,5.555378118621213,39.79413172565447,Merredin,"Wheatbelt, Western Australia"
2023-06-16,0.0,39.79413172565447,Merredin,"Wheatbelt, Western Australia"
2023-06-17,6.682281088074564,39.79413172565447,Merredin,"Wheatbelt, Western Australia"
2023-06-18,0.0,39.79413172565447,Merredin,"Wheatbelt, Western Australia"
2023-06-19,0.0,39.79413172565447,Merredin,"Wheatbelt, Western Australia"
2023-06-20,0.0,39.79413172565447,Merredin,"Wheatbelt, Western Australia"
2023-06-21,0.0,39.79413172565447,Merredin,"Wheatbelt, Western Australia"
2023-06-22,2.431737285344246,39.79413172565447,Merredin,"Wheatbelt, Western Australia"
2023-06-23,0.0,39.79413172565447,Merredin,"Wheatbelt, Western Australia"
2023-06-24,0.0,39.79413172565447,Merredin,"Wheatbelt, Western Australia"
2023-06-25,0.0,39.79413172565447,Merredin,"Wheatbelt, Western Australia"
2023-06-26,0.0,39.79413172565447,Merredin,"Wheatbelt, Western Australia"
2023-06-27,0.0,39.79413172565447,Merredin,"Wheatbelt, Western Australia"
2023-06-28,1.4787478947798,39.79413172565447,Merredin,"Wheatbelt, Western Australia"
2023-06-29,0.0,39.79413172565447,Merredin,"Wheatbelt, Western Australia"
2023-06-30,0.0,39.79413172565447,Merredin,"Wheatbelt, Western Australia"
2023-07-01,0.0,23.85497996782134,Merredin,"Wheatbelt, Western Australia"
2023-07-02,0.0,23.85497996782134,Merredin,"Wheatbelt, Western Australia"
2023-07-03,3.6058857063586713,23.85497996782134,Merredin,"Wheatbelt, Western Australia"
2023-07-04,0.0,23.85497996782134,Merredin,"Wheatbelt, Western Australia"
2023-07-05,0.0,23.85497996782134,Merredin,"Wheatbelt, Western Australia"
2023-07-06,0.0,23.85497996782134,Merredin,"Wheatbelt, Western Australia"
2023-07-07,0.0,23.85497996782134,Merredin,"Wheatbelt, Western Australia"
2023-07-08,0.0,23.85497996782134,Merredin,"Wheatbelt, Western Australia"
2023-07-09,4.715267742314077,23.85497996782134,Merredin,"Wheatbelt, Western Australia"
2023-07-10,0.0,23.85497996782134,Merredin,"Wheatbelt, Western Australia"
2023-07-11,0.0,23.85497996782134,Merredin,"Wheatbelt, Western Australia"
2023-07-12,0.0,23.85497996782134,Merredin,"Wheatbelt, Western Australia"
2023-07-13,4.117248737505698,23.85497996782134,Merredin,"Wheatbelt, Western Australia"
2023-07-14,0.0,23.85497996782134,Merredin,"Wheatbelt, Western Australia"
2023-07-15,0.0,23.85497996782134,Merredin,"Wheatbelt, Western Australia"
2023-07-16,0.0,23.85497996782134,Merredin,"Wheatbelt, Western Australia"
2023-07-17,0.0,23.85497996782134,Merredin,"Wheatbelt, Western Australia"
2023-07-18,0.0,23.85497996782134,Merredin,"Wheatbelt, Western Australia"
2023-07-19,0.0,23.85497996782134,Merredin,"Wheatbelt, Western Australia"
2023-07-20,0.0,23.85497996782134,Merredin,"Wheatbelt, Western Australia"
2023-07-21,8.104651485522803,23.85497996782134,Merredin,"Wheatbelt, Western Australia"
2023-07-22,0.0,23.85497996782134,Merredin,"Wheatbelt, Western Australia"
2023-07-23,0.8360590497272262,23.85497996782134,Merredin,"Wheatbelt, Western Australia"
2023-07-24,0.0,23.85497996782134,Merredin,"Wheatbelt, Western Australia"
2023-07-25,2.475867246392863,23.85497996782134,Merredin,"Wheatbelt, Western Australia"
2023-07-26,0.0,23.85497996782134,Merredin,"Wheatbelt, Western Australia"
2023-07-27,0.0,23.85497996782134,Merredin,"Wheatbelt, Western Australia"
2023-07-28,0.0,23.85497996782134,Merredin,"Wheatbelt, Western Australia"
2023-07-29,0.0,23.85497996782134,Merredin,"Wheatbelt, Western Australia"
2023-07-30,0.0,23.85497996782134,Merredin,"Wheatbelt, Western Australia"
2023-07-31,0.0,23.85497996782134,Merredin,"Wheatbelt, Western Australia"
2023-08-01,0.0,14.786537606942202,Merredin,"Wheatbelt, Western Australia"
2023-08-02,0.0,14.786537606942202,Merredin,"Wheatbelt, Western Australia"
2023-08-03,0.0,14.786537606942202,Merredin,"Wheatbelt, Western Australia"
2023-08-04,0.0,14.786537606942202,Merredin,"Wheatbelt, Western Australia"
2023-08-05,0.0,14.786537606942202,Merredin,"Wheatbelt, Western Australia"
2023-08-06,2.334290960180812,14.786537606942202,Merredin,"Wheatbelt, Western Australia"
2023-08-07,0.0,14.786537606942202,Merredin,"Wheatbelt, Western Australia"
2023-08-08,2.6715460444164236,14.786537606942202,Merredin,"Wheatbelt, Western Australia"
2023-08-09,2.8897830292335307,14.786537606942202,Merredin,"Wheatbelt, Western Australia"
2023-08-10,2.9248197953237476,14.786537606942202,Merredin,"Wheatbelt, Western Australia"
2023-08-11,0.0,14.786537606942202,Merredin,"Wheatbelt, Western Australia"
2023-08-12,0.0,14.786537606942202,Merredin,"Wheatbelt, Western Australia"
2023-08-13,1.252135879335874,14.786537606942202,Merredin,"Wheatbelt, Western Australia"
2023-08-14,0.0,14.786537606942202,Merredin,"Wheatbelt, Western Australia"
2023-08-15,0.0,14.786537606942202,Merredin,"Wheatbelt, Western Australia"
2023-08-16,2.713961898451815,14.786537606942202,Merredin,"Wheatbelt, Western Australia"
2023-08-17,0.0,14.786537606942202,Merredin,"Wheatbelt, Western Australia"
2023-08-18,0.0,14.786537606942202,Merredin,"Wheatbelt, Western Australia"
2023-08-19,0.0,14.786537606942202,Merredin,"Wheatbelt, Western Australia"
2023-08-20,0.0,14.786537606942202,Merredin,"Wheatbelt, Western Australia"
2023-08-21,0.0,14.786537606942202,Merredin,"Wheatbelt, Western Australia"
2023-08-22,0.0,14.786537606942202,Merredin,"Wheatbelt, Western Australia"
2023-08-23,0.0,14.786537606942202,Merredin,"Wheatbelt, Western Australia"
2023-08-24,0.0,14.786537606942202,Merredin,"Wheatbelt, Western Australia"
2023-08-25,0.0,14.786537606942202,Merredin,"Wheatbelt, Western Australia"
2023-08-26,0.0,14.786537606942202,Merredin,"Wheatbelt, Western Australia"
2023-08-27,0.0,14.786537606942202,Merredin,"Wheatbelt, Western Australia"
2023-08-28,0.0,14.786537606942202,Merredin,"Wheatbelt, Western Australia"
2023-08-29,0.0,14.786537606942202,Merredin,"Wheatbelt, Western Australia"
2023-08-30,0.0,14.786537606942202,Merredin,"Wheatbelt, Western Australia"
2023-08-31,0.0,14.786537606942202,Merredin,"Wheatbelt, Western Australia"
2023-09-01,0.0,44.76314225683895,Merredin,"Wheatbelt, Western Australia"
2023-09-02,0.0,44.76314225683895,Merredin,"Wheatbelt, Western Australia"
2023-09-03,2.3798867329445663,44.76314225683895,Merredin,"Wheatbelt, Western Australia"
2023-09-04,0.0,44.76314225683895,Merredin,"Wheatbelt, Western Australia"
2023-09-05,3.429687928216065,44.76314225683895,Merredin,"Wheatbelt, Western Australia"
2023-09-06,0.0,44.76314225683895,Merredin,"Wheatbelt, Western Australia"
2023-09-07,0.0,44.76314225683895,Merredin,"Wheatbelt, Western Australia"
2023-09-08,12.403763716190198,44.76314225683895,Merredin,"Wheatbelt, Western Australia"
2023-09-09,0.0,44.76314225683895,Merredin,"Wheatbelt, Western Australia"
2023-09-10,4.104787544586414,44.76314225683895,Merredin,"Wheatbelt, Western Australia"
2023-09-11,0.0,44.76314225683895,Merredin,"Wheatbelt, Western Australia"
2023-09-12,0.0,44.76314225683895,Merredin,"Wheatbelt, Western Australia"
2023-09-13,0.0,44.76314225683895,Merredin,"Wheatbelt, Western Australia"
2023-09-14,0.0,44.76314225683895,Merredin,"Wheatbelt, Western Australia"
2023-09-15,0.0,44.76314225683895,Merredin,"Wheatbelt, Western Australia"
2023-09-16,0.0,44.76314225683895,Merredin,"Wheatbelt, Western Australia"
2023-09-17,4.314880688986319,44.76314225683895,Merredin,"Wheatbelt, Western Australia"
2023-09-18,0.38332473357307356,44.76314225683895,Merredin,"Wheatbelt, Western Australia"
2023-09-19,0.0,44.76314225683895,Merredin,"Wheatbelt, Western Australia"
2023-09-20,0.0,44.76314225683895,Merredin,"Wheatbelt, Western Australia"
2023-09-21,0.0,44.76314225683895,Merredin,"Wheatbelt, Western Australia"
2023-09-22,0.0,44.76314225683895,Merredin,"Wheatbelt, Western Australia"
2023-09-23,0.0,44.76314225683895,Merredin,"Wheatbelt, Western Australia"
2023-09-24,14.548294970321196,44.76314225683895,Merredin,"Wheatbelt, Western Australia"
2023-09-25,0.0,44.76314225683895,Merredin,"Wheatbelt, Western Australia"
2023-09-26,0.0,44.76314225683895,Merredin,"Wheatbelt, Western Australia"
2023-09-27,0.0,44.76314225683895,Merredin,"Wheatbelt, Western Australia"
2023-09-28,1.0685795793875397,44.76314225683895,Merredin,"Wheatbelt, Western Australia"
2023-09-29,2.1299363626335777,44.76314225683895,Merredin,"Wheatbelt, Western Australia"
2023-09-30,0.0,44.76314225683895,Merredin,"Wheatbelt, Western Australia"
2023-10-01,0.0,32.61570605512077,Merredin,"Wheatbelt, Western Australia"
2023-10-02,0.0,32.61570605512077,Merredin,"Wheatbelt, Western Australia"
2023-10-03,0.0,32.61570605512077,Merredin,"Wheatbelt, Western Australia"
2023-10-04,6.453071230802671,32.61570605512077,Merredin,"Wheatbelt, Western Australia"
2023-10-05,0.0,32.61570605512077,Merredin,"Wheatbelt, Western Australia"
2023-10-06,5.33816769745877,32.61570605512077,Merredin,"Wheatbelt, Western Australia"
2023-10-07,2.537293951199921,32.61570605512077,Merredin,"Wheatbelt, Western Australia"
2023-10-08,0.0,32.61570605512077,Merredin,"Wheatbelt, Western Australia"
2023-10-09,0.7162085566910201,32.61570605512077,Merredin,"Wheatbelt, Western Australia"
2023-10-10,0.0,32.61570605512077,Merredin,"Wheatbelt, Western Australia"
2023-10-11,0.0,32.61570605512077,Merredin,"Wheatbelt, Western Australia"
2023-10-12,0.0,32.61570605512077,Merredin,"Wheatbelt, Western Australia"
2023-10-13,0.0,32.61570605512077,Merredin,"Wheatbelt, Western Australia"
2023-10-14,0.0,32.61570605512077,Merredin,"Wheatbelt, Western Australia"
2023-10-15,0.0,32.61570605512077,Merredin,"Wheatbelt, Western Australia"
2023-10-16,0.0,32.61570605512077,Merredin,"Wheatbelt, Western Australia"
2023-10-17,1.6509962811301413,32.61570605512077,Merredin,"Wheatbelt, Western Australia"
2023-10-18,0.0,32.61570605512077,Merredin,"Wheatbelt, Western Australia"
2023-10-19,9.187283101567978,32.61570605512077,Merredin,"Wheatbelt, Western Australia"
2023-10-20,0.0,32.61570605512077,Merredin,"Wheatbelt, Western Australia"
2023-10-21,0.0,32.61570605512077,Merredin,"Wheatbelt, Western Australia"
2023-10-22,0.0,32.61570605512077,Merredin,"Wheatbelt, Western Australia"
2023-10-23,0.0,32.61570605512077,Merredin,"Wheatbelt, Western Australia"
2023-10-24,0.0,32.61570605512077,Merredin,"Wheatbelt, Western Australia"
2023-10-25,0.0,32.61570605512077,Merredin,"Wheatbelt, Western Australia"
2023-10-26,0.0,32.61570605512077,Merredin,"Wheatbelt, Western Australia"
2023-10-27,0.0,32.61570605512077,Merredin,"Wheatbelt, Western Australia"
2023-10-28,1.6587723319226455,32.61570605512077,Merredin,"Wheatbelt, Western Australia"
2023-10-29,5.073912904347622,32.61570605512077,Merredin,"Wheatbelt, Western Australia"
2023-10-30,0.0,32.61570605512077,Merredin,"Wheatbelt, Western Australia"
2023-10-31,0.0,32.61570605512077,Merredin,"Wheatbelt, Western Australia"
2023-11-01,0.0,27.189736031624506,Merredin,"Wheatbelt, Western Australia"
2023-11-02,0.0,27.189736031624506,Merredin,"Wheatbelt, Western Australia"
2023-11-03,16.561726476555886,27.189736031624506,Merredin,"Wheatbelt, Western Australia"
2023-11-04,0.0,27.189736031624506,Merredin,"Wheatbelt, Western Australia"
2023-11-05,0.0,27.189736031624506,Merredin,"Wheatbelt, Western Australia"
2023-11-06,0.0,27.189736031624506,Merredin,"Wheatbelt, Western Australia"
2023-11-07,0.0,27.189736031624506,Merredin,"Wheatbelt, Western Australia"
2023-11-08,0.0,27.189736031624506,Merredin,"Wheatbelt, Western Australia"
2023-11-09,0.0,27.189736031624506,Merredin,"Wheatbelt, Western Australia"
2023-11-10,0.0,27.189736031624506,Merredin,"Wheatbelt, Western Australia"
2023-11-11,2.310365443478923,27.189736031624506,Merredin,"Wheatbelt, Western Australia"
2023-11-12,0.0,27.189736031624506,Merredin,"Wheatbelt, Western Australia"
2023-11-13,0.0,27.189736031624506,Merredin,"Wheatbelt, Western Australia"
2023-11-14,0.0,27.189736031624506,Merredin,"Wheatbelt, Western Australia"
2023-11-15,0.0,27.189736031624506,Merredin,"Wheatbelt, Western Australia"
2023-11-16,0.0,27.189736031624506,Merredin,"Wheatbelt, Western Australia"
2023-11-17,0.0,27.189736031624506,Merredin,"Wheatbelt, Western Australia"
2023-11-18,0.0,27.189736031624506,Merredin,"Wheatbelt, Western Australia"
2023-11-19,0.0,27.189736031624506,Merredin,"Wheatbelt, Western Australia"
2023-11-20,0.0,27.189736031624506,Merredin,"Wheatbelt, Western Australia"
2023-11-21,0.0,27.189736031624506,Merredin,"Wheatbelt, Western Australia"
2023-11-22,0.0,27.189736031624506,Merredin,"Wheatbelt, Western Australia"
2023-11-23,0.0,27.189736031624506,Merredin,"Wheatbelt, Western Australia"
2023-11-24,0.0,27.189736031624506,Merredin,"Wheatbelt, Western Australia"
2023-11-25,8.317644111589695,27.189736031624506,Merredin,"Wheatbelt, Western Australia"
2023-11-26,0.0,27.189736031624506,Merredin,"Wheatbelt, Western Australia"
2023-11-27,0.0,27.189736031624506,Merredin,"Wheatbelt, Western Australia"
2023-11-28,0.0,27.189736031624506,Merredin,"Wheatbelt, Western Australia"
2023-11-29,0.0,27.189736031624506,Merredin,"Wheatbelt, Western Australia"
2023-11-30,0.0,27.189736031624506,Merredin,"Wheatbelt, Western Australia"
2023-12-01,0.0,18.85671197385895,Merredin,"Wheatbelt, Western Australia"
2023-12-02,0.0,18.85671197385895,Merredin,"Wheatbelt, Western Australia"
2023-12-03,0.0,18.85671197385895,Merredin,"Wheatbelt, Western Australia"
2023-12-04,0.0,18.85671197385895,Merredin,"Wheatbelt, Western Australia"
2023-12-05,0.0,18.85671197385895,Merredin,"Wheatbelt, Western Australia"
2023-12-06,0.0,18.85671197385895,Merredin,"Wheatbelt, Western Australia"
2023-12-07,0.0,18.85671197385895,Merredin,"Wheatbelt, Western Australia"
2023-12-08,0.0,18.85671197385895,Merredin,"Wheatbelt, Western Australia"
2023-12-09,0.0,18.85671197385895,Merredin,"Wheatbelt, Western Australia"
2023-12-10,0.0,18.85671197385895,Merredin,"Wheatbelt, Western Australia"
2023-12-11,4.1778307966335095,18.85671197385895,Merredin,"Wheatbelt, Western Australia"
2023-12-12,0.0,18.85671197385895,Merredin,"Wheatbelt, Western Australia"
2023-12-13,0.0,18.85671197385895,Merredin,"Wheatbelt, Western Australia"
2023-12-14,0.0,18.85671197385895,Merredin,"Wheatbelt, Western Australia"
2023-12-15,0.0,18.85671197385895,Merredin,"Wheatbelt, Western Australia"
2023-12-16,0.0,18.85671197385895,Merredin,"Wheatbelt, Western Australia"
2023-12-17,0.0,18.85671197385895,Merredin,"Wheatbelt, Western Australia"
2023-12-18,0.0,18.85671197385895,Merredin,"Wheatbelt, Western Australia"
2023-12-19,0.0,18.85671197385895,Merredin,"Wheatbelt, Western Australia"
2023-12-20,3.3855171685876395,18.85671197385895,Merredin,"Wheatbelt, Western Australia"
2023-12-21,0.0,18.85671197385895,Merredin,"Wheatbelt, Western Australia"
2023-12-22,0.0,18.85671197385895,Merredin,"Wheatbelt, Western Australia"
2023-12-23,0.0,18.85671197385895,Merredin,"Wheatbelt, Western Australia"
2023-12-24,3.0442643839113233,18.85671197385895,Merredin,"Wheatbelt, Western Australia"
2023-12-25,2.35670786192337,18.85671197385895,Merredin,"Wheatbelt, Western Australia"
2023-12-26,5.892391762803109,18.85671197385895,Merredin,"Wheatbelt, Western Australia"
2023-12-27,0.0,18.85671197385895,Merredin,"Wheatbelt, Western Australia"
2023-12-28,0.0,18.85671197385895,Merredin,"Wheatbelt, Western Australia"
2023-12-29,0.0,18.85671197385895,Merredin,"Wheatbelt, Western Australia"
2023-12-30,0.0,18.85671197385895,Merredin,"Wheatbelt, Western Australia"
2023-12-31,0.0,18.85671197385895,Merredin,"Wheatbelt, Western Australia"
2024-01-01,7.83867959506947,20.25724538856563,Merredin,"Wheatbelt, Western Australia"
2024-01-02,1.414152231880262,20.25724538856563,Merredin,"Wheatbelt, Western Australia"
2024-01-03,0.0,20.25724538856563,Merredin,"Wheatbelt, Western Australia"
2024-01-04,0.0,20.25724538856563,Merredin,"Wheatbelt, Western Australia"
2024-01-05,0.0,20.25724538856563,Merredin,"Wheatbelt, Western Australia"
2024-01-06,0.0,20.25724538856563,Merredin,"Wheatbelt, Western Australia"
2024-01-07,0.0,20.25724538856563,Merredin,"Wheatbelt, Western Australia"
2024-01-08,0.0,20.25724538856563,Merredin,"Wheatbelt, Western Australia"
2024-01-09,0.0,20.25724538856563,Merredin,"Wheatbelt, Western Australia"
2024-01-10,0.0,20.25724538856563,Merredin,"Wheatbelt, Western Australia"
2024-01-11,0.0,20.25724538856563,Merredin,"Wheatbelt, Western Australia"
2024-01-12,0.0,20.25724538856563,Merredin,"Wheatbelt, Western Australia"
2024-01-13,0.0,20.25724538856563,Merredin,"Wheatbelt, Western Australia"
2024-01-14,0.0,20.25724538856563,Merredin,"Wheatbelt, Western Australia"
2024-01-15,0.0,20.25724538856563,Merredin,"Wheatbelt, Western Australia"
2024-01-16,0.0,20.25724538856563,Merredin,"Wheatbelt, Western Australia"
2024-01-17,0.0,20.25724538856563,Merredin,"Wheatbelt, Western Australia"
2024-01-18,4.48430349896003,20.25724538856563,Merredin,"Wheatbelt, Western Australia"
2024-01-19,0.0,20.25724538856563,Merredin,"Wheatbelt, Western Australia"
2024-01-20,0.0,20.25724538856563,Merredin,"Wheatbelt, Western Australia"
2024-01-21,0.0,20.25724538856563,Merredin,"Wheatbelt, Western Australia"
2024-01-22,0.0,20.25724538856563,Merredin,"Wheatbelt, Western Australia"
2024-01-23,0.0,20.25724538856563,Merredin,"Wheatbelt, Western Australia"
2024-01-24,0.0,20.25724538856563,Merredin,"Wheatbelt, Western Australia"
2024-01-25,0.0,20.25724538856563,Merredin,"Wheatbelt, Western Australia"
2024-01-26,0.0,20.25724538856563,Merredin,"Wheatbelt, Western Australia"
2024-01-27,6.520110062655866,20.25724538856563,Merredin,"Wheatbelt, Western Australia"
2024-01-28,0.0,20.25724538856563,Merredin,"Wheatbelt, Western Australia"
2024-01-29,0.0,20.25724538856563,Merredin,"Wheatbelt, Western Australia"
2024-01-30,0.0,20.25724538856563,Merredin,"Wheatbelt, Western Australia"
2024-01-31,0.0,20.25724538856563,Merredin,"Wheatbelt, Western Australia"
2024-02-01,0.0,19.699250845559583,Merredin,"Wheatbelt, Western Australia"
2024-02-02,0.0,19.699250845559583,Merredin,"Wheatbelt, Western Australia"
2024-02-03,3.516072195400147,19.699250845559583,Merredin,"Wheatbelt, Western Australia"
2024-02-04,0.0,19.699250845559583,Merredin,"Wheatbelt, Western Australia"
2024-02-05,0.0,19.699250845559583,Merredin,"Wheatbelt, Western Australia"
2024-02-06,0.0,19.699250845559583,Merredin,"Wheatbelt, Western Australia"
2024-02-07,0.0,19.699250845559583,Merredin,"Wheatbelt, Western Australia"
2024-02-08,0.0,19.699250845559583,Merredin,"Wheatbelt, Western Australia"
2024-02-09,1.7024175676657343,19.699250845559583,Merredin,"Wheatbelt, Western Australia"
2024-02-10,0.0,19.699250845559583,Merredin,"Wheatbelt, Western Australia"
2024-02-11,0.0,19.699250845559583,Merredin,"Wheatbelt, Western Australia"
2024-02-12,0.0,19.699250845559583,Merredin,"Wheatbelt, Western Australia"
2024-02-13,0.0,19.699250845559583,Merredin,"Wheatbelt, Western Australia"
2024-02-14,0.0,19.699250845559583,Merredin,"Wheatbelt, Western Australia"
2024-02-15,0.0,19.699250845559583,Merredin,"Wheatbelt, Western Australia"
2024-02-16,0.0,19.699250845559583,Merredin,"Wheatbelt, Western Australia"
2024-02-17,2.1030813098911003,19.699250845559583,Merredin,"Wheatbelt, Western Australia"
2024-02-18,0.0,19.699250845559583,Merredin,"Wheatbelt, Western Australia"
2024-02-19,3.018835878157852,19.699250845559583,Merredin,"Wheatbelt, Western Australia"
2024-02-20,0.0,19.699250845559583,Merredin,"Wheatbelt, Western Australia"
2024-02-21,0.0,19.699250845559583,Merredin,"Wheatbelt, Western Australia"
2024-02-22,0.0,19.699250845559583,Merredin,"Wheatbelt, Western Australia"
2024-02-23,3.453471112002668,19.699250845559583,Merredin,"Wheatbelt, Western Australia"
2024-02-24,0.0,19.699250845559583,Merredin,"Wheatbelt, Western Australia"
2024-02-25,0.0,19.699250845559583,Merredin,"Wheatbelt, Western Australia"
2024-02-26,0.0,19.699250845559583,Merredin,"Wheatbelt, Western Australia"
2024-02-27,0.0,19.699250845559583,Merredin,"Wheatbelt, Western Australia"
2024-02-28,5.905372782442083,19.699250845559583,Merredin,"Wheatbelt, Western Australia"
2024-02-29,0.0,19.699250845559583,Merredin,"Wheatbelt, Western Australia"
2024-03-01,0.0,39.25698449157177,Merredin,"Wheatbelt, Western Australia"
2024-03-02,0.0,39.25698449157177,Merredin,"Wheatbelt, Western Australia"
2024-03-03,0.0,39.25698449157177,Merredin,"Wheatbelt, Western Australia"
2024-03-04,2.4172114934474624,39.25698449157177,Merredin,"Wheatbelt, Western Australia"
2024-03-05,13.520401523370968,39.25698449157177,Merredin,"Wheatbelt, Western Australia"
2024-03-06,0.0,39.25698449157177,Merredin,"Wheatbelt, Western Australia"
2024-03-07,0.0,39.25698449157177,Merredin,"Wheatbelt, Western Australia"
2024-03-08,0.0,39.25698449157177,Merredin,"Wheatbelt, Western Australia"
2024-03-09,0.0,39.25698449157177,Merredin,"Wheatbelt, Western Australia"
2024-03-10,0.0,39.25698449157177,Merredin,"Wheatbelt, Western Australia"
2024-03-11,0.0,39.25698449157177,Merredin,"Wheatbelt, Western Australia"
2024-03-12,4.680276573369462,39.25698449157177,Merredin,"Wheatbelt, Western Australia"
2024-03-13,0.0,39.25698449157177,Merredin,"Wheatbelt, Western Australia"
2024-03-14,0.0,39.25698449157177,Merredin,"Wheatbelt, Western Australia"
2024-03-15,0.0,39.25698449157177,Merredin,"Wheatbelt, Western Australia"
2024-03-16,6.1466223239361115,39.25698449157177,Merredin,"Wheatbelt, Western Australia"
2024-03-17,0.0,39.25698449157177,Merredin,"Wheatbelt, Western Australia"
2024-03-18,0.0,39.25698449157177,Merredin,"Wheatbelt, Western Australia"
2024-03-19,0.0,39.25698449157177,Merredin,"Wheatbelt, Western Australia"
2024-03-20,0.0,39.25698449157177,Merredin,"Wheatbelt, Western Australia"
2024-03-21,5.772671372039309,39.25698449157177,Merredin,"Wheatbelt, Western Australia"
2024-03-22,0.0,39.25698449157177,Merredin,"Wheatbelt, Western Australia"
2024-03-23,0.0,39.25698449157177,Merredin,"Wheatbelt, Western Australia"
2024-03-24,2.429144945955601,39.25698449157177,Merredin,"Wheatbelt, Western Australia"
2024-03-25,0.0,39.25698449157177,Merredin,"Wheatbelt, Western Australia"
2024-03-26,4.290656259452854,39.25698449157177,Merredin,"Wheatbelt, Western Australia"
2024-03-27,0.0,39.25698449157177,Merredin,"Wheatbelt, Western Australia"
2024-03-28,0.0,39.25698449157177,Merredin,"Wheatbelt, Western Australia"
2024-03-29,0.0,39.25698449157177,Merredin,"Wheatbelt, Western Australia"
2024-03-30,0.0,39.25698449157177,Merredin,"Wheatbelt, Western Australia"
2024-03-31,0.0,39.25698449157177,Merredin,"Wheatbelt, Western Australia"
2024-04-01,0.0,9.301116304274373,Merredin,"Wheatbelt, Western Australia"
2024-04-02,0.0,9.301116304274373,Merredin,"Wheatbelt, Western Australia"
2024-04-03,0.0,9.301116304274373,Merredin,"Wheatbelt, Western Australia"
2024-04-04,0.0,9.301116304274373,Merredin,"Wheatbelt, Western Australia"
2024-04-05,0.0,9.301116304274373,Merredin,"Wheatbelt, Western Australia"
2024-04-06,0.0,9.301116304274373,Merredin,"Wheatbelt, Western Australia"
2024-04-07,0.0,9.301116304274373,Merredin,"Wheatbelt, Western Australia"
2024-04-08,0.0,9.301116304274373,Merredin,"Wheatbelt, Western Australia"
2024-04-09,2.7073472316624443,9.301116304274373,Merredin,"Wheatbelt, Western Australia"
2024-04-10,0.0,9.301116304274373,Merredin,"Wheatbelt, Western Australia"
2024-04-11,0.0,9.301116304274373,Merredin,"Wheatbelt, Western Australia"
2024-04-12,0.0,9.301116304274373,Merredin,"Wheatbelt, Western Australia"
2024-04-13,0.0,9.301116304274373,Merredin,"Wheatbelt, Western Australia"
2024-04-14,0.77191233160021,9.301116304274373,Merredin,"Wheatbelt, Western Australia"
2024-04-15,0.0,9.301116304274373,Merredin,"Wheatbelt, Western Australia"
2024-04-16,0.0,9.301116304274373,Merredin,"Wheatbelt, Western Australia"
2024-04-17,0.0,9.301116304274373,Merredin,"Wheatbelt, Western Australia"
2024-04-18,0.0,9.301116304274373,Merredin,"Wheatbelt, Western Australia"
2024-04-19,0.0,9.301116304274373,Merredin,"Wheatbelt, Western Australia"
2024-04-20,0.0,9.301116304274373,Merredin,"Wheatbelt, Western Australia"
2024-04-21,0.0,9.301116304274373,Merredin,"Wheatbelt, Western Australia"
2024-04-22,0.0,9.301116304274373,Merredin,"Wheatbelt, Western Australia"
2024-04-23,0.0,9.301116304274373,Merredin,"Wheatbelt, Western Australia"
2024-04-24,0.0,9.301116304274373,Merredin,"Wheatbelt, Western Australia"
2024-04-25,0.0,9.301116304274373,Merredin,"Wheatbelt, Western Australia"
2024-04-26,3.8317380006413324,9.301116304274373,Merredin,"Wheatbelt, Western Australia"
2024-04-27,0.0,9.301116304274373,Merredin,"Wheatbelt, Western Australia"
2024-04-28,0.0,9.301116304274373,Merredin,"Wheatbelt, Western Australia"
2024-04-29,1.9901187403703862,9.301116304274373,Merredin,"Wheatbelt, Western Australia"
2024-04-30,0.0,9.301116304274373,Merredin,"Wheatbelt, Western Australia"
2024-05-01,0.0,6.514875775457202,Merredin,"Wheatbelt, Western Australia"
2024-05-02,0.0,6.514875775457202,Merredin,"Wheatbelt, Western Australia"
2024-05-03,0.0,6.514875775457202,Merredin,"Wheatbelt, Western Australia"
2024-05-04,0.0,6.514875775457202,Merredin,"Wheatbelt, Western Australia"
2024-05-05,0.0,6.514875775457202,Merredin,"Wheatbelt, Western Australia"
2024-05-06,0.0,6.514875775457202,Merredin,"Wheatbelt, Western Australia"
2024-05-07,0.0,6.514875775457202,Merredin,"Wheatbelt, Western Australia"
2024-05-08,0.0,6.514875775457202,Merredin,"Wheatbelt, Western Australia"
2024-05-09,0.0,6.514875775457202,Merredin,"Wheatbelt, Western Australia"
2024-05-10,0.0,6.514875775457202,Merredin,"Wheatbelt, Western Australia"
2024-05-11,0.0,6.514875775457202,Merredin,"Wheatbelt, Western Australia"
2024-05-12,0.0,6.514875775457202,Merredin,"Wheatbelt, Western Australia"
2024-05-13,0.0,6.514875775457202,Merredin,"Wheatbelt, Western Australia"
2024-05-14,0.0,6.514875775457202,Merredin,"Wheatbelt, Western Australia"
2024-05-15,0.0,6.514875775457202,Merredin,"Wheatbelt, Western Australia"
2024-05-16,0.0,6.514875775457202,Merredin,"Wheatbelt, Western Australia"
2024-05-17,0.0,6.514875775457202,Merredin,"Wheatbelt, Western Australia"
2024-05-18,5.922061207739874,6.514875775457202,Merredin,"Wheatbelt, Western Australia"
2024-05-19,0.0,6.514875775457202,Merredin,"Wheatbelt, Western Australia"
2024-05-20,0.0,6.514875775457202,Merredin,"Wheatbelt, Western Australia"
2024-05-21,0.0,6.514875775457202,Merredin,"Wheatbelt, Western Australia"
2024-05-22,0.0,6.514875775457202,Merredin,"Wheatbelt, Western Australia"
2024-05-23,0.0,6.514875775457202,Merredin,"Wheatbelt, Western Australia"
2024-05-24,0.0,6.514875775457202,Merredin,"Wheatbelt, Western Australia"
2024-05-25,0.5928145677173279,6.514875775457202,Merredin,"Wheatbelt, Western Australia"
2024-05-26,0.0,6.514875775457202,Merredin,"Wheatbelt, Western Australia"
2024-05-27,0.0,6.514875775457202,Merredin,"Wheatbelt, Western Australia"
2024-05-28,0.0,6.514875775457202,Merredin,"Wheatbelt, Western Australia"
2024-05-29,0.0,6.514875775457202,Merredin,"Wheatbelt, Western Australia"
2024-05-30,0.0,6.514875775457202,Merredin,"Wheatbelt, Western Australia"
2024-05-31,0.0,6.514875775457202,Merredin,"Wheatbelt, Western Australia"
2024-06-01,0.0,23.493027924828272,Merredin,"Wheatbelt, Western Australia"
2024-06-02,0.0,23.493027924828272,Merredin,"Wheatbelt, Western Australia"
2024-06-03,0.0,23.493027924828272,Merredin,"Wheatbelt, Western Australia"
2024-06-04,0.0,23.493027924828272,Merredin,"Wheatbelt, Western Australia"
2024-06-05,0.0,23.493027924828272,Merredin,"Wheatbelt, Western Australia"
2024-06-06,1.9701291114256636,23.493027924828272,Merredin,"Wheatbelt, Western Australia"
2024-06-07,0.0,23.493027924828272,Merredin,"Wheatbelt, Western Australia"
2024-06-08,0.0,23.493027924828272,Merredin,"Wheatbelt, Western Australia"
2024-06-09,4.839030630332437,23.493027924828272,Merredin,"Wheatbelt, Western Australia"
2024-06-10,0.0,23.493027924828272,Merredin,"Wheatbelt, Western Australia"
2024-06-11,0.0,23.493027924828272,Merredin,"Wheatbelt, Western Australia"
2024-06-12,0.0,23.493027924828272,Merredin,"Wheatbelt, Western Australia"
2024-06-13,0.0,23.493027924828272,Merredin,"Wheatbelt, Western Australia"
2024-06-14,8.077790082411447,23.493027924828272,Merredin,"Wheatbelt, Western Australia"
2024-06-15,0.0,23.493027924828272,Merredin,"Wheatbelt, Western Australia"
2024-06-16,3.3897717295027796,23.493027924828272,Merredin,"Wheatbelt, Western Australia"
2024-06-17,0.0,23.493027924828272,Merredin,"Wheatbelt, Western Australia"
2024-06-18,0.0,23.493027924828272,Merredin,"Wheatbelt, Western Australia"
2024-06-19,0.0,23.493027924828272,Merredin,"Wheatbelt, Western Australia"
2024-06-20,0.0,23.493027924828272,Merredin,"Wheatbelt, Western Australia"
2024-06-21,0.0,23.493027924828272,Merredin,"Wheatbelt, Western Australia"
2024-06-22,0.0,23.493027924828272,Merredin,"Wheatbelt, Western Australia"
2024-06-23,0.0,23.493027924828272,Merredin,"Wheatbelt, Western Australia"
2024-06-24,0.0,23.493027924828272,Merredin,"Wheatbelt, Western Australia"
2024-06-25,0.0,23.493027924828272,Merredin,"Wheatbelt, Western Australia"
2024-06-26,0.0,23.493027924828272,Merredin,"Wheatbelt, Western Australia"
2024-06-27,0.0,23.493027924828272,Merredin,"Wheatbelt, Western Australia"
2024-06-28,0.0,23.493027924828272,Merredin,"Wheatbelt, Western Australia"
2024-06-29,0.0,23.493027924828272,Merredin,"Wheatbelt, Western Australia"
2024-06-30,5.216306371155944,23.493027924828272,Merredin,"Wheatbelt, Western Australia"
2024-07-01,0.0,31.728550290703005,Merredin,"Wheatbelt, Western Australia"
2024-07-02,0.0,31.728550290703005,Merredin,"Wheatbelt, Western Australia"
2024-07-03,0.0,31.728550290703005,Merredin,"Wheatbelt, Western Australia"
2024-07-04,0.0,31.728550290703005,Merredin,"Wheatbelt, Western Australia"
2024-07-05,0.0,31.728550290703005,Merredin,"Wheatbelt, Western Australia"
2024-07-06,4.806914796118164,31.728550290703005,Merredin,"Wheatbelt, Western Australia"
2024-07-07,0.0,31.728550290703005,Merredin,"Wheatbelt, Western Australia"
2024-07-08,0.0,31.728550290703005,Merredin,"Wheatbelt, Western Australia"
2024-07-09,4.720796340801642,31.728550290703005,Merredin,"Wheatbelt, Western Australia"
2024-07-10,0.0,31.728550290703005,Merredin,"Wheatbelt, Western Australia"
2024-07-11,0.0,31.728550290703005,Merredin,"Wheatbelt, Western Australia"
2024-07-12,0.0,31.728550290703005,Merredin,"Wheatbelt, Western Australia"
2024-07-13,0.0,31.728550290703005,Merredin,"Wheatbelt, Western Australia"
2024-07-14,0.0,31.728550290703005,Merredin,"Wheatbelt, Western Australia"
2024-07-15,0.0,31.728550290703005,Merredin,"Wheatbelt, Western Australia"
2024-07-16,0.0,31.728550290703005,Merredin,"Wheatbelt, Western Australia"
2024-07-17,0.0,31.728550290703005,Merredin,"Wheatbelt, Western Australia"
2024-07-18,0.0,31.728550290703005,Merredin,"Wheatbelt, Western Australia"
2024-07-19,1.7499803886447323,31.728550290703005,Merredin,"Wheatbelt, Western Australia"
2024-07-20,0.0,31.728550290703005,Merredin,"Wheatbelt, Western Australia"
2024-07-21,0.0,31.728550290703005,Merredin,"Wheatbelt, Western Australia"
2024-07-22,7.390273662546497,31.728550290703005,Merredin,"Wheatbelt, Western Australia"
2024-07-23,0.0,31.728550290703005,Merredin,"Wheatbelt, Western Australia"
2024-07-24,0.0,31.728550290703005,Merredin,"Wheatbelt, Western Australia"
2024-07-25,0.0,31.728550290703005,Merredin,"Wheatbelt, Western Australia"
2024-07-26,10.14272881976323,31.728550290703005,Merredin,"Wheatbelt, Western Australia"
2024-07-27,2.917856282828741,31.728550290703005,Merredin,"Wheatbelt, Western Australia"
2024-07-28,0.0,31.728550290703005,Merredin,"Wheatbelt, Western Australia"
2024-07-29,0.0,31.728550290703005,Merredin,"Wheatbelt, Western Australia"
2024-07-30,0.0,31.728550290703005,Merredin,"Wheatbelt, Western Australia"
2024-07-31,0.0,31.728550290703005,Merredin,"Wheatbelt, Western Australia"
2024-08-01,0.0,22.29468017459692,Merredin,"Wheatbelt, Western Australia"
2024-08-02,0.0,22.29468017459692,Merredin,"Wheatbelt, Western Australia"
2024-08-03,0.0,22.29468017459692,Merredin,"Wheatbelt, Western Australia"
2024-08-04,0.0,22.29468017459692,Merredin,"Wheatbelt, Western Australia"
2024-08-05,0.0,22.29468017459692,Merredin,"Wheatbelt, Western Australia"
2024-08-06,0.0,22.29468017459692,Merredin,"Wheatbelt, Western Australia"
2024-08-07,0.0,22.29468017459692,Merredin,"Wheatbelt, Western Australia"
2024-08-08,0.0,22.29468017459692,Merredin,"Wheatbelt, Western Australia"
2024-08-09,0.0,22.29468017459692,Merredin,"Wheatbelt, Western Australia"
2024-08-10,0.0,22.29468017459692,Merredin,"Wheatbelt, Western Australia"
2024-08-11,0.0,22.29468017459692,Merredin,"Wheatbelt, Western Australia"
2024-08-12,0.0,22.29468017459692,Merredin,"Wheatbelt, Western Australia"
2024-08-13,0.0,22.29468017459692,Merredin,"Wheatbelt, Western Australia"
2024-08-14,4.011846737443982,22.29468017459692,Merredin,"Wheatbelt, Western Australia"
2024-08-15,1.837706596840553,22.29468017459692,Merredin,"Wheatbelt, Western Australia"
2024-08-16,0.0,22.29468017459692,Merredin,"Wheatbelt, Western Australia"
2024-08-17,0.0,22.29468017459692,Merredin,"Wheatbelt, Western Australia"
2024-08-18,3.1335383546964346,22.29468017459692,Merredin,"Wheatbelt, Western Australia"
2024-08-19,2.077108177286395,22.29468017459692,Merredin,"Wheatbelt, Western Australia"
2024-08-20,0.0,22.29468017459692,Merredin,"Wheatbelt, Western Australia"
2024-08-21,0.0,22.29468017459692,Merredin,"Wheatbelt, Western Australia"
2024-08-22,0.0,22.29468017459692,Merredin,"Wheatbelt, Western Australia"
2024-08-23,0.0,22.29468017459692,Merredin,"Wheatbelt, Western Australia"
2024-08-24,0.0,22.29468017459692,Merredin,"Wheatbelt, Western Australia"
2024-08-25,0.0,22.29468017459692,Merredin,"Wheatbelt, Western Australia"
2024-08-26,0.0,22.29468017459692,Merredin,"Wheatbelt, Western Australia"
2024-08-27,4.594579802854014,22.29468017459692,Merredin,"Wheatbelt, Western Australia"
2024-08-28,3.449132683787876,22.29468017459692,Merredin,"Wheatbelt, Western Australia"
2024-08-29,3.190767821687667,22.29468017459692,Merredin,"Wheatbelt, Western Australia"
2024-08-30,0.0,22.29468017459692,Merredin,"Wheatbelt, Western Australia"
2024-08-31,0.0,22.29468017459692,Merredin,"Wheatbelt, Western Australia"
2024-09-01,3.579433738104927,32.06416372998831,Merredin,"Wheatbelt, Western Australia"
2024-09-02,0.0,32.06416372998831,Merredin,"Wheatbelt, Western Australia"
2024-09-03,0.0,32.06416372998831,Merredin,"Wheatbelt, Western Australia"
2024-09-04,0.0,32.06416372998831,Merredin,"Wheatbelt, Western Australia"
2024-09-05,0.0,32.06416372998831,Merredin,"Wheatbelt, Western Australia"
2024-09-06,0.0,32.06416372998831,Merredin,"Wheatbelt, Western Australia"
2024-09-07,3.7646048076329293,32.06416372998831,Merredin,"Wheatbelt, Western Australia"
2024-09-08,0.0,32.06416372998831,Merredin,"Wheatbelt, Western Australia"
2024-09-09,0.0,32.06416372998831,Merredin,"Wheatbelt, Western Australia"
2024-09-10,0.0,32.06416372998831,Merredin,"Wheatbelt, Western Australia"
2024-09-11,0.0,32.06416372998831,Merredin,"Wheatbelt, Western Australia"
2024-09-12,0.0,32.06416372998831,Merredin,"Wheatbelt, Western Australia"
2024-09-13,0.0,32.06416372998831,Merredin,"Wheatbelt, Western Australia"
2024-09-14,6.216683191785285,32.06416372998831,Merredin,"Wheatbelt, Western Australia"
2024-09-15,0.0,32.06416372998831,Merredin,"Wheatbelt, Western Australia"
2024-09-16,1.8739361984652836,32.06416372998831,Merredin,"Wheatbelt, Western Australia"
2024-09-17,0.0,32.06416372998831,Merredin,"Wheatbelt, Western Australia"
2024-09-18,0.0,32.06416372998831,Merredin,"Wheatbelt, Western Australia"
2024-09-19,0.0,32.06416372998831,Merredin,"Wheatbelt, Western Australia"
2024-09-20,0.0,32.06416372998831,Merredin,"Wheatbelt, Western Australia"
2024-09-21,0.0,32.06416372998831,Merredin,"Wheatbelt, Western Australia"
2024-09-22,0.0,32.06416372998831,Merredin,"Wheatbelt, Western Australia"
2024-09-23,13.880240184577335,32.06416372998831,Merredin,"Wheatbelt, Western Australia"
2024-09-24,2.7492656094225483,32.06416372998831,Merredin,"Wheatbelt, Western Australia"
2024-09-25,0.0,32.06416372998831,Merredin,"Wheatbelt, Western Australia"
2024-09-26,0.0,32.06416372998831,Merredin,"Wheatbelt, Western Australia"
2024-09-27,0.0,32.06416372998831,Merredin,"Wheatbelt, Western Australia"
2024-09-28,0.0,32.06416372998831,Merredin,"Wheatbelt, Western Australia"
2024-09-29,0.0,32.06416372998831,Merredin,"Wheatbelt, Western Australia"
2024-09-30,0.0,32.06416372998831,Merredin,"Wheatbelt, Western Australia"
2024-10-01,0.0,14.200872534682624,Merredin,"Wheatbelt, Western Australia"
2024-10-02,5.282439732728878,14.200872534682624,Merredin,"Wheatbelt, Western Australia"
2024-10-03,0.0,14.200872534682624,Merredin,"Wheatbelt, Western Australia"
2024-10-04,0.0,14.200872534682624,Merredin,"Wheatbelt, Western Australia"
2024-10-05,1.4958271993483565,14.200872534682624,Merredin,"Wheatbelt, Western Australia"
2024-10-06,0.0,14.200872534682624,Merredin,"Wheatbelt, Western Australia"
2024-10-07,0.0,14.200872534682624,Merredin,"Wheatbelt, Western Australia"
2024-10-08,0.0,14.200872534682624,Merredin,"Wheatbelt, Western Australia"
2024-10-09,0.0,14.200872534682624,Merredin,"Wheatbelt, Western Australia"
2024-10-10,0.0,14.200872534682624,Merredin,"Wheatbelt, Western Australia"
2024-10-11,0.0,14.200872534682624,Merredin,"Wheatbelt, Western Australia"
2024-10-12,0.0,14.200872534682624,Merredin,"Wheatbelt, Western Australia"
2024-10-13,0.0,14.200872534682624,Merredin,"Wheatbelt, Western Australia"
2024-10-14,0.0,14.200872534682624,Merredin,"Wheatbelt, Western Australia"
2024-10-15,0.0,14.200872534682624,Merredin,"Wheatbelt, Western Australia"
2024-10-16,1.6349307930837291,14.200872534682624,Merredin,"Wheatbelt, Western Australia"
2024-10-17,0.0,14.200872534682624,Merredin,"Wheatbelt, Western Australia"
2024-10-18,0.0,14.200872534682624,Merredin,"Wheatbelt, Western Australia"
2024-10-19,2.0952360010942503,14.200872534682624,Merredin,"Wheatbelt, Western Australia"
2024-10-20,0.0,14.200872534682624,Merredin,"Wheatbelt, Western Australia"
2024-10-21,0.0,14.200872534682624,Merredin,"Wheatbelt, Western Australia"
2024-10-22,0.0,14.200872534682624,Merredin,"Wheatbelt, Western Australia"
2024-10-23,0.0,14.200872534682624,Merredin,"Wheatbelt, Western Australia"
2024-10-24,0.0,14.200872534682624,Merredin,"Wheatbelt, Western Australia"
2024-10-25,3.6924388084274105,14.200872534682624,Merredin,"Wheatbelt, Western Australia"
2024-10-26,0.0,14.200872534682624,Merredin,"Wheatbelt, Western Australia"
2024-10-27,0.0,14.200872534682624,Merredin,"Wheatbelt, Western Australia"
2024-10-28,0.0,14.200872534682624,Merredin,"Wheatbelt, Western Australia"
2024-10-29,0.0,14.200872534682624,Merredin,"Wheatbelt, Western Australia"
2024-10-30,0.0,14.200872534682624,Merredin,"Wheatbelt, Western Australia"
2024-10-31,0.0,14.200872534682624,Merredin,"Wheatbelt, Western Australia"
2024-11-01,0.0,34.26187261302361,Merredin,"Wheatbelt, Western Australia"
2024-11-02,0.0,34.26187261302361,Merredin,"Wheatbelt, Western Australia"
2024-11-03,0.0,34.26187261302361,Merredin,"Wheatbelt, Western Australia"
2024-11-04,0.0,34.26187261302361,Merredin,"Wheatbelt, Western Australia"
2024-11-05,0.0,34.26187261302361,Merredin,"Wheatbelt, Western Australia"
2024-11-06,1.7163230066847373,34.26187261302361,Merredin,"Wheatbelt, Western Australia"
2024-11-07,0.0,34.26187261302361,Merredin,"Wheatbelt, Western Australia"
2024-11-08,1.0243813195261506,34.26187261302361,Merredin,"Wheatbelt, Western Australia"
2024-11-09,0.0,34.26187261302361,Merredin,"Wheatbelt, Western Australia"
2024-11-10,0.0,34.26187261302361,Merredin,"Wheatbelt, Western Australia"
2024-11-11,0.0,34.26187261302361,Merredin,"Wheatbelt, Western Australia"
2024-11-12,3.420324524825111,34.26187261302361,Merredin,"Wheatbelt, Western Australia"
2024-11-13,0.0,34.26187261302361,Merredin,"Wheatbelt, Western Australia"
2024-11-14,11.287922211394052,34.26187261302361,Merredin,"Wheatbelt, Western Australia"
2024-11-15,0.0,34.26187261302361,Merredin,"Wheatbelt, Western Australia"
2024-11-16,0.0,34.26187261302361,Merredin,"Wheatbelt, Western Australia"
2024-11-17,0.0,34.26187261302361,Merredin,"Wheatbelt, Western Australia"
2024-11-18,0.0,34.26187261302361,Merredin,"Wheatbelt, Western Australia"
2024-11-19,0.0,34.26187261302361,Merredin,"Wheatbelt, Western Australia"
2024-11-20,0.0,34.26187261302361,Merredin,"Wheatbelt, Western Australia"
2024-11-21,0.0,34.26187261302361,Merredin,"Wheatbelt, Western Australia"
2024-11-22,0.0,34.26187261302361,Merredin,"Wheatbelt, Western Australia"
2024-11-23,0.0,34.26187261302361,Merredin,"Wheatbelt, Western Australia"
2024-11-24,0.0,34.26187261302361,Merredin,"Wheatbelt, Western Australia"
2024-11-25,11.299695986641959,34.26187261302361,Merredin,"Wheatbelt, Western Australia"
2024-11-26,0.0,34.26187261302361,Merredin,"Wheatbelt, Western Australia"
2024-11-27,0.0,34.26187261302361,Merredin,"Wheatbelt, Western Australia"
2024-11-28,2.3009475967475104,34.26187261302361,Merredin,"Wheatbelt, Western Australia"
2024-11-29,3.2122779672040886,34.26187261302361,Merredin,"Wheatbelt, Western Australia"
2024-11-30,0.0,34.26187261302361,Merredin,"Wheatbelt, Western Australia"
2024-12-01,0.0,13.795902559104492,Merredin,"Wheatbelt, Western Australia"
2024-12-02,0.0,13.795902559104492,Merredin,"Wheatbelt, Western Australia"
2024-12-03,2.5181396943710395,13.795902559104492,Merredin,"Wheatbelt, Western Australia"
2024-12-04,0.0,13.795902559104492,Merredin,"Wheatbelt, Western Australia"
2024-12-05,0.0,13.795902559104492,Merredin,"Wheatbelt, Western Australia"
2024-12-06,3.306666958096098,13.795902559104492,Merredin,"Wheatbelt, Western Australia"
2024-12-07,0.0,13.795902559104492,Merredin,"Wheatbelt, Western Australia"
2024-12-08,0.0,13.795902559104492,Merredin,"Wheatbelt, Western Australia"
2024-12-09,0.0,13.795902559104492,Merredin,"Wheatbelt, Western Australia"
2024-12-10,0.0,13.795902559104492,Merredin,"Wheatbelt, Western Australia"
2024-12-11,0.0,13.795902559104492,Merredin,"Wheatbelt, Western Australia"
2024-12-12,0.0,13.795902559104492,Merredin,"Wheatbelt, Western Australia"
2024-12-13,0.0,13.795902559104492,Merredin,"Wheatbelt, Western Australia"
2024-12-14,0.0,13.795902559104492,Merredin,"Wheatbelt, Western Australia"
2024-12-15,0.0,13.795902559104492,Merredin,"Wheatbelt, Western Australia"
2024-12-16,0.0,13.795902559104492,Merredin,"Wheatbelt, Western Australia"
2024-12-17,0.0,13.795902559104492,Merredin,"Wheatbelt, Western Australia"
2024-12-18,0.0,13.795902559104492,Merredin,"Wheatbelt, Western Australia"
2024-12-19,0.0,13.795902559104492,Merredin,"Wheatbelt, Western Australia"
2024-12-20,0.0,13.795902559104492,Merredin,"Wheatbelt, Western Australia"
2024-12-21,0.0,13.795902559104492,Merredin,"Wheatbelt, Western Australia"
2024-12-22,2.770571180903679,13.795902559104492,Merredin,"Wheatbelt, Western Australia"
2024-12-23,0.0,13.795902559104492,Merredin,"Wheatbelt, Western Australia"
2024-12-24,3.410230987218243,13.795902559104492,Merredin,"Wheatbelt, Western Australia"
2024-12-25,0.0,13.795902559104492,Merredin,"Wheatbelt, Western Australia"
2024-12-26,0.0,13.795902559104492,Merredin,"Wheatbelt, Western Australia"
2024-12-27,1.7902937385154336,13.795902559104492,Merredin,"Wheatbelt, Western Australia"
2024-12-28,0.0,13.795902559104492,Merredin,"Wheatbelt, Western Australia"
2024-12-29,0.0,13.795902559104492,Merredin,"Wheatbelt, Western Australia"
2024-12-30,0.0,13.795902559104492,Merredin,"Wheatbelt, Western Australia"
2024-12-31,0.0,13.795902559104492,Merredin,"Wheatbelt, Western Australia"
